{
  "content": [
    {
      "EOL": false, 
      "box": [
        126, 
        30, 
        131, 
        28
      ], 
      "id": 262, 
      "indented": false, 
      "parent": 261, 
      "text": "", 
      "type": "LINE"
    }, 
    {
      "addresses": [], 
      "box": [
        126, 
        30, 
        131, 
        28
      ], 
      "checked": false, 
      "id": 261, 
      "ner_xml": "<CARDINAL>103</CARDINAL>.,\n", 
      "origin": "computer", 
      "parent": 260, 
      "persons": [], 
      "text_ocr": "103 .,\n", 
      "type": "ENTRY"
    }, 
    {
      "EOL": false, 
      "box": [
        124, 
        30, 
        798, 
        54
      ], 
      "id": 264, 
      "indented": true, 
      "parent": 263, 
      "text": "", 
      "type": "LINE"
    }, 
    {
      "addresses": [
        {
          "street_name": "Dufour", 
          "street_numbers": [
            "2"
          ]
        }, 
        {
          "street_name": "Chaume", 
          "street_numbers": [
            "15"
          ]
        }
      ], 
      "box": [
        124, 
        30, 
        798, 
        54
      ], 
      "checked": false, 
      "id": 263, 
      "ner_xml": "<CARDINAL>103</CARDINAL>ja \"  4aste g\u00e9n\u00e9rale \u00b0\n<PER>Ducrot</PER>,<ACT>menuisier, x, de la Mortellerie</ACT>,<CARDINAL>150</CARDINAL>.<LOC>Dufour</LOC>,<CARDINAL>2</CARDINAL>\u00a3: d'affaires ; \u00bb. du<LOC>Chaume</LOC>,<CARDINAL>15</CARDINAL>.\n", 
      "origin": "computer", 
      "parent": 260, 
      "persons": [
        "Ducrot"
      ], 
      "text_ocr": "103 ja \"  4aste g\u00e9n\u00e9rale \u00b0\nDucrot, menuisier, x, de la Mortellerie, 150. Dufour, 2\u00a3: d'affaires ; \u00bb. du Chaume , 15.\n", 
      "type": "ENTRY"
    }, 
    {
      "box": [
        120, 
        30, 
        806, 
        54
      ], 
      "id": 260, 
      "parent": 259, 
      "type": "COLUMN_LEVEL_2"
    }, 
    {
      "box": [
        120, 
        30, 
        806, 
        54
      ], 
      "id": 259, 
      "parent": 258, 
      "type": "SECTION_LEVEL_2"
    }, 
    {
      "box": [
        120, 
        30, 
        806, 
        54
      ], 
      "id": 258, 
      "parent": 257, 
      "type": "COLUMN_LEVEL_1"
    }, 
    {
      "box": [
        99, 
        30, 
        838, 
        54
      ], 
      "id": 257, 
      "parent": 256, 
      "type": "SECTION_LEVEL_1"
    }, 
    {
      "EOL": false, 
      "box": [
        124, 
        101, 
        384, 
        24
      ], 
      "id": 270, 
      "indented": true, 
      "parent": 269, 
      "text": "", 
      "type": "LINE"
    }, 
    {
      "addresses": [
        {
          "street_name": "S:-Merri", 
          "street_numbers": [
            "18"
          ]
        }
      ], 
      "box": [
        124, 
        101, 
        384, 
        24
      ], 
      "checked": false, 
      "id": 269, 
      "ner_xml": "<PER>Dacrot</PER>,<ACT>parfumeur , v</ACT>,<LOC>S:-Merri</LOC>,<CARDINAL>18</CARDINAL>. \u00e9t\n", 
      "origin": "computer", 
      "parent": 268, 
      "persons": [
        "Dacrot"
      ], 
      "text_ocr": "Dacrot, parfumeur , v, S:-Merri, 18. \u00e9t\n", 
      "type": "ENTRY"
    }, 
    {
      "EOL": false, 
      "box": [
        124, 
        124, 
        386, 
        38
      ], 
      "id": 272, 
      "indented": true, 
      "parent": 271, 
      "text": "", 
      "type": "LINE"
    }, 
    {
      "addresses": [
        {
          "street_name": "r. Montorgueil", 
          "street_numbers": [
            "7"
          ]
        }
      ], 
      "box": [
        124, 
        124, 
        386, 
        38
      ], 
      "checked": false, 
      "id": 271, 
      "ner_xml": "<PER>Ducrot</PER>,<ACT>potter de lerre</ACT>,<LOC>r. Montorgueil</LOC><CARDINAL>7</CARDINAL>\n", 
      "origin": "computer", 
      "parent": 268, 
      "persons": [
        "Ducrot"
      ], 
      "text_ocr": "Ducrot, potter de lerre,r. Montorgueil 7\n", 
      "type": "ENTRY"
    }, 
    {
      "EOL": false, 
      "box": [
        123, 
        148, 
        387, 
        55
      ], 
      "id": 274, 
      "indented": true, 
      "parent": 273, 
      "text": "", 
      "type": "LINE"
    }, 
    {
      "EOL": false, 
      "box": [
        146, 
        184, 
        178, 
        18
      ], 
      "id": 275, 
      "indented": false, 
      "parent": 273, 
      "text": "", 
      "type": "LINE"
    }, 
    {
      "addresses": [
        {
          "street_name": "x. des Murais-\n| S German om dep , re\n", 
          "street_numbers": []
        }
      ], 
      "box": [
        123, 
        148, 
        387, 
        55
      ], 
      "checked": false, 
      "id": 273, 
      "ner_xml": "<PER>Dudagnon</PER>,<ACT>marche f\u00e2tre</ACT>,<LOC>x. des Murais-\n| S German om dep , re\n</LOC>", 
      "origin": "computer", 
      "parent": 268, 
      "persons": [
        "Dudagnon"
      ], 
      "text_ocr": "Dudagnon , marche f\u00e2tre, x. des Murais-\n| S German om dep , re\n", 
      "type": "ENTRY"
    }, 
    {
      "EOL": false, 
      "box": [
        123, 
        200, 
        387, 
        23
      ], 
      "id": 277, 
      "indented": true, 
      "parent": 276, 
      "text": "", 
      "type": "LINE"
    }, 
    {
      "addresses": [
        {
          "street_name": "r. de la Bucherie", 
          "street_numbers": [
            "14"
          ]
        }
      ], 
      "box": [
        123, 
        200, 
        387, 
        23
      ], 
      "checked": false, 
      "id": 276, 
      "ner_xml": "<PER>Dailoit</PER>,<ACT>ma\u00e7on</ACT>,<LOC>r. de la Bucherie</LOC>,<CARDINAL>14</CARDINAL>. 4o2\n", 
      "origin": "computer", 
      "parent": 268, 
      "persons": [
        "Dailoit"
      ], 
      "text_ocr": "Dailoit, ma\u00e7on, r. de la Bucherie, 14. 4o2\n", 
      "type": "ENTRY"
    }, 
    {
      "EOL": false, 
      "box": [
        127, 
        222, 
        382, 
        19
      ], 
      "id": 279, 
      "indented": true, 
      "parent": 278, 
      "text": "", 
      "type": "LINE"
    }, 
    {
      "addresses": [], 
      "box": [
        127, 
        222, 
        382, 
        19
      ], 
      "checked": false, 
      "id": 278, 
      "ner_xml": "<PER>Duez</PER>,<ACT>menuisier</ACT>, r, de la Fixeranderie, 5r;\n", 
      "origin": "computer", 
      "parent": 268, 
      "persons": [
        "Duez"
      ], 
      "text_ocr": "Duez, menuisier, r, de la Fixeranderie, 5r;\n", 
      "type": "ENTRY"
    }, 
    {
      "box": [
        120, 
        101, 
        394, 
        140
      ], 
      "id": 268, 
      "parent": 267, 
      "type": "COLUMN_LEVEL_2"
    }, 
    {
      "box": [
        120, 
        101, 
        406, 
        140
      ], 
      "id": 267, 
      "parent": 266, 
      "type": "SECTION_LEVEL_2"
    }, 
    {
      "EOL": false, 
      "box": [
        127, 
        259, 
        384, 
        24
      ], 
      "id": 283, 
      "indented": true, 
      "parent": 282, 
      "text": "", 
      "type": "LINE"
    }, 
    {
      "addresses": [], 
      "box": [
        127, 
        259, 
        384, 
        24
      ], 
      "checked": false, 
      "id": 282, 
      "ner_xml": "<PER>Dofaillet</PER>; chaudrannier, r. Vieille-du-Tem-\n", 
      "origin": "computer", 
      "parent": 281, 
      "persons": [
        "Dofaillet"
      ], 
      "text_ocr": "Dofaillet ; chaudrannier, r. Vieille-du-Tem-\n", 
      "type": "ENTRY"
    }, 
    {
      "EOL": false, 
      "box": [
        127, 
        282, 
        385, 
        41
      ], 
      "id": 285, 
      "indented": true, 
      "parent": 284, 
      "text": "", 
      "type": "LINE"
    }, 
    {
      "addresses": [
        {
          "street_name": "ge Voluire", 
          "street_numbers": [
            "19", 
            "30"
          ]
        }
      ], 
      "box": [
        127, 
        282, 
        385, 
        41
      ], 
      "checked": false, 
      "id": 284, 
      "ner_xml": ".<PER>ple</PER>,<ACT>ro7. ha\npire (Pare)</ACT>,<ACT>libraire</ACT>,<LOC>ge Voluire</LOC><CARDINAL>19</CARDINAL>.<CARDINAL>30</CARDINAL>\u00b0\n", 
      "origin": "computer", 
      "parent": 281, 
      "persons": [
        "ple"
      ], 
      "text_ocr": ". ple, ro7. ha\npire (Pare), libraire, ge Voluire 19. 30\u00b0\n", 
      "type": "ENTRY"
    }, 
    {
      "EOL": false, 
      "box": [
        128, 
        320, 
        384, 
        23
      ], 
      "id": 287, 
      "indented": true, 
      "parent": 286, 
      "text": "", 
      "type": "LINE"
    }, 
    {
      "addresses": [], 
      "box": [
        128, 
        320, 
        384, 
        23
      ], 
      "checked": false, 
      "id": 286, 
      "ner_xml": "<PER>D\u00e9fan et Cl\u00e9mendot</PER>,<ACT>pharmaciens</ACT>,<CARDINAL>+</CARDINAL>.<ACT>de la\n</ACT>", 
      "origin": "computer", 
      "parent": 281, 
      "persons": [
        "D\u00e9fan et Cl\u00e9mendot"
      ], 
      "text_ocr": "D\u00e9fan et Cl\u00e9mendot , pharmaciens , +. de la\n", 
      "type": "ENTRY"
    }, 
    {
      "EOL": false, 
      "box": [
        125, 
        341, 
        282, 
        21
      ], 
      "id": 289, 
      "indented": true, 
      "parent": 288, 
      "text": "", 
      "type": "LINE"
    }, 
    {
      "addresses": [
        {
          "street_name": "Antin", 
          "street_numbers": [
            "34"
          ]
        }
      ], 
      "box": [
        125, 
        341, 
        282, 
        21
      ], 
      "checked": false, 
      "id": 288, 
      "ner_xml": "\" Lhanss\u00e9e-d'<LOC>Antin</LOC>,<CARDINAL>34</CARDINAL>.<PER>(Elig.)\n</PER>", 
      "origin": "computer", 
      "parent": 281, 
      "persons": [
        "(Elig.)\n"
      ], 
      "text_ocr": "\" Lhanss\u00e9e-d'Antin, 34. (Elig.)\n", 
      "type": "ENTRY"
    }, 
    {
      "EOL": false, 
      "box": [
        127, 
        342, 
        386, 
        49
      ], 
      "id": 291, 
      "indented": true, 
      "parent": 290, 
      "text": "", 
      "type": "LINE"
    }, 
    {
      "EOL": false, 
      "box": [
        147, 
        381, 
        109, 
        18
      ], 
      "id": 292, 
      "indented": false, 
      "parent": 290, 
      "text": "", 
      "type": "LINE"
    }, 
    {
      "addresses": [], 
      "box": [
        127, 
        342, 
        386, 
        57
      ], 
      "checked": false, 
      "id": 290, 
      "ner_xml": "<PER>Lhanss\u00e9e-d Antin</PER>,<CARDINAL>34</CARDINAL>.<PER>(EI; \u201c449\nDue Vi Actor)</PER>,<PER>Abraites + da Gro-Ghe:\n</PER>De<CARDINAL>1</CARDINAL>\u00e0 _ 3\u00f9a\n", 
      "origin": "computer", 
      "parent": 281, 
      "persons": [
        "Lhanss\u00e9e-d Antin", 
        "(EI; \u201c449\nDue Vi Actor)", 
        "Abraites + da Gro-Ghe:\n"
      ], 
      "text_ocr": "Lhanss\u00e9e-d Antin , 34. (EI; \u201c449\nDue Vi Actor), Abraites + da Gro-Ghe:\nDe 1 \u00e0 _ 3\u00f9a\n", 
      "type": "ENTRY"
    }, 
    {
      "EOL": false, 
      "box": [
        127, 
        382, 
        387, 
        57
      ], 
      "id": 294, 
      "indented": true, 
      "parent": 293, 
      "text": "", 
      "type": "LINE"
    }, 
    {
      "addresses": [], 
      "box": [
        127, 
        382, 
        387, 
        57
      ], 
      "checked": false, 
      "id": 293, 
      "ner_xml": "net,<CARDINAL>2</CARDINAL>, \u2018 \u00e0 393\n<PER>Dufay</PER>,<ACT>ir du commerce Don -\nre EN enr de com &gt; Place 359\n</ACT>", 
      "origin": "computer", 
      "parent": 281, 
      "persons": [
        "Dufay"
      ], 
      "text_ocr": "net, 2, \u2018 \u00e0 393\nDufay, ir du commerce Don -\nre EN enr de com > Place 359\n", 
      "type": "ENTRY"
    }, 
    {
      "EOL": false, 
      "box": [
        128, 
        422, 
        385, 
        42
      ], 
      "id": 296, 
      "indented": true, 
      "parent": 295, 
      "text": "", 
      "type": "LINE"
    }, 
    {
      "addresses": [
        {
          "street_name": "+. du Pont-anxe\n", 
          "street_numbers": []
        }
      ], 
      "box": [
        128, 
        422, 
        385, 
        42
      ], 
      "checked": false, 
      "id": 295, 
      "ner_xml": "<PER>EIRE, De 7</PER>_ J0g\nDufay s chandronnier,<LOC>+. du Pont-anxe\n</LOC>", 
      "origin": "computer", 
      "parent": 281, 
      "persons": [
        "EIRE, De 7"
      ], 
      "text_ocr": "EIRE, De 7 _ J0g\nDufay s chandronnier, +. du Pont-anxe\n", 
      "type": "ENTRY"
    }, 
    {
      "EOL": false, 
      "box": [
        126, 
        460, 
        124, 
        16
      ], 
      "id": 298, 
      "indented": true, 
      "parent": 297, 
      "text": "", 
      "type": "LINE"
    }, 
    {
      "addresses": [
        {
          "street_name": "Choux", 
          "street_numbers": [
            "15"
          ]
        }
      ], 
      "box": [
        126, 
        460, 
        124, 
        16
      ], 
      "checked": false, 
      "id": 297, 
      "ner_xml": "*<LOC>Choux</LOC>,<CARDINAL>15</CARDINAL>.\n", 
      "origin": "computer", 
      "parent": 281, 
      "persons": [], 
      "text_ocr": "* Choux, 15.\n", 
      "type": "ENTRY"
    }, 
    {
      "EOL": false, 
      "box": [
        126, 
        460, 
        388, 
        45
      ], 
      "id": 300, 
      "indented": true, 
      "parent": 299, 
      "text": "", 
      "type": "LINE"
    }, 
    {
      "addresses": [
        {
          "street_name": "Ghoux", 
          "street_numbers": [
            "19", 
            "314"
          ]
        }
      ], 
      "box": [
        126, 
        460, 
        388, 
        45
      ], 
      "checked": false, 
      "id": 299, 
      "ner_xml": "<LOC>Ghoux</LOC>,<CARDINAL>19</CARDINAL>7<CARDINAL>314</CARDINAL>\n<TITRE>Dufey {V.s)</TITRE>,<ACT>greneti\u00e8re</ACT>,<ACT>r. dn Faub.-S.\n</ACT>", 
      "origin": "computer", 
      "parent": 281, 
      "persons": [], 
      "text_ocr": "Ghoux, 19 7 314\nDufey {V.s), greneti\u00e8re, r. dn Faub.-S.\n", 
      "type": "ENTRY"
    }, 
    {
      "EOL": false, 
      "box": [
        127, 
        499, 
        387, 
        78
      ], 
      "id": 302, 
      "indented": true, 
      "parent": 301, 
      "text": "", 
      "type": "LINE"
    }, 
    {
      "addresses": [
        {
          "street_name": "r. Montmartre", 
          "street_numbers": []
        }, 
        {
          "street_name": "do Saumon", 
          "street_numbers": [
            "38"
          ]
        }, 
        {
          "street_name": "x. S.-:Muvtin", 
          "street_numbers": [
            "20"
          ]
        }
      ], 
      "box": [
        127, 
        499, 
        387, 
        78
      ], 
      "checked": false, 
      "id": 301, 
      "ner_xml": "<PER>_Heois,30. | 372\nDay</PER>,<ACT>libraire</ACT>,<LOC>r. Montmartre</LOC>, 8a,\n\n*<LOC>do Saumon</LOC>,<CARDINAL>38</CARDINAL>, te\n\nDafiy,<ACT>papetier</ACT>,<LOC>x. S.-:Muvtin</LOC>,<CARDINAL>20</CARDINAL>. 3%\n", 
      "origin": "computer", 
      "parent": 281, 
      "persons": [
        "_Heois,30. | 372\nDay"
      ], 
      "text_ocr": "_Heois,30. | 372\nDay, libraire, r. Montmartre, 8a,\n\n* do Saumon, 38, te\n\nDafiy, papetier, x. S.-:Muvtin , 20. 3%\n", 
      "type": "ENTRY"
    }, 
    {
      "EOL": false, 
      "box": [
        128, 
        539, 
        218, 
        17
      ], 
      "id": 304, 
      "indented": true, 
      "parent": 303, 
      "text": "", 
      "type": "LINE"
    }, 
    {
      "addresses": [], 
      "box": [
        128, 
        539, 
        218, 
        17
      ], 
      "checked": false, 
      "id": 303, 
      "ner_xml": "*<PER>lo Sanmon</PER>,<CARDINAL>30</CARDINAL>: .\n", 
      "origin": "computer", 
      "parent": 281, 
      "persons": [
        "lo Sanmon"
      ], 
      "text_ocr": "* lo Sanmon, 30: .\n", 
      "type": "ENTRY"
    }, 
    {
      "EOL": false, 
      "box": [
        129, 
        547, 
        308, 
        32
      ], 
      "id": 306, 
      "indented": true, 
      "parent": 305, 
      "text": "", 
      "type": "LINE"
    }, 
    {
      "addresses": [], 
      "box": [
        129, 
        547, 
        308, 
        32
      ], 
      "checked": false, 
      "id": 305, 
      "ner_xml": "<PER>RS L\nDafy</PER>,<ACT>papetier, v. S.-Murtin</ACT>,<CARDINAL>20</CARDINAL>.\n", 
      "origin": "computer", 
      "parent": 281, 
      "persons": [
        "RS L\nDafy"
      ], 
      "text_ocr": "RS L\nDafy, papetier, v. S.-Murtin , 20.\n", 
      "type": "ENTRY"
    }, 
    {
      "EOL": false, 
      "box": [
        128, 
        576, 
        387, 
        25
      ], 
      "id": 308, 
      "indented": true, 
      "parent": 307, 
      "text": "", 
      "type": "LINE"
    }, 
    {
      "addresses": [
        {
          "street_name": "r. des Mauvaises-", 
          "street_numbers": []
        }
      ], 
      "box": [
        128, 
        576, 
        387, 
        25
      ], 
      "checked": false, 
      "id": 307, 
      "ner_xml": "<PER>Dufay</PER>,<ACT>march. de toiles</ACT>,<LOC>r. des Mauvaises-</LOC>\n", 
      "origin": "computer", 
      "parent": 281, 
      "persons": [
        "Dufay"
      ], 
      "text_ocr": "Dufay, march. de toiles , r. des Mauvaises-\n", 
      "type": "ENTRY"
    }, 
    {
      "EOL": false, 
      "box": [
        127, 
        598, 
        389, 
        40
      ], 
      "id": 310, 
      "indented": true, 
      "parent": 309, 
      "text": "", 
      "type": "LINE"
    }, 
    {
      "addresses": [
        {
          "street_name": "Patoies", 
          "street_numbers": [
            "22"
          ]
        }, 
        {
          "street_name": "x. Phdlipeaux", 
          "street_numbers": []
        }
      ], 
      "box": [
        127, 
        598, 
        389, 
        40
      ], 
      "checked": false, 
      "id": 309, 
      "ner_xml": "<LOC>Patoies</LOC>,<CARDINAL>22</CARDINAL>. \u201d \u2026. 437\n<PER>Dufay-Coqueret</PER>,<ACT>guincaillier</ACT>,<LOC>x. Phdlipeaux</LOC>,\n", 
      "origin": "computer", 
      "parent": 281, 
      "persons": [
        "Dufay-Coqueret"
      ], 
      "text_ocr": "Patoies, 22. \u201d \u2026. 437\nDufay-Coqueret, guincaillier,x. Phdlipeaux,\n", 
      "type": "ENTRY"
    }, 
    {
      "EOL": false, 
      "box": [
        123, 
        638, 
        56, 
        15
      ], 
      "id": 312, 
      "indented": true, 
      "parent": 311, 
      "text": "", 
      "type": "LINE"
    }, 
    {
      "addresses": [], 
      "box": [
        123, 
        638, 
        56, 
        15
      ], 
      "checked": false, 
      "id": 311, 
      "ner_xml": "+<CARDINAL>26</CARDINAL>\n", 
      "origin": "computer", 
      "parent": 281, 
      "persons": [], 
      "text_ocr": "+ 26\n", 
      "type": "ENTRY"
    }, 
    {
      "EOL": false, 
      "box": [
        121, 
        638, 
        394, 
        38
      ], 
      "id": 314, 
      "indented": true, 
      "parent": 313, 
      "text": "", 
      "type": "LINE"
    }, 
    {
      "addresses": [
        {
          "street_name": "Montmartre", 
          "street_numbers": [
            "89"
          ]
        }
      ], 
      "box": [
        121, 
        638, 
        394, 
        38
      ], 
      "checked": false, 
      "id": 313, 
      "ner_xml": "<PER>RS Fo S Fe\n\u201cDiufen</PER>. charcntier, x,<LOC>Montmartre</LOC>;<CARDINAL>89</CARDINAL>. 3x8\n", 
      "origin": "computer", 
      "parent": 281, 
      "persons": [
        "RS Fo S Fe\n\u201cDiufen"
      ], 
      "text_ocr": "RS Fo S Fe\n\u201cDiufen . charcntier, x, Montmartre ; 89. 3x8\n", 
      "type": "ENTRY"
    }, 
    {
      "EOL": false, 
      "box": [
        126, 
        676, 
        389, 
        39
      ], 
      "id": 316, 
      "indented": true, 
      "parent": 315, 
      "text": "", 
      "type": "LINE"
    }, 
    {
      "addresses": [], 
      "box": [
        126, 
        676, 
        389, 
        39
      ], 
      "checked": false, 
      "id": 315, 
      "ner_xml": "<PER>Dafey fils</PER>,<ACT>\u00e9jjoutter , passage d\u00e9 la R\u00e9tnion\nm. * \u00ab a84\n</ACT>", 
      "origin": "computer", 
      "parent": 281, 
      "persons": [
        "Dafey fils"
      ], 
      "text_ocr": "Dafey fils, \u00e9jjoutter , passage d\u00e9 la R\u00e9tnion\nm. * \u00ab a84\n", 
      "type": "ENTRY"
    }, 
    {
      "EOL": false, 
      "box": [
        129, 
        700, 
        384, 
        35
      ], 
      "id": 318, 
      "indented": true, 
      "parent": 317, 
      "text": "", 
      "type": "LINE"
    }, 
    {
      "addresses": [], 
      "box": [
        129, 
        700, 
        384, 
        35
      ], 
      "checked": false, 
      "id": 317, 
      "ner_xml": "<PER>D\u00e9bey</PER>,<ACT>Boucher re $.-Louis-au-Marais; 3\n</ACT>", 
      "origin": "computer", 
      "parent": 281, 
      "persons": [
        "D\u00e9bey"
      ], 
      "text_ocr": "D\u00e9bey, Boucher re $.-Louis-au-Marais; 3\n", 
      "type": "ENTRY"
    }, 
    {
      "box": [
        121, 
        259, 
        398, 
        476
      ], 
      "id": 281, 
      "parent": 280, 
      "type": "COLUMN_LEVEL_2"
    }, 
    {
      "box": [
        120, 
        259, 
        406, 
        476
      ], 
      "id": 280, 
      "parent": 266, 
      "type": "SECTION_LEVEL_2"
    }, 
    {
      "box": [
        120, 
        752, 
        406, 
        26
      ], 
      "checked": false, 
      "id": 319, 
      "origin": "computer", 
      "parent": 266, 
      "text": "Daofey., march, de vins, x. S.-Honor\u00e9, #16,\n", 
      "type": "TITLE_LEVEL_2"
    }, 
    {
      "EOL": false, 
      "box": [
        129, 
        792, 
        386, 
        22
      ], 
      "id": 323, 
      "indented": true, 
      "parent": 322, 
      "text": "", 
      "type": "LINE"
    }, 
    {
      "addresses": [
        {
          "street_name": "S.-Martin", 
          "street_numbers": [
            "10", 
            "284"
          ]
        }
      ], 
      "box": [
        129, 
        792, 
        386, 
        22
      ], 
      "checked": false, 
      "id": 322, 
      "ner_xml": "<PER>Diffand</PER>,<ACT>bijoutier ,.x</ACT>.<LOC>S.-Martin</LOC>,<CARDINAL>10</CARDINAL>%.<CARDINAL>284</CARDINAL>\n", 
      "origin": "computer", 
      "parent": 321, 
      "persons": [
        "Diffand"
      ], 
      "text_ocr": "Diffand , bijoutier ,.x. S.-Martin, 10%. 284\n", 
      "type": "ENTRY"
    }, 
    {
      "EOL": false, 
      "box": [
        130, 
        814, 
        386, 
        20
      ], 
      "id": 325, 
      "indented": true, 
      "parent": 324, 
      "text": "", 
      "type": "LINE"
    }, 
    {
      "addresses": [
        {
          "street_name": "macon", 
          "street_numbers": [
            "5"
          ]
        }, 
        {
          "street_name": "S.-Honor\u00e9", 
          "street_numbers": [
            "353"
          ]
        }
      ], 
      "box": [
        130, 
        814, 
        386, 
        20
      ], 
      "checked": false, 
      "id": 324, 
      "ner_xml": "<PER>Daoffaud</PER>,<LOC>macon</LOC>,<CARDINAL>5</CARDINAL>.<LOC>S.-Honor\u00e9</LOC>,<CARDINAL>353</CARDINAL>. /oa\n", 
      "origin": "computer", 
      "parent": 321, 
      "persons": [
        "Daoffaud"
      ], 
      "text_ocr": "Daoffaud , macon, 5. S.-Honor\u00e9, 353. /oa\n", 
      "type": "ENTRY"
    }, 
    {
      "EOL": false, 
      "box": [
        130, 
        834, 
        385, 
        23
      ], 
      "id": 327, 
      "indented": true, 
      "parent": 326, 
      "text": "", 
      "type": "LINE"
    }, 
    {
      "addresses": [], 
      "box": [
        130, 
        834, 
        385, 
        23
      ], 
      "checked": false, 
      "id": 326, 
      "ner_xml": "<PER>Daflaut</PER>,<ACT>ceaudronnier , v. de la Soutdi\u00e8re</ACT>,\n", 
      "origin": "computer", 
      "parent": 321, 
      "persons": [
        "Daflaut"
      ], 
      "text_ocr": "Daflaut, ceaudronnier , v. de la Soutdi\u00e8re ,\n", 
      "type": "ENTRY"
    }, 
    {
      "EOL": false, 
      "box": [
        130, 
        856, 
        387, 
        39
      ], 
      "id": 329, 
      "indented": true, 
      "parent": 328, 
      "text": "", 
      "type": "LINE"
    }, 
    {
      "addresses": [
        {
          "street_name": "x. des Colonnes", 
          "street_numbers": [
            "6", 
            "5"
          ]
        }
      ], 
      "box": [
        130, 
        856, 
        387, 
        39
      ], 
      "checked": false, 
      "id": 328, 
      "ner_xml": "A<CARDINAL>0</CARDINAL>5 Un ar\nDutils,<ACT>limonadier</ACT>,<LOC>x. des Colonnes</LOC>,<CARDINAL>6</CARDINAL>,<CARDINAL>5</CARDINAL>\n", 
      "origin": "computer", 
      "parent": 321, 
      "persons": [], 
      "text_ocr": "A 0 5 Un ar\nDutils, limonadier, x. des Colonnes, 6, 5\n", 
      "type": "ENTRY"
    }, 
    {
      "EOL": false, 
      "box": [
        130, 
        894, 
        387, 
        21
      ], 
      "id": 331, 
      "indented": true, 
      "parent": 330, 
      "text": "", 
      "type": "LINE"
    }, 
    {
      "addresses": [
        {
          "street_name": "r. basse-", 
          "street_numbers": []
        }
      ], 
      "box": [
        130, 
        894, 
        387, 
        21
      ], 
      "checked": false, 
      "id": 330, 
      "ner_xml": "<PER>Daflocq</PER>,<ACT>architecte</ACT>,<LOC>r. basse-</LOC>Porte-3.-De-\n", 
      "origin": "computer", 
      "parent": 321, 
      "persons": [
        "Daflocq"
      ], 
      "text_ocr": "Daflocq, architecte, r. basse-Porte-3.-De-\n", 
      "type": "ENTRY"
    }, 
    {
      "EOL": false, 
      "box": [
        131, 
        916, 
        386, 
        37
      ], 
      "id": 333, 
      "indented": true, 
      "parent": 332, 
      "text": "", 
      "type": "LINE"
    }, 
    {
      "EOL": false, 
      "box": [
        124, 
        953, 
        148, 
        20
      ], 
      "id": 334, 
      "indented": false, 
      "parent": 332, 
      "text": "", 
      "type": "LINE"
    }, 
    {
      "addresses": [
        {
          "street_name": "Arcade", 
          "street_numbers": [
            "13", 
            "29"
          ]
        }
      ], 
      "box": [
        124, 
        916, 
        393, 
        57
      ], 
      "checked": false, 
      "id": 332, 
      "ner_xml": "ms,<CARDINAL>30</CARDINAL>, + 377\n<PER>Dol\u00f4cq</PER>,<ACT>march. de bois \u00e0 briter</ACT>,<PER>r. (le\n</PER>\u00ab l'<LOC>Arcade</LOC>,<CARDINAL>13</CARDINAL>. : ,<CARDINAL>29</CARDINAL>!\n", 
      "origin": "computer", 
      "parent": 321, 
      "persons": [
        "Dol\u00f4cq", 
        "r. (le\n"
      ], 
      "text_ocr": "ms, 30, + 377\nDol\u00f4cq, march. de bois \u00e0 briter, r. (le\n\u00ab l'Arcade , 13. : , 29!\n", 
      "type": "ENTRY"
    }, 
    {
      "EOL": false, 
      "box": [
        133, 
        955, 
        384, 
        43
      ], 
      "id": 336, 
      "indented": true, 
      "parent": 335, 
      "text": "", 
      "type": "LINE"
    }, 
    {
      "EOL": false, 
      "box": [
        120, 
        993, 
        398, 
        40
      ], 
      "id": 337, 
      "indented": false, 
      "parent": 335, 
      "text": "", 
      "type": "LINE"
    }, 
    {
      "EOL": false, 
      "box": [
        131, 
        1031, 
        388, 
        41
      ], 
      "id": 338, 
      "indented": false, 
      "parent": 335, 
      "text": "", 
      "type": "LINE"
    }, 
    {
      "EOL": false, 
      "box": [
        134, 
        1053, 
        386, 
        56
      ], 
      "id": 339, 
      "indented": false, 
      "parent": 335, 
      "text": "", 
      "type": "LINE"
    }, 
    {
      "addresses": [
        {
          "street_name": "quai de PEcole", 
          "street_numbers": [
            "42"
          ]
        }
      ], 
      "box": [
        120, 
        955, 
        400, 
        154
      ], 
      "checked": false, 
      "id": 335, 
      "ner_xml": "<ACT>x. LATrEAGEe</ACT>;<CARDINAL>19</CARDINAL>.<CARDINAL>39</CARDINAL>\u20ac\npans &gt; horloger,<CARDINAL>+</CARDINAL>.<ACT>du Foub.-S.-Matin v\u00e9\n Duflos</ACT>,<ACT>papetier, \u00bb.</ACT>Po\u00efssonni\u00e8te je<CARDINAL>8</CARDINAL>\nDef: none. +.<PER>B\u00e9nrg-P'Abb\u00c9</PER>,<ACT>ps\nde PAncre, k da\n</ACT>Puflot 3<ACT>quincaillier</ACT>,<LOC>quai de PEcole</LOC>,<CARDINAL>42</CARDINAL>\n", 
      "origin": "computer", 
      "parent": 321, 
      "persons": [
        "B\u00e9nrg-P'Abb\u00c9"
      ], 
      "text_ocr": "x. LATrEAGEe ; 19 . 39\u20ac\npans > horloger, +. du Foub.-S.-Matin v\u00e9\n Duflos, papetier, \u00bb. Po\u00efssonni\u00e8te je 8\nDef: none. +. B\u00e9nrg-P'Abb\u00c9, ps\nde PAncre, k da\nPuflot 3 quincaillier , quai de PEcole, 42\n", 
      "type": "ENTRY"
    }, 
    {
      "EOL": false, 
      "box": [
        121, 
        1103, 
        399, 
        45
      ], 
      "id": 341, 
      "indented": true, 
      "parent": 340, 
      "text": "", 
      "type": "LINE"
    }, 
    {
      "EOL": false, 
      "box": [
        133, 
        1132, 
        315, 
        39
      ], 
      "id": 342, 
      "indented": false, 
      "parent": 340, 
      "text": "", 
      "type": "LINE"
    }, 
    {
      "addresses": [
        {
          "street_name": "Pagevin", 
          "street_numbers": [
            "7", 
            "295"
          ]
        }
      ], 
      "box": [
        121, 
        1103, 
        399, 
        68
      ], 
      "checked": false, 
      "id": 340, 
      "ner_xml": ".<PER>Daft</PER>;<ACT>loueur de carrosses ; x, de Paradis:\n&lt; Poissonni\u00e8re</ACT>,<CARDINAL>92</CARDINAL>, 5a\u00f1\nDofortata\u00e9 ,<ACT>bottiers \u00bb:</ACT><LOC>Pagevin</LOC>,<CARDINAL>7</CARDINAL>.<CARDINAL>295</CARDINAL>\n", 
      "origin": "computer", 
      "parent": 321, 
      "persons": [
        "Daft"
      ], 
      "text_ocr": ". Daft; loueur de carrosses ; x, de Paradis:\n< Poissonni\u00e8re, 92, 5a\u00f1\nDofortata\u00e9 , bottiers \u00bb: Pagevin, 7. 295\n", 
      "type": "ENTRY"
    }, 
    {
      "EOL": false, 
      "box": [
        134, 
        1152, 
        387, 
        41
      ], 
      "id": 344, 
      "indented": true, 
      "parent": 343, 
      "text": "", 
      "type": "LINE"
    }, 
    {
      "addresses": [
        {
          "street_name": "Pagevin", 
          "street_numbers": [
            "7e 295\nDulvrt"
          ]
        }
      ], 
      "box": [
        134, 
        1152, 
        387, 
        41
      ], 
      "checked": false, 
      "id": 343, 
      "ner_xml": "<PER>Lujortatia\u00e9</PER>,<ACT>boitier, x</ACT><LOC>Pagevin</LOC>,<CARDINAL>7e 295\nDulvrt</CARDINAL>,<TITRE>Bostier, Paint</TITRE>.<PER>Cul vig\u00e9e</PER>,<ACT>a8,\n</ACT>", 
      "origin": "computer", 
      "parent": 321, 
      "persons": [
        "Lujortatia\u00e9", 
        "Cul vig\u00e9e"
      ], 
      "text_ocr": "Lujortatia\u00e9 , boitier, x Pagevin, 7e 295\nDulvrt, Bostier, Paint. Cul vig\u00e9e, a8,\n", 
      "type": "ENTRY"
    }, 
    {
      "box": [
        120, 
        792, 
        404, 
        401
      ], 
      "id": 321, 
      "parent": 320, 
      "type": "COLUMN_LEVEL_2"
    }, 
    {
      "box": [
        120, 
        792, 
        406, 
        401
      ], 
      "id": 320, 
      "parent": 266, 
      "type": "SECTION_LEVEL_2"
    }, 
    {
      "EOL": false, 
      "box": [
        134, 
        1207, 
        388, 
        28
      ], 
      "id": 348, 
      "indented": true, 
      "parent": 347, 
      "text": "", 
      "type": "LINE"
    }, 
    {
      "addresses": [], 
      "box": [
        134, 
        1207, 
        388, 
        28
      ], 
      "checked": false, 
      "id": 347, 
      "ner_xml": "<PER>Dutort fils</PER>,<ACT>bottier (exp. 1819.)</ACT>,<ACT>r. J.-J.\n</ACT>", 
      "origin": "computer", 
      "parent": 346, 
      "persons": [
        "Dutort fils"
      ], 
      "text_ocr": "Dutort fils , bottier (exp. 1819.), r. J.-J.\n", 
      "type": "ENTRY"
    }, 
    {
      "EOL": false, 
      "box": [
        135, 
        1231, 
        159, 
        17
      ], 
      "id": 350, 
      "indented": true, 
      "parent": 349, 
      "text": "", 
      "type": "LINE"
    }, 
    {
      "addresses": [], 
      "box": [
        135, 
        1231, 
        159, 
        17
      ], 
      "checked": false, 
      "id": 349, 
      "ner_xml": " KRo\u00ebssean,<ACT>18.7\n</ACT>", 
      "origin": "computer", 
      "parent": 346, 
      "persons": [], 
      "text_ocr": " KRo\u00ebssean, 18.7\n", 
      "type": "ENTRY"
    }, 
    {
      "EOL": false, 
      "box": [
        134, 
        1232, 
        388, 
        40
      ], 
      "id": 352, 
      "indented": true, 
      "parent": 351, 
      "text": "", 
      "type": "LINE"
    }, 
    {
      "addresses": [
        {
          "street_name": "ROBSREAN", 
          "street_numbers": [
            "10,7", 
            "10"
          ]
        }
      ], 
      "box": [
        134, 
        1232, 
        388, 
        40
      ], 
      "checked": false, 
      "id": 351, 
      "ner_xml": "__<LOC>ROBSREAN</LOC>,<CARDINAL>10,7</CARDINAL>2\n<PER>Dufort</PER>,<ACT>tabletier , v. J\u00e9an-Pain-Mollet</ACT>,<CARDINAL>10</CARDINAL>.\n", 
      "origin": "computer", 
      "parent": 346, 
      "persons": [
        "Dufort"
      ], 
      "text_ocr": "__ ROBSREAN , 10,7 2\nDufort, tabletier , v. J\u00e9an-Pain-Mollet, 10.\n", 
      "type": "ENTRY"
    }, 
    {
      "box": [
        130, 
        1207, 
        396, 
        65
      ], 
      "id": 346, 
      "parent": 345, 
      "type": "COLUMN_LEVEL_2"
    }, 
    {
      "box": [
        120, 
        1207, 
        406, 
        65
      ], 
      "id": 345, 
      "parent": 266, 
      "type": "SECTION_LEVEL_2"
    }, 
    {
      "EOL": false, 
      "box": [
        134, 
        1286, 
        387, 
        45
      ], 
      "id": 356, 
      "indented": true, 
      "parent": 355, 
      "text": "", 
      "type": "LINE"
    }, 
    {
      "EOL": false, 
      "box": [
        148, 
        1311, 
        78, 
        20
      ], 
      "id": 357, 
      "indented": false, 
      "parent": 355, 
      "text": "", 
      "type": "LINE"
    }, 
    {
      "addresses": [], 
      "box": [
        134, 
        1286, 
        387, 
        45
      ], 
      "checked": false, 
      "id": 355, 
      "ner_xml": "<PER>Dafoss\u00e9</PER>,<ACT>teinturier</ACT>, r. du Faub.-Montmar-\nre,<CARDINAL>6 485</CARDINAL>\n", 
      "origin": "computer", 
      "parent": 354, 
      "persons": [
        "Dafoss\u00e9"
      ], 
      "text_ocr": "Dafoss\u00e9, teinturier, r. du Faub.-Montmar-\nre, 6 485\n", 
      "type": "ENTRY"
    }, 
    {
      "box": [
        130, 
        1286, 
        395, 
        48
      ], 
      "id": 354, 
      "parent": 353, 
      "type": "COLUMN_LEVEL_2"
    }, 
    {
      "box": [
        120, 
        1286, 
        406, 
        48
      ], 
      "id": 353, 
      "parent": 266, 
      "type": "SECTION_LEVEL_2"
    }, 
    {
      "box": [
        120, 
        101, 
        406, 
        1233
      ], 
      "id": 266, 
      "parent": 265, 
      "type": "COLUMN_LEVEL_1"
    }, 
    {
      "EOL": false, 
      "box": [
        538, 
        102, 
        385, 
        26
      ], 
      "id": 362, 
      "indented": true, 
      "parent": 361, 
      "text": "", 
      "type": "LINE"
    }, 
    {
      "EOL": false, 
      "box": [
        560, 
        125, 
        40, 
        16
      ], 
      "id": 363, 
      "indented": false, 
      "parent": 361, 
      "text": "", 
      "type": "LINE"
    }, 
    {
      "addresses": [
        {
          "street_name": "r. Chapos", 
          "street_numbers": []
        }
      ], 
      "box": [
        538, 
        102, 
        385, 
        39
      ], 
      "checked": false, 
      "id": 361, 
      "ner_xml": "<PER>Dufour</PER>,<ACT>march. de planches</ACT>,<LOC>r. Chapos</LOC>,\n<TITRE>28: :\"</TITRE>\" ho\n", 
      "origin": "computer", 
      "parent": 360, 
      "persons": [
        "Dufour"
      ], 
      "text_ocr": "Dufour , march. de planches ,r. Chapos ,\n28: :\"\" ho\n", 
      "type": "ENTRY"
    }, 
    {
      "EOL": false, 
      "box": [
        539, 
        128, 
        394, 
        36
      ], 
      "id": 365, 
      "indented": true, 
      "parent": 364, 
      "text": "", 
      "type": "LINE"
    }, 
    {
      "EOL": false, 
      "box": [
        559, 
        164, 
        364, 
        26
      ], 
      "id": 366, 
      "indented": false, 
      "parent": 364, 
      "text": "", 
      "type": "LINE"
    }, 
    {
      "EOL": false, 
      "box": [
        559, 
        183, 
        143, 
        20
      ], 
      "id": 367, 
      "indented": false, 
      "parent": 364, 
      "text": "", 
      "type": "LINE"
    }, 
    {
      "addresses": [
        {
          "street_name": "Tournelle", 
          "street_numbers": [
            "7", 
            "11"
          ]
        }
      ], 
      "box": [
        539, 
        128, 
        394, 
        75
      ], 
      "checked": false, 
      "id": 364, 
      "ner_xml": "<CARDINAL>207</CARDINAL>\u201c +\n\n<PER>Dofonr et Besnard</PER>,<ACT>march, de bois \u00e0bral\u00e8r</ACT>,\nga 4e la<LOC>Tournelle</LOC>,<CARDINAL>7</CARDINAL>, etr. des Foss\u00e9s-\n\n_ S,-Bernard,<CARDINAL>11</CARDINAL>. D -20) .\n", 
      "origin": "computer", 
      "parent": 360, 
      "persons": [
        "Dofonr et Besnard"
      ], 
      "text_ocr": "207 \u201c +\n\nDofonr et Besnard , march, de bois \u00e0bral\u00e8r,\nga 4e la Tournelle, 7, etr. des Foss\u00e9s-\n\n_ S,-Bernard, 11. D -20) .\n", 
      "type": "ENTRY"
    }, 
    {
      "EOL": false, 
      "box": [
        539, 
        185, 
        393, 
        57
      ], 
      "id": 369, 
      "indented": true, 
      "parent": 368, 
      "text": "", 
      "type": "LINE"
    }, 
    {
      "addresses": [
        {
          "street_name": "rs\nde la P\u00e9pini\u00e8re", 
          "street_numbers": [
            "53"
          ]
        }
      ], 
      "box": [
        539, 
        185, 
        393, 
        57
      ], 
      "checked": false, 
      "id": 368, 
      "ner_xml": "<PER>DaeHernards 11e En -29Y .\nDufour jeunes march, de bois \u00e0 br\u00e9ler</PER>,<LOC>rs\nde la P\u00e9pini\u00e8re</LOC>,<CARDINAL>53</CARDINAL>, ot\n", 
      "origin": "computer", 
      "parent": 360, 
      "persons": [
        "DaeHernards 11e En -29Y .\nDufour jeunes march, de bois \u00e0 br\u00e9ler"
      ], 
      "text_ocr": "DaeHernards 11e En -29Y .\nDufour jeunes march, de bois \u00e0 br\u00e9ler, rs\nde la P\u00e9pini\u00e8re, 53, ot\n", 
      "type": "ENTRY"
    }, 
    {
      "EOL": false, 
      "box": [
        540, 
        226, 
        384, 
        37
      ], 
      "id": 371, 
      "indented": true, 
      "parent": 370, 
      "text": "", 
      "type": "LINE"
    }, 
    {
      "EOL": false, 
      "box": [
        559, 
        263, 
        366, 
        19
      ], 
      "id": 372, 
      "indented": false, 
      "parent": 370, 
      "text": "", 
      "type": "LINE"
    }, 
    {
      "addresses": [
        {
          "street_name": "passage da Panorama", 
          "street_numbers": [
            "11"
          ]
        }
      ], 
      "box": [
        540, 
        226, 
        385, 
        56
      ], 
      "checked": false, 
      "id": 370, 
      "ner_xml": "<PER>ae l\u00e0 F'\u00c9DIU\u00c8EE</PER>, 93e \"\nDofour (<PER>Mad)</PER>,<ACT>march. de chapeaux de\npaille</ACT>,<LOC>passage da Panorama</LOC>,<CARDINAL>11</CARDINAL>, * 30\n", 
      "origin": "computer", 
      "parent": 360, 
      "persons": [
        "ae l\u00e0 F'\u00c9DIU\u00c8EE", 
        "Mad)"
      ], 
      "text_ocr": "ae l\u00e0 F'\u00c9DIU\u00c8EE , 93e \"\nDofour (Mad), march. de chapeaux de\npaille, passage da Panorama, 11, * 30\n", 
      "type": "ENTRY"
    }, 
    {
      "EOL": false, 
      "box": [
        540, 
        281, 
        385, 
        20
      ], 
      "id": 374, 
      "indented": true, 
      "parent": 373, 
      "text": "", 
      "type": "LINE"
    }, 
    {
      "addresses": [
        {
          "street_name": "r. S.-Honore", 
          "street_numbers": [
            "385", 
            "30"
          ]
        }
      ], 
      "box": [
        540, 
        281, 
        385, 
        20
      ], 
      "checked": false, 
      "id": 373, 
      "ner_xml": "<PER>Dufour</PER>,<ACT>chapeler</ACT>,<LOC>r. S.-Honore</LOC>,<CARDINAL>385</CARDINAL>.<CARDINAL>30</CARDINAL>)\n", 
      "origin": "computer", 
      "parent": 360, 
      "persons": [
        "Dufour"
      ], 
      "text_ocr": "Dufour, chapeler, r. S.-Honore, 385. 30)\n", 
      "type": "ENTRY"
    }, 
    {
      "EOL": false, 
      "box": [
        541, 
        301, 
        385, 
        20
      ], 
      "id": 376, 
      "indented": true, 
      "parent": 375, 
      "text": "", 
      "type": "LINE"
    }, 
    {
      "addresses": [], 
      "box": [
        541, 
        301, 
        385, 
        20
      ], 
      "checked": false, 
      "id": 375, 
      "ner_xml": "<PER>Dufour</PER>,<ACT>cirier, r. de l'Arbre-Sec</ACT>,<CARDINAL>66</CARDINAL>. \u00b0 316\n", 
      "origin": "computer", 
      "parent": 360, 
      "persons": [
        "Dufour"
      ], 
      "text_ocr": "Dufour, cirier, r. de l'Arbre-Sec, 66. \u00b0 316\n", 
      "type": "ENTRY"
    }, 
    {
      "EOL": false, 
      "box": [
        541, 
        321, 
        384, 
        36
      ], 
      "id": 378, 
      "indented": true, 
      "parent": 377, 
      "text": "", 
      "type": "LINE"
    }, 
    {
      "EOL": false, 
      "box": [
        562, 
        341, 
        184, 
        17
      ], 
      "id": 379, 
      "indented": false, 
      "parent": 377, 
      "text": "", 
      "type": "LINE"
    }, 
    {
      "addresses": [
        {
          "street_name": "r. des Uountures-\nS.Gervais", 
          "street_numbers": [
            "28", 
            "820"
          ]
        }
      ], 
      "box": [
        541, 
        321, 
        384, 
        37
      ], 
      "checked": false, 
      "id": 377, 
      "ner_xml": "<PER>Dafonr et ca.</PER>,<ACT>commiss.</ACT>,<LOC>r. des Uountures-\nS.Gervais</LOC>,<CARDINAL>28</CARDINAL> : +. \u00ab \u201d<CARDINAL>820</CARDINAL>\n", 
      "origin": "computer", 
      "parent": 360, 
      "persons": [
        "Dafonr et ca."
      ], 
      "text_ocr": "Dafonr et ca., commiss., r. des Uountures-\nS.Gervais, 28  : +. \u00ab \u201d 820\n", 
      "type": "ENTRY"
    }, 
    {
      "EOL": false, 
      "box": [
        542, 
        360, 
        383, 
        20
      ], 
      "id": 381, 
      "indented": true, 
      "parent": 380, 
      "text": "", 
      "type": "LINE"
    }, 
    {
      "addresses": [
        {
          "street_name": "r.*des Vertus", 
          "street_numbers": [
            "111"
          ]
        }
      ], 
      "box": [
        542, 
        360, 
        383, 
        20
      ], 
      "checked": false, 
      "id": 380, 
      "ner_xml": "<PER>Dofour</PER>,<ACT>corroyeur</ACT>,<LOC>r.*des Vertus</LOC>,<CARDINAL>111</CARDINAL>327\n", 
      "origin": "computer", 
      "parent": 360, 
      "persons": [
        "Dofour"
      ], 
      "text_ocr": "Dofour, corroyeur, r.*des Vertus , 111 327\n", 
      "type": "ENTRY"
    }, 
    {
      "EOL": false, 
      "box": [
        542, 
        380, 
        382, 
        21
      ], 
      "id": 383, 
      "indented": true, 
      "parent": 382, 
      "text": "", 
      "type": "LINE"
    }, 
    {
      "addresses": [
        {
          "street_name": "r. S.-Denis", 
          "street_numbers": [
            "307"
          ]
        }
      ], 
      "box": [
        542, 
        380, 
        382, 
        21
      ], 
      "checked": false, 
      "id": 382, 
      "ner_xml": "<PER>Dufour (Gharles)</PER>,<ACT>epicier</ACT>,<LOC>r. S.-Denis</LOC>,<CARDINAL>307</CARDINAL>.\n", 
      "origin": "computer", 
      "parent": 360, 
      "persons": [
        "Dufour (Gharles)"
      ], 
      "text_ocr": "Dufour (Gharles), epicier, r. S.-Denis, 307.\n", 
      "type": "ENTRY"
    }, 
    {
      "box": [
        535, 
        102, 
        402, 
        299
      ], 
      "id": 360, 
      "parent": 359, 
      "type": "COLUMN_LEVEL_2"
    }, 
    {
      "box": [
        535, 
        102, 
        402, 
        299
      ], 
      "id": 359, 
      "parent": 358, 
      "type": "SECTION_LEVEL_2"
    }, 
    {
      "EOL": false, 
      "box": [
        543, 
        418, 
        383, 
        38
      ], 
      "id": 387, 
      "indented": true, 
      "parent": 386, 
      "text": "", 
      "type": "LINE"
    }, 
    {
      "EOL": false, 
      "box": [
        561, 
        440, 
        136, 
        20
      ], 
      "id": 388, 
      "indented": false, 
      "parent": 386, 
      "text": "", 
      "type": "LINE"
    }, 
    {
      "addresses": [], 
      "box": [
        543, 
        418, 
        383, 
        42
      ], 
      "checked": false, 
      "id": 386, 
      "ner_xml": "<PER>Dofonr</PER>,<ACT>fab. d\u2019\u00e9ventails (\u00ab 1819)</ACT>,<CARDINAL>r\n</CARDINAL><CARDINAL>48</CARDINAL>. : re : 9 b\u00e9o\n", 
      "origin": "computer", 
      "parent": 385, 
      "persons": [
        "Dofonr"
      ], 
      "text_ocr": "Dofonr , fab. d\u2019\u00e9ventails (\u00ab 1819), r\n48. : re : 9 b\u00e9o\n", 
      "type": "ENTRY"
    }, 
    {
      "EOL": false, 
      "box": [
        542, 
        450, 
        384, 
        29
      ], 
      "id": 390, 
      "indented": true, 
      "parent": 389, 
      "text": "", 
      "type": "LINE"
    }, 
    {
      "addresses": [
        {
          "street_name": "r. S.-Anne", 
          "street_numbers": [
            "50", 
            "36"
          ]
        }
      ], 
      "box": [
        542, 
        450, 
        384, 
        29
      ], 
      "checked": false, 
      "id": 389, 
      "ner_xml": "<PER>Dufour</PER>,<ACT>forencier</ACT>,<LOC>r. S.-Anne</LOC>,<CARDINAL>50</CARDINAL>.<CARDINAL>36</CARDINAL>\n", 
      "origin": "computer", 
      "parent": 385, 
      "persons": [
        "Dufour"
      ], 
      "text_ocr": "Dufour, forencier, r. S.-Anne, 50. 36\n", 
      "type": "ENTRY"
    }, 
    {
      "EOL": false, 
      "box": [
        543, 
        479, 
        384, 
        19
      ], 
      "id": 392, 
      "indented": true, 
      "parent": 391, 
      "text": "", 
      "type": "LINE"
    }, 
    {
      "addresses": [
        {
          "street_name": "Yentadour", 
          "street_numbers": [
            "7", 
            "378"
          ]
        }
      ], 
      "box": [
        543, 
        479, 
        384, 
        19
      ], 
      "checked": false, 
      "id": 391, 
      "ner_xml": "<PER>Dufour</PER>,<ACT>#. garni</ACT>,<CARDINAL>+</CARDINAL>.<LOC>Yentadour</LOC>,<CARDINAL>7</CARDINAL>.<CARDINAL>378</CARDINAL>\n", 
      "origin": "computer", 
      "parent": 385, 
      "persons": [
        "Dufour"
      ], 
      "text_ocr": "Dufour, #. garni, +. Yentadour ,7. 378\n", 
      "type": "ENTRY"
    }, 
    {
      "EOL": false, 
      "box": [
        543, 
        498, 
        385, 
        39
      ], 
      "id": 394, 
      "indented": true, 
      "parent": 393, 
      "text": "", 
      "type": "LINE"
    }, 
    {
      "EOL": false, 
      "box": [
        564, 
        520, 
        27, 
        17
      ], 
      "id": 395, 
      "indented": false, 
      "parent": 393, 
      "text": "", 
      "type": "LINE"
    }, 
    {
      "addresses": [
        {
          "street_name": "r. de Vaugirard", 
          "street_numbers": [
            "4"
          ]
        }
      ], 
      "box": [
        543, 
        498, 
        385, 
        39
      ], 
      "checked": false, 
      "id": 393, 
      "ner_xml": "<PER>Dofonr (Gabriel)</PER>,<ACT>\u00e9ibraire</ACT>,<LOC>r. de Vaugirard</LOC>,\n<CARDINAL>4</CARDINAL>,<ACT>on - ga\n</ACT>", 
      "origin": "computer", 
      "parent": 385, 
      "persons": [
        "Dofonr (Gabriel)"
      ], 
      "text_ocr": "Dofonr (Gabriel), \u00e9ibraire, r. de Vaugirard,\n4, on - ga\n", 
      "type": "ENTRY"
    }, 
    {
      "EOL": false, 
      "box": [
        543, 
        526, 
        385, 
        32
      ], 
      "id": 397, 
      "indented": true, 
      "parent": 396, 
      "text": "", 
      "type": "LINE"
    }, 
    {
      "addresses": [
        {
          "street_name": "x S.-Jenu-Baptiste", 
          "street_numbers": [
            "4"
          ]
        }
      ], 
      "box": [
        543, 
        526, 
        385, 
        32
      ], 
      "checked": false, 
      "id": 396, 
      "ner_xml": "<PER>Dubbur</PER>,<ACT>macon</ACT>,<LOC>x S.-Jenu-Baptiste</LOC>,<CARDINAL>4</CARDINAL>: \u00a3oa\n", 
      "origin": "computer", 
      "parent": 385, 
      "persons": [
        "Dubbur"
      ], 
      "text_ocr": "Dubbur, macon, x S.-Jenu-Baptiste, 4: \u00a3oa\n", 
      "type": "ENTRY"
    }, 
    {
      "EOL": false, 
      "box": [
        543, 
        558, 
        385, 
        20
      ], 
      "id": 399, 
      "indented": true, 
      "parent": 398, 
      "text": "", 
      "type": "LINE"
    }, 
    {
      "EOL": false, 
      "box": [
        564, 
        579, 
        146, 
        18
      ], 
      "id": 400, 
      "indented": false, 
      "parent": 398, 
      "text": "", 
      "type": "LINE"
    }, 
    {
      "addresses": [
        {
          "street_name": "r Ge Lhartres-5.-Ho-\nnor\u00e9", 
          "street_numbers": [
            "12"
          ]
        }
      ], 
      "box": [
        543, 
        558, 
        385, 
        39
      ], 
      "checked": false, 
      "id": 398, 
      "ner_xml": "<PER>Dafoar</PER>; architecte ,<LOC>r Ge Lhartres-5.-Ho-\nnor\u00e9</LOC>,<CARDINAL>12</CARDINAL>.<PER>(Elig.) -  an8</PER>, 40a\n", 
      "origin": "computer", 
      "parent": 385, 
      "persons": [
        "Dafoar", 
        "(Elig.) -  an8"
      ], 
      "text_ocr": "Dafoar ; architecte , r Ge Lhartres-5.-Ho-\nnor\u00e9, 12. (Elig.) -  an8, 40a\n", 
      "type": "ENTRY"
    }, 
    {
      "EOL": false, 
      "box": [
        543, 
        577, 
        385, 
        41
      ], 
      "id": 402, 
      "indented": true, 
      "parent": 401, 
      "text": "", 
      "type": "LINE"
    }, 
    {
      "EOL": false, 
      "box": [
        564, 
        618, 
        159, 
        19
      ], 
      "id": 403, 
      "indented": false, 
      "parent": 401, 
      "text": "", 
      "type": "LINE"
    }, 
    {
      "addresses": [], 
      "box": [
        543, 
        577, 
        385, 
        60
      ], 
      "checked": false, 
      "id": 401, 
      "ner_xml": "nor\u00e9,<CARDINAL>12</CARDINAL>.<PER>(Elig.) \u00a9 278</PER>, 40a\n<PER>Dufour (Mad.)</PER>,<ACT>nouvedat\u00e9s , r</ACT>,<PER>Nenve-desi\nPetits-Champs</PER>,<CARDINAL>4</CARDINAL>. + #aa\n", 
      "origin": "computer", 
      "parent": 385, 
      "persons": [
        "(Elig.) \u00a9 278", 
        "Dufour (Mad.)", 
        "Nenve-desi\nPetits-Champs"
      ], 
      "text_ocr": "nor\u00e9, 12. (Elig.) \u00a9 278, 40a\nDufour (Mad.), nouvedat\u00e9s , r, Nenve-desi\nPetits-Champs, 4. + #aa\n", 
      "type": "ENTRY"
    }, 
    {
      "EOL": false, 
      "box": [
        543, 
        617, 
        386, 
        47
      ], 
      "id": 405, 
      "indented": true, 
      "parent": 404, 
      "text": "", 
      "type": "LINE"
    }, 
    {
      "EOL": false, 
      "box": [
        565, 
        658, 
        35, 
        16
      ], 
      "id": 406, 
      "indented": false, 
      "parent": 404, 
      "text": "", 
      "type": "LINE"
    }, 
    {
      "addresses": [
        {
          "street_name": "Petits-Champs", 
          "street_numbers": [
            "4", 
            "132", 
            "37"
          ]
        }
      ], 
      "box": [
        543, 
        617, 
        386, 
        57
      ], 
      "checked": false, 
      "id": 404, 
      "ner_xml": "<LOC>Petits-Champs</LOC>,<CARDINAL>4</CARDINAL>. \u2018 pa\nDafour<PER>Chabrol</PER>,<ACT>papetier</ACT>, r. S,-Martin ,\n<CARDINAL>132</CARDINAL>.<PER>u #</PER><CARDINAL>37</CARDINAL>\n", 
      "origin": "computer", 
      "parent": 385, 
      "persons": [
        "Chabrol", 
        "u #"
      ], 
      "text_ocr": "Petits-Champs, 4. \u2018 pa\nDafour Chabrol, papetier , r. S,-Martin ,\n132. u #37\n", 
      "type": "ENTRY"
    }, 
    {
      "EOL": false, 
      "box": [
        543, 
        657, 
        385, 
        39
      ], 
      "id": 408, 
      "indented": true, 
      "parent": 407, 
      "text": "", 
      "type": "LINE"
    }, 
    {
      "addresses": [], 
      "box": [
        543, 
        657, 
        385, 
        39
      ], 
      "checked": false, 
      "id": 407, 
      "ner_xml": "<CARDINAL>342</CARDINAL>.<PER>re | 497\nDufour (J.) et co. , fab. de papiers peints</PER>,\n", 
      "origin": "computer", 
      "parent": 385, 
      "persons": [
        "re | 497\nDufour (J.) et co. , fab. de papiers peints"
      ], 
      "text_ocr": "342. re | 497\nDufour (J.) et co. , fab. de papiers peints ,\n", 
      "type": "ENTRY"
    }, 
    {
      "EOL": false, 
      "box": [
        544, 
        697, 
        393, 
        26
      ], 
      "id": 410, 
      "indented": true, 
      "parent": 409, 
      "text": "", 
      "type": "LINE"
    }, 
    {
      "addresses": [
        {
          "street_name": "Fr", 
          "street_numbers": []
        }
      ], 
      "box": [
        544, 
        697, 
        393, 
        26
      ], 
      "checked": false, 
      "id": 409, 
      "ner_xml": ": C@1819) ,<LOC>Fr</LOC>. Beanteau-Gi-Antoines TOx-\n", 
      "origin": "computer", 
      "parent": 385, 
      "persons": [], 
      "text_ocr": ": C@1819) , Fr. Beanteau-Gi-Antoines TOx-\n", 
      "type": "ENTRY"
    }, 
    {
      "EOL": false, 
      "box": [
        542, 
        717, 
        389, 
        48
      ], 
      "id": 412, 
      "indented": true, 
      "parent": 411, 
      "text": "", 
      "type": "LINE"
    }, 
    {
      "addresses": [
        {
          "street_name": "r:", 
          "street_numbers": []
        }
      ], 
      "box": [
        542, 
        717, 
        389, 
        48
      ], 
      "checked": false, 
      "id": 411, 
      "ner_xml": "<PER>D\u00e9s !_1 F8\n</PER>fe<ACT>fab. d ri Ste.\nDufour et co. , fab. de schats</ACT>,<LOC>r:</LOC>Ste.Apol-\n", 
      "origin": "computer", 
      "parent": 385, 
      "persons": [
        "D\u00e9s !_1 F8\n"
      ], 
      "text_ocr": "D\u00e9s !_1 F8\nfe fab. d ri Ste.\nDufour et co. , fab. de schats ,r: Ste.Apol-\n", 
      "type": "ENTRY"
    }, 
    {
      "EOL": false, 
      "box": [
        546, 
        756, 
        83, 
        19
      ], 
      "id": 414, 
      "indented": true, 
      "parent": 413, 
      "text": "", 
      "type": "LINE"
    }, 
    {
      "addresses": [], 
      "box": [
        546, 
        756, 
        83, 
        19
      ], 
      "checked": false, 
      "id": 413, 
      "ner_xml": " Jin\u00e9,<CARDINAL>5</CARDINAL>.\n", 
      "origin": "computer", 
      "parent": 385, 
      "persons": [], 
      "text_ocr": " Jin\u00e9, 5.\n", 
      "type": "ENTRY"
    }, 
    {
      "EOL": false, 
      "box": [
        545, 
        755, 
        386, 
        40
      ], 
      "id": 416, 
      "indented": true, 
      "parent": 415, 
      "text": "", 
      "type": "LINE"
    }, 
    {
      "EOL": false, 
      "box": [
        565, 
        794, 
        135, 
        18
      ], 
      "id": 417, 
      "indented": false, 
      "parent": 415, 
      "text": "", 
      "type": "LINE"
    }, 
    {
      "addresses": [
        {
          "street_name": "r. Ste.-Margu\u00e8rite", 
          "street_numbers": []
        }, 
        {
          "street_name": "S:-Germain", 
          "street_numbers": [
            "6"
          ]
        }
      ], 
      "box": [
        545, 
        755, 
        386, 
        57
      ], 
      "checked": false, 
      "id": 415, 
      "ner_xml": "<PER>- Jin\u00e9,5. .  e  2,9715</PER>499\n<PER>Dufour</PER>,<ACT>march. de vins</ACT>,<LOC>r. Ste.-Margu\u00e8rite</LOC>.\n<LOC>S:-Germain</LOC>,<CARDINAL>6</CARDINAL>.<PER>Le$\n</PER>", 
      "origin": "computer", 
      "parent": 385, 
      "persons": [
        "- Jin\u00e9,5. .  e  2,9715", 
        "Dufour", 
        "Le$\n"
      ], 
      "text_ocr": "- Jin\u00e9,5. .  e  2,9715 499\nDufour , march. de vins , r. Ste.-Margu\u00e8rite.\nS:-Germain , 6. Le$\n", 
      "type": "ENTRY"
    }, 
    {
      "EOL": false, 
      "box": [
        545, 
        795, 
        386, 
        44
      ], 
      "id": 419, 
      "indented": true, 
      "parent": 418, 
      "text": "", 
      "type": "LINE"
    }, 
    {
      "EOL": false, 
      "box": [
        566, 
        835, 
        146, 
        18
      ], 
      "id": 420, 
      "indented": false, 
      "parent": 418, 
      "text": "", 
      "type": "LINE"
    }, 
    {
      "addresses": [], 
      "box": [
        545, 
        795, 
        386, 
        58
      ], 
      "checked": false, 
      "id": 418, 
      "ner_xml": "<PER>Dufones mareh</PER>, ch ns y v- des Bonch<CARDINAL>498</CARDINAL>\na! LE \u00abnafcls le vi T: des \u00fccherivs-\nSComain,. 67 \u00e4a8\n", 
      "origin": "computer", 
      "parent": 385, 
      "persons": [
        "Dufones mareh"
      ], 
      "text_ocr": "Dufones mareh, ch ns y v- des Bonch 498\na! LE \u00abnafcls le vi T: des \u00fccherivs-\nSComain,. 67 \u00e4a8\n", 
      "type": "ENTRY"
    }, 
    {
      "EOL": false, 
      "box": [
        545, 
        834, 
        388, 
        38
      ], 
      "id": 422, 
      "indented": true, 
      "parent": 421, 
      "text": "", 
      "type": "LINE"
    }, 
    {
      "EOL": false, 
      "box": [
        564, 
        873, 
        227, 
        20
      ], 
      "id": 423, 
      "indented": false, 
      "parent": 421, 
      "text": "", 
      "type": "LINE"
    }, 
    {
      "addresses": [], 
      "box": [
        545, 
        834, 
        388, 
        59
      ], 
      "checked": false, 
      "id": 421, 
      "ner_xml": "5.-br\u00e9rmain ,<CARDINAL>67</CARDINAL>. [ 498\n<PER>Dufour</PER>,<ACT>march. de ins, #. des Foss\u00e9s-S.\u2026\nGermhin-PAuxerrois</ACT>,<CARDINAL>41</CARDINAL>. \u201c468\n", 
      "origin": "computer", 
      "parent": 385, 
      "persons": [
        "Dufour"
      ], 
      "text_ocr": "5.-br\u00e9rmain , 67. [ 498\nDufour , march. de ins, #. des Foss\u00e9s-S.\u2026\nGermhin-PAuxerrois, 41. \u201c468\n", 
      "type": "ENTRY"
    }, 
    {
      "EOL": false, 
      "box": [
        540, 
        873, 
        394, 
        61
      ], 
      "id": 425, 
      "indented": true, 
      "parent": 424, 
      "text": "", 
      "type": "LINE"
    }, 
    {
      "EOL": false, 
      "box": [
        548, 
        915, 
        102, 
        17
      ], 
      "id": 426, 
      "indented": false, 
      "parent": 424, 
      "text": "", 
      "type": "LINE"
    }, 
    {
      "addresses": [], 
      "box": [
        540, 
        873, 
        394, 
        61
      ], 
      "checked": false, 
      "id": 424, 
      "ner_xml": "<PER>pofonnantelle (Le)</PER>f hr. \u00e0 Ti<CARDINAL>498</CARDINAL>\nafonrmsntel aussier,<CARDINAL>+</CARDINAL>.<CARDINAL>1</CARDINAL>\"\n\u201ctonne,<ACT>pe fers Ta\n</ACT>", 
      "origin": "computer", 
      "parent": 385, 
      "persons": [
        "pofonnantelle (Le)"
      ], 
      "text_ocr": "pofonnantelle (Le) f hr. \u00e0 Ti 498\nafonrmsntel aussier, +. 1 \"\n\u201ctonne, pe fers Ta\n", 
      "type": "ENTRY"
    }, 
    {
      "EOL": false, 
      "box": [
        546, 
        932, 
        387, 
        41
      ], 
      "id": 428, 
      "indented": true, 
      "parent": 427, 
      "text": "", 
      "type": "LINE"
    }, 
    {
      "EOL": false, 
      "box": [
        567, 
        953, 
        245, 
        18
      ], 
      "id": 429, 
      "indented": false, 
      "parent": 427, 
      "text": "", 
      "type": "LINE"
    }, 
    {
      "addresses": [], 
      "box": [
        546, 
        932, 
        387, 
        41
      ], 
      "checked": false, 
      "id": 427, 
      "ner_xml": "<PER>Dafourmantelle (Lonis)</PER>,<ACT>peaussier</ACT>, r. dn\nPal S Son ro 4e\n", 
      "origin": "computer", 
      "parent": 385, 
      "persons": [
        "Dafourmantelle (Lonis)"
      ], 
      "text_ocr": "Dafourmantelle (Lonis), peaussier, r. dn\nPal S Son ro 4e\n", 
      "type": "ENTRY"
    }, 
    {
      "EOL": false, 
      "box": [
        547, 
        971, 
        384, 
        32
      ], 
      "id": 431, 
      "indented": true, 
      "parent": 430, 
      "text": "", 
      "type": "LINE"
    }, 
    {
      "EOL": false, 
      "box": [
        567, 
        993, 
        119, 
        19
      ], 
      "id": 432, 
      "indented": false, 
      "parent": 430, 
      "text": "", 
      "type": "LINE"
    }, 
    {
      "addresses": [], 
      "box": [
        547, 
        971, 
        384, 
        41
      ], 
      "checked": false, 
      "id": 430, 
      "ner_xml": "<PER>Dufonrmantelle iiu\u00e9 , march. de peaux , v.\n</PER>Fe: a MORE Des bes dns *\u201d\n", 
      "origin": "computer", 
      "parent": 385, 
      "persons": [
        "Dufonrmantelle iiu\u00e9 , march. de peaux , v.\n"
      ], 
      "text_ocr": "Dufonrmantelle iiu\u00e9 , march. de peaux , v.\nFe: a MORE Des bes dns *\u201d\n", 
      "type": "ENTRY"
    }, 
    {
      "EOL": false, 
      "box": [
        547, 
        992, 
        390, 
        60
      ], 
      "id": 434, 
      "indented": true, 
      "parent": 433, 
      "text": "", 
      "type": "LINE"
    }, 
    {
      "addresses": [], 
      "box": [
        547, 
        992, 
        390, 
        60
      ], 
      "checked": false, 
      "id": 433, 
      "ner_xml": "ne<ACT>paausi\u00e9r, \u00bb, dE Le\n(ri telle j awssi\u00e8r, *, de\nD Vice Monn\u00e9le \"ro! p\u00e8 \u2019 | W\u00e9\n</ACT>", 
      "origin": "computer", 
      "parent": 385, 
      "persons": [], 
      "text_ocr": "ne paausi\u00e9r, \u00bb, dE Le\n(ri telle j awssi\u00e8r, *, de\nD Vice Monn\u00e9le \"ro! p\u00e8 \u2019 | W\u00e9\n", 
      "type": "ENTRY"
    }, 
    {
      "EOL": false, 
      "box": [
        549, 
        1049, 
        384, 
        43
      ], 
      "id": 436, 
      "indented": true, 
      "parent": 435, 
      "text": "", 
      "type": "LINE"
    }, 
    {
      "addresses": [], 
      "box": [
        549, 
        1049, 
        384, 
        43
      ], 
      "checked": false, 
      "id": 435, 
      "ner_xml": "<PER>Dnfourmautelle (Jacques)</PER>,<ACT>peaussier</ACT>, r,\nARR Geo lees)&gt; P\u00e9eutiers \u00e0\n", 
      "origin": "computer", 
      "parent": 385, 
      "persons": [
        "Dnfourmautelle (Jacques)"
      ], 
      "text_ocr": "Dnfourmautelle (Jacques), peaussier, r,\nARR Geo lees)> P\u00e9eutiers \u00e0\n", 
      "type": "ENTRY"
    }, 
    {
      "EOL": false, 
      "box": [
        550, 
        1081, 
        313, 
        30
      ], 
      "id": 438, 
      "indented": true, 
      "parent": 437, 
      "text": "", 
      "type": "LINE"
    }, 
    {
      "addresses": [
        {
          "street_name": "Richelieu", 
          "street_numbers": [
            "4"
          ]
        }
      ], 
      "box": [
        550, 
        1081, 
        313, 
        30
      ], 
      "checked": false, 
      "id": 437, 
      "ner_xml": "<PER>Dufraisne</PER>,<ACT>tailleur, \u00bb</ACT>.<LOC>Richelieu</LOC>,<CARDINAL>4</CARDINAL>.\n", 
      "origin": "computer", 
      "parent": 385, 
      "persons": [
        "Dufraisne"
      ], 
      "text_ocr": "Dufraisne, tailleur, \u00bb. Richelieu, 4.\n", 
      "type": "ENTRY"
    }, 
    {
      "EOL": false, 
      "box": [
        549, 
        1093, 
        386, 
        38
      ], 
      "id": 440, 
      "indented": true, 
      "parent": 439, 
      "text": "", 
      "type": "LINE"
    }, 
    {
      "addresses": [
        {
          "street_name": "r. AICRENEN, ge.", 
          "street_numbers": [
            "48"
          ]
        }
      ], 
      "box": [
        549, 
        1093, 
        386, 
        38
      ], 
      "checked": false, 
      "id": 439, 
      "ner_xml": "<PER>Hutraine</PER>,<ACT>faileur</ACT>,<LOC>r. AICRENEN, ge.</LOC><CARDINAL>48</CARDINAL>\n<PER>Dafrene!</PER>,<ACT>plumassier, v. S.-D\u00e9nis ; 307</ACT>.\n", 
      "origin": "computer", 
      "parent": 385, 
      "persons": [
        "Hutraine", 
        "Dafrene!"
      ], 
      "text_ocr": "Hutraine, faileur,r. AICRENEN, ge. 48\nDafrene!, plumassier, v. S.-D\u00e9nis ; 307.\n", 
      "type": "ENTRY"
    }, 
    {
      "EOL": false, 
      "box": [
        549, 
        1130, 
        384, 
        22
      ], 
      "id": 442, 
      "indented": true, 
      "parent": 441, 
      "text": "", 
      "type": "LINE"
    }, 
    {
      "addresses": [
        {
          "street_name": "r. Gu\u00e9rin-Bois-\n", 
          "street_numbers": []
        }
      ], 
      "box": [
        549, 
        1130, 
        384, 
        22
      ], 
      "checked": false, 
      "id": 441, 
      "ner_xml": "<PER>Dufr\u00e9noy</PER>;<ACT>arch. de vins</ACT>,<LOC>r. Gu\u00e9rin-Bois-\n</LOC>", 
      "origin": "computer", 
      "parent": 385, 
      "persons": [
        "Dufr\u00e9noy"
      ], 
      "text_ocr": "Dufr\u00e9noy ; arch. de vins ,r. Gu\u00e9rin-Bois-\n", 
      "type": "ENTRY"
    }, 
    {
      "EOL": false, 
      "box": [
        551, 
        1150, 
        385, 
        57
      ], 
      "id": 444, 
      "indented": true, 
      "parent": 443, 
      "text": "", 
      "type": "LINE"
    }, 
    {
      "EOL": false, 
      "box": [
        572, 
        1192, 
        131, 
        18
      ], 
      "id": 445, 
      "indented": false, 
      "parent": 443, 
      "text": "", 
      "type": "LINE"
    }, 
    {
      "addresses": [
        {
          "street_name": "seau", 
          "street_numbers": [
            "48", 
            "97", 
            "\u00b0 433"
          ]
        }
      ], 
      "box": [
        551, 
        1150, 
        385, 
        60
      ], 
      "checked": false, 
      "id": 443, 
      "ner_xml": "<LOC>seau</LOC>,<CARDINAL>48</CARDINAL>. . -\nD\u00e9resne(3.-G.) \u00bb<ACT>cotrtier de commerce\nS.-Denis</ACT>,<CARDINAL>97</CARDINAL>. -<CARDINAL>\u00b0 433</CARDINAL>\n", 
      "origin": "computer", 
      "parent": 385, 
      "persons": [], 
      "text_ocr": "seau, 48. . -\nD\u00e9resne(3.-G.) \u00bb cotrtier de commerce\nS.-Denis , 97. -\u00b0 433\n", 
      "type": "ENTRY"
    }, 
    {
      "EOL": false, 
      "box": [
        552, 
        1210, 
        385, 
        36
      ], 
      "id": 447, 
      "indented": true, 
      "parent": 446, 
      "text": "", 
      "type": "LINE"
    }, 
    {
      "addresses": [], 
      "box": [
        552, 
        1210, 
        385, 
        36
      ], 
      "checked": false, 
      "id": 446, 
      "ner_xml": "<PER>Dnfresne</PER>,<ACT>fab. de crayons (\u00ab 1819)</ACT>,<ACT>T\nniresne, fei de crayons (exp. 1H) 12\n</ACT>", 
      "origin": "computer", 
      "parent": 385, 
      "persons": [
        "Dnfresne"
      ], 
      "text_ocr": "Dnfresne, fab. de crayons (\u00ab 1819) ,T\nniresne, fei de crayons (exp. 1H) 12\n", 
      "type": "ENTRY"
    }, 
    {
      "EOL": false, 
      "box": [
        549, 
        1231, 
        387, 
        56
      ], 
      "id": 449, 
      "indented": true, 
      "parent": 448, 
      "text": "", 
      "type": "LINE"
    }, 
    {
      "addresses": [
        {
          "street_name": "Gontellerie", 
          "street_numbers": [
            "19", 
            "336", 
            "12"
          ]
        }
      ], 
      "box": [
        549, 
        1231, 
        387, 
        56
      ], 
      "checked": false, 
      "id": 448, 
      "ner_xml": "le la<LOC>Gontellerie</LOC>,<CARDINAL>19</CARDINAL>... -<CARDINAL>336</CARDINAL>\n<PER>Dufreine</PER>,<ACT>gpicier, v. du Murch\u00e9-nnx-Pui-\nr\u00e9es</ACT>,<CARDINAL>12</CARDINAL>: 35a\n", 
      "origin": "computer", 
      "parent": 385, 
      "persons": [
        "Dufreine"
      ], 
      "text_ocr": "le la Gontellerie , 19... - 336\nDufreine , gpicier, v. du Murch\u00e9-nnx-Pui-\nr\u00e9es, 12 : 35a\n", 
      "type": "ENTRY"
    }, 
    {
      "EOL": false, 
      "box": [
        548, 
        1272, 
        387, 
        38
      ], 
      "id": 451, 
      "indented": true, 
      "parent": 450, 
      "text": "", 
      "type": "LINE"
    }, 
    {
      "addresses": [], 
      "box": [
        548, 
        1272, 
        387, 
        38
      ], 
      "checked": false, 
      "id": 450, 
      "ner_xml": "<ACT>r\u00e9es</ACT>,<CARDINAL>12</CARDINAL>\u00e0<CARDINAL>1</CARDINAL>,<CARDINAL>29</CARDINAL>\n<PER>Dufresne (Mad,)</PER>,<ACT>lirg\u00e8re</ACT>,<ACT>r. S.: Denis</ACT>,<CARDINAL>67</CARDINAL>.\n", 
      "origin": "computer", 
      "parent": 385, 
      "persons": [
        "Dufresne (Mad,)"
      ], 
      "text_ocr": "r\u00e9es, 12 \u00e0 1, 29\nDufresne (Mad,), lirg\u00e8re, r. S.: Denis, 67.\n", 
      "type": "ENTRY"
    }, 
    {
      "box": [
        539, 
        417, 
        398, 
        893
      ], 
      "id": 385, 
      "parent": 384, 
      "type": "COLUMN_LEVEL_2"
    }, 
    {
      "box": [
        535, 
        417, 
        402, 
        893
      ], 
      "id": 384, 
      "parent": 358, 
      "type": "SECTION_LEVEL_2"
    }, 
    {
      "box": [
        535, 
        101, 
        402, 
        1233
      ], 
      "id": 358, 
      "parent": 265, 
      "type": "COLUMN_LEVEL_1"
    }, 
    {
      "box": [
        99, 
        101, 
        838, 
        1233
      ], 
      "id": 265, 
      "parent": 256, 
      "type": "SECTION_LEVEL_1"
    }, 
    {
      "box": [
        99, 
        0, 
        838, 
        1334
      ], 
      "id": 256, 
      "type": "PAGE"
    }
  ], 
  "mode": "cached"
}
