{
  "content": [
    {
      "EOL": false, 
      "box": [
        128, 
        22, 
        69, 
        32
      ], 
      "id": 262, 
      "indented": false, 
      "parent": 261, 
      "text": "", 
      "type": "LINE"
    }, 
    {
      "addresses": [], 
      "box": [
        128, 
        22, 
        69, 
        32
      ], 
      "checked": false, 
      "id": 261, 
      "ner_xml": "<CARDINAL>296</CARDINAL>\n", 
      "origin": "computer", 
      "parent": 260, 
      "persons": [], 
      "text_ocr": "296\n", 
      "type": "ENTRY"
    }, 
    {
      "EOL": false, 
      "box": [
        124, 
        22, 
        713, 
        60
      ], 
      "id": 264, 
      "indented": true, 
      "parent": 263, 
      "text": "", 
      "type": "LINE"
    }, 
    {
      "addresses": [
        {
          "street_name": "x. S.-Denis", 
          "street_numbers": [
            "109", 
            "414"
          ]
        }, 
        {
          "street_name": "r: Molay", 
          "street_numbers": [
            "6"
          ]
        }
      ], 
      "box": [
        124, 
        22, 
        713, 
        60
      ], 
      "checked": false, 
      "id": 263, 
      "ner_xml": "<CARDINAL>396</CARDINAL>.<TITRE>1</TITRE>diet g\u00e9n\u00e9rale\"\n<PER>Micheton</PER>,<ACT>morcier</ACT>,<LOC>x. S.-Denis</LOC>,<CARDINAL>109</CARDINAL>.<CARDINAL>414</CARDINAL> <PER>Mignet</PER>,<ACT>\u00e9picier</ACT>,<LOC>r: Molay</LOC>,<CARDINAL>6</CARDINAL>. %\n", 
      "origin": "computer", 
      "parent": 260, 
      "persons": [
        "Micheton", 
        "Mignet"
      ], 
      "text_ocr": "396 . 1 diet g\u00e9n\u00e9rale\"\nMicheton, morcier, x. S.-Denis, 109. 414  Mignet, \u00e9picier, r: Molay, 6. %\n", 
      "type": "ENTRY"
    }, 
    {
      "EOL": false, 
      "box": [
        124, 
        49, 
        803, 
        68
      ], 
      "id": 266, 
      "indented": true, 
      "parent": 265, 
      "text": "", 
      "type": "LINE"
    }, 
    {
      "addresses": [
        {
          "street_name": "4", 
          "street_numbers": []
        }, 
        {
          "street_name": "r: Molay", 
          "street_numbers": [
            "6"
          ]
        }
      ], 
      "box": [
        124, 
        49, 
        803, 
        68
      ], 
      "checked": false, 
      "id": 265, 
      "ner_xml": "<PER>Michelon</PER>,<ACT>marier, s. $.-Denis</ACT>,<LOC>4</LOC>14<PER>Miguet</PER>,<ACT>\u00e9picier</ACT>,<LOC>r: Molay</LOC>,<CARDINAL>6</CARDINAL>. # 356\nich<ACT>condamner, boule, des Mguet ca ee Noive-8. Marie</ACT>,\nri\u00e8ls cordonnie  Balico guet jeune \u00bb e\n", 
      "origin": "computer", 
      "parent": 260, 
      "persons": [
        "Michelon", 
        "Miguet"
      ], 
      "text_ocr": "Michelon, marier, s. $.-Denis, 4 14 Miguet, \u00e9picier, r: Molay, 6. # 356\nich condamner, boule, des Mguet ca ee Noive-8. Marie,\nri\u00e8ls cordonnie  Balico guet jeune \u00bb e\n", 
      "type": "ENTRY"
    }, 
    {
      "EOL": false, 
      "box": [
        121, 
        103, 
        806, 
        94
      ], 
      "id": 268, 
      "indented": true, 
      "parent": 267, 
      "text": "", 
      "type": "LINE"
    }, 
    {
      "EOL": false, 
      "box": [
        110, 
        139, 
        402, 
        21
      ], 
      "id": 269, 
      "indented": false, 
      "parent": 267, 
      "text": "", 
      "type": "LINE"
    }, 
    {
      "addresses": [
        {
          "street_name": "r. Mauconscil", 
          "street_numbers": [
            "5"
          ]
        }, 
        {
          "street_name": "r. de la Heaumierie", 
          "street_numbers": []
        }, 
        {
          "street_name": "x. de la Pie\n", 
          "street_numbers": []
        }
      ], 
      "box": [
        110, 
        103, 
        817, 
        94
      ], 
      "checked": false, 
      "id": 267, 
      "ner_xml": "Te<PER>CE !</PER>330\nMichiels,<PER>Zampiste</PER>,<LOC>r. Mauconscil</LOC>,<CARDINAL>5</CARDINAL>.<PER>Mil</PER>,<ACT>vitrier, \u00bb. des Ma (El\n: Michon (V.); \u00e9picisre, vs de Fes, \u201c &gt; v\u00e9renr e Nr #s \"\nag.</ACT>5<PER>Milan fr\u00e8res</PER>,<ACT>fab. de L + de la\nMon de Favare</ACT>,<ACT>n\u00e9g.</ACT>,<LOC>r. de la Heaumierie</LOC>,<ACT>ae res, fai de lampes</ACT>,<LOC>x. de la Pie\n</LOC>", 
      "origin": "computer", 
      "parent": 260, 
      "persons": [
        "CE !", 
        "Zampiste", 
        "Mil", 
        "Milan fr\u00e8res"
      ], 
      "text_ocr": "Te CE ! 330\nMichiels, Zampiste, r. Mauconscil, 5. Mil, vitrier, \u00bb. des Ma (El\n: Michon (V.); \u00e9picisre, vs de Fes, \u201c > v\u00e9renr e Nr #s \"\nag. 5 Milan fr\u00e8res, fab. de L + de la\nMon de Favare, n\u00e9g., r. de la Heaumierie, ae res, fai de lampes , x. de la Pie\n", 
      "type": "ENTRY"
    }, 
    {
      "EOL": false, 
      "box": [
        124, 
        164, 
        802, 
        94
      ], 
      "id": 271, 
      "indented": true, 
      "parent": 270, 
      "text": "", 
      "type": "LINE"
    }, 
    {
      "addresses": [
        {
          "street_name": "ir\u00e9res", 
          "street_numbers": [
            "740"
          ]
        }, 
        {
          "street_name": "UC 14", 
          "street_numbers": []
        }, 
        {
          "street_name": "Heaomerie", 
          "street_numbers": [
            "13"
          ]
        }, 
        {
          "street_name": "re .", 
          "street_numbers": [
            "368"
          ]
        }, 
        {
          "street_name": "r. Buffankt", 
          "street_numbers": []
        }, 
        {
          "street_name": "r, des", 
          "street_numbers": []
        }, 
        {
          "street_name": "Filles-", 
          "street_numbers": [
            "17", 
            "17", 
            "505  "
          ]
        }, 
        {
          "street_name": "r. Ga\u00efllon", 
          "street_numbers": [
            "7"
          ]
        }, 
        {
          "street_name": "s 483\n", 
          "street_numbers": []
        }
      ], 
      "box": [
        124, 
        164, 
        802, 
        94
      ], 
      "checked": false, 
      "id": 270, 
      "ner_xml": "<CARDINAL>29 329</CARDINAL>Man<LOC>ir\u00e9res</LOC>,<CARDINAL>740</CARDINAL>.<PER>qe \u00c9GIHRES</PER>,<ACT>FT</ACT>,<LOC>UC 14</LOC>Eu\n\nMichon de Tarare,<ACT>n\u00e9g.</ACT>, r. d\u00e9 la<LOC>Heaomerie</LOC>,<CARDINAL>13</CARDINAL>T .<LOC>re .</LOC><CARDINAL>368</CARDINAL>\nm\u00e9 u 33r,418  <PER>Milcent</PER>,<ACT>peintre en b\u00e9timens</ACT>,<LOC>r. Buffankt</LOC>,\n\nMichonet ,<ACT>Joueur de voitures</ACT>,<LOC>r, des</LOC><LOC>Filles-</LOC><CARDINAL>17</CARDINAL>. : ais\nS.-Thomas,<CARDINAL>17</CARDINAL>. _<CARDINAL>505  </CARDINAL><PER>Milcent</PER>,<ACT>tapissier</ACT>,<LOC>r. Ga\u00efllon</LOC>,<CARDINAL>7</CARDINAL>.<LOC>s 483\n</LOC>", 
      "origin": "computer", 
      "parent": 260, 
      "persons": [
        "qe \u00c9GIHRES", 
        "Milcent", 
        "Milcent"
      ], 
      "text_ocr": "29 329 Man ir\u00e9res, 740. qe \u00c9GIHRES , FT, UC 14 Eu\n\nMichon de Tarare, n\u00e9g., r. d\u00e9 la Heaomerie, 13 T . re . 368\nm\u00e9 u 33r,418  Milcent, peintre en b\u00e9timens, r. Buffankt,\n\nMichonet , Joueur de voitures , r, des Filles- 17 . : ais\nS.-Thomas, 17. _ 505  Milcent, tapissier, r. Ga\u00efllon, 7. s 483\n", 
      "type": "ENTRY"
    }, 
    {
      "EOL": false, 
      "box": [
        121, 
        200, 
        391, 
        38
      ], 
      "id": 273, 
      "indented": true, 
      "parent": 272, 
      "text": "", 
      "type": "LINE"
    }, 
    {
      "addresses": [
        {
          "street_name": "U 33t", 
          "street_numbers": [
            "426"
          ]
        }, 
        {
          "street_name": "r, des Filles-\n", 
          "street_numbers": []
        }
      ], 
      "box": [
        121, 
        200, 
        391, 
        38
      ], 
      "checked": false, 
      "id": 272, 
      "ner_xml": "Eh,<LOC>U 33t</LOC>,<CARDINAL>426</CARDINAL>\n<PER>Michonet , Joueur de voitures</PER>,<LOC>r, des Filles-\n</LOC>", 
      "origin": "computer", 
      "parent": 260, 
      "persons": [
        "Michonet , Joueur de voitures"
      ], 
      "text_ocr": "Eh, U 33t, 426\nMichonet , Joueur de voitures , r, des Filles-\n", 
      "type": "ENTRY"
    }, 
    {
      "EOL": false, 
      "box": [
        122, 
        225, 
        802, 
        71
      ], 
      "id": 275, 
      "indented": true, 
      "parent": 274, 
      "text": "", 
      "type": "LINE"
    }, 
    {
      "addresses": [
        {
          "street_name": "ARR NNR", 
          "street_numbers": [
            "3", 
            "17", 
            "505  "
          ]
        }, 
        {
          "street_name": "Gaillon", 
          "street_numbers": [
            "7", 
            "483"
          ]
        }, 
        {
          "street_name": "petite r. Taranne", 
          "street_numbers": [
            "7"
          ]
        }, 
        {
          "street_name": "Croixdes-Petius-\n- SL", 
          "street_numbers": []
        }, 
        {
          "street_name": "403 Chomps", 
          "street_numbers": [
            "13"
          ]
        }
      ], 
      "box": [
        122, 
        225, 
        802, 
        71
      ], 
      "checked": false, 
      "id": 274, 
      "ner_xml": "<LOC>ARR NNR</LOC><CARDINAL>3</CARDINAL><PER>EORERIOR ER PURES g</PER>La QUE<PER>EARRCES LY EI . \u201d</PER>19\n\nS.-Thomas,<CARDINAL>17</CARDINAL>.<CARDINAL>505  </CARDINAL><PER>Milcent</PER>,<ACT>tapissier, r</ACT>,<LOC>Gaillon</LOC>,<CARDINAL>7</CARDINAL>. +<CARDINAL>483</CARDINAL>\nMichonn\u00ebt ; magon,<LOC>petite r. Taranne</LOC>,<CARDINAL>7</CARDINAL>.  <PER>Milerin</PER>,<ACT>march. de vins</ACT>,<ACT>r</ACT>,<LOC>Croixdes-Petius-\n- SL</LOC><LOC>403 Chomps</LOC>,<CARDINAL>13</CARDINAL>.<PER>Ba\n</PER>", 
      "origin": "computer", 
      "parent": 260, 
      "persons": [
        "EORERIOR ER PURES g", 
        "EARRCES LY EI . \u201d", 
        "Milcent", 
        "Milerin", 
        "Ba\n"
      ], 
      "text_ocr": "ARR NNR 3 EORERIOR ER PURES g La QUE EARRCES LY EI . \u201d 19\n\nS.-Thomas, 17. 505  Milcent, tapissier, r, Gaillon, 7. + 483\nMichonn\u00ebt ; magon, petite r. Taranne, 7.  Milerin, march. de vins, r, Croixdes-Petius-\n- SL 403 Chomps, 13. Ba\n", 
      "type": "ENTRY"
    }, 
    {
      "EOL": false, 
      "box": [
        122, 
        280, 
        801, 
        39
      ], 
      "id": 277, 
      "indented": true, 
      "parent": 276, 
      "text": "", 
      "type": "LINE"
    }, 
    {
      "EOL": false, 
      "box": [
        115, 
        317, 
        396, 
        22
      ], 
      "id": 278, 
      "indented": false, 
      "parent": 276, 
      "text": "", 
      "type": "LINE"
    }, 
    {
      "addresses": [
        {
          "street_name": "des Gravilliers", 
          "street_numbers": [
            "46", 
            "286  "
          ]
        }, 
        {
          "street_name": "r. Comtesse-\nMicol a\u00een\u00e9", 
          "street_numbers": [
            "+", 
            "32"
          ]
        }
      ], 
      "box": [
        115, 
        280, 
        808, 
        59
      ], 
      "checked": false, 
      "id": 276, 
      "ner_xml": "<PER>No | + 403 Champs</PER>,<CARDINAL>19</CARDINAL>. 393\n<PER>Micho</PER>,<ACT>bijoutier</ACT>, +.<LOC>des Gravilliers</LOC>,<CARDINAL>46</CARDINAL>,<CARDINAL>286  </CARDINAL><PER>Mikt</PER>,<ACT>md, d\u2019eaux-de-vie</ACT>,<LOC>r. Comtesse-\nMicol a\u00een\u00e9</LOC>,<ACT>ag. d'affaires</ACT>,<ACT>commiss.</ACT>,<CARDINAL>+</CARDINAL>.<PER>S.\u2014 d'Artois</PER>,<CARDINAL>32</CARDINAL>&lt; 347\n", 
      "origin": "computer", 
      "parent": 260, 
      "persons": [
        "No | + 403 Champs", 
        "Micho", 
        "Mikt", 
        "S.\u2014 d'Artois"
      ], 
      "text_ocr": "No | + 403 Champs, 19. 393\nMicho, bijoutier, +. des Gravilliers, 46, 286  Mikt, md, d\u2019eaux-de-vie, r. Comtesse-\nMicol a\u00een\u00e9, ag. d'affaires, commiss., +. S.\u2014 d'Artois, 32 < 347\n", 
      "type": "ENTRY"
    }, 
    {
      "EOL": false, 
      "box": [
        119, 
        319, 
        805, 
        87
      ], 
      "id": 280, 
      "indented": true, 
      "parent": 279, 
      "text": "", 
      "type": "LINE"
    }, 
    {
      "addresses": [
        {
          "street_name": "COMMNSS.", 
          "street_numbers": []
        }, 
        {
          "street_name": "TL.", 
          "street_numbers": [
            "33", 
            "140", 
            "428"
          ]
        }, 
        {
          "street_name": "x S.-Denis", 
          "street_numbers": []
        }, 
        {
          "street_name": "S.-Martin", 
          "street_numbers": [
            "39", 
            "164"
          ]
        }, 
        {
          "street_name": "r. S.-Germain-l'Auxerrois", 
          "street_numbers": []
        }
      ], 
      "box": [
        119, 
        319, 
        805, 
        87
      ], 
      "checked": false, 
      "id": 279, 
      "ner_xml": "#licol ainc,<ACT>ag. d'affaires</ACT>,<LOC>COMMNSS.</LOC>,<LOC>TL.</LOC>D. Ver<CARDINAL>33</CARDINAL><ACT>s. 377\n- Denis</ACT>,<CARDINAL>140</CARDINAL>. 275,321,<CARDINAL>428</CARDINAL>, 466,48 Milet (V.\u00b0),<ACT>md, de papiers peints</ACT>; boulev.\n\u2018<PER>Micol (Ren\u00e9)</PER>,<ACT>d\u00e9p\u00f4t de rubans</ACT>,<LOC>x S.-Denis</LOC>,<LOC>S.-Martin</LOC>,<CARDINAL>39</CARDINAL>. .  44o\n<CARDINAL>164</CARDINAL>ei 7 464<PER>Miler</PER>,<ACT>p\u00e9tissier</ACT>,<LOC>r. S.-Germain-l'Auxerrois</LOC>,\n", 
      "origin": "computer", 
      "parent": 260, 
      "persons": [
        "Micol (Ren\u00e9)", 
        "Miler"
      ], 
      "text_ocr": "#licol ainc, ag. d'affaires, COMMNSS., TL. D. Ver 33 s. 377\n- Denis, 140. 275,321, 428, 466,48 Milet (V.\u00b0), md, de papiers peints ; boulev.\n\u2018Micol (Ren\u00e9), d\u00e9p\u00f4t de rubans, x S.-Denis, S.-Martin, 39. .  44o\n164 ei 7 464 Miler, p\u00e9tissier, r. S.-Germain-l'Auxerrois,\n", 
      "type": "ENTRY"
    }, 
    {
      "EOL": false, 
      "box": [
        117, 
        378, 
        72, 
        13
      ], 
      "id": 282, 
      "indented": true, 
      "parent": 281, 
      "text": "", 
      "type": "LINE"
    }, 
    {
      "addresses": [], 
      "box": [
        117, 
        378, 
        72, 
        13
      ], 
      "checked": false, 
      "id": 281, 
      "ner_xml": "= 120%,\n", 
      "origin": "computer", 
      "parent": 260, 
      "persons": [], 
      "text_ocr": "= 120%,\n", 
      "type": "ENTRY"
    }, 
    {
      "EOL": false, 
      "box": [
        123, 
        392, 
        386, 
        24
      ], 
      "id": 284, 
      "indented": true, 
      "parent": 283, 
      "text": "", 
      "type": "LINE"
    }, 
    {
      "addresses": [], 
      "box": [
        123, 
        392, 
        386, 
        24
      ], 
      "checked": false, 
      "id": 283, 
      "ner_xml": "<PER>Micouin</PER>,<ACT>d\u00e9reur, r. S.-Antoine</ACT>,<CARDINAL>43</CARDINAL>. 343\n", 
      "origin": "computer", 
      "parent": 260, 
      "persons": [
        "Micouin"
      ], 
      "text_ocr": "Micouin , d\u00e9reur, r. S.-Antoine, 43. 343\n", 
      "type": "ENTRY"
    }, 
    {
      "EOL": false, 
      "box": [
        123, 
        401, 
        801, 
        42
      ], 
      "id": 286, 
      "indented": true, 
      "parent": 285, 
      "text": "", 
      "type": "LINE"
    }, 
    {
      "addresses": [
        {
          "street_name": "Fe SARANQIRE", 
          "street_numbers": [
            "274", 
            "36", 
            "206"
          ]
        }
      ], 
      "box": [
        123, 
        401, 
        801, 
        42
      ], 
      "checked": false, 
      "id": 285, 
      "ner_xml": "<PER>Midant , &amp; STE</PER>,<LOC>Fe SARANQIRE</LOC>,<ACT>ee 343</ACT><CARDINAL>274</CARDINAL>_ \u2026 445\n<PER>Midant</PER>,<ACT>cordonn\u00e9er, r.au Maire</ACT>,<CARDINAL>36</CARDINAL>.<CARDINAL>206</CARDINAL><PER>Mike</PER>,<ACT>serrurter, r. : Neuve-Saint-Martwo</ACT>,\n", 
      "origin": "computer", 
      "parent": 260, 
      "persons": [
        "Midant , & STE", 
        "Midant", 
        "Mike"
      ], 
      "text_ocr": "Midant , & STE, Fe SARANQIRE, ee 343 274 _ \u2026 445\nMidant , cordonn\u00e9er, r.au Maire, 36. 206 Mike, serrurter, r. : Neuve-Saint-Martwo,\n", 
      "type": "ENTRY"
    }, 
    {
      "EOL": false, 
      "box": [
        119, 
        436, 
        803, 
        47
      ], 
      "id": 288, 
      "indented": true, 
      "parent": 287, 
      "text": "", 
      "type": "LINE"
    }, 
    {
      "addresses": [
        {
          "street_name": "r. da Lemple", 
          "street_numbers": [
            "44", 
            "472"
          ]
        }, 
        {
          "street_name": "r. du Faub.-S.-Dens", 
          "street_numbers": []
        }
      ], 
      "box": [
        119, 
        436, 
        803, 
        47
      ], 
      "checked": false, 
      "id": 287, 
      "ner_xml": "<PER>Miedan</PER>,<ACT>boucher</ACT>,<LOC>r. da Lemple</LOC>,<CARDINAL>44</CARDINAL>.<PER>(El) ge</PER>,<CARDINAL>472</CARDINAL>\nnoms<ACT>pus oo 797 Mile</ACT>,<ACT>vernisseur</ACT>,<LOC>r. du Faub.-S.-Dens</LOC>,\n", 
      "origin": "computer", 
      "parent": 260, 
      "persons": [
        "Miedan", 
        "(El) ge"
      ], 
      "text_ocr": "Miedan, boucher, r. da Lemple, 44. (El) ge, 472\nnoms pus oo 797 Mile, vernisseur, r. du Faub.-S.-Dens,\n", 
      "type": "ENTRY"
    }, 
    {
      "EOL": false, 
      "box": [
        115, 
        464, 
        331, 
        32
      ], 
      "id": 290, 
      "indented": true, 
      "parent": 289, 
      "text": "", 
      "type": "LINE"
    }, 
    {
      "addresses": [
        {
          "street_name": "r. Cl\u00e9ry", 
          "street_numbers": [
            "84"
          ]
        }
      ], 
      "box": [
        115, 
        464, 
        331, 
        32
      ], 
      "checked": false, 
      "id": 289, 
      "ner_xml": "\u2018<PER>Micge</PER>,<ACT>ag. d'affaires</ACT>,<LOC>r. Cl\u00e9ry</LOC>,<CARDINAL>84</CARDINAL>.\n", 
      "origin": "computer", 
      "parent": 260, 
      "persons": [
        "Micge"
      ], 
      "text_ocr": "\u2018Micge, ag. d'affaires , r. Cl\u00e9ry , 84.\n", 
      "type": "ENTRY"
    }, 
    {
      "EOL": false, 
      "box": [
        123, 
        495, 
        313, 
        21
      ], 
      "id": 292, 
      "indented": true, 
      "parent": 291, 
      "text": "", 
      "type": "LINE"
    }, 
    {
      "addresses": [
        {
          "street_name": "r. Vivienne", 
          "street_numbers": [
            "15"
          ]
        }
      ], 
      "box": [
        123, 
        495, 
        313, 
        21
      ], 
      "checked": false, 
      "id": 291, 
      "ner_xml": "<PER>Mie\u00f1nay</PER>,<ACT>tai\u00e9reur</ACT>,<LOC>r. Vivienne</LOC>,<CARDINAL>15</CARDINAL>.\n", 
      "origin": "computer", 
      "parent": 260, 
      "persons": [
        "Mie\u00f1nay"
      ], 
      "text_ocr": "Mie\u00f1nay , tai\u00e9reur, r. Vivienne, 15.\n", 
      "type": "ENTRY"
    }, 
    {
      "EOL": false, 
      "box": [
        118, 
        483, 
        804, 
        57
      ], 
      "id": 294, 
      "indented": true, 
      "parent": 293, 
      "text": "", 
      "type": "LINE"
    }, 
    {
      "addresses": [
        {
          "street_name": "r. S.-Antoine", 
          "street_numbers": [
            "6"
          ]
        }, 
        {
          "street_name": "#", 
          "street_numbers": [
            "9"
          ]
        }
      ], 
      "box": [
        118, 
        483, 
        804, 
        57
      ], 
      "checked": false, 
      "id": 293, 
      "ner_xml": "us D On rer TR \u00c6<CARDINAL>1</CARDINAL>A9\nMiconay,<ACT>tailleur; r. Vivienne</ACT>,<CARDINAL>18</CARDINAL>.<CARDINAL>7</CARDINAL>.<PER>Miller \u00e9cier</PER>,<ACT>r. de la Heaumeri\u00e9</ACT>,<CARDINAL>1</CARDINAL>.<CARDINAL>356</CARDINAL>\n<PER>Migoult</PER>,<ACT>mercier</ACT>,<LOC>r. S.-Antoine</LOC>,<CARDINAL>6</CARDINAL>.<LOC>#</LOC><CARDINAL>9</CARDINAL><PER>Milhesr</PER>\u00e9p\u00e9e ml. de<PER>ja Beau r. Neuve-$.-</PER>\n", 
      "origin": "computer", 
      "parent": 260, 
      "persons": [
        "Miller \u00e9cier", 
        "Migoult", 
        "Milhesr", 
        "ja Beau r. Neuve-$.-"
      ], 
      "text_ocr": "us D On rer TR \u00c6 1 A9\nMiconay, tailleur; r. Vivienne, 18. 7. Miller \u00e9cier, r. de la Heaumeri\u00e9, 1. 356\nMigoult, mercier, r. S.-Antoine , 6. #9 Milhesr \u00e9p\u00e9e ml. de ja Beau r. Neuve-$.-\n", 
      "type": "ENTRY"
    }, 
    {
      "EOL": false, 
      "box": [
        122, 
        535, 
        801, 
        65
      ], 
      "id": 296, 
      "indented": true, 
      "parent": 295, 
      "text": "", 
      "type": "LINE"
    }, 
    {
      "EOL": false, 
      "box": [
        115, 
        569, 
        515, 
        42
      ], 
      "id": 297, 
      "indented": false, 
      "parent": 295, 
      "text": "", 
      "type": "LINE"
    }, 
    {
      "addresses": [
        {
          "street_name": "dela Chanss\u00e9e-d'Antin", 
          "street_numbers": []
        }
      ], 
      "box": [
        115, 
        535, 
        808, 
        76
      ], 
      "checked": false, 
      "id": 295, 
      "ner_xml": "<PER>Agen</PER>,<ACT>charperitier, x, de ares gh _ Denis</ACT>,<CARDINAL>28</CARDINAL>, \u2018<CARDINAL>299</CARDINAL>\n<TITRE>Mi : 54.312</TITRE><PER>Milioiti</PER>,<ACT>boulanger; r, du Faub.-S.-Houo-\n. iguan</ACT>,<ACT>picier</ACT>,<LOC>dela Chanss\u00e9e-d'Antin</LOC>,<ACT>r\u00e9a, \"299\n\nEL Mots D 2 2\n</ACT>", 
      "origin": "computer", 
      "parent": 260, 
      "persons": [
        "Agen", 
        "Milioiti"
      ], 
      "text_ocr": "Agen, charperitier, x, de ares gh _ Denis, 28, \u2018 299\nMi : 54.312 Milioiti, boulanger; r, du Faub.-S.-Houo-\n. iguan , picier, dela Chanss\u00e9e-d'Antin , r\u00e9a, \"299\n\nEL Mots D 2 2\n", 
      "type": "ENTRY"
    }, 
    {
      "EOL": false, 
      "box": [
        121, 
        597, 
        386, 
        40
      ], 
      "id": 299, 
      "indented": true, 
      "parent": 298, 
      "text": "", 
      "type": "LINE"
    }, 
    {
      "addresses": [], 
      "box": [
        121, 
        597, 
        386, 
        40
      ], 
      "checked": false, 
      "id": 298, 
      "ner_xml": "At . \u201c290\n<PER>Mignard (Gh. Bern.)</PER>,<ACT>n\u00e9g. en \u00e9picerie</ACT>, r.. de\n", 
      "origin": "computer", 
      "parent": 260, 
      "persons": [
        "Mignard (Gh. Bern.)"
      ], 
      "text_ocr": "At . \u201c290\nMignard (Gh. Bern.), n\u00e9g. en \u00e9picerie , r.. de\n", 
      "type": "ENTRY"
    }, 
    {
      "EOL": false, 
      "box": [
        119, 
        600, 
        802, 
        104
      ], 
      "id": 301, 
      "indented": true, 
      "parent": 300, 
      "text": "", 
      "type": "LINE"
    }, 
    {
      "addresses": [
        {
          "street_name": "r. ds\ngras", 
          "street_numbers": [
            "47"
          ]
        }
      ], 
      "box": [
        119, 
        600, 
        802, 
        104
      ], 
      "checked": false, 
      "id": 300, 
      "ner_xml": "<PER>Ren\u00e9</PER>\u201cen dpicerie,.v. de<PER>Milius (G.-P.)</PER>,<ACT>md. de couleurs</ACT>,<LOC>r. ds\ngras</LOC>(<PER>Ch Born</PER>,<ACT>n\u00e9s dan de nl adieux 28. \"283 da3\npique\u201d parrenentr, r</ACT>,<PER>Montorgull Millan</PER>,<ACT>fab. de boyaux , fabrique \u00e0 Gli-\n\n. + Passementiers re A fi</ACT>,<CARDINAL>47</CARDINAL>% chy-lh-Garome,<ACT>an bac A Asni\u00e8res</ACT>?\nDen Miffioon Pb don RSR ES b\u00e9<ACT>rs Beaujolois-du-Palais-Royal; r6</ACT>,\n", 
      "origin": "computer", 
      "parent": 260, 
      "persons": [
        "Ren\u00e9", 
        "Milius (G.-P.)", 
        "Ch Born", 
        "Montorgull Millan"
      ], 
      "text_ocr": "Ren\u00e9 \u201cen dpicerie,.v. de Milius (G.-P.), md. de couleurs, r. ds\ngras (Ch Born, n\u00e9s dan de nl adieux 28. \"283 da3\npique\u201d parrenentr, r, Montorgull Millan, fab. de boyaux , fabrique \u00e0 Gli-\n\n. + Passementiers re A fi, 47% chy-lh-Garome, an bac A Asni\u00e8res ?\nDen Miffioon Pb don RSR ES b\u00e9 rs Beaujolois-du-Palais-Royal; r6,\n", 
      "type": "ENTRY"
    }, 
    {
      "EOL": false, 
      "box": [
        116, 
        675, 
        403, 
        39
      ], 
      "id": 303, 
      "indented": true, 
      "parent": 302, 
      "text": "", 
      "type": "LINE"
    }, 
    {
      "addresses": [], 
      "box": [
        116, 
        675, 
        403, 
        39
      ], 
      "checked": false, 
      "id": 302, 
      "ner_xml": "<PER>. |</PER><CARDINAL>330</CARDINAL>\n<PER>Migoard Biffinge</PER>,<ACT>fab. d'acier B\u00e9ll\u00e9cilles.\n</ACT>", 
      "origin": "computer", 
      "parent": 260, 
      "persons": [
        ". |", 
        "Migoard Biffinge"
      ], 
      "text_ocr": ". | 330\nMigoard Biffinge, fab. d'acier B\u00e9ll\u00e9cilles.\n", 
      "type": "ENTRY"
    }, 
    {
      "EOL": false, 
      "box": [
        117, 
        703, 
        804, 
        87
      ], 
      "id": 305, 
      "indented": true, 
      "parent": 304, 
      "text": "", 
      "type": "LINE"
    }, 
    {
      "addresses": [
        {
          "street_name": "r", 
          "street_numbers": []
        }, 
        {
          "street_name": "Echiquier", 
          "street_numbers": [
            "26"
          ]
        }
      ], 
      "box": [
        117, 
        703, 
        804, 
        87
      ], 
      "checked": false, 
      "id": 304, 
      "ner_xml": "<PER>our Le nt D on</PER>LD ete son<CARDINAL>9 x 927</CARDINAL>,<CARDINAL>401</CARDINAL>,<CARDINAL>401</CARDINAL>,\nr: E<ACT>poul\u00e9vard; ge f @ se. 17e m\u00c9ardos Dassementier re Bibi</ACT>,\n|<CARDINAL>1</CARDINAL>.<CARDINAL>1819</CARDINAL>.<CARDINAL>83</CARDINAL>. \u00e0\n<PER>Migoardet</PER>,<ACT>ho ser</ACT>,<ACT>r. de Greoele-B= - Millaud</ACT>,<ACT>accordeur</ACT>,<LOC>r</LOC>, del'<LOC>Echiquier</LOC>,<CARDINAL>26</CARDINAL>.\n\n<TITRE>\u00bb3 #</TITRE>\n", 
      "origin": "computer", 
      "parent": 260, 
      "persons": [
        "our Le nt D on", 
        "Migoardet"
      ], 
      "text_ocr": "our Le nt D on LD ete son 9 x 927, 401, 401,\nr: E poul\u00e9vard; ge f @ se. 17e m\u00c9ardos Dassementier re Bibi,\n| 1 . 1819. 83. \u00e0\nMigoardet, ho ser, r. de Greoele-B= - Millaud , accordeur, r, del'Echiquier, 26.\n\n\u00bb3 #\n", 
      "type": "ENTRY"
    }, 
    {
      "EOL": false, 
      "box": [
        118, 
        784, 
        803, 
        79
      ], 
      "id": 307, 
      "indented": true, 
      "parent": 306, 
      "text": "", 
      "type": "LINE"
    }, 
    {
      "addresses": [], 
      "box": [
        118, 
        784, 
        803, 
        79
      ], 
      "checked": false, 
      "id": 306, 
      "ner_xml": "<CARDINAL>one  </CARDINAL>Ennwaol:<CARDINAL>1</CARDINAL>\n\nMigneaux,<ACT>\u2018tourrelier , v, de Charonne; 5 Mille</ACT>,<ACT>confsour, \"</ACT><CARDINAL>5</CARDINAL><PER>Martins 4 is\nf F le ; ra m\u00e9l r. du Cimeti</PER>:\n\n<PER>Miucaux (Romain)</PER>,<ACT>plaqueur</ACT>, r des Nicolas<CARDINAL>9</CARDINAL>.<CARDINAL>463</CARDINAL>\n", 
      "origin": "computer", 
      "parent": 260, 
      "persons": [
        "Martins 4 is\nf F le ; ra m\u00e9l r. du Cimeti", 
        "Miucaux (Romain)"
      ], 
      "text_ocr": "one  Ennwaol: 1\n\nMigneaux, \u2018tourrelier , v, de Charonne; 5 Mille, confsour, \" 5 Martins 4 is\nf F le ; ra m\u00e9l r. du Cimeti:\n\nMiucaux (Romain), plaqueur, r des Nicolas 9. 463\n", 
      "type": "ENTRY"
    }, 
    {
      "EOL": false, 
      "box": [
        114, 
        829, 
        346, 
        23
      ], 
      "id": 309, 
      "indented": true, 
      "parent": 308, 
      "text": "", 
      "type": "LINE"
    }, 
    {
      "addresses": [], 
      "box": [
        114, 
        829, 
        346, 
        23
      ], 
      "checked": false, 
      "id": 308, 
      "ner_xml": "-Mignocaux ( Romain ),<ACT>plaqueur, v.\n</ACT>", 
      "origin": "computer", 
      "parent": 260, 
      "persons": [], 
      "text_ocr": "-Mignocaux ( Romain ), plaqueur, v.\n", 
      "type": "ENTRY"
    }, 
    {
      "EOL": false, 
      "box": [
        113, 
        852, 
        808, 
        69
      ], 
      "id": 311, 
      "indented": true, 
      "parent": 310, 
      "text": "", 
      "type": "LINE"
    }, 
    {
      "addresses": [
        {
          "street_name": "7 Ecoukes", 
          "street_numbers": [
            "6", 
            "7"
          ]
        }, 
        {
          "street_name": "r. Glatignys", 
          "street_numbers": [
            "6", 
            "540"
          ]
        }
      ], 
      "box": [
        113, 
        852, 
        808, 
        69
      ], 
      "checked": false, 
      "id": 310, 
      "ner_xml": "<LOC>7 Ecoukes</LOC>,<CARDINAL>6</CARDINAL>, an Slarars. * ST on<ACT>m2</ACT><CARDINAL>7</CARDINAL>u ain\nMi<ACT>\u00e9naprimes d . Mille</ACT>,<ACT>frb. de vinaigre</ACT>,<LOC>r. Glatignys</LOC><CARDINAL>6</CARDINAL>:<CARDINAL>540</CARDINAL>\n<PER>Mfigneret</PER>,<PER>mr</PER>,<ACT>ee da Degons</ACT>on Me<ACT>nude de vins vue du March\u00e9s\nMann PTS Mrs ne ar Hon\u00f4or\u00e9_ &amp; + \"Foa\n</ACT>", 
      "origin": "computer", 
      "parent": 260, 
      "persons": [
        "Mfigneret", 
        "mr"
      ], 
      "text_ocr": "7 Ecoukes, 6, an Slarars. * ST on m2 7 u ain\nMi \u00e9naprimes d . Mille, frb. de vinaigre, r. Glatignys 6: 540\nMfigneret , mr, ee da Degons on Me nude de vins vue du March\u00e9s\nMann PTS Mrs ne ar Hon\u00f4or\u00e9_ & + \"Foa\n", 
      "type": "ENTRY"
    }, 
    {
      "EOL": false, 
      "box": [
        110, 
        897, 
        391, 
        45
      ], 
      "id": 313, 
      "indented": true, 
      "parent": 312, 
      "text": "", 
      "type": "LINE"
    }, 
    {
      "addresses": [
        {
          "street_name": "r. da Caire", 
          "street_numbers": [
            "75"
          ]
        }
      ], 
      "box": [
        110, 
        897, 
        391, 
        45
      ], 
      "checked": false, 
      "id": 312, 
      "ner_xml": "ne .<PER>SUVs 92\u00f9.\n</PER>: --Migneron<PER>(Mad.)</PER>,<ACT>feuriste</ACT>,<LOC>r. da Caire</LOC><CARDINAL>75</CARDINAL>\n", 
      "origin": "computer", 
      "parent": 260, 
      "persons": [
        "SUVs 92\u00f9.\n", 
        "(Mad.)"
      ], 
      "text_ocr": "ne . SUVs 92\u00f9.\n: --Migneron (Mad.), feuriste, r. da Caire 75\n", 
      "type": "ENTRY"
    }, 
    {
      "EOL": false, 
      "box": [
        112, 
        907, 
        812, 
        154
      ], 
      "id": 315, 
      "indented": true, 
      "parent": 314, 
      "text": "", 
      "type": "LINE"
    }, 
    {
      "addresses": [
        {
          "street_name": "Honor\u00e9", 
          "street_numbers": [
            "8", 
            "7"
          ]
        }, 
        {
          "street_name": "r. du 5 Milleia", 
          "street_numbers": []
        }, 
        {
          "street_name": "Baffanlt", 
          "street_numbers": [
            "1", 
            "608"
          ]
        }, 
        {
          "street_name": "r. S.-Anue ; So. 3 illeriot (V2)", 
          "street_numbers": []
        }, 
        {
          "street_name": "Mapoiers n Gocfoy", 
          "street_numbers": []
        }
      ], 
      "box": [
        112, 
        907, 
        812, 
        154
      ], 
      "checked": false, 
      "id": 314, 
      "ner_xml": "- Migneron (Mad. \u00c0 . du Caire ,<CARDINAL>3</CARDINAL>.<LOC>Honor\u00e9</LOC>,<CARDINAL>8</CARDINAL>,<CARDINAL>7</CARDINAL>0x\nM on { ); fleuriste,<LOC>r. du 5 Milleia</LOC>,<ACT>me devine,\u00bb</ACT><LOC>Baffanlt</LOC>,<CARDINAL>1</CARDINAL>,<CARDINAL>608</CARDINAL>\n-Mignolet,<ACT>horloger</ACT>,<LOC>r. S.-Anue ; So. 3 illeriot (V2)</LOC>,<ACT>md. de vins en gros</ACT>; rue\n\u201cMignon trans\u00bb<LOC>Mapoiers n Gocfoy</LOC>VA<PER>Sumebousend'lie</PER>,<TITRE>Bn \u201c498\nare D \u00ff - 310 Met; Poraetier Ft BHpnor\u00e9, gs: 2</TITRE>\n\u2018 Mipnon is),<ACT>comruiss.</ACT>,<ACT>r, de a lllet, car\u00e9onnier, r/an Maire</ACT>,\n\nPere \u2019 Fr our vMillet(Mad.),<ACT>b, garni, plice des Italiens</ACT>,\nMio\u00f1on se\u00e9minon n laccotts a\u00f9 Fo \u2026, ! 384\n", 
      "origin": "computer", 
      "parent": 260, 
      "persons": [
        "Sumebousend'lie"
      ], 
      "text_ocr": "- Migneron (Mad. \u00c0 . du Caire ,3. Honor\u00e9 , 8, 7 0x\nM on { ); fleuriste, r. du 5 Milleia, me devine,\u00bb Baffanlt, 1, 608\n-Mignolet, horloger, r. S.-Anue ; So. 3 illeriot (V2), md. de vins en gros; rue\n\u201cMignon trans\u00bb Mapoiers n Gocfoy VA Sumebousend'lie, Bn \u201c498\nare D \u00ff - 310 Met; Poraetier Ft BHpnor\u00e9, gs: 2\n\u2018 Mipnon is), comruiss., r, de a lllet, car\u00e9onnier, r/an Maire,\n\nPere \u2019 Fr our vMillet(Mad.), b, garni, plice des Italiens ,\nMio\u00f1on se\u00e9minon n laccotts a\u00f9 Fo \u2026, ! 384\n", 
      "type": "ENTRY"
    }, 
    {
      "EOL": false, 
      "box": [
        113, 
        969, 
        396, 
        32
      ], 
      "id": 317, 
      "indented": true, 
      "parent": 316, 
      "text": "", 
      "type": "LINE"
    }, 
    {
      "addresses": [], 
      "box": [
        113, 
        969, 
        396, 
        32
      ], 
      "checked": false, 
      "id": 316, 
      "ner_xml": "<PER>\" Plignon Jeune</PER>,<ACT>chapelier pe Geuifroy-l'An-\n</ACT>", 
      "origin": "computer", 
      "parent": 260, 
      "persons": [
        "\" Plignon Jeune"
      ], 
      "text_ocr": "\" Plignon Jeune , chapelier pe Geuifroy-l'An-\n", 
      "type": "ENTRY"
    }, 
    {
      "EOL": false, 
      "box": [
        111, 
        991, 
        325, 
        57
      ], 
      "id": 319, 
      "indented": true, 
      "parent": 318, 
      "text": "", 
      "type": "LINE"
    }, 
    {
      "addresses": [], 
      "box": [
        111, 
        991, 
        325, 
        57
      ], 
      "checked": false, 
      "id": 318, 
      "ner_xml": "<TITRE>RE</TITRE>a 12e SU\nBfigaon<PER>Chang)</PER>,<ACT>comruiss.</ACT>,<CARDINAL>1</CARDINAL>\n", 
      "origin": "computer", 
      "parent": 260, 
      "persons": [
        "Chang)"
      ], 
      "text_ocr": "RE a 12e SU\nBfigaon Chang), comruiss. , 1\n", 
      "type": "ENTRY"
    }, 
    {
      "EOL": false, 
      "box": [
        114, 
        1046, 
        808, 
        79
      ], 
      "id": 321, 
      "indented": true, 
      "parent": 320, 
      "text": "", 
      "type": "LINE"
    }, 
    {
      "addresses": [
        {
          "street_name": "r. Cassette", 
          "street_numbers": [
            "29", 
            "1"
          ]
        }, 
        {
          "street_name": "F", 
          "street_numbers": []
        }, 
        {
          "street_name": "Moncrartre", 
          "street_numbers": []
        }, 
        {
          "street_name": "r. Joquelet", 
          "street_numbers": [
            "7", 
            "2 ouvier"
          ]
        }, 
        {
          "street_name": "ge Lr", 
          "street_numbers": [
            "102", 
            "48"
          ]
        }
      ], 
      "box": [
        114, 
        1046, 
        808, 
        79
      ], 
      "checked": false, 
      "id": 320, 
      "ner_xml": " Mig\u00fcon ,<ACT>serrurier</ACT>,<LOC>r. Cassette</LOC>,<CARDINAL>29</CARDINAL>. \u00e0<CARDINAL>1</CARDINAL>: - son\nLe \u00e0 Her<PER>r. ( + 22 is) Millet</PER>,<ACT>papier</ACT>,<LOC>F</LOC>,<LOC>Moncrartre</LOC>, Lo.\n_Migaon ; seturier,<LOC>r. Joquelet</LOC>,<CARDINAL>7</CARDINAL>.<CARDINAL>2 ouvier</CARDINAL>,<ACT>md. de toiles</ACT>,<ACT>r</ACT>,<PER>S.-Denis</PER>,\nrpgi\u00e9nons.sefunErs<ACT>re oqnelet</ACT>,<LOC>ge Lr</LOC><CARDINAL>102</CARDINAL>? a +<CARDINAL>48</CARDINAL>\n", 
      "origin": "computer", 
      "parent": 260, 
      "persons": [
        "r. ( + 22 is) Millet", 
        "S.-Denis"
      ], 
      "text_ocr": " Mig\u00fcon , serrurier , r. Cassette, 29. \u00e0 1: - son\nLe \u00e0 Her r. ( + 22 is) Millet, papier, F, Moncrartre, Lo.\n_Migaon ; seturier, r. Joquelet, 7. 2 ouvier , md. de toiles ,r, S.-Denis,\nrpgi\u00e9nons.sefunErs re oqnelet, ge Lr 102 ? a + 48\n", 
      "type": "ENTRY"
    }, 
    {
      "EOL": false, 
      "box": [
        110, 
        1078, 
        320, 
        31
      ], 
      "id": 323, 
      "indented": true, 
      "parent": 322, 
      "text": "", 
      "type": "LINE"
    }, 
    {
      "addresses": [
        {
          "street_name": "r. Jognelet, \u00bb", 
          "street_numbers": []
        }
      ], 
      "box": [
        110, 
        1078, 
        320, 
        31
      ], 
      "checked": false, 
      "id": 322, 
      "ner_xml": ".<PER>Migaon</PER>,<ACT>seurier</ACT>,<LOC>r. Jognelet, \u00bb</LOC>.\n", 
      "origin": "computer", 
      "parent": 260, 
      "persons": [
        "Migaon"
      ], 
      "text_ocr": ". Migaon, seurier, r. Jognelet, \u00bb.\n", 
      "type": "ENTRY"
    }, 
    {
      "EOL": false, 
      "box": [
        109, 
        1108, 
        814, 
        60
      ], 
      "id": 325, 
      "indented": true, 
      "parent": 324, 
      "text": "", 
      "type": "LINE"
    }, 
    {
      "addresses": [
        {
          "street_name": "r, des", 
          "street_numbers": [
            "102", 
            "5"
          ]
        }, 
        {
          "street_name": "r. du Fa\u00fcb.-", 
          "street_numbers": []
        }, 
        {
          "street_name": "r. de la Jussienne", 
          "street_numbers": []
        }, 
        {
          "street_name": "S.-Martin", 
          "street_numbers": [
            "104"
          ]
        }
      ], 
      "box": [
        109, 
        1108, 
        814, 
        60
      ], 
      "checked": false, 
      "id": 324, 
      "ner_xml": "Dr<ACT>fondeur en caract\u00e8res</ACT>,<LOC>r, des</LOC><CARDINAL>102</CARDINAL>tes,<TITRE>#</TITRE>97\n\u00e6mes,<CARDINAL>5</CARDINAL>.<PER>368 Millet Goebaut (J.)</PER>,<ACT>anneur</ACT>,<LOC>r. du Fa\u00fcb.-</LOC>\n:<PER>Mignot</PER>,<ACT>h\u00f4tel garni</ACT>,<LOC>r. de la Jussienne</LOC>,<LOC>S.-Martin</LOC>,<CARDINAL>104</CARDINAL>, : 5 +480\n", 
      "origin": "computer", 
      "parent": 260, 
      "persons": [
        "368 Millet Goebaut (J.)", 
        "Mignot"
      ], 
      "text_ocr": "Dr fondeur en caract\u00e8res, r, des 102 tes, #97\n\u00e6mes, 5. 368 Millet Goebaut (J.), anneur, r. du Fa\u00fcb.-\n: Mignot, h\u00f4tel garni, r. de la Jussienne, S.-Martin, 104, : 5 +480\n", 
      "type": "ENTRY"
    }, 
    {
      "EOL": false, 
      "box": [
        110, 
        1131, 
        812, 
        113
      ], 
      "id": 327, 
      "indented": true, 
      "parent": 326, 
      "text": "", 
      "type": "LINE"
    }, 
    {
      "addresses": [
        {
          "street_name": "r. au 480\n", 
          "street_numbers": []
        }, 
        {
          "street_name": "r. ussienne Martin", 
          "street_numbers": [
            "104", 
            "2"
          ]
        }, 
        {
          "street_name": "r. du\nMignot; march. de vins, x", 
          "street_numbers": []
        }, 
        {
          "street_name": "Louvois", 
          "street_numbers": [
            "15", 
            "7", 
            "602", 
            "6"
          ]
        }
      ], 
      "box": [
        110, 
        1131, 
        812, 
        113
      ], 
      "checked": false, 
      "id": 326, 
      "ner_xml": ".<PER>Miguot</PER>,<ACT>h\u00f4tel de la 3 300 Se Martias \u00e0 (9.)</ACT>,<ACT>\u00e9anneur</ACT>,<LOC>r. au 480\n</LOC>t Mignot el garni,<LOC>r. ussienne Martin</LOC>,<CARDINAL>104</CARDINAL>. : = :\nan\u201d #<CARDINAL>2</CARDINAL>880 PE en taille-douce,<LOC>r. du\nMignot; march. de vins, x</LOC>,<LOC>Louvois</LOC>,<ACT>ro. \u2018</ACT>_<PER>Foin-S.-Jacques</PER>,<CARDINAL>15</CARDINAL>. \u00ab 387\nun . -7<CARDINAL>7</CARDINAL>,<CARDINAL>602</CARDINAL><PER>Milli\u00e9</PER>,<ACT>\u00e9picier, r, des Quatre-Fils-an-Marais</ACT>,\nMignot .<ACT>march. de vins. \u00ab. de B\u00e9thune, \u00e08.</ACT><CARDINAL>6</CARDINAL>.<PER>u 856\n</PER>", 
      "origin": "computer", 
      "parent": 260, 
      "persons": [
        "Miguot", 
        "Foin-S.-Jacques", 
        "Milli\u00e9", 
        "u 856\n"
      ], 
      "text_ocr": ". Miguot, h\u00f4tel de la 3 300 Se Martias \u00e0 (9.), \u00e9anneur,r. au 480\nt Mignot el garni, r. ussienne Martin, 104. : = :\nan\u201d # 2 880 PE en taille-douce, r. du\nMignot; march. de vins, x, Louvois, ro. \u2018_ Foin-S.-Jacques, 15. \u00ab 387\nun . -7 7, 602 Milli\u00e9,\u00e9picier, r, des Quatre-Fils-an-Marais,\nMignot . march. de vins. \u00ab. de B\u00e9thune, \u00e08. 6. u 856\n", 
      "type": "ENTRY"
    }, 
    {
      "EOL": false, 
      "box": [
        109, 
        1171, 
        400, 
        46
      ], 
      "id": 329, 
      "indented": true, 
      "parent": 328, 
      "text": "", 
      "type": "LINE"
    }, 
    {
      "addresses": [
        {
          "street_name": "Louvois", 
          "street_numbers": [
            "10"
          ]
        }
      ], 
      "box": [
        109, 
        1171, 
        400, 
        46
      ], 
      "checked": false, 
      "id": 328, 
      "ner_xml": "QC DS<CARDINAL>300</CARDINAL>\nMignot; march,<ACT>1e vins, x</ACT>,<LOC>Louvois</LOC>,<CARDINAL>10</CARDINAL>.\n", 
      "origin": "computer", 
      "parent": 260, 
      "persons": [], 
      "text_ocr": "QC DS 300\nMignot; march, 1e vins, x, Louvois, 10.\n", 
      "type": "ENTRY"
    }, 
    {
      "EOL": false, 
      "box": [
        111, 
        1222, 
        811, 
        63
      ], 
      "id": 331, 
      "indented": true, 
      "parent": 330, 
      "text": "", 
      "type": "LINE"
    }, 
    {
      "addresses": [
        {
          "street_name": "q. de B\u00e9thune", 
          "street_numbers": [
            "16"
          ]
        }, 
        {
          "street_name": "\u00a9  . .", 
          "street_numbers": []
        }, 
        {
          "street_name": "r. Mazarine", 
          "street_numbers": [
            "36"
          ]
        }, 
        {
          "street_name": "avenue de Neuilly", 
          "street_numbers": [
            "15"
          ]
        }
      ], 
      "box": [
        111, 
        1222, 
        811, 
        63
      ], 
      "checked": false, 
      "id": 330, 
      "ner_xml": ".<PER>Mignot</PER>,<ACT>march. de vins</ACT>,<LOC>q. de B\u00e9thune</LOC>,<ACT>n8.</ACT><CARDINAL>16</CARDINAL>,<LOC>\u00a9  . .</LOC>56\n\u00e0 on LT * _5oa &lt;<PER>Mili\u00e9</PER>,<ACT>loueur de voitures</ACT>,<LOC>r. Mazarine</LOC>,<CARDINAL>36</CARDINAL>.\n:<PER>Migont</PER>,<ACT>limonadier.</ACT>,<LOC>avenue de Neuilly</LOC>,<CARDINAL>15</CARDINAL>. . :<PER>Fo\u00ff\n</PER>", 
      "origin": "computer", 
      "parent": 260, 
      "persons": [
        "Mignot", 
        "Mili\u00e9", 
        "Migont", 
        "Fo\u00ff\n"
      ], 
      "text_ocr": ". Mignot, march. de vins, q. de B\u00e9thune, n8. 16, \u00a9  . . 56\n\u00e0 on LT * _5oa <Mili\u00e9, loueur de voitures, r. Mazarine, 36.\n: Migont , limonadier., avenue de Neuilly, 15. . : Fo\u00ff\n", 
      "type": "ENTRY"
    }, 
    {
      "EOL": false, 
      "box": [
        109, 
        1260, 
        817, 
        69
      ], 
      "id": 333, 
      "indented": true, 
      "parent": 332, 
      "text": "", 
      "type": "LINE"
    }, 
    {
      "addresses": [
        {
          "street_name": "rue\n! Mig\u00fcet", 
          "street_numbers": []
        }, 
        {
          "street_name": "r. Chasent", 
          "street_numbers": [
            "1"
          ]
        }, 
        {
          "street_name": "Maucon\u00e9il", 
          "street_numbers": [
            "46", 
            "474"
          ]
        }
      ], 
      "box": [
        109, 
        1260, 
        817, 
        69
      ], 
      "checked": false, 
      "id": 332, 
      "ner_xml": "<PER>+ Migont</PER>,<ACT>limonadier, ave\u00f1ne de Neuilly</ACT>,<CARDINAL>5</CARDINAL>. *,<ACT>6o\u00ff\n\u00e0 ra tt CT</ACT>,<CARDINAL>ES Milliet</CARDINAL><PER>Stillitre</PER>,<ACT>commiss, en goieries</ACT>,<LOC>rue\n! Mig\u00fcet</LOC>,<ACT>\u00e9picier</ACT>,<LOC>r. Chasent</LOC>,<CARDINAL>1</CARDINAL>.<PER>- +,</PER>\"<LOC>Maucon\u00e9il</LOC>,<CARDINAL>46</CARDINAL>.<PER>Bar</PER>;<CARDINAL>474</CARDINAL>\n", 
      "origin": "computer", 
      "parent": 260, 
      "persons": [
        "+ Migont", 
        "Stillitre", 
        "- +,", 
        "Bar"
      ], 
      "text_ocr": "+ Migont, limonadier, ave\u00f1ne de Neuilly, 5. *, 6o\u00ff\n\u00e0 ra tt CT, ES Milliet Stillitre, commiss, en goieries, rue\n! Mig\u00fcet, \u00e9picier, r. Chasent, 1. - +,\" Maucon\u00e9il, 46. Bar; 474\n", 
      "type": "ENTRY"
    }, 
    {
      "EOL": false, 
      "box": [
        109, 
        1301, 
        318, 
        29
      ], 
      "id": 335, 
      "indented": true, 
      "parent": 334, 
      "text": "", 
      "type": "LINE"
    }, 
    {
      "addresses": [
        {
          "street_name": "r. Choisenl", 
          "street_numbers": [
            "1"
          ]
        }
      ], 
      "box": [
        109, 
        1301, 
        318, 
        29
      ], 
      "checked": false, 
      "id": 334, 
      "ner_xml": ":<PER>Miguet</PER>,<ACT>\u00e9pi\u00e7ier</ACT>,<LOC>r. Choisenl</LOC>,<CARDINAL>1</CARDINAL>,\n", 
      "origin": "computer", 
      "parent": 260, 
      "persons": [
        "Miguet"
      ], 
      "text_ocr": ": Miguet, \u00e9pi\u00e7ier, r. Choisenl, 1,\n", 
      "type": "ENTRY"
    }, 
    {
      "box": [
        109, 
        22, 
        819, 
        1308
      ], 
      "id": 260, 
      "parent": 259, 
      "type": "COLUMN_LEVEL_2"
    }, 
    {
      "box": [
        109, 
        22, 
        819, 
        1308
      ], 
      "id": 259, 
      "parent": 258, 
      "type": "SECTION_LEVEL_2"
    }, 
    {
      "box": [
        109, 
        22, 
        819, 
        1308
      ], 
      "id": 258, 
      "parent": 257, 
      "type": "COLUMN_LEVEL_1"
    }, 
    {
      "box": [
        109, 
        22, 
        819, 
        1308
      ], 
      "id": 257, 
      "parent": 256, 
      "type": "SECTION_LEVEL_1"
    }, 
    {
      "box": [
        109, 
        0, 
        819, 
        1343
      ], 
      "id": 256, 
      "type": "PAGE"
    }
  ], 
  "mode": "cached"
}
