[
  {
    "EOL": false,
    "box": [
      116,
      21,
      132,
      25
    ],
    "id": 262,
    "indented": false,
    "parent": 261,
    "text": "",
    "type": "LINE"
  },
  {
    "addresses": [],
    "box": [
      116,
      21,
      132,
      25
    ],
    "checked": false,
    "id": 261,
    "ner_xml": "<CARDINAL>338</CARDINAL>…\n",
    "origin": "computer",
    "parent": 260,
    "persons": [],
    "text_ocr": "338 …\n",
    "type": "ENTRY"
  },
  {
    "EOL": false,
    "box": [
      114,
      20,
      806,
      130
    ],
    "id": 264,
    "indented": true,
    "parent": 263,
    "text": "",
    "type": "LINE"
  },
  {
    "EOL": false,
    "box": [
      106,
      82,
      426,
      37
    ],
    "id": 265,
    "indented": false,
    "parent": 263,
    "text": "",
    "type": "LINE"
  },
  {
    "addresses": [
      {
        "street_name": "Dentelles-Pants. Le\nLevaillant",
        "street_numbers": []
      },
      {
        "street_name": "v, du Potit-Vuugi- Sidlé",
        "street_numbers": []
      },
      {
        "street_name": "Croïx-des-Petits-Champs",
        "street_numbers": [
          "25"
        ]
      },
      {
        "street_name": "r.de Gastiglidue",
        "street_numbers": []
      },
      {
        "street_name": "1,0tr.5.-Honoré",
        "street_numbers": [
          "342",
          "50"
        ]
      },
      {
        "street_name": "r. des Prétres-S.-Germain-l'Auxer-\nMES alter &",
        "street_numbers": []
      }
    ],
    "box": [
      106,
      20,
      814,
      130
    ],
    "checked": false,
    "id": 263,
    "ner_xml": "<CARDINAL>338</CARDINAL>… _ .<LOC>Dentelles-Pants. Le\nLevaillant</LOC>; naturaliste,<LOC>v, du Potit-Vuugi- Sidlé</LOC>,<ACT>mareh. de dessins anciens et moders\n| crards 2 à r - Nu nes, et d'encre de la Chine, première qua-\nMaclronde</ACT>,<ACT>r</ACT>,<LOC>Croïx-des-Petits-Champs</LOC>,<CARDINAL>25</CARDINAL>, .  dité,<LOC>r.de Gastiglidue</LOC>,<LOC>1,0tr.5.-Honoré</LOC>,<CARDINAL>342</CARDINAL>\n<TITRE>Martin</TITRE>,<ACT>r. Groix-des-Petits-Champs</ACT>,<CARDINAL>50</CARDINAL>.  .-Severis,<LOC>r. des Prétres-S.-Germain-l'Auxer-\nMES alter &amp;</LOC>HE<PER>Fr fa eue nn |\n</PER>",
    "origin": "computer",
    "parent": 260,
    "persons": [
      "Fr fa eue nn |\n"
    ],
    "text_ocr": "338 … _ . Dentelles-Pants. Le\nLevaillant; naturaliste, v, du Potit-Vuugi- Sidlé, mareh. de dessins anciens et moders\n| crards 2 à r - Nu nes, et d'encre de la Chine, première qua-\nMaclronde, r, Croïx-des-Petits-Champs, 25, .  dité,r.de Gastiglidue, 1,0tr.5.-Honoré, 342\nMartin, r. Groix-des-Petits-Champs, 50.  .-Severis, r. des Prétres-S.-Germain-l'Auxer-\nMES alter & HE Fr fa eue nn |\n",
    "type": "ENTRY"
  },
  {
    "EOL": false,
    "box": [
      116,
      119,
      360,
      20
    ],
    "id": 267,
    "indented": true,
    "parent": 266,
    "text": "",
    "type": "LINE"
  },
  {
    "addresses": [],
    "box": [
      116,
      119,
      360,
      20
    ],
    "checked": false,
    "id": 266,
    "ner_xml": "<TITRE>Martin</TITRE>,<ACT>r. Groix-des-Petits-Champs</ACT>,<CARDINAL>50</CARDINAL>.\n",
    "origin": "computer",
    "parent": 260,
    "persons": [],
    "text_ocr": "Martin , r. Groix-des-Petits-Champs, 50.\n",
    "type": "ENTRY"
  },
  {
    "EOL": false,
    "box": [
      113,
      139,
      360,
      19
    ],
    "id": 269,
    "indented": true,
    "parent": 268,
    "text": "",
    "type": "LINE"
  },
  {
    "addresses": [],
    "box": [
      113,
      139,
      360,
      19
    ],
    "checked": false,
    "id": 268,
    "ner_xml": "<PER>Mazières</PER>,<ACT>r, de &amp;renclle-5,-Honorc</ACT>,<CARDINAL>53</CARDINAL>.\n",
    "origin": "computer",
    "parent": 260,
    "persons": [
      "Mazières"
    ],
    "text_ocr": "Mazières , r, de &renclle-5,-Honorc, 53.\n",
    "type": "ENTRY"
  },
  {
    "EOL": false,
    "box": [
      114,
      159,
      320,
      19
    ],
    "id": 271,
    "indented": true,
    "parent": 270,
    "text": "",
    "type": "LINE"
  },
  {
    "addresses": [],
    "box": [
      114,
      159,
      320,
      19
    ],
    "checked": false,
    "id": 270,
    "ner_xml": "<PER>Perès</PER>,<ACT>boüiev. des Étalktens</ACT>,<CARDINAL>23</CARDINAL>.\n",
    "origin": "computer",
    "parent": 260,
    "persons": [
      "Perès"
    ],
    "text_ocr": "Perès , boüiev. des Étalktens, 23.\n",
    "type": "ENTRY"
  },
  {
    "EOL": false,
    "box": [
      114,
      139,
      778,
      96
    ],
    "id": 273,
    "indented": true,
    "parent": 272,
    "text": "",
    "type": "LINE"
  },
  {
    "addresses": [
      {
        "street_name": "Fois",
        "street_numbers": [
          "22",
          "23",
          "5",
          "25",
          "18"
        ]
      },
      {
        "street_name": "place du Louvre",
        "street_numbers": [
          "10",
          "5"
        ]
      }
    ],
    "box": [
      114,
      139,
      778,
      96
    ],
    "checked": false,
    "id": 272,
    "ner_xml": "<PER>Mazières</PER>,<ACT>r, de &amp;renclle-5,-Honorc</ACT>,<CARDINAL>53</CARDINAL>.<LOC>Fois</LOC>,<CARDINAL>22</CARDINAL>, - :\n<PER>Perès</PER>,<ACT>boule. des Lialiens</ACT>,<CARDINAL>23</CARDINAL>.<PER>- Theret</PER>,<ACT>r. Mandar</ACT>,<CARDINAL>5</CARDINAL>. '\nPhilippe,<ACT>r. de Bretagne</ACT>,<CARDINAL>25</CARDINAL>, au Marais. Touruier,<ACT>r. des Petits-Augustins</ACT>,<CARDINAL>18</CARDINAL>.\nRigal ,<LOC>place du Louvre</LOC>,<CARDINAL>10</CARDINAL>.<PER>- Travers</PER>,<ACT>v, dn Cog-S:-Honoré, &amp;\nRucheux</ACT>,<ACT>r. Royale-S. -Hanoré ; 8</ACT>. ,<PER>Vaché;r. Jacob</PER>,<CARDINAL>5</CARDINAL>.<PER>|\n</PER>",
    "origin": "computer",
    "parent": 260,
    "persons": [
      "Mazières",
      "Perès",
      "- Theret",
      "- Travers",
      "Vaché;r. Jacob",
      "|\n"
    ],
    "text_ocr": "Mazières , r, de &renclle-5,-Honorc, 53. Fois, 22, - :\nPerès , boule. des Lialiens, 23. - Theret , r. Mandar, 5. '\nPhilippe, r. de Bretagne, 25, au Marais. Touruier, r. des Petits-Augustins, 18.\nRigal , place du Louvre, 10. - Travers, v, dn Cog-S:-Honoré, &\nRucheux, r. Royale-S. -Hanoré ; 8. , Vaché;r. Jacob, 5. |\n",
    "type": "ENTRY"
  },
  {
    "EOL": false,
    "box": [
      113,
      198,
      243,
      19
    ],
    "id": 275,
    "indented": true,
    "parent": 274,
    "text": "",
    "type": "LINE"
  },
  {
    "addresses": [
      {
        "street_name": "place du Louvre",
        "street_numbers": [
          "10"
        ]
      }
    ],
    "box": [
      113,
      198,
      243,
      19
    ],
    "checked": false,
    "id": 274,
    "ner_xml": "<PER>Aigal</PER>,<LOC>place du Louvre</LOC>,<CARDINAL>10</CARDINAL>.\n",
    "origin": "computer",
    "parent": 260,
    "persons": [
      "Aigal"
    ],
    "text_ocr": "Aigal, place du Louvre, 10.\n",
    "type": "ENTRY"
  },
  {
    "EOL": false,
    "box": [
      113,
      216,
      327,
      20
    ],
    "id": 277,
    "indented": true,
    "parent": 276,
    "text": "",
    "type": "LINE"
  },
  {
    "addresses": [
      {
        "street_name": "Rovale-S",
        "street_numbers": []
      }
    ],
    "box": [
      113,
      216,
      327,
      20
    ],
    "checked": false,
    "id": 276,
    "ner_xml": "<PER>Rucheux</PER>,<ACT>r</ACT>,<LOC>Rovale-S</LOC>,<TITRE>-Honore ; 8</TITRE>. ,\n",
    "origin": "computer",
    "parent": 260,
    "persons": [
      "Rucheux"
    ],
    "text_ocr": "Rucheux, r, Rovale-S, -Honore ; 8. ,\n",
    "type": "ENTRY"
  },
  {
    "EOL": false,
    "box": [
      113,
      224,
      807,
      53
    ],
    "id": 279,
    "indented": true,
    "parent": 278,
    "text": "",
    "type": "LINE"
  },
  {
    "EOL": false,
    "box": [
      134,
      258,
      108,
      20
    ],
    "id": 280,
    "indented": false,
    "parent": 278,
    "text": "",
    "type": "LINE"
  },
  {
    "EOL": false,
    "box": [
      128,
      267,
      764,
      42
    ],
    "id": 281,
    "indented": false,
    "parent": 278,
    "text": "",
    "type": "LINE"
  },
  {
    "addresses": [
      {
        "street_name": "+. de la v Vivreau",
        "street_numbers": [
          "+"
        ]
      },
      {
        "street_name": "boul. Montmartre",
        "street_numbers": [
          "3",
          "2 7",
          "+"
        ]
      },
      {
        "street_name": "place du Louvre",
        "street_numbers": [
          "16"
        ]
      },
      {
        "street_name": "CRÈPES.EP BLONDES ( FABR, ET MARCH. DE )",
        "street_numbers": []
      }
    ],
    "box": [
      113,
      224,
      807,
      85
    ],
    "checked": false,
    "id": 278,
    "ner_xml": "<PER>Roussel (V. )</PER>,<ACT>naturaliste</ACT>,<LOC>+. de la v Vivreau</LOC>ne<ACT>naturalis</ACT>boul. &amp;\n\noussel (Ve),<ACT>naturaliste</ACT>,<CARDINAL>+</CARDINAL>. 'our- 'erreaux,<ACT>naturaliste</ACT>,<LOC>boul. Montmartre</LOC>,\n\nuelle ,<CARDINAL>3</CARDINAL>.<CARDINAL>2 7</CARDINAL>+,<CARDINAL>+</CARDINAL>.<PER>Vial</PER>,<LOC>place du Louvre</LOC>,<CARDINAL>16</CARDINAL>. —\nDENTELLES ,<ACT>'TULES</ACT>,<LOC>CRÈPES.EP BLONDES ( FABR, ET MARCH. DE )</LOC>.\n",
    "origin": "computer",
    "parent": 260,
    "persons": [
      "Roussel (V. )",
      "Vial"
    ],
    "text_ocr": "Roussel (V. ), naturaliste, +. de la v Vivreau ne naturalis boul. &\n\noussel (Ve), naturaliste, +. 'our- 'erreaux, naturaliste, boul. Montmartre,\n\nuelle , 3. 2 7 +, + . Vial, place du Louvre, 16. —\nDENTELLES ,'TULES, CRÈPES.EP BLONDES ( FABR, ET MARCH. DE ).\n",
    "type": "ENTRY"
  },
  {
    "EOL": false,
    "box": [
      113,
      315,
      797,
      47
    ],
    "id": 283,
    "indented": true,
    "parent": 282,
    "text": "",
    "type": "LINE"
  },
  {
    "addresses": [],
    "box": [
      113,
      315,
      797,
      47
    ],
    "checked": false,
    "id": 282,
    "ner_xml": "«Les dentelles forment en France ung branche d'industrie trés-importante,<ACT>et sont rechee-\nchées, tant pour la perfection et la beauté du wavail</ACT>,<ACT>que pour la richesse et le goût des orne-\n</ACT>",
    "origin": "computer",
    "parent": 260,
    "persons": [],
    "text_ocr": "«Les dentelles forment en France ung branche d'industrie trés-importante, et sont rechee-\nchées, tant pour la perfection et la beauté du wavail, que pour la richesse et le goût des orne-\n",
    "type": "ENTRY"
  },
  {
    "EOL": false,
    "box": [
      113,
      363,
      798,
      19
    ],
    "id": 285,
    "indented": true,
    "parent": 284,
    "text": "",
    "type": "LINE"
  },
  {
    "EOL": false,
    "box": [
      106,
      382,
      812,
      20
    ],
    "id": 286,
    "indented": false,
    "parent": 284,
    "text": "",
    "type": "LINE"
  },
  {
    "EOL": false,
    "box": [
      113,
      401,
      807,
      38
    ],
    "id": 287,
    "indented": false,
    "parent": 284,
    "text": "",
    "type": "LINE"
  },
  {
    "EOL": false,
    "box": [
      110,
      421,
      541,
      25
    ],
    "id": 288,
    "indented": false,
    "parent": 284,
    "text": "",
    "type": "LINE"
  },
  {
    "addresses": [],
    "box": [
      106,
      363,
      814,
      83
    ],
    "checked": false,
    "id": 284,
    "ner_xml": "mens,<ACT>-— Le tule &amp; pris naissance parini nous Il a près dé 4o ans. Les Anglais, qui ne annee\ns’adonnéravec succès à la fab, de la dlentelle</ACT>,<ACT>s'étaient ce du tale : lee fabrieans Étançais”\nont cepris leur avantägs ; ils ont fxbriqué cc brodé le tule dé manière à repouser entièretueng\nun produit anglais déjà versé avec profusion. » Bullet, $. enc\" *</ACT>.\n",
    "origin": "computer",
    "parent": 260,
    "persons": [],
    "text_ocr": "mens, -— Le tule & pris naissance parini nous Il a près dé 4o ans. Les Anglais, qui ne annee\ns’adonnéravec succès à la fab, de la dlentelle, s'étaient ce du tale : lee fabrieans Étançais”\nont cepris leur avantägs ; ils ont fxbriqué cc brodé le tule dé manière à repouser entièretueng\nun produit anglais déjà versé avec profusion. » Bullet, $. enc\" * .\n",
    "type": "ENTRY"
  },
  {
    "EOL": false,
    "box": [
      113,
      451,
      343,
      24
    ],
    "id": 290,
    "indented": true,
    "parent": 289,
    "text": "",
    "type": "LINE"
  },
  {
    "addresses": [
      {
        "street_name": "place des Victoires",
        "street_numbers": [
          "5"
        ]
      }
    ],
    "box": [
      113,
      451,
      343,
      24
    ],
    "checked": false,
    "id": 289,
    "ner_xml": "<PER>Ada</PER>,<ACT>arch.</ACT><LOC>place des Victoires</LOC>,<CARDINAL>5</CARDINAL>.\n",
    "origin": "computer",
    "parent": 260,
    "persons": [
      "Ada"
    ],
    "text_ocr": "Ada, arch. place des Victoires , 5.\n",
    "type": "ENTRY"
  },
  {
    "EOL": false,
    "box": [
      113,
      453,
      798,
      46
    ],
    "id": 292,
    "indented": true,
    "parent": 291,
    "text": "",
    "type": "LINE"
  },
  {
    "EOL": false,
    "box": [
      134,
      494,
      777,
      62
    ],
    "id": 293,
    "indented": false,
    "parent": 291,
    "text": "",
    "type": "LINE"
  },
  {
    "addresses": [
      {
        "street_name": "place des Victoires",
        "street_numbers": [
          "5"
        ]
      },
      {
        "street_name": "Ste. Anne",
        "street_numbers": [
          "59"
        ]
      },
      {
        "street_name": "boulev. des Inva- poix",
        "street_numbers": [
          "8",
          "2"
        ]
      },
      {
        "street_name": "Croix-des Pois",
        "street_numbers": []
      }
    ],
    "box": [
      113,
      453,
      798,
      103
    ],
    "checked": false,
    "id": 291,
    "ner_xml": "<PER>Adam</PER>,<ACT>march.</ACT><LOC>place des Victoires</LOC>,<CARDINAL>5</CARDINAL>. GardLetertre{ Mile.<PER>J.),fab.,r</PER>.<LOC>Ste. Anne</LOC>,<CARDINAL>59</CARDINAL>.\n<PER>Argence (la marquise)</PER>,<ACT>fab dé : fils à den Gérard et E. Boïsarq, mardh.</ACT>, r. Quincant-\ntelies et de dentelles,<LOC>boulev. des Inva- poix</LOC>,<CARDINAL>8</CARDINAL>.<PER>T\nlides</PER>,<CARDINAL>2</CARDINAL>à ne<PER>Grenot ( Isidore } ct Constant Lofpure</PER>,\nBillor et<PER>V.e Viguerie</PER>,<ACT>fob, de blondes et march: et dommiss,</ACT>,<TITRE>+</TITRE>,<LOC>Croix-des Pois</LOC>”\n",
    "origin": "computer",
    "parent": 260,
    "persons": [
      "Adam",
      "J.),fab.,r",
      "Argence (la marquise)",
      "T\nlides",
      "Grenot ( Isidore } ct Constant Lofpure",
      "V.e Viguerie"
    ],
    "text_ocr": "Adam, march. place des Victoires , 5. GardLetertre{ Mile. J.),fab.,r. Ste. Anne, 59.\nArgence (la marquise), fab dé : fils à den Gérard et E. Boïsarq, mardh. , r. Quincant-\ntelies et de dentelles, boulev. des Inva- poix, 8. T\nlides, 2 à ne Grenot ( Isidore } ct Constant Lofpure ,\nBillor et V.e Viguerie, fob, de blondes et march: et dommiss,, +, Croix-des Pois”\n",
    "type": "ENTRY"
  },
  {
    "EOL": false,
    "box": [
      111,
      514,
      391,
      38
    ],
    "id": 295,
    "indented": true,
    "parent": 294,
    "text": "",
    "type": "LINE"
  },
  {
    "addresses": [
      {
        "street_name": "Ÿ 2 Fe\nBillot et Ve Visnerie",
        "street_numbers": []
      }
    ],
    "box": [
      111,
      514,
      391,
      38
    ],
    "checked": false,
    "id": 294,
    "ner_xml": "dides ,<LOC>Ÿ 2 Fe\nBillot et Ve Visnerie</LOC>,<ACT>fnb, de blondes et\n</ACT>",
    "origin": "computer",
    "parent": 260,
    "persons": [],
    "text_ocr": "dides , Ÿ 2 Fe\nBillot et Ve Visnerie, fnb, de blondes et\n",
    "type": "ENTRY"
  },
  {
    "EOL": false,
    "box": [
      134,
      552,
      300,
      19
    ],
    "id": 297,
    "indented": true,
    "parent": 296,
    "text": "",
    "type": "LINE"
  },
  {
    "addresses": [],
    "box": [
      134,
      552,
      300,
      19
    ],
    "checked": false,
    "id": 296,
    "ner_xml": "tules dé soie, r. Sté.-Apoilline, ra.\n",
    "origin": "computer",
    "parent": 260,
    "persons": [],
    "text_ocr": "tules dé soie, r. Sté.-Apoilline, ra.\n",
    "type": "ENTRY"
  },
  {
    "EOL": false,
    "box": [
      111,
      553,
      807,
      79
    ],
    "id": 299,
    "indented": true,
    "parent": 298,
    "text": "",
    "type": "LINE"
  },
  {
    "EOL": false,
    "box": [
      133,
      592,
      147,
      18
    ],
    "id": 300,
    "indented": false,
    "parent": 298,
    "text": "",
    "type": "LINE"
  },
  {
    "addresses": [
      {
        "street_name": "v. tb es 3 2 Ghamps",
        "street_numbers": [
          "42"
        ]
      },
      {
        "street_name": "sr. Neuve-S.-Roch",
        "street_numbers": [
          "45"
        ]
      }
    ],
    "box": [
      111,
      553,
      807,
      79
    ],
    "checked": false,
    "id": 298,
    "ner_xml": "tules dé 5018,<LOC>v. tb es 3 2 Ghamps</LOC>,<CARDINAL>42</CARDINAL>.<PER>U\nBimont; fab. noires et b »x. du</PER><PER>Faub- Halbedel</PER>,<ACT>fub. de dentelles de fit, blondes\n\nS.-Denis,16. | - , de soie, voiles, etc, à Caen, dépôt ruë\nBiziot</ACT>,<ACT>arch</ACT>,<LOC>sr. Neuve-S.-Roch</LOC>,<CARDINAL>45</CARDINAL>,<PER>Troinée</PER>,<ACT>rr ; en</ACT>face St.-Eustache,\n",
    "origin": "computer",
    "parent": 260,
    "persons": [
      "U\nBimont; fab. noires et b »x. du",
      "Faub- Halbedel",
      "Troinée"
    ],
    "text_ocr": "tules dé 5018, v. tb es 3 2 Ghamps, 42. U\nBimont; fab. noires et b »x. du Faub- Halbedel, fub. de dentelles de fit, blondes\n\nS.-Denis,16. | - , de soie, voiles, etc, à Caen, dépôt ruë\nBiziot, arch, sr. Neuve-S.-Roch , 45, Troinée , rr ; en face St.-Eustache,\n",
    "type": "ENTRY"
  },
  {
    "EOL": false,
    "box": [
      110,
      609,
      348,
      22
    ],
    "id": 302,
    "indented": true,
    "parent": 301,
    "text": "",
    "type": "LINE"
  },
  {
    "addresses": [],
    "box": [
      110,
      609,
      348,
      22
    ],
    "checked": false,
    "id": 301,
    "ner_xml": "<PER>Buziot</PER>,<ACT>zuarch. Tr</ACT>.<PER>Neuve-S.-Roch</PER>,<CARDINAL>45</CARDINAL>,\n",
    "origin": "computer",
    "parent": 260,
    "persons": [
      "Buziot",
      "Neuve-S.-Roch"
    ],
    "text_ocr": "Buziot,zuarch. Tr. Neuve-S.-Roch , 45,\n",
    "type": "ENTRY"
  },
  {
    "EOL": false,
    "box": [
      111,
      630,
      315,
      19
    ],
    "id": 304,
    "indented": true,
    "parent": 303,
    "text": "",
    "type": "LINE"
  },
  {
    "addresses": [],
    "box": [
      111,
      630,
      315,
      19
    ],
    "checked": false,
    "id": 303,
    "ner_xml": "<PER>Boïlleau</PER>,<ACT>aarch.</ACT>,<ACT>x. %.-Denis</ACT>,<CARDINAL>120</CARDINAL>.\n",
    "origin": "computer",
    "parent": 260,
    "persons": [
      "Boïlleau"
    ],
    "text_ocr": "Boïlleau , aarch. , x. %.-Denis, 120.\n",
    "type": "ENTRY"
  },
  {
    "EOL": false,
    "box": [
      111,
      633,
      800,
      55
    ],
    "id": 306,
    "indented": true,
    "parent": 305,
    "text": "",
    "type": "LINE"
  },
  {
    "addresses": [
      {
        "street_name": "r. S.-Deuis",
        "street_numbers": [
          "174"
        ]
      }
    ],
    "box": [
      111,
      633,
      800,
      55
    ],
    "checked": false,
    "id": 305,
    "ner_xml": "<PER>Hoisleau</PER>,<CARDINAL>#24rc</CARDINAL>/k. ; T. D.-Denis,<CARDINAL>120</CARDINAL>.<PER>Hamon</PER>,<ACT>march.</ACT>,<LOC>r. S.-Deuis</LOC>,<CARDINAL>174</CARDINAL>.<PER>©\nBonnaire (J. B.)-et co.</PER>,<ACT>fab. à Cren</ACT>,<ACT>dépôt Has t-Drcasse ! né je de la\npanaire (3</ACT>.<PER>Buyer co</PER>,<ACT>fab. à Caen</ACT>,<ACT>cssenot-Ducasié ; négroh.</ACT>,<ACT>parsage *\n</ACT>",
    "origin": "computer",
    "parent": 260,
    "persons": [
      "Hoisleau",
      "Hamon",
      "©\nBonnaire (J. B.)-et co.",
      "Buyer co"
    ],
    "text_ocr": "Hoisleau, #24rc/k. ; T. D.-Denis, 120. Hamon, march. ,r. S.-Deuis, 174. ©\nBonnaire (J. B.)-et co., fab. à Cren, dépôt Has t-Drcasse ! né je de la\npanaire (3. Buyer co, fab. à Caen, cssenot-Ducasié ; négroh. , parsage *\n",
    "type": "ENTRY"
  },
  {
    "EOL": false,
    "box": [
      111,
      675,
      808,
      75
    ],
    "id": 308,
    "indented": true,
    "parent": 307,
    "text": "",
    "type": "LINE"
  },
  {
    "EOL": false,
    "box": [
      119,
      709,
      380,
      24
    ],
    "id": 309,
    "indented": false,
    "parent": 307,
    "text": "",
    "type": "LINE"
  },
  {
    "addresses": [],
    "box": [
      111,
      675,
      808,
      75
    ],
    "checked": false,
    "id": 307,
    "ner_xml": "<PER>Bonnard péreet Éls et Neyple dé Lyon fab. Jean de Lamarce (C. Vi) fub. à Biseuts\nêreet fils et or % eux</PER>,\nAS<ACT>tule de sbie ft COLOR dE entrés eniless ipôt chez Jean de Dre. sr. de la\n s de k Grande-T'rmanderie</ACT>,<CARDINAL>84</CARDINAL>‘<PER>Héuifhde 6  ‘</PER>.\n",
    "origin": "computer",
    "parent": 260,
    "persons": [
      "Bonnard péreet Éls et Neyple dé Lyon fab. Jean de Lamarce (C. Vi) fub. à Biseuts\nêreet fils et or % eux",
      "Héuifhde 6  ‘"
    ],
    "text_ocr": "Bonnard péreet Éls et Neyple dé Lyon fab. Jean de Lamarce (C. Vi) fub. à Biseuts\nêreet fils et or % eux,\nAS tule de sbie ft COLOR dE entrés eniless ipôt chez Jean de Dre. sr. de la\n s de k Grande-T'rmanderie, 84‘ Héuifhde 6  ‘ .\n",
    "type": "ENTRY"
  },
  {
    "EOL": false,
    "box": [
      113,
      729,
      395,
      38
    ],
    "id": 311,
    "indented": true,
    "parent": 310,
    "text": "",
    "type": "LINE"
  },
  {
    "addresses": [
      {
        "street_name": "r. S:-Germ-lAuxerrois",
        "street_numbers": [
          "66"
        ]
      }
    ],
    "box": [
      113,
      729,
      395,
      38
    ],
    "checked": false,
    "id": 310,
    "ner_xml": "+,<ACT>de la Grande-Eruanderte</ACT>,<CARDINAL>2</CARDINAL>€ h\nBouviy,<ACT>md=ch.</ACT>,<LOC>r. S:-Germ-lAuxerrois</LOC><CARDINAL>66</CARDINAL>. °\n",
    "origin": "computer",
    "parent": 260,
    "persons": [],
    "text_ocr": "+, de la Grande-Eruanderte, 2€ h\nBouviy,md=ch. , r. S:-Germ-lAuxerrois 66. °\n",
    "type": "ENTRY"
  },
  {
    "EOL": false,
    "box": [
      113,
      745,
      807,
      101
    ],
    "id": 313,
    "indented": true,
    "parent": 312,
    "text": "",
    "type": "LINE"
  },
  {
    "addresses": [
      {
        "street_name": "r.S:-Germ-PAuxerrois",
        "street_numbers": [
          "66",
          "2 pre"
        ]
      },
      {
        "street_name": "2",
        "street_numbers": [
          "9"
        ]
      },
      {
        "street_name": "r-Goquilliére",
        "street_numbers": [
          "3",
          "32",
          "12",
          "4"
        ]
      },
      {
        "street_name": "rue aux\n",
        "street_numbers": []
      }
    ],
    "box": [
      113,
      745,
      807,
      101
    ],
    "checked": false,
    "id": 312,
    "ner_xml": "<PER>Bouviy; mich</PER>. ,<LOC>r.S:-Germ-PAuxerrois</LOC>,<CARDINAL>66</CARDINAL>.<CARDINAL>2 pre</CARDINAL>nus<LOC>2</LOC><CARDINAL>9</CARDINAL>.\n<PER>Billon (Ve) et a0.s</PER>mare. ce étages de soie Jos a +),<ACT>er Fr. 8-Dynie ge\nmire en gros</ACT>,<LOC>r-Goquilliére</LOC>,<CARDINAL>3</CARDINAL>g. * ourdan,<ACT>fab. iarmes (Seine-et-Oise) ;\nBuri male r. Meslay</ACT>,<CARDINAL>32</CARDINAL>. : dépôt.<PER>Ke du Faub.-S.-Denis</PER>,<CARDINAL>12</CARDINAL>.\nGhren march. , re.<PER>Bertin-Poirée</PER>,<CARDINAL>4</CARDINAL>.<PER>Kerpen</PER>,<PER>V.e Dujardin</PER>,<ACT>fab. tules</ACT>,<LOC>rue aux\n</LOC>",
    "origin": "computer",
    "parent": 260,
    "persons": [
      "Bouviy; mich",
      "Billon (Ve) et a0.s",
      "Ke du Faub.-S.-Denis",
      "Bertin-Poirée",
      "Kerpen",
      "V.e Dujardin"
    ],
    "text_ocr": "Bouviy; mich. ,r.S:-Germ-PAuxerrois, 66. 2 pre nus 2 9.\nBillon (Ve) et a0.s mare. ce étages de soie Jos a +), er Fr. 8-Dynie ge\nmire en gros, r-Goquilliére, 3g. * ourdan, fab. iarmes (Seine-et-Oise) ;\nBuri male r. Meslay, 32. : dépôt. Ke du Faub.-S.-Denis, 12.\nGhren march. , re. Bertin-Poirée, 4. Kerpen, V.e Dujardin, fab. tules, rue aux\n",
    "type": "ENTRY"
  },
  {
    "EOL": false,
    "box": [
      113,
      807,
      269,
      20
    ],
    "id": 315,
    "indented": true,
    "parent": 314,
    "text": "",
    "type": "LINE"
  },
  {
    "addresses": [
      {
        "street_name": "x. Meslay",
        "street_numbers": [
          "32"
        ]
      }
    ],
    "box": [
      113,
      807,
      269,
      20
    ],
    "checked": false,
    "id": 314,
    "ner_xml": "<PER>Burty</PER>,<ACT>march.</ACT>,<LOC>x. Meslay</LOC>,<CARDINAL>32</CARDINAL>.\n",
    "origin": "computer",
    "parent": 260,
    "persons": [
      "Burty"
    ],
    "text_ocr": "Burty, march. , x. Meslay, 32.\n",
    "type": "ENTRY"
  },
  {
    "EOL": false,
    "box": [
      114,
      815,
      340,
      32
    ],
    "id": 317,
    "indented": true,
    "parent": 316,
    "text": "",
    "type": "LINE"
  },
  {
    "addresses": [
      {
        "street_name": "r. Bertin-Poirée",
        "street_numbers": [
          "4"
        ]
      }
    ],
    "box": [
      114,
      815,
      340,
      32
    ],
    "checked": false,
    "id": 316,
    "ner_xml": "<PER>TS TR 5 pp\nChrétien</PER>,<ACT>merch.</ACT>,<LOC>r. Bertin-Poirée</LOC>,<CARDINAL>4</CARDINAL>.\n",
    "origin": "computer",
    "parent": 260,
    "persons": [
      "TS TR 5 pp\nChrétien"
    ],
    "text_ocr": "TS TR 5 pp\nChrétien ,merch. ,r. Bertin-Poirée, 4.\n",
    "type": "ENTRY"
  },
  {
    "EOL": false,
    "box": [
      112,
      837,
      802,
      58
    ],
    "id": 319,
    "indented": true,
    "parent": 318,
    "text": "",
    "type": "LINE"
  },
  {
    "addresses": [],
    "box": [
      112,
      837,
      802,
      58
    ],
    "checked": false,
    "id": 318,
    "ner_xml": "<PER>Ms 2 NS</PER><CARDINAL>2</CARDINAL>US AS<CARDINAL>Ours</CARDINAL>,<CARDINAL>26</CARDINAL>. ne<CARDINAL>4</CARDINAL>\n<PER>Glerambanlt (Gh.)</PER>,<ACT>fab. point d'Al M 5 Lafaise de Caën, + ren\n\n; ä . ‘ 2</ACT>.<PER>Montorguëil</PER>,<CARDINAL>5a</CARDINAL>.\n_<ACT>dépôtéhes M. Pise , *: An Bôn ali</ACT>,<CARDINAL>8</CARDINAL>.<PER>Lafaist</PER><ACT>fab de € march. en gros de den\n</ACT>",
    "origin": "computer",
    "parent": 260,
    "persons": [
      "Ms 2 NS",
      "Glerambanlt (Gh.)",
      "Montorguëil",
      "Lafaist"
    ],
    "text_ocr": "Ms 2 NS 2 US AS Ours, 26. ne 4\nGlerambanlt (Gh.), fab. point d'Al M 5 Lafaise de Caën, + ren\n\n; ä . ‘ 2 . Montorguëil, 5a.\n_ dépôtéhes M. Pise , *: An Bôn ali, 8. Lafaist fab de € march. en gros de den\n",
    "type": "ENTRY"
  },
  {
    "EOL": false,
    "box": [
      112,
      884,
      389,
      22
    ],
    "id": 321,
    "indented": true,
    "parent": 320,
    "text": "",
    "type": "LINE"
  },
  {
    "addresses": [],
    "box": [
      112,
      884,
      389,
      22
    ],
    "checked": false,
    "id": 320,
    "ner_xml": "<PER>Clerambault (J.)pèreét fils</PER>,<ACT>dépôt d'.Aiere-\n</ACT>",
    "origin": "computer",
    "parent": 260,
    "persons": [
      "Clerambault (J.)pèreét fils"
    ],
    "text_ocr": "Clerambault (J.)pèreét fils, dépôt d'.Aiere-\n",
    "type": "ENTRY"
  },
  {
    "EOL": false,
    "box": [
      117,
      896,
      798,
      118
    ],
    "id": 323,
    "indented": true,
    "parent": 322,
    "text": "",
    "type": "LINE"
  },
  {
    "addresses": [
      {
        "street_name": "v, du Roi  Leblong et Lange (",
        "street_numbers": [
          "1"
        ]
      }
    ],
    "box": [
      117,
      896,
      798,
      118
    ],
    "checked": false,
    "id": 322,
    "ner_xml": "RÉ ET ER RE PSS “4\ncon. des Petits-Pères,<CARDINAL>5</CARDINAL>.<PER>tebtes de ‘ltanare et point</PER>&amp; Alençon,\nCie<PER>Pagrand</PER>,<ACT>fab. detricots de Berlin et | Bussage des Patite-Pèces, D\ntubes, ce articles de féanelte</ACT>,<LOC>v, du Roi  Leblong et Lange (</LOC>©<ACT>obtenu</ACT>à<PER>Cuen</PER>on\nen M de CL\n,<CARDINAL>1</CARDINAL>; ñ re ut Caen; +.<ACT>des Fossés-\nDaigny Bessière Mad.) fab.;r</ACT>. Quinn Monte ut caen pète F mé\n",
    "origin": "computer",
    "parent": 260,
    "persons": [
      "tebtes de ‘ltanare et point",
      "Pagrand",
      "Cuen"
    ],
    "text_ocr": "RÉ ET ER RE PSS “4\ncon. des Petits-Pères, 5. tebtes de ‘ltanare et point & Alençon,\nCie Pagrand, fab. detricots de Berlin et | Bussage des Patite-Pèces, D\ntubes, ce articles de féanelte, v, du Roi  Leblong et Lange ( © obtenu à Cuen on\nen M de CL\n, 1 ; ñ re ut Caen; +. des Fossés-\nDaigny Bessière Mad.) fab.;r. Quinn Monte ut caen pète F mé\n",
    "type": "ENTRY"
  },
  {
    "EOL": false,
    "box": [
      115,
      942,
      387,
      68
    ],
    "id": 325,
    "indented": true,
    "parent": 324,
    "text": "",
    "type": "LINE"
  },
  {
    "addresses": [],
    "box": [
      115,
      942,
      387,
      68
    ],
    "checked": false,
    "id": 324,
    "ner_xml": ".tules,<ACT>ct articles de flanelle, v. da Ror-\nde-Sicile</ACT><CARDINAL>44</CARDINAL>. -<CARDINAL>°</CARDINAL>l\nDahigny Bessière (Mad)<ACT>féb.; r. Quincarn-\n</ACT>",
    "origin": "computer",
    "parent": 260,
    "persons": [],
    "text_ocr": ".tules, ct articles de flanelle, v. da Ror-\nde-Sicile 44. - ° l\nDahigny Bessière (Mad) féb.; r. Quincarn-\n",
    "type": "ENTRY"
  },
  {
    "EOL": false,
    "box": [
      117,
      1003,
      802,
      134
    ],
    "id": 327,
    "indented": true,
    "parent": 326,
    "text": "",
    "type": "LINE"
  },
  {
    "addresses": [
      {
        "street_name": "Feydeau",
        "street_numbers": [
          "20"
        ]
      },
      {
        "street_name": "Montmartre",
        "street_numbers": [
          "76"
        ]
      },
      {
        "street_name": "Quincampoix,1r",
        "street_numbers": []
      },
      {
        "street_name": "r. S.-Denis",
        "street_numbers": []
      },
      {
        "street_name": "Tratnée",
        "street_numbers": [
          "2"
        ]
      },
      {
        "street_name": "E",
        "street_numbers": [
          "1"
        ]
      },
      {
        "street_name": "Honfleur",
        "street_numbers": []
      }
    ],
    "box": [
      117,
      1003,
      802,
      134
    ],
    "checked": false,
    "id": 326,
    "ner_xml": "DIE à 1e L _<CARDINAL>7</CARDINAL><PER>tm sr me\nphcalle Seune</PER>,<ACT>magasin ên gros de tules</ACT>,<PER>Lébreton</PER>,<ACT>fab. à Balleroÿ,,( Calvados);\n </ACT><LOC>Feydeau</LOC>,<CARDINAL>20</CARDINAL>. * “ . dépôr,<ACT>r</ACT>,<LOC>Montmartre</LOC>;<CARDINAL>76</CARDINAL>. 2\n<TITRE>Délesalle cadet, marck:,r</TITRE>.<LOC>Quincampoix,1r</LOC>.<PER>Lebrun (Mad)</PER>,<ACT>march</ACT>,<LOC>r. S.-Denis</LOC>, Tag.\nDillaye,<ACT>fab. à Caen</ACT>,<ACT>dépôtr</ACT>..<LOC>Tratnée</LOC>,<CARDINAL>2</CARDINAL>,  Lecœur(E.-B.},r.<ACT>Mandar</ACT>,<LOC>E</LOC>au<CARDINAL>1</CARDINAL>%, près\nD'Ocague,<ACT>march. r. Neuve-des-Bons</ACT>,<ACT>elle Montmartse</ACT>,<ACT>dépôt des fabriques de\nEufins 925 Caen</ACT>, Bayeux et<LOC>Honfleur</LOC>. _; .\n",
    "origin": "computer",
    "parent": 260,
    "persons": [
      "tm sr me\nphcalle Seune",
      "Lébreton",
      "Lebrun (Mad)"
    ],
    "text_ocr": "DIE à 1e L _ 7 tm sr me\nphcalle Seune , magasin ên gros de tules, Lébreton, fab. à Balleroÿ,,( Calvados);\n Feydeau, 20. * “ . dépôr, r, Montmartre ; 76. 2\nDélesalle cadet, marck:,r. Quincampoix,1r. Lebrun (Mad), march, r. S.-Denis, Tag.\nDillaye, fab. à Caen, dépôtr..Tratnée, 2,  Lecœur(E.-B.},r. Mandar , E au 1%, près\nD'Ocague, march. r. Neuve-des-Bons, elle Montmartse, dépôt des fabriques de\nEufins 925 Caen, Bayeux et Honfleur. _; .\n",
    "type": "ENTRY"
  },
  {
    "EOL": false,
    "box": [
      118,
      1045,
      385,
      37
    ],
    "id": 329,
    "indented": true,
    "parent": 328,
    "text": "",
    "type": "LINE"
  },
  {
    "addresses": [
      {
        "street_name": "Feydcau",
        "street_numbers": [
          "20"
        ]
      },
      {
        "street_name": "Quincampoix",
        "street_numbers": [
          "11"
        ]
      }
    ],
    "box": [
      118,
      1045,
      385,
      37
    ],
    "checked": false,
    "id": 328,
    "ner_xml": "x<LOC>Feydcau</LOC>,<CARDINAL>20</CARDINAL>. “ “\n<TITRE>Délesalle cadet</TITRE>,<ACT>marck.,r</ACT>.<LOC>Quincampoix</LOC>,<CARDINAL>11</CARDINAL>.\n",
    "origin": "computer",
    "parent": 260,
    "persons": [],
    "text_ocr": "x Feydcau, 20. “ “\nDélesalle cadet, marck.,r. Quincampoix, 11.\n",
    "type": "ENTRY"
  },
  {
    "EOL": false,
    "box": [
      118,
      1082,
      383,
      21
    ],
    "id": 331,
    "indented": true,
    "parent": 330,
    "text": "",
    "type": "LINE"
  },
  {
    "addresses": [
      {
        "street_name": "rL\n",
        "street_numbers": []
      }
    ],
    "box": [
      118,
      1082,
      383,
      21
    ],
    "checked": false,
    "id": 330,
    "ner_xml": "<PER>Dillaye</PER>,<ACT>fab. a Caen, dépôtr.,lL'rainée</ACT>,<LOC>rL\n</LOC>",
    "origin": "computer",
    "parent": 260,
    "persons": [
      "Dillaye"
    ],
    "text_ocr": "Dillaye, fab. a Caen, dépôtr.,lL'rainée, rL\n",
    "type": "ENTRY"
  },
  {
    "EOL": false,
    "box": [
      119,
      1103,
      392,
      19
    ],
    "id": 333,
    "indented": true,
    "parent": 332,
    "text": "",
    "type": "LINE"
  },
  {
    "addresses": [],
    "box": [
      119,
      1103,
      392,
      19
    ],
    "checked": false,
    "id": 332,
    "ner_xml": "<PER>LJ'Ocagne</PER>,<ACT>march,</ACT>,<CARDINAL>1</CARDINAL>.<PER>INenve-des-Dons-\n</PER>",
    "origin": "computer",
    "parent": 260,
    "persons": [
      "LJ'Ocagne",
      "INenve-des-Dons-\n"
    ],
    "text_ocr": "LJ'Ocagne , march, , 1. INenve-des-Dons-\n",
    "type": "ENTRY"
  },
  {
    "EOL": false,
    "box": [
      119,
      1123,
      796,
      58
    ],
    "id": 335,
    "indented": true,
    "parent": 334,
    "text": "",
    "type": "LINE"
  },
  {
    "addresses": [
      {
        "street_name": "Ænianÿ",
        "street_numbers": [
          "29"
        ]
      },
      {
        "street_name": "r. S,-Picrre-",
        "street_numbers": [
          "16"
        ]
      },
      {
        "street_name": "Moñtmartre",
        "street_numbers": [
          "10",
          "CS 2"
        ]
      },
      {
        "street_name": "Sim.-le-Franc",
        "street_numbers": []
      }
    ],
    "box": [
      119,
      1123,
      796,
      58
    ],
    "checked": false,
    "id": 334,
    "ner_xml": ",<LOC>Ænianÿ</LOC>,<CARDINAL>29</CARDINAL>.<PER>Lui CN or an</PER>STE SR ee CR ARC Ho\n<PER>Doboïs (Chrétien)</PER>,<ACT>marohe</ACT>,<LOC>r. S,-Picrre-</LOC>,<PER>Leconte fils; march, x</PER>Sallo-anCornte,<CARDINAL>16</CARDINAL>,\n<LOC>Moñtmartre</LOC>,<CARDINAL>10</CARDINAL>.<CARDINAL>CS 2</CARDINAL>Lecréne(Mad.},<ACT>march. t</ACT>,<LOC>Sim.-le-Franc</LOC>,<ACT>t##\n</ACT>",
    "origin": "computer",
    "parent": 260,
    "persons": [
      "Lui CN or an",
      "Doboïs (Chrétien)",
      "Leconte fils; march, x"
    ],
    "text_ocr": ",Ænianÿ, 29. Lui CN or an STE SR ee CR ARC Ho\nDoboïs (Chrétien), marohe, r. S,-Picrre-, Leconte fils; march, x Sallo-anCornte, 16,\nMoñtmartre, 10. CS 2 Lecréne(Mad.}, march. t, Sim.-le-Franc, t##\n",
    "type": "ENTRY"
  },
  {
    "EOL": false,
    "box": [
      119,
      1162,
      795,
      98
    ],
    "id": 337,
    "indented": true,
    "parent": 336,
    "text": "",
    "type": "LINE"
  },
  {
    "addresses": [
      {
        "street_name": "Lelon",
        "street_numbers": [
          "20"
        ]
      },
      {
        "street_name": "r. du =",
        "street_numbers": []
      },
      {
        "street_name": "S,-Gilles",
        "street_numbers": [
          "12",
          "8"
        ]
      }
    ],
    "box": [
      119,
      1162,
      795,
      98
    ],
    "checked": false,
    "id": 336,
    "ner_xml": "<ACT>ufoseq</ACT>,<LOC>Lelon</LOC><CARDINAL>20</CARDINAL>. .<PER>mi &amp;: Lecuyer</PER>,<ACT>rumehes ed GioitresS.-Jacquus-\nD: loup et co</ACT>, v Tr .<PER>cuyer</PER>,<ACT>rarch</ACT>,<LOC>r. du =</LOC>5.-Jacques-\n<PER>Dassipore (Mad }</PER>,<ACT>mardh de énipois de Pure l'Hôplal,2. de»\n\nlin,»</ACT><LOC>S,-Gilles</LOC>,<CARDINAL>12</CARDINAL>\" ‘ \" «<PER>Î Lean</PER><ACT>fab. de tules et tricots de Berlin, v.\nFazy (T. H. Michel): dépôt de tules; deñ-. da Moncesu-S.-Gervais</ACT>,<CARDINAL>8</CARDINAL>. - :\n",
    "origin": "computer",
    "parent": 260,
    "persons": [
      "mi &: Lecuyer",
      "cuyer",
      "Dassipore (Mad }",
      "Î Lean"
    ],
    "text_ocr": "ufoseq, Lelon 20. . mi &: Lecuyer, rumehes ed GioitresS.-Jacquus-\nD: loup et co, v Tr . cuyer, rarch, r. du =5.-Jacques-\nDassipore (Mad }, mardh de énipois de Pure l'Hôplal,2. de»\n\nlin,» S,-Gilles, 12\" ‘ \" «Î Lean fab. de tules et tricots de Berlin, v.\nFazy (T. H. Michel): dépôt de tules; deñ-. da Moncesu-S.-Gervais, 8. - :\n",
    "type": "ENTRY"
  },
  {
    "EOL": false,
    "box": [
      120,
      1201,
      392,
      25
    ],
    "id": 339,
    "indented": true,
    "parent": 338,
    "text": "",
    "type": "LINE"
  },
  {
    "addresses": [],
    "box": [
      120,
      1201,
      392,
      25
    ],
    "checked": false,
    "id": 338,
    "ner_xml": "<PER>Dusrripont (Mad.}</PER>,<ACT>mar. de iricots de Ler-\n</ACT>",
    "origin": "computer",
    "parent": 260,
    "persons": [
      "Dusrripont (Mad.}"
    ],
    "text_ocr": "Dusrripont (Mad.}, mar. de iricots de Ler-\n",
    "type": "ENTRY"
  },
  {
    "EOL": false,
    "box": [
      112,
      1221,
      802,
      108
    ],
    "id": 341,
    "indented": true,
    "parent": 340,
    "text": "",
    "type": "LINE"
  },
  {
    "addresses": [
      {
        "street_name": "Grammont",
        "street_numbers": [
          "3",
          "149"
        ]
      },
      {
        "street_name": "S.-Honoré",
        "street_numbers": [
          "348"
        ]
      },
      {
        "street_name": "r. Quincampoix",
        "street_numbers": [
          "37"
        ]
      }
    ],
    "box": [
      112,
      1221,
      802,
      108
    ],
    "checked": false,
    "id": 340,
    "ner_xml": "._ dén,<CARDINAL>1</CARDINAL>: 9.-Gilles,<CARDINAL>12</CARDINAL>.<PER>Cu ot “EM Jaë. de tuies el tricots</PER>de Hierétis Ta\nFezy (T. H. Michel):<ACT>dépôt de tules; dem. da Monceau-S.-Gervais</ACT>,<CARDINAL>8</CARDINAL>. -\n.<PER>Lles</PER><ACT>fil et coton détoutes largeurs; de Lesueur</ACT>,<ACT>fab, et march.</ACT>,<ACT>r</ACT>,<LOC>Grammont</LOC>,<CARDINAL>3</CARDINAL>.\n“La fa. de<PER>Thomassin Corbitt et ca,</PER>,<TITRE>de:</TITRE>Letermelier(Alex.),<ACT>march: r. S.Denis</ACT>,<CARDINAL>149</CARDINAL>.\nDouay,<ACT>r</ACT>,<LOC>S.-Honoré</LOC>,<CARDINAL>348</CARDINAL>.‘ _ ‘ ‘ Lorrain,<ACT>march</ACT>,<LOC>r. Quincampoix</LOC>,<CARDINAL>37</CARDINAL>% .\n",
    "origin": "computer",
    "parent": 260,
    "persons": [
      "Cu ot “EM Jaë. de tuies el tricots",
      "Lles",
      "Thomassin Corbitt et ca,"
    ],
    "text_ocr": "._ dén, 1: 9.-Gilles, 12. Cu ot “EM Jaë. de tuies el tricots de Hierétis Ta\nFezy (T. H. Michel): dépôt de tules; dem. da Monceau-S.-Gervais, 8. -\n. Lles fil et coton détoutes largeurs; de Lesueur , fab, et march. , r, Grammont, 3.\n“La fa. de Thomassin Corbitt et ca,, de: Letermelier(Alex.), march: r. S.Denis, 149.\nDouay, r, S.-Honoré, 348.‘ _ ‘ ‘ Lorrain, march, r. Quincampoix, 37% .\n",
    "type": "ENTRY"
  },
  {
    "box": [
      106,
      20,
      814,
      1309
    ],
    "id": 260,
    "parent": 259,
    "type": "COLUMN_LEVEL_2"
  },
  {
    "box": [
      106,
      20,
      814,
      1309
    ],
    "id": 259,
    "parent": 258,
    "type": "SECTION_LEVEL_2"
  },
  {
    "box": [
      106,
      20,
      814,
      1309
    ],
    "id": 258,
    "parent": 257,
    "type": "COLUMN_LEVEL_1"
  },
  {
    "box": [
      106,
      20,
      814,
      1309
    ],
    "id": 257,
    "parent": 256,
    "type": "SECTION_LEVEL_1"
  },
  {
    "box": [
      106,
      0,
      814,
      1329
    ],
    "id": 256,
    "type": "PAGE"
  }
]
