[
  {
    "EOL": false,
    "box": [
      138,
      36,
      142,
      39
    ],
    "id": 262,
    "indented": false,
    "parent": 261,
    "text": "",
    "type": "LINE"
  },
  {
    "addresses": [],
    "box": [
      138,
      36,
      142,
      39
    ],
    "checked": false,
    "id": 261,
    "ner_xml": "<CARDINAL>588</CARDINAL>: -\n",
    "origin": "computer",
    "parent": 260,
    "persons": [],
    "text_ocr": "588: -\n",
    "type": "ENTRY"
  },
  {
    "EOL": false,
    "box": [
      140,
      36,
      714,
      90
    ],
    "id": 264,
    "indented": true,
    "parent": 263,
    "text": "",
    "type": "LINE"
  },
  {
    "addresses": [],
    "box": [
      140,
      36,
      714,
      90
    ],
    "checked": false,
    "id": 263,
    "ner_xml": "5B&amp; -:  * Pointres-Panrs<CARDINAL>7</CARDINAL>.\n<TITRE>De: É ecin expert près de fribunal</TITRE> Malvôu placé S. Michel,\na ee gpen Prés de GrBunal<PER>Malta Fleet</PER>,<ACT>à\n</ACT>",
    "origin": "computer",
    "parent": 260,
    "persons": [
      "Malta Fleet"
    ],
    "text_ocr": "5B& -:  * Pointres-Panrs 7.\nDe: É ecin expert près de fribunal  Malvôu placé S. Michel,\na ee gpen Prés de GrBunal Malta Fleet, à\n",
    "type": "ENTRY"
  },
  {
    "EOL": false,
    "box": [
      143,
      39,
      782,
      223
    ],
    "id": 266,
    "indented": true,
    "parent": 265,
    "text": "",
    "type": "LINE"
  },
  {
    "EOL": false,
    "box": [
      160,
      143,
      100,
      16
    ],
    "id": 267,
    "indented": false,
    "parent": 265,
    "text": "",
    "type": "LINE"
  },
  {
    "addresses": [
      {
        "street_name": "Poncenn",
        "street_numbers": [
          "23",
          "30",
          "°",
          "2"
        ]
      },
      {
        "street_name": "r. de Arcade",
        "street_numbers": [
          "20",
          "+"
        ]
      },
      {
        "street_name": "Férou",
        "street_numbers": [
          ":",
          "9"
        ]
      },
      {
        "street_name": "place de la Bastille Préau jeune",
        "street_numbers": []
      },
      {
        "street_name": "r. Nouve-S.-Angnstin",
        "street_numbers": []
      }
    ],
    "box": [
      143,
      39,
      782,
      223
    ],
    "checked": false,
    "id": 265,
    "ner_xml": "<CARDINAL>588  </CARDINAL>-*  *<PER>Péintres-Panrs. UT</PER>,\nDesplas,<ACT>mË ecin expert près de éribunal  Malvèèu</ACT>placé<ACT>S.- Michel,</ACT>*\nnan eee “ Bévcheh<CARDINAL>39</CARDINAL>. ‘ ,‘ More, F du<LOC>Poncenn</LOC>,<CARDINAL>23</CARDINAL>. .\nGirard,<ACT>r. da Faub.-$.-Honoré</ACT>,<CARDINAL>30</CARDINAL>, sour  Pagnier,<ACT>r, de Bourgogne, g« °\ndes Coches</ACT>,<CARDINAL>°</CARDINAL>: Perrier<ACT>r'6e d'Anjou$.-Honoré</ACT>,<CARDINAL>2</CARDINAL>.\nEervé<ACT>jenne</ACT>,<LOC>r. de Arcade</LOC>,<CARDINAL>20</CARDINAL>. ’hifippine ,<CARDINAL>+</CARDINAL>.<LOC>Férou</LOC><CARDINAL>:</CARDINAL>,<CARDINAL>9</CARDINAL>.\n<LOC>place de la Bastille Préau jeune</LOC>,<LOC>r. Nouve-S.-Angnstin</LOC>,\nne<ACT>” . de ann</ACT>.<PER>Sorin Pr do la Chaussée-d'Antn 3 1\n</PER>‘__ ‘ ECOLE ROYALE DES<PER>REAUX ARTS</PER>,\n",
    "origin": "computer",
    "parent": 260,
    "persons": [
      "Péintres-Panrs. UT",
      "Sorin Pr do la Chaussée-d'Antn 3 1\n",
      "REAUX ARTS"
    ],
    "text_ocr": "588  -*  * Péintres-Panrs. UT,\nDesplas, mË ecin expert près de éribunal  Malvèèu placé S.- Michel, *\nnan eee “ Bévcheh 39. ‘ ,‘ More, F du Poncenn, 23. .\nGirard, r. da Faub.-$.-Honoré, 30, sour  Pagnier, r, de Bourgogne, g« °\ndes Coches, ° : Perrier r'6e d'Anjou$.-Honoré, 2.\nEervé jenne, r. de Arcade, 20. ’hifippine , +. Férou:, 9.\nplace de la Bastille Préau jeune, r. Nouve-S.-Angnstin,\nne” . de ann . Sorin Pr do la Chaussée-d'Antn 3 1\n‘__ ‘ ECOLE ROYALE DES REAUX ARTS,\n",
    "type": "ENTRY"
  },
  {
    "EOL": false,
    "box": [
      141,
      166,
      301,
      20
    ],
    "id": 269,
    "indented": true,
    "parent": 268,
    "text": "",
    "type": "LINE"
  },
  {
    "addresses": [],
    "box": [
      141,
      166,
      301,
      20
    ],
    "checked": false,
    "id": 268,
    "ner_xml": "<PER>Elerwvé Jenne</PER>,<ACT>r. de lArcade</ACT>,<CARDINAL>20</CARDINAL>.\n",
    "origin": "computer",
    "parent": 260,
    "persons": [
      "Elerwvé Jenne"
    ],
    "text_ocr": "Elerwvé Jenne, r. de lArcade, 20.\n",
    "type": "ENTRY"
  },
  {
    "EOL": false,
    "box": [
      137,
      187,
      250,
      20
    ],
    "id": 271,
    "indented": true,
    "parent": 270,
    "text": "",
    "type": "LINE"
  },
  {
    "addresses": [
      {
        "street_name": "place de la Bastille",
        "street_numbers": []
      }
    ],
    "box": [
      137,
      187,
      250,
      20
    ],
    "checked": false,
    "id": 270,
    "ner_xml": "sauzt,<LOC>place de la Bastille</LOC>,\n",
    "origin": "computer",
    "parent": 260,
    "persons": [],
    "text_ocr": "sauzt, place de la Bastille,\n",
    "type": "ENTRY"
  },
  {
    "EOL": false,
    "box": [
      139,
      208,
      207,
      52
    ],
    "id": 273,
    "indented": true,
    "parent": 272,
    "text": "",
    "type": "LINE"
  },
  {
    "addresses": [],
    "box": [
      139,
      208,
      207,
      52
    ],
    "checked": false,
    "id": 272,
    "ner_xml": "<PER>Legs</PER>,<ACT>fl GC HEonovre</ACT>,\n”<CARDINAL>1</CARDINAL>\n",
    "origin": "computer",
    "parent": 260,
    "persons": [
      "Legs"
    ],
    "text_ocr": "Legs, fl GC HEonovre,\n” 1\n",
    "type": "ENTRY"
  },
  {
    "EOL": false,
    "box": [
      149,
      262,
      790,
      75
    ],
    "id": 275,
    "indented": true,
    "parent": 274,
    "text": "",
    "type": "LINE"
  },
  {
    "EOL": false,
    "box": [
      141,
      325,
      383,
      22
    ],
    "id": 276,
    "indented": false,
    "parent": 274,
    "text": "",
    "type": "LINE"
  },
  {
    "addresses": [
      {
        "street_name": "quai Conti",
        "street_numbers": []
      },
      {
        "street_name": "MM",
        "street_numbers": []
      }
    ],
    "box": [
      141,
      262,
      798,
      85
    ],
    "checked": false,
    "id": 274,
    "ner_xml": ",<LOC>quai Conti</LOC>, aux Quatre-Vations. . Le\nSecrionopréierune sr ne<ACT>scuurrure</ACT>,<ACT>Secrétaire perpétuel</ACT>M. Moriméo. — 4d-\nProfésseurs recteurs.<LOC>MM</LOC>,<PER>Lagremée</PER>,<TITRE>P.</TITRE>,  <ACT>Joëré Me London\n</ACT>",
    "origin": "computer",
    "parent": 260,
    "persons": [
      "Lagremée"
    ],
    "text_ocr": ", quai Conti, aux Quatre-Vations. . Le\nSecrionopréierune sr ne scuurrure, Secrétaire perpétuel M. Moriméo. — 4d-\nProfésseurs recteurs. MM, Lagremée, P.,  Joëré Me London\n",
    "type": "ENTRY"
  },
  {
    "EOL": false,
    "box": [
      140,
      337,
      803,
      127
    ],
    "id": 278,
    "indented": true,
    "parent": 277,
    "text": "",
    "type": "LINE"
  },
  {
    "EOL": false,
    "box": [
      146,
      446,
      247,
      25
    ],
    "id": 279,
    "indented": false,
    "parent": 277,
    "text": "",
    "type": "LINE"
  },
  {
    "addresses": [
      {
        "street_name": "Gois",
        "street_numbers": []
      },
      {
        "street_name": "Hondont",
        "street_numbers": [
          "4"
        ]
      },
      {
        "street_name": "Gode",
        "street_numbers": [
          "P."
        ]
      },
      {
        "street_name": "Gnenn%é",
        "street_numbers": []
      },
      {
        "street_name": "P.he-  ‘Luvi",
        "street_numbers": []
      },
      {
        "street_name": "Bosioat",
        "street_numbers": []
      },
      {
        "street_name": "Lartéliér Se",
        "street_numbers": []
      },
      {
        "street_name": "Na pempectise | - U\nJencicnnes-X",
        "street_numbers": []
      }
    ],
    "box": [
      140,
      337,
      803,
      134
    ],
    "checked": false,
    "id": 277,
    "ner_xml": "*<LOC>Gois</LOC>, $.,<LOC>Hondont</LOC><CARDINAL>4</CARDINAL>. ,<PER>Stonl,&amp;.</PER>*  <PER>Sroriondanenirecrong\nProfesseurs</PER>.<PER>MU. Géraud, À</PER>,<LOC>Gode</LOC>,<PER>Professeurs</PER>, MM.<PER>Dolars</PER>,<ACT>aehiféctnre</ACT>,\n<CARDINAL>P.</CARDINAL>,<PER>Gros</PER>,<TITRE>P.</TITRE>,<LOC>Gnenn%é</LOC>,<LOC>P.he-  ‘Luvi</LOC>,<ACT>mathématiques</ACT>,<ACT>Konsdolt Se</ACT>,<ACT>sté-\nge te, /.</ACT>,<LOC>Bosioat</LOC>,<TITRE>S.</TITRE>,<LOC>Lartéliér Se</LOC>,<ACT>rédtotnie er construction</ACT>; Valenciennes,\nRe Be SUR araonie,<LOC>Na pempectise | - U\nJencicnnes-X</LOC>,<ACT>perspective. . Secrétaire arechiviste</ACT>,<TITRE>M. Vañdoye:\n</TITRE>",
    "origin": "computer",
    "parent": 260,
    "persons": [
      "Stonl,&.",
      "Sroriondanenirecrong\nProfesseurs",
      "MU. Géraud, À",
      "Professeurs",
      "Dolars",
      "Gros"
    ],
    "text_ocr": "* Gois, $., Hondont 4. , Stonl,&. *  Sroriondanenirecrong\nProfesseurs. MU. Géraud, À, Gode, Professeurs, MM. Dolars , aehiféctnre,\nP., Gros, P., Gnenn%é, P.he-  ‘Luvi, mathématiques, Konsdolt Se, sté-\nge te, /., Bosioat, S., Lartéliér Se, rédtotnie er construction; Valenciennes,\nRe Be SUR araonie, Na pempectise | - U\nJencicnnes-X, perspective. . Secrétaire arechiviste, M. Vañdoye:\n",
    "type": "ENTRY"
  },
  {
    "EOL": false,
    "box": [
      141,
      469,
      799,
      98
    ],
    "id": 281,
    "indented": true,
    "parent": 280,
    "text": "",
    "type": "LINE"
  },
  {
    "addresses": [],
    "box": [
      141,
      469,
      799,
      98
    ],
    "checked": false,
    "id": 280,
    "ner_xml": "<PER>oo Ecole oÿale gratuite de dessin , , de VEcole-de-Médecine</PER>.\n\nCette école; fondée par M. Büchdlie? ,<ACT>est consacrée à des onis publics dé géométrie pra-\ndique, danétiqué er tes d'architectes de conpe de pierres at.de detsia pour Les anvricrs\nQu les atfians quise deuinent aux professions thfeinigues</ACT>,<ACT>pe\n</ACT>",
    "origin": "computer",
    "parent": 260,
    "persons": [
      "oo Ecole oÿale gratuite de dessin , , de VEcole-de-Médecine"
    ],
    "text_ocr": "oo Ecole oÿale gratuite de dessin , , de VEcole-de-Médecine.\n\nCette école; fondée par M. Büchdlie? , est consacrée à des onis publics dé géométrie pra-\ndique, danétiqué er tes d'architectes de conpe de pierres at.de detsia pour Les anvricrs\nQu les atfians quise deuinent aux professions thfeinigues, pe\n",
    "type": "ENTRY"
  },
  {
    "EOL": false,
    "box": [
      142,
      545,
      589,
      39
    ],
    "id": 283,
    "indented": true,
    "parent": 282,
    "text": "",
    "type": "LINE"
  },
  {
    "addresses": [],
    "box": [
      142,
      545,
      589,
      39
    ],
    "checked": false,
    "id": 282,
    "ner_xml": "ét les affisans quise destinënt<ACT>aux professions mpeñmaunes</ACT>,\nDirecteur. ne<ACT>général. M. ae M. Bachéhier.\n</ACT>",
    "origin": "computer",
    "parent": 260,
    "persons": [],
    "text_ocr": "ét les affisans quise destinënt aux professions mpeñmaunes,\nDirecteur. ne général. M. ae M. Bachéhier.\n",
    "type": "ENTRY"
  },
  {
    "EOL": false,
    "box": [
      160,
      581,
      783,
      33
    ],
    "id": 285,
    "indented": true,
    "parent": 284,
    "text": "",
    "type": "LINE"
  },
  {
    "EOL": false,
    "box": [
      144,
      605,
      454,
      56
    ],
    "id": 286,
    "indented": false,
    "parent": 284,
    "text": "",
    "type": "LINE"
  },
  {
    "addresses": [
      {
        "street_name": "x. de Tonvraine-S.\n7 Gerrain,7",
        "street_numbers": []
      }
    ],
    "box": [
      144,
      581,
      799,
      80
    ],
    "checked": false,
    "id": 284,
    "ner_xml": "École royale<ACT>spéciale et grétdité dé dassin pour les jeanes personnes</ACT>,<LOC>x. de Tonvraine-S.\n7 Gerrain,7</LOC>,<ACT>- : - ” -</ACT>°\nMid.<PER>Frère ( &amp; Montizon, née Turben, dirécirice</PER>.\n\" : M<PER>CRC D RC\n</PER>",
    "origin": "computer",
    "parent": 260,
    "persons": [
      "Frère ( & Montizon, née Turben, dirécirice",
      "CRC D RC\n"
    ],
    "text_ocr": "École royale spéciale et grétdité dé dassin pour les jeanes personnes , x. de Tonvraine-S.\n7 Gerrain,7, - : - ” - °\nMid. Frère ( & Montizon, née Turben, dirécirice.\n\" : M CRC D RC\n",
    "type": "ENTRY"
  },
  {
    "EOL": false,
    "box": [
      141,
      647,
      582,
      62
    ],
    "id": 288,
    "indented": true,
    "parent": 287,
    "text": "",
    "type": "LINE"
  },
  {
    "addresses": [],
    "box": [
      141,
      647,
      582,
      62
    ],
    "checked": false,
    "id": 287,
    "ner_xml": "\".<PER>PEINTRES</PER>,\nExplication<ACT>des abréviations contenües dans lé liste des peintres</ACT>.\n",
    "origin": "computer",
    "parent": 260,
    "persons": [
      "PEINTRES"
    ],
    "text_ocr": "\". PEINTRES,\nExplication des abréviations contenües dans lé liste des peintres.\n",
    "type": "ENTRY"
  },
  {
    "EOL": false,
    "box": [
      141,
      695,
      801,
      141
    ],
    "id": 290,
    "indented": true,
    "parent": 289,
    "text": "",
    "type": "LINE"
  },
  {
    "addresses": [
      {
        "street_name": "passage: . nu .\n\nL. vent dire histoire. ‘po. veut dire-partrite os\n",
        "street_numbers": []
      }
    ],
    "box": [
      141,
      695,
      801,
      141
    ],
    "checked": false,
    "id": 289,
    "ner_xml": "<PER>RE OR L U\n</PER>a.<ACT>vent diré apngrelle</ACT>,<CARDINAL>AT: nat, veut direhistotrena- r, éurdice ruine</CARDINAL>,\ndie. vibl,<ACT>dire animaur. s turefle</ACT>, * AV.<PER>Bi Céute Histé</PER>à diécom-\n<TITRE>É. veut dire émail, ‘ma</TITRE>,<ACT>wgnt dire marine, plétée sur lélivrét-des artistes\nf. veut dire fours. on, véut dire méninturé. vivans dé Petposil</ACT>. da 189\n#<ACT>vent Ge genres Pie teur</ACT>dire<LOC>passage: . nu .\n\nL. vent dire histoire. ‘po. veut dire-partrite os\n</LOC>",
    "origin": "computer",
    "parent": 260,
    "persons": [
      "RE OR L U\n",
      "Bi Céute Histé"
    ],
    "text_ocr": "RE OR L U\na. vent diré apngrelle, AT: nat, veut direhistotrena- r, éurdice ruine,\ndie. vibl, dire animaur. s turefle, * AV. Bi Céute Histé à diécom-\nÉ. veut dire émail, ‘ma, wgnt dire marine, plétée sur lélivrét-des artistes\nf. veut dire fours. on, véut dire méninturé. vivans dé Petposil. da 189\n# vent Ge genres Pie teur dire passage: . nu .\n\nL. vent dire histoire. ‘po. veut dire-partrite os\n",
    "type": "ENTRY"
  },
  {
    "EOL": false,
    "box": [
      142,
      737,
      240,
      19
    ],
    "id": 292,
    "indented": true,
    "parent": 291,
    "text": "",
    "type": "LINE"
  },
  {
    "addresses": [
      {
        "street_name": "VÉUL Cite GA ROUX",
        "street_numbers": []
      }
    ],
    "box": [
      142,
      737,
      240,
      19
    ],
    "checked": false,
    "id": 291,
    "ner_xml": "tit,<LOC>VÉUL Cite GA ROUX</LOC>.\n",
    "origin": "computer",
    "parent": 260,
    "persons": [],
    "text_ocr": "tit, VÉUL Cite GA ROUX.\n",
    "type": "ENTRY"
  },
  {
    "EOL": false,
    "box": [
      141,
      757,
      170,
      18
    ],
    "id": 294,
    "indented": true,
    "parent": 293,
    "text": "",
    "type": "LINE"
  },
  {
    "addresses": [],
    "box": [
      141,
      757,
      170,
      18
    ],
    "checked": false,
    "id": 293,
    "ner_xml": "£. veut<ACT>difé érrtitéé.\n</ACT>",
    "origin": "computer",
    "parent": 260,
    "persons": [],
    "text_ocr": "£. veut difé érrtitéé.\n",
    "type": "ENTRY"
  },
  {
    "EOL": false,
    "box": [
      136,
      776,
      161,
      20
    ],
    "id": 296,
    "indented": true,
    "parent": 295,
    "text": "",
    "type": "LINE"
  },
  {
    "addresses": [],
    "box": [
      136,
      776,
      161,
      20
    ],
    "checked": false,
    "id": 295,
    "ner_xml": ".<ACT>vent dire #enrs.\n</ACT>",
    "origin": "computer",
    "parent": 260,
    "persons": [],
    "text_ocr": ". vent dire #enrs.\n",
    "type": "ENTRY"
  },
  {
    "EOL": false,
    "box": [
      138,
      797,
      161,
      18
    ],
    "id": 298,
    "indented": true,
    "parent": 297,
    "text": "",
    "type": "LINE"
  },
  {
    "addresses": [],
    "box": [
      138,
      797,
      161,
      18
    ],
    "checked": false,
    "id": 297,
    "ner_xml": "<PER>Æ VONC HIFÉ LCNTE</PER>:\n",
    "origin": "computer",
    "parent": 260,
    "persons": [
      "Æ VONC HIFÉ LCNTE"
    ],
    "text_ocr": "Æ VONC HIFÉ LCNTE:\n",
    "type": "ENTRY"
  },
  {
    "EOL": false,
    "box": [
      139,
      816,
      181,
      22
    ],
    "id": 300,
    "indented": true,
    "parent": 299,
    "text": "",
    "type": "LINE"
  },
  {
    "addresses": [],
    "box": [
      139,
      816,
      181,
      22
    ],
    "checked": false,
    "id": 299,
    "ner_xml": "#F.<PER>ventilire Ristéiré</PER>,\n",
    "origin": "computer",
    "parent": 260,
    "persons": [
      "ventilire Ristéiré"
    ],
    "text_ocr": "#F. ventilire Ristéiré,\n",
    "type": "ENTRY"
  },
  {
    "EOL": false,
    "box": [
      140,
      837,
      331,
      30
    ],
    "id": 302,
    "indented": true,
    "parent": 301,
    "text": "",
    "type": "LINE"
  },
  {
    "addresses": [
      {
        "street_name": "Vendre",
        "street_numbers": [
          "114"
        ]
      }
    ],
    "box": [
      140,
      837,
      331,
      30
    ],
    "checked": false,
    "id": 301,
    "ner_xml": "<PER>Abe de Pajol</PER>,<TITRE>L., en</TITRE>.<LOC>Vendre</LOC>,<CARDINAL>114</CARDINAL>\n",
    "origin": "computer",
    "parent": 260,
    "persons": [
      "Abe de Pajol"
    ],
    "text_ocr": "Abe de Pajol, L., en. Vendre, 114\n",
    "type": "ENTRY"
  },
  {
    "EOL": false,
    "box": [
      139,
      823,
      804,
      160
    ],
    "id": 304,
    "indented": true,
    "parent": 303,
    "text": "",
    "type": "LINE"
  },
  {
    "addresses": [
      {
        "street_name": "Æ.,r. Vendbure",
        "street_numbers": [
          "11",
          "4"
        ]
      },
      {
        "street_name": "ge",
        "street_numbers": [
          "2",
          "5"
        ]
      },
      {
        "street_name": "Aa Bourne FA",
        "street_numbers": [
          "15",
          "29"
        ]
      }
    ],
    "box": [
      139,
      823,
      804,
      160
    ],
    "checked": false,
    "id": 303,
    "ner_xml": "<PER>RS ET TE CO ERS &amp;\nAbel de Pujal</PER>,<LOC>Æ.,r. Vendbure</LOC>,<CARDINAL>11</CARDINAL>+<PER>ra Colombier</PER>,<CARDINAL>4</CARDINAL>\nee ER ar quo\nle Mursville,<LOC>ge</LOC>,<CARDINAL>2</CARDINAL>,<ACT>lay spas</ACT>, x: Groi<CARDINAL>5</CARDINAL>\nAles FA Lg tes ee Rate,<LOC>Aa Bourne FA</LOC>“ap\n[7 +.<ACT>du Helder</ACT>,<CARDINAL>15</CARDINAL>.<PER>Bulloe r Is</PER>,<CARDINAL>29</CARDINAL>\nGagny<ACT>du Fab. S. Honoré gi le, pu F-omnan 3</ACT>.\nÀ ;r. Sorbonne,<ACT>1x Fe Berger,née esarus (Mad)</ACT>,<ACT>ævr. do Fém-S.e\n</ACT>",
    "origin": "computer",
    "parent": 260,
    "persons": [
      "RS ET TE CO ERS &\nAbel de Pujal",
      "ra Colombier",
      "Bulloe r Is"
    ],
    "text_ocr": "RS ET TE CO ERS &\nAbel de Pujal, Æ.,r. Vendbure, 11 + ra Colombier, 4\nee ER ar quo\nle Mursville, ge, 2, lay spas, x: Groi 5\nAles FA Lg tes ee Rate, Aa Bourne FA “ap\n[7 +. du Helder, 15. Bulloe r Is, 29\nGagny du Fab. S. Honoré gi le, pu F-omnan 3.\nÀ ;r. Sorbonne, 1x Fe Berger,née esarus (Mad), ævr. do Fém-S.e\n",
    "type": "ENTRY"
  },
  {
    "EOL": false,
    "box": [
      139,
      885,
      173,
      19
    ],
    "id": 306,
    "indented": true,
    "parent": 305,
    "text": "",
    "type": "LINE"
  },
  {
    "addresses": [],
    "box": [
      139,
      885,
      173,
      19
    ],
    "checked": false,
    "id": 305,
    "ner_xml": "<PER>Édsinent de Mrsei</PER>]\n",
    "origin": "computer",
    "parent": 260,
    "persons": [
      "Édsinent de Mrsei"
    ],
    "text_ocr": "Édsinent de Mrsei]\n",
    "type": "ENTRY"
  },
  {
    "EOL": false,
    "box": [
      141,
      904,
      272,
      19
    ],
    "id": 308,
    "indented": true,
    "parent": 307,
    "text": "",
    "type": "LINE"
  },
  {
    "addresses": [],
    "box": [
      141,
      904,
      272,
      19
    ],
    "checked": false,
    "id": 307,
    "ner_xml": "<PER>Albrier</PER>,<ACT>ÆL , drâe l'Ecole</ACT>,<CARDINAL>344</CARDINAL>\n",
    "origin": "computer",
    "parent": 260,
    "persons": [
      "Albrier"
    ],
    "text_ocr": "Albrier, ÆL , drâe l'Ecole, 344\n",
    "type": "ENTRY"
  },
  {
    "EOL": false,
    "box": [
      141,
      924,
      364,
      21
    ],
    "id": 310,
    "indented": true,
    "parent": 309,
    "text": "",
    "type": "LINE"
  },
  {
    "addresses": [
      {
        "street_name": "r. du Heléter",
        "street_numbers": [
          "15.7"
        ]
      }
    ],
    "box": [
      141,
      924,
      364,
      21
    ],
    "checked": false,
    "id": 309,
    "ner_xml": "<PER>Ancélot (Mad)</PER>,<CARDINAL>22</CARDINAL>, ,<LOC>r. du Heléter</LOC>,<CARDINAL>15.7</CARDINAL>.\n",
    "origin": "computer",
    "parent": 260,
    "persons": [
      "Ancélot (Mad)"
    ],
    "text_ocr": "Ancélot (Mad), 22, , r. du Heléter, 15.7 .\n",
    "type": "ENTRY"
  },
  {
    "EOL": false,
    "box": [
      141,
      944,
      363,
      29
    ],
    "id": 312,
    "indented": true,
    "parent": 311,
    "text": "",
    "type": "LINE"
  },
  {
    "addresses": [],
    "box": [
      141,
      944,
      363,
      29
    ],
    "checked": false,
    "id": 311,
    "ner_xml": "<PER>Fofélont</PER>,<ACT>r. da Fanb.=S.-Honoré</ACT>,<ACT>gfs\n</ACT>",
    "origin": "computer",
    "parent": 260,
    "persons": [
      "Fofélont"
    ],
    "text_ocr": "Fofélont, r. da Fanb.=S.-Honoré, gfs\n",
    "type": "ENTRY"
  },
  {
    "EOL": false,
    "box": [
      140,
      964,
      266,
      20
    ],
    "id": 314,
    "indented": true,
    "parent": 313,
    "text": "",
    "type": "LINE"
  },
  {
    "addresses": [],
    "box": [
      140,
      964,
      266,
      20
    ],
    "checked": false,
    "id": 313,
    "ner_xml": "<PER>Ansiaux</PER>,<TITRE>#£</TITRE>.,r.<PER>Sorbpnrit</PER>,<ACT>vx\n</ACT>",
    "origin": "computer",
    "parent": 260,
    "persons": [
      "Ansiaux",
      "Sorbpnrit"
    ],
    "text_ocr": "Ansiaux, #£.,r. Sorbpnrit, vx\n",
    "type": "ENTRY"
  },
  {
    "EOL": false,
    "box": [
      139,
      981,
      362,
      24
    ],
    "id": 316,
    "indented": true,
    "parent": 315,
    "text": "",
    "type": "LINE"
  },
  {
    "addresses": [],
    "box": [
      139,
      981,
      362,
      24
    ],
    "checked": false,
    "id": 315,
    "ner_xml": "<PER>Armand, r: ên Buitoir-S-André</PER>,<CARDINAL>56</CARDINAL>. ,\n",
    "origin": "computer",
    "parent": 260,
    "persons": [
      "Armand, r: ên Buitoir-S-André"
    ],
    "text_ocr": "Armand, r: ên Buitoir-S-André, 56. ,\n",
    "type": "ENTRY"
  },
  {
    "EOL": false,
    "box": [
      139,
      1004,
      236,
      22
    ],
    "id": 318,
    "indented": true,
    "parent": 317,
    "text": "",
    "type": "LINE"
  },
  {
    "addresses": [
      {
        "street_name": "Nartyrs",
        "street_numbers": [
          "4"
        ]
      }
    ],
    "box": [
      139,
      1004,
      236,
      22
    ],
    "checked": false,
    "id": 317,
    "ner_xml": "<PER>Atothé</PER>,<ACT>r. dés</ACT><LOC>Nartyrs</LOC>,<CARDINAL>4</CARDINAL>:\n",
    "origin": "computer",
    "parent": 260,
    "persons": [
      "Atothé"
    ],
    "text_ocr": "Atothé, r. dés Nartyrs, 4:\n",
    "type": "ENTRY"
  },
  {
    "EOL": false,
    "box": [
      141,
      1024,
      233,
      21
    ],
    "id": 320,
    "indented": true,
    "parent": 319,
    "text": "",
    "type": "LINE"
  },
  {
    "addresses": [],
    "box": [
      141,
      1024,
      233,
      21
    ],
    "checked": false,
    "id": 319,
    "ner_xml": "<PER>Autery</PER>,<ACT>x. Phélpeanx</ACT>,<CARDINAL>50</CARDINAL>.\n",
    "origin": "computer",
    "parent": 260,
    "persons": [
      "Autery"
    ],
    "text_ocr": "Autery, x. Phélpeanx, 50.\n",
    "type": "ENTRY"
  },
  {
    "EOL": false,
    "box": [
      139,
      984,
      804,
      98
    ],
    "id": 322,
    "indented": true,
    "parent": 321,
    "text": "",
    "type": "LINE"
  },
  {
    "EOL": false,
    "box": [
      161,
      1066,
      25,
      14
    ],
    "id": 323,
    "indented": false,
    "parent": 321,
    "text": "",
    "type": "LINE"
  },
  {
    "addresses": [
      {
        "street_name": "Honegre",
        "street_numbers": [
          "19",
          "+"
        ]
      },
      {
        "street_name": "dés Martyrs",
        "street_numbers": [
          "4",
          "35",
          "5"
        ]
      },
      {
        "street_name": "nan Coquenard",
        "street_numbers": [
          "18",
          "27",
          "1"
        ]
      }
    ],
    "box": [
      139,
      984,
      804,
      98
    ],
    "checked": false,
    "id": 321,
    "ner_xml": "<PER>Armand, r: 6m Buttoir-S.-Anûré</PER>,<CARDINAL>56</CARDINAL>,<CARDINAL>7</CARDINAL>.<LOC>Honegre</LOC>,<CARDINAL>19</CARDINAL>%\n\nAtathe,<CARDINAL>+</CARDINAL>.<LOC>dés Martyrs</LOC>,<CARDINAL>4</CARDINAL>$ “<PER>Ke, +. de Grenelle-S.-Gérmain</PER>,<CARDINAL>35</CARDINAL>.\nA<CARDINAL>5</CARDINAL><PER>Phélipeas</PER>,<ACT>pos - per frpice des Viéaress %\na</ACT>Et me 7e No its-<PER>Chanrpis. eos</PER>,<LOC>nan Coquenard</LOC>,<CARDINAL>18</CARDINAL>T\n\n387 Fe _<CARDINAL>27</CARDINAL>Berger. du PoieMahon<CARDINAL>1</CARDINAL>% ou\n",
    "origin": "computer",
    "parent": 260,
    "persons": [
      "Armand, r: 6m Buttoir-S.-Anûré",
      "Ke, +. de Grenelle-S.-Gérmain",
      "Phélipeas",
      "Chanrpis. eos"
    ],
    "text_ocr": "Armand, r: 6m Buttoir-S.-Anûré, 56, 7. Honegre, 19%\n\nAtathe, +. dés Martyrs, 4 $ “ Ke, +. de Grenelle-S.-Gérmain, 35.\nA 5 Phélipeas, pos - per frpice des Viéaress %\na Et me 7e No its-Chanrpis. eos, nan Coquenard, 18 T\n\n387 Fe _ 27 Berger. du PoieMahon 1% ou\n",
    "type": "ENTRY"
  },
  {
    "EOL": false,
    "box": [
      139,
      1080,
      804,
      61
    ],
    "id": 325,
    "indented": true,
    "parent": 324,
    "text": "",
    "type": "LINE"
  },
  {
    "EOL": false,
    "box": [
      160,
      1107,
      26,
      14
    ],
    "id": 326,
    "indented": false,
    "parent": 324,
    "text": "",
    "type": "LINE"
  },
  {
    "addresses": [
      {
        "street_name": "x. Croïxvdes-Petits-Char Bexré",
        "street_numbers": [
          "38"
        ]
      }
    ],
    "box": [
      139,
      1080,
      804,
      61
    ],
    "checked": false,
    "id": 324,
    "ner_xml": "<PER>Augnstin</PER>,<CARDINAL>7e</CARDINAL>.,<LOC>x. Croïxvdes-Petits-Char Bexré</LOC>,<ACT>au ardra du or, .\n5 Por Fe Dead; pes; do ai</ACT>, FA s\n<PER>Aumer</PER>,<ACT>r. d'Artois</ACT>,<CARDINAL>38</CARDINAL>.<PER>Berdion. Le mN</PER><PER>Acghstin</PER>,<ACT>r$ |\n</ACT>",
    "origin": "computer",
    "parent": 260,
    "persons": [
      "Augnstin",
      "Aumer",
      "Berdion. Le mN",
      "Acghstin"
    ],
    "text_ocr": "Augnstin, 7e., x. Croïxvdes-Petits-Char Bexré, au ardra du or, .\n5 Por Fe Dead; pes; do ai, FA s\nAumer, r. d'Artois, 38. Berdion. Le mN Acghstin, r$ |\n",
    "type": "ENTRY"
  },
  {
    "EOL": false,
    "box": [
      140,
      1122,
      212,
      21
    ],
    "id": 328,
    "indented": true,
    "parent": 327,
    "text": "",
    "type": "LINE"
  },
  {
    "addresses": [],
    "box": [
      140,
      1122,
      212,
      21
    ],
    "checked": false,
    "id": 327,
    "ner_xml": "<PER>Aumer</PER>,<ACT>r. d'Artois</ACT>,<CARDINAL>38</CARDINAL>.\n",
    "origin": "computer",
    "parent": 260,
    "persons": [
      "Aumer"
    ],
    "text_ocr": "Aumer, r. d'Artois, 38.\n",
    "type": "ENTRY"
  },
  {
    "EOL": false,
    "box": [
      140,
      1141,
      307,
      23
    ],
    "id": 330,
    "indented": true,
    "parent": 329,
    "text": "",
    "type": "LINE"
  },
  {
    "addresses": [],
    "box": [
      140,
      1141,
      307,
      23
    ],
    "checked": false,
    "id": 329,
    "ner_xml": "<PER>Autessier</PER>,<ACT>po.</ACT>,<CARDINAL>5</CARDINAL>.<PER>Feydéan</PER>,<CARDINAL>4</CARDINAL>”\n",
    "origin": "computer",
    "parent": 260,
    "persons": [
      "Autessier",
      "Feydéan"
    ],
    "text_ocr": "Autessier, po., 5. Feydéan, 4 ”\n",
    "type": "ENTRY"
  },
  {
    "EOL": false,
    "box": [
      138,
      1141,
      801,
      203
    ],
    "id": 332,
    "indented": true,
    "parent": 331,
    "text": "",
    "type": "LINE"
  },
  {
    "EOL": false,
    "box": [
      159,
      1183,
      29,
      17
    ],
    "id": 333,
    "indented": false,
    "parent": 331,
    "text": "",
    "type": "LINE"
  },
  {
    "addresses": [
      {
        "street_name": "Afaincs, F7",
        "street_numbers": []
      },
      {
        "street_name": "2,2 Grammont; ro. ’\nBarbier Waïbonne",
        "street_numbers": [
          "29",
          "1"
        ]
      },
      {
        "street_name": "boul. du Te sin\nBatagly le, v. Chidebort",
        "street_numbers": [
          "62"
        ]
      },
      {
        "street_name": "Sorbonne,.3",
        "street_numbers": []
      },
      {
        "street_name": "Bitier",
        "street_numbers": [
          "14",
          "4",
          "3"
        ]
      },
      {
        "street_name": "Palais",
        "street_numbers": [
          "83"
        ]
      }
    ],
    "box": [
      138,
      1141,
      801,
      203
    ],
    "checked": false,
    "id": 331,
    "ner_xml": "<PER>Antessier</PER>,<ACT>po. r. Feydea 4 Bertin</ACT>,<ACT>pa.sr</ACT>,<LOC>Afaincs, F7</LOC>.\nnn Made SAatrédemArts,  Besn fa<ACT>nat F. Sodioqne</ACT>,<ACT>g-\n\n: ré</ACT>,<LOC>2,2 Grammont; ro. ’\nBarbier Waïbonne</LOC>,<ACT>r dé</ACT>Sbvres, 19e Re one,<ACT>ser one ‘du Mont-\nBirmont</ACT>,<ACT>pa, , r. $ Anne</ACT>,<CARDINAL>29</CARDINAL>. .<PER>Painosse</PER>, O3. -- eo\nPacrois,<ACT>me, r. S.-Sonvèur</ACT>,<CARDINAL>1</CARDINAL>Pidrinne,<LOC>boul. du Te sin\nBatagly le, v. Chidebort</LOC>,<PER>Bidaal</PER>,<ACT>pa,r. de l'Acbre Sec</ACT>,<CARDINAL>62</CARDINAL>.\nBézin , Het po, que<LOC>Sorbonne,.3</LOC>,<LOC>Bitier</LOC>, He<PER>Bomrtreil is</PER>,<ACT>v5.\n\n</ACT>Beacghel,<ACT>r. des Gordiers</ACT>,<CARDINAL>14</CARDINAL><PER>Elanchard</PER>,<ACT>r. du Dragon</ACT>,<ACT>3j:</ACT>.\nBeaunier (Firmin),<CARDINAL>4</CARDINAL>, #. dif J'aidinet,<CARDINAL>3</CARDINAL>.<PER>Blanchet</PER>,<ACT>po.</ACT>,<LOC>Palais</LOC>,<CARDINAL>83</CARDINAL>. ,\n",
    "origin": "computer",
    "parent": 260,
    "persons": [
      "Antessier",
      "Painosse",
      "Bidaal",
      "Bomrtreil is",
      "Elanchard",
      "Blanchet"
    ],
    "text_ocr": "Antessier, po. r. Feydea 4 Bertin ,pa.sr, Afaincs, F7.\nnn Made SAatrédemArts,  Besn fa nat F. Sodioqne, g-\n\n: ré, 2,2 Grammont; ro. ’\nBarbier Waïbonne , r dé Sbvres, 19e Re one, ser one ‘du Mont-\nBirmont, pa, , r. $ Anne, 29. . Painosse, O3. -- eo\nPacrois, me, r. S.-Sonvèur, 1 Pidrinne, boul. du Te sin\nBatagly le, v. Chidebort, Bidaal, pa,r. de l'Acbre Sec, 62.\nBézin , Het po, que Sorbonne,.3, Bitier, He Bomrtreil is, v5.\n\nBeacghel, r. des Gordiers, 14 Elanchard , r. du Dragon, 3j: .\nBeaunier (Firmin), 4, #. dif J'aidinet, 3. Blanchet, po., Palais, 83. ,\n",
    "type": "ENTRY"
  },
  {
    "EOL": false,
    "box": [
      137,
      1199,
      323,
      26
    ],
    "id": 335,
    "indented": true,
    "parent": 334,
    "text": "",
    "type": "LINE"
  },
  {
    "addresses": [],
    "box": [
      137,
      1199,
      323,
      26
    ],
    "checked": false,
    "id": 334,
    "ner_xml": "<PER>Barbier WWalbonne</PER>,<ACT>r. de Sèvres</ACT>,<CARDINAL>19</CARDINAL>»\n",
    "origin": "computer",
    "parent": 260,
    "persons": [
      "Barbier WWalbonne"
    ],
    "text_ocr": "Barbier WWalbonne , r. de Sèvres , 19»\n",
    "type": "ENTRY"
  },
  {
    "EOL": false,
    "box": [
      138,
      1222,
      304,
      21
    ],
    "id": 337,
    "indented": true,
    "parent": 336,
    "text": "",
    "type": "LINE"
  },
  {
    "addresses": [
      {
        "street_name": "Tr.",
        "street_numbers": [
          "9",
          "29"
        ]
      }
    ],
    "box": [
      138,
      1222,
      304,
      21
    ],
    "checked": false,
    "id": 336,
    "ner_xml": "<PER>Birmont</PER>,<ACT>ps,</ACT>,<LOC>Tr.</LOC><CARDINAL>9</CARDINAL>+ Anne,<CARDINAL>29</CARDINAL>,: .\n",
    "origin": "computer",
    "parent": 260,
    "persons": [
      "Birmont"
    ],
    "text_ocr": "Birmont, ps, , Tr. 9 + Anne, 29 ,: .\n",
    "type": "ENTRY"
  },
  {
    "EOL": false,
    "box": [
      138,
      1241,
      280,
      21
    ],
    "id": 339,
    "indented": true,
    "parent": 338,
    "text": "",
    "type": "LINE"
  },
  {
    "addresses": [
      {
        "street_name": "9.-Sanveut",
        "street_numbers": [
          "13"
        ]
      }
    ],
    "box": [
      138,
      1241,
      280,
      21
    ],
    "checked": false,
    "id": 338,
    "ner_xml": "<PER>Räcrois</PER>,<ACT>m2,</ACT>,<CARDINAL>7</CARDINAL>.<LOC>9.-Sanveut</LOC>,<CARDINAL>13</CARDINAL>.\n",
    "origin": "computer",
    "parent": 260,
    "persons": [
      "Räcrois"
    ],
    "text_ocr": "Räcrois, m2,, 7. 9.-Sanveut, 13.\n",
    "type": "ENTRY"
  },
  {
    "EOL": false,
    "box": [
      138,
      1262,
      276,
      20
    ],
    "id": 341,
    "indented": true,
    "parent": 340,
    "text": "",
    "type": "LINE"
  },
  {
    "addresses": [
      {
        "street_name": "x. Chidencrt",
        "street_numbers": [
          "9"
        ]
      }
    ],
    "box": [
      138,
      1262,
      276,
      20
    ],
    "checked": false,
    "id": 340,
    "ner_xml": "<PER>Bataglinvy fs</PER>,<LOC>x. Chidencrt</LOC>,<CARDINAL>9</CARDINAL>,\n",
    "origin": "computer",
    "parent": 260,
    "persons": [
      "Bataglinvy fs"
    ],
    "text_ocr": "Bataglinvy fs, x. Chidencrt, 9,\n",
    "type": "ENTRY"
  },
  {
    "EOL": false,
    "box": [
      139,
      1280,
      323,
      22
    ],
    "id": 343,
    "indented": true,
    "parent": 342,
    "text": "",
    "type": "LINE"
  },
  {
    "addresses": [
      {
        "street_name": "placc Sorbonne",
        "street_numbers": [
          "5"
        ]
      }
    ],
    "box": [
      139,
      1280,
      323,
      22
    ],
    "checked": false,
    "id": 342,
    "ner_xml": "<PER>Bizin</PER>,<ACT>À. et po</ACT>,<LOC>placc Sorbonne</LOC>,<CARDINAL>5</CARDINAL>,\n",
    "origin": "computer",
    "parent": 260,
    "persons": [
      "Bizin"
    ],
    "text_ocr": "Bizin , À. et po, placc Sorbonne, 5,\n",
    "type": "ENTRY"
  },
  {
    "EOL": false,
    "box": [
      138,
      1301,
      277,
      21
    ],
    "id": 345,
    "indented": true,
    "parent": 344,
    "text": "",
    "type": "LINE"
  },
  {
    "addresses": [],
    "box": [
      138,
      1301,
      277,
      21
    ],
    "checked": false,
    "id": 344,
    "ner_xml": "<PER>Bceacgbel</PER>,<ACT>r. des Gordiers</ACT>,<CARDINAL>13</CARDINAL>.\n",
    "origin": "computer",
    "parent": 260,
    "persons": [
      "Bceacgbel"
    ],
    "text_ocr": "Bceacgbel, r. des Gordiers, 13.\n",
    "type": "ENTRY"
  },
  {
    "EOL": false,
    "box": [
      138,
      1318,
      375,
      26
    ],
    "id": 347,
    "indented": true,
    "parent": 346,
    "text": "",
    "type": "LINE"
  },
  {
    "addresses": [],
    "box": [
      138,
      1318,
      375,
      26
    ],
    "checked": false,
    "id": 346,
    "ner_xml": "Beaunier {<PER>Firmin)</PER>,<PER>Æ</PER>,<ACT>x. dt Jardinet</ACT>,<CARDINAL>3</CARDINAL>.\n",
    "origin": "computer",
    "parent": 260,
    "persons": [
      "Firmin)",
      "Æ"
    ],
    "text_ocr": "Beaunier { Firmin), Æ , x. dt Jardinet, 3.\n",
    "type": "ENTRY"
  },
  {
    "box": [
      134,
      36,
      809,
      1308
    ],
    "id": 260,
    "parent": 259,
    "type": "COLUMN_LEVEL_2"
  },
  {
    "box": [
      134,
      36,
      809,
      1308
    ],
    "id": 259,
    "parent": 258,
    "type": "SECTION_LEVEL_2"
  },
  {
    "box": [
      134,
      36,
      809,
      1308
    ],
    "id": 258,
    "parent": 257,
    "type": "COLUMN_LEVEL_1"
  },
  {
    "box": [
      107,
      36,
      836,
      1308
    ],
    "id": 257,
    "parent": 256,
    "type": "SECTION_LEVEL_1"
  },
  {
    "box": [
      107,
      36,
      836,
      1308
    ],
    "id": 256,
    "type": "PAGE"
  }
]
