{
  "content": [
    {
      "EOL": false, 
      "box": [
        138, 
        36, 
        142, 
        39
      ], 
      "id": 262, 
      "indented": false, 
      "parent": 261, 
      "text": "", 
      "type": "LINE"
    }, 
    {
      "addresses": [], 
      "box": [
        138, 
        36, 
        142, 
        39
      ], 
      "checked": false, 
      "id": 261, 
      "ner_xml": "<CARDINAL>588</CARDINAL>: -\n", 
      "origin": "computer", 
      "parent": 260, 
      "persons": [], 
      "text_ocr": "588: -\n", 
      "type": "ENTRY"
    }, 
    {
      "EOL": false, 
      "box": [
        140, 
        36, 
        714, 
        90
      ], 
      "id": 264, 
      "indented": true, 
      "parent": 263, 
      "text": "", 
      "type": "LINE"
    }, 
    {
      "addresses": [], 
      "box": [
        140, 
        36, 
        714, 
        90
      ], 
      "checked": false, 
      "id": 263, 
      "ner_xml": "5B&amp; -:  * Pointres-Panrs<CARDINAL>7</CARDINAL>.\n<TITRE>De: \u00c9 ecin expert pr\u00e8s de fribunal</TITRE> Malv\u00f4u plac\u00e9 S. Michel,\na ee gpen Pr\u00e9s de GrBunal<PER>Malta Fleet</PER>,<ACT>\u00e0\n</ACT>", 
      "origin": "computer", 
      "parent": 260, 
      "persons": [
        "Malta Fleet"
      ], 
      "text_ocr": "5B& -:  * Pointres-Panrs 7.\nDe: \u00c9 ecin expert pr\u00e8s de fribunal  Malv\u00f4u plac\u00e9 S. Michel,\na ee gpen Pr\u00e9s de GrBunal Malta Fleet, \u00e0\n", 
      "type": "ENTRY"
    }, 
    {
      "EOL": false, 
      "box": [
        143, 
        39, 
        782, 
        223
      ], 
      "id": 266, 
      "indented": true, 
      "parent": 265, 
      "text": "", 
      "type": "LINE"
    }, 
    {
      "EOL": false, 
      "box": [
        160, 
        143, 
        100, 
        16
      ], 
      "id": 267, 
      "indented": false, 
      "parent": 265, 
      "text": "", 
      "type": "LINE"
    }, 
    {
      "addresses": [
        {
          "street_name": "Poncenn", 
          "street_numbers": [
            "23", 
            "30", 
            "\u00b0", 
            "2"
          ]
        }, 
        {
          "street_name": "r. de Arcade", 
          "street_numbers": [
            "20", 
            "+"
          ]
        }, 
        {
          "street_name": "F\u00e9rou", 
          "street_numbers": [
            ":", 
            "9"
          ]
        }, 
        {
          "street_name": "place de la Bastille Pr\u00e9au jeune", 
          "street_numbers": []
        }, 
        {
          "street_name": "r. Nouve-S.-Angnstin", 
          "street_numbers": []
        }
      ], 
      "box": [
        143, 
        39, 
        782, 
        223
      ], 
      "checked": false, 
      "id": 265, 
      "ner_xml": "<CARDINAL>588  </CARDINAL>-*  *<PER>P\u00e9intres-Panrs. UT</PER>,\nDesplas,<ACT>m\u00cb ecin expert pr\u00e8s de \u00e9ribunal  Malv\u00e8\u00e8u</ACT>plac\u00e9<ACT>S.- Michel,</ACT>*\nnan eee \u201c B\u00e9vcheh<CARDINAL>39</CARDINAL>. \u2018 ,\u2018 More, F du<LOC>Poncenn</LOC>,<CARDINAL>23</CARDINAL>. .\nGirard,<ACT>r. da Faub.-$.-Honor\u00e9</ACT>,<CARDINAL>30</CARDINAL>, sour  Pagnier,<ACT>r, de Bourgogne, g\u00ab \u00b0\ndes Coches</ACT>,<CARDINAL>\u00b0</CARDINAL>: Perrier<ACT>r'6e d'Anjou$.-Honor\u00e9</ACT>,<CARDINAL>2</CARDINAL>.\nEerv\u00e9<ACT>jenne</ACT>,<LOC>r. de Arcade</LOC>,<CARDINAL>20</CARDINAL>. \u2019hifippine ,<CARDINAL>+</CARDINAL>.<LOC>F\u00e9rou</LOC><CARDINAL>:</CARDINAL>,<CARDINAL>9</CARDINAL>.\n<LOC>place de la Bastille Pr\u00e9au jeune</LOC>,<LOC>r. Nouve-S.-Angnstin</LOC>,\nne<ACT>\u201d . de ann</ACT>.<PER>Sorin Pr do la Chauss\u00e9e-d'Antn 3 1\n</PER>\u2018__ \u2018 ECOLE ROYALE DES<PER>REAUX ARTS</PER>,\n", 
      "origin": "computer", 
      "parent": 260, 
      "persons": [
        "P\u00e9intres-Panrs. UT", 
        "Sorin Pr do la Chauss\u00e9e-d'Antn 3 1\n", 
        "REAUX ARTS"
      ], 
      "text_ocr": "588  -*  * P\u00e9intres-Panrs. UT,\nDesplas, m\u00cb ecin expert pr\u00e8s de \u00e9ribunal  Malv\u00e8\u00e8u plac\u00e9 S.- Michel, *\nnan eee \u201c B\u00e9vcheh 39. \u2018 ,\u2018 More, F du Poncenn, 23. .\nGirard, r. da Faub.-$.-Honor\u00e9, 30, sour  Pagnier, r, de Bourgogne, g\u00ab \u00b0\ndes Coches, \u00b0 : Perrier r'6e d'Anjou$.-Honor\u00e9, 2.\nEerv\u00e9 jenne, r. de Arcade, 20. \u2019hifippine , +. F\u00e9rou:, 9.\nplace de la Bastille Pr\u00e9au jeune, r. Nouve-S.-Angnstin,\nne\u201d . de ann . Sorin Pr do la Chauss\u00e9e-d'Antn 3 1\n\u2018__ \u2018 ECOLE ROYALE DES REAUX ARTS,\n", 
      "type": "ENTRY"
    }, 
    {
      "EOL": false, 
      "box": [
        141, 
        166, 
        301, 
        20
      ], 
      "id": 269, 
      "indented": true, 
      "parent": 268, 
      "text": "", 
      "type": "LINE"
    }, 
    {
      "addresses": [], 
      "box": [
        141, 
        166, 
        301, 
        20
      ], 
      "checked": false, 
      "id": 268, 
      "ner_xml": "<PER>Elerwv\u00e9 Jenne</PER>,<ACT>r. de lArcade</ACT>,<CARDINAL>20</CARDINAL>.\n", 
      "origin": "computer", 
      "parent": 260, 
      "persons": [
        "Elerwv\u00e9 Jenne"
      ], 
      "text_ocr": "Elerwv\u00e9 Jenne, r. de lArcade, 20.\n", 
      "type": "ENTRY"
    }, 
    {
      "EOL": false, 
      "box": [
        137, 
        187, 
        250, 
        20
      ], 
      "id": 271, 
      "indented": true, 
      "parent": 270, 
      "text": "", 
      "type": "LINE"
    }, 
    {
      "addresses": [
        {
          "street_name": "place de la Bastille", 
          "street_numbers": []
        }
      ], 
      "box": [
        137, 
        187, 
        250, 
        20
      ], 
      "checked": false, 
      "id": 270, 
      "ner_xml": "sauzt,<LOC>place de la Bastille</LOC>,\n", 
      "origin": "computer", 
      "parent": 260, 
      "persons": [], 
      "text_ocr": "sauzt, place de la Bastille,\n", 
      "type": "ENTRY"
    }, 
    {
      "EOL": false, 
      "box": [
        139, 
        208, 
        207, 
        52
      ], 
      "id": 273, 
      "indented": true, 
      "parent": 272, 
      "text": "", 
      "type": "LINE"
    }, 
    {
      "addresses": [], 
      "box": [
        139, 
        208, 
        207, 
        52
      ], 
      "checked": false, 
      "id": 272, 
      "ner_xml": "<PER>Legs</PER>,<ACT>fl GC HEonovre</ACT>,\n\u201d<CARDINAL>1</CARDINAL>\n", 
      "origin": "computer", 
      "parent": 260, 
      "persons": [
        "Legs"
      ], 
      "text_ocr": "Legs, fl GC HEonovre,\n\u201d 1\n", 
      "type": "ENTRY"
    }, 
    {
      "EOL": false, 
      "box": [
        149, 
        262, 
        790, 
        75
      ], 
      "id": 275, 
      "indented": true, 
      "parent": 274, 
      "text": "", 
      "type": "LINE"
    }, 
    {
      "EOL": false, 
      "box": [
        141, 
        325, 
        383, 
        22
      ], 
      "id": 276, 
      "indented": false, 
      "parent": 274, 
      "text": "", 
      "type": "LINE"
    }, 
    {
      "addresses": [
        {
          "street_name": "quai Conti", 
          "street_numbers": []
        }, 
        {
          "street_name": "MM", 
          "street_numbers": []
        }
      ], 
      "box": [
        141, 
        262, 
        798, 
        85
      ], 
      "checked": false, 
      "id": 274, 
      "ner_xml": ",<LOC>quai Conti</LOC>, aux Quatre-Vations. . Le\nSecrionopr\u00e9ierune sr ne<ACT>scuurrure</ACT>,<ACT>Secr\u00e9taire perp\u00e9tuel</ACT>M. Morim\u00e9o. \u2014 4d-\nProf\u00e9sseurs recteurs.<LOC>MM</LOC>,<PER>Lagrem\u00e9e</PER>,<TITRE>P.</TITRE>,  <ACT>Jo\u00ebr\u00e9 Me London\n</ACT>", 
      "origin": "computer", 
      "parent": 260, 
      "persons": [
        "Lagrem\u00e9e"
      ], 
      "text_ocr": ", quai Conti, aux Quatre-Vations. . Le\nSecrionopr\u00e9ierune sr ne scuurrure, Secr\u00e9taire perp\u00e9tuel M. Morim\u00e9o. \u2014 4d-\nProf\u00e9sseurs recteurs. MM, Lagrem\u00e9e, P.,  Jo\u00ebr\u00e9 Me London\n", 
      "type": "ENTRY"
    }, 
    {
      "EOL": false, 
      "box": [
        140, 
        337, 
        803, 
        127
      ], 
      "id": 278, 
      "indented": true, 
      "parent": 277, 
      "text": "", 
      "type": "LINE"
    }, 
    {
      "EOL": false, 
      "box": [
        146, 
        446, 
        247, 
        25
      ], 
      "id": 279, 
      "indented": false, 
      "parent": 277, 
      "text": "", 
      "type": "LINE"
    }, 
    {
      "addresses": [
        {
          "street_name": "Gois", 
          "street_numbers": []
        }, 
        {
          "street_name": "Hondont", 
          "street_numbers": [
            "4"
          ]
        }, 
        {
          "street_name": "Gode", 
          "street_numbers": [
            "P."
          ]
        }, 
        {
          "street_name": "Gnenn%\u00e9", 
          "street_numbers": []
        }, 
        {
          "street_name": "P.he-  \u2018Luvi", 
          "street_numbers": []
        }, 
        {
          "street_name": "Bosioat", 
          "street_numbers": []
        }, 
        {
          "street_name": "Lart\u00e9li\u00e9r Se", 
          "street_numbers": []
        }, 
        {
          "street_name": "Na pempectise | - U\nJencicnnes-X", 
          "street_numbers": []
        }
      ], 
      "box": [
        140, 
        337, 
        803, 
        134
      ], 
      "checked": false, 
      "id": 277, 
      "ner_xml": "*<LOC>Gois</LOC>, $.,<LOC>Hondont</LOC><CARDINAL>4</CARDINAL>. ,<PER>Stonl,&amp;.</PER>*  <PER>Sroriondanenirecrong\nProfesseurs</PER>.<PER>MU. G\u00e9raud, \u00c0</PER>,<LOC>Gode</LOC>,<PER>Professeurs</PER>, MM.<PER>Dolars</PER>,<ACT>aehif\u00e9ctnre</ACT>,\n<CARDINAL>P.</CARDINAL>,<PER>Gros</PER>,<TITRE>P.</TITRE>,<LOC>Gnenn%\u00e9</LOC>,<LOC>P.he-  \u2018Luvi</LOC>,<ACT>math\u00e9matiques</ACT>,<ACT>Konsdolt Se</ACT>,<ACT>st\u00e9-\nge te, /.</ACT>,<LOC>Bosioat</LOC>,<TITRE>S.</TITRE>,<LOC>Lart\u00e9li\u00e9r Se</LOC>,<ACT>r\u00e9dtotnie er construction</ACT>; Valenciennes,\nRe Be SUR araonie,<LOC>Na pempectise | - U\nJencicnnes-X</LOC>,<ACT>perspective. . Secr\u00e9taire arechiviste</ACT>,<TITRE>M. Va\u00f1doye:\n</TITRE>", 
      "origin": "computer", 
      "parent": 260, 
      "persons": [
        "Stonl,&.", 
        "Sroriondanenirecrong\nProfesseurs", 
        "MU. G\u00e9raud, \u00c0", 
        "Professeurs", 
        "Dolars", 
        "Gros"
      ], 
      "text_ocr": "* Gois, $., Hondont 4. , Stonl,&. *  Sroriondanenirecrong\nProfesseurs. MU. G\u00e9raud, \u00c0, Gode, Professeurs, MM. Dolars , aehif\u00e9ctnre,\nP., Gros, P., Gnenn%\u00e9, P.he-  \u2018Luvi, math\u00e9matiques, Konsdolt Se, st\u00e9-\nge te, /., Bosioat, S., Lart\u00e9li\u00e9r Se, r\u00e9dtotnie er construction; Valenciennes,\nRe Be SUR araonie, Na pempectise | - U\nJencicnnes-X, perspective. . Secr\u00e9taire arechiviste, M. Va\u00f1doye:\n", 
      "type": "ENTRY"
    }, 
    {
      "EOL": false, 
      "box": [
        141, 
        469, 
        799, 
        98
      ], 
      "id": 281, 
      "indented": true, 
      "parent": 280, 
      "text": "", 
      "type": "LINE"
    }, 
    {
      "addresses": [], 
      "box": [
        141, 
        469, 
        799, 
        98
      ], 
      "checked": false, 
      "id": 280, 
      "ner_xml": "<PER>oo Ecole o\u00ffale gratuite de dessin , , de VEcole-de-M\u00e9decine</PER>.\n\nCette \u00e9cole; fond\u00e9e par M. B\u00fcchdlie? ,<ACT>est consacr\u00e9e \u00e0 des onis publics d\u00e9 g\u00e9om\u00e9trie pra-\ndique, dan\u00e9tiqu\u00e9 er tes d'architectes de conpe de pierres at.de detsia pour Les anvricrs\nQu les atfians quise deuinent aux professions thfeinigues</ACT>,<ACT>pe\n</ACT>", 
      "origin": "computer", 
      "parent": 260, 
      "persons": [
        "oo Ecole o\u00ffale gratuite de dessin , , de VEcole-de-M\u00e9decine"
      ], 
      "text_ocr": "oo Ecole o\u00ffale gratuite de dessin , , de VEcole-de-M\u00e9decine.\n\nCette \u00e9cole; fond\u00e9e par M. B\u00fcchdlie? , est consacr\u00e9e \u00e0 des onis publics d\u00e9 g\u00e9om\u00e9trie pra-\ndique, dan\u00e9tiqu\u00e9 er tes d'architectes de conpe de pierres at.de detsia pour Les anvricrs\nQu les atfians quise deuinent aux professions thfeinigues, pe\n", 
      "type": "ENTRY"
    }, 
    {
      "EOL": false, 
      "box": [
        142, 
        545, 
        589, 
        39
      ], 
      "id": 283, 
      "indented": true, 
      "parent": 282, 
      "text": "", 
      "type": "LINE"
    }, 
    {
      "addresses": [], 
      "box": [
        142, 
        545, 
        589, 
        39
      ], 
      "checked": false, 
      "id": 282, 
      "ner_xml": "\u00e9t les affisans quise destin\u00ebnt<ACT>aux professions mpe\u00f1maunes</ACT>,\nDirecteur. ne<ACT>g\u00e9n\u00e9ral. M. ae M. Bach\u00e9hier.\n</ACT>", 
      "origin": "computer", 
      "parent": 260, 
      "persons": [], 
      "text_ocr": "\u00e9t les affisans quise destin\u00ebnt aux professions mpe\u00f1maunes,\nDirecteur. ne g\u00e9n\u00e9ral. M. ae M. Bach\u00e9hier.\n", 
      "type": "ENTRY"
    }, 
    {
      "EOL": false, 
      "box": [
        160, 
        581, 
        783, 
        33
      ], 
      "id": 285, 
      "indented": true, 
      "parent": 284, 
      "text": "", 
      "type": "LINE"
    }, 
    {
      "EOL": false, 
      "box": [
        144, 
        605, 
        454, 
        56
      ], 
      "id": 286, 
      "indented": false, 
      "parent": 284, 
      "text": "", 
      "type": "LINE"
    }, 
    {
      "addresses": [
        {
          "street_name": "x. de Tonvraine-S.\n7 Gerrain,7", 
          "street_numbers": []
        }
      ], 
      "box": [
        144, 
        581, 
        799, 
        80
      ], 
      "checked": false, 
      "id": 284, 
      "ner_xml": "\u00c9cole royale<ACT>sp\u00e9ciale et gr\u00e9tdit\u00e9 d\u00e9 dassin pour les jeanes personnes</ACT>,<LOC>x. de Tonvraine-S.\n7 Gerrain,7</LOC>,<ACT>- : - \u201d -</ACT>\u00b0\nMid.<PER>Fr\u00e8re ( &amp; Montizon, n\u00e9e Turben, dir\u00e9cirice</PER>.\n\" : M<PER>CRC D RC\n</PER>", 
      "origin": "computer", 
      "parent": 260, 
      "persons": [
        "Fr\u00e8re ( & Montizon, n\u00e9e Turben, dir\u00e9cirice", 
        "CRC D RC\n"
      ], 
      "text_ocr": "\u00c9cole royale sp\u00e9ciale et gr\u00e9tdit\u00e9 d\u00e9 dassin pour les jeanes personnes , x. de Tonvraine-S.\n7 Gerrain,7, - : - \u201d - \u00b0\nMid. Fr\u00e8re ( & Montizon, n\u00e9e Turben, dir\u00e9cirice.\n\" : M CRC D RC\n", 
      "type": "ENTRY"
    }, 
    {
      "EOL": false, 
      "box": [
        141, 
        647, 
        582, 
        62
      ], 
      "id": 288, 
      "indented": true, 
      "parent": 287, 
      "text": "", 
      "type": "LINE"
    }, 
    {
      "addresses": [], 
      "box": [
        141, 
        647, 
        582, 
        62
      ], 
      "checked": false, 
      "id": 287, 
      "ner_xml": "\".<PER>PEINTRES</PER>,\nExplication<ACT>des abr\u00e9viations conten\u00fces dans l\u00e9 liste des peintres</ACT>.\n", 
      "origin": "computer", 
      "parent": 260, 
      "persons": [
        "PEINTRES"
      ], 
      "text_ocr": "\". PEINTRES,\nExplication des abr\u00e9viations conten\u00fces dans l\u00e9 liste des peintres.\n", 
      "type": "ENTRY"
    }, 
    {
      "EOL": false, 
      "box": [
        141, 
        695, 
        801, 
        141
      ], 
      "id": 290, 
      "indented": true, 
      "parent": 289, 
      "text": "", 
      "type": "LINE"
    }, 
    {
      "addresses": [
        {
          "street_name": "passage: . nu .\n\nL. vent dire histoire. \u2018po. veut dire-partrite os\n", 
          "street_numbers": []
        }
      ], 
      "box": [
        141, 
        695, 
        801, 
        141
      ], 
      "checked": false, 
      "id": 289, 
      "ner_xml": "<PER>RE OR L U\n</PER>a.<ACT>vent dir\u00e9 apngrelle</ACT>,<CARDINAL>AT: nat, veut direhistotrena- r, \u00e9urdice ruine</CARDINAL>,\ndie. vibl,<ACT>dire animaur. s turefle</ACT>, * AV.<PER>Bi C\u00e9ute Hist\u00e9</PER>\u00e0 di\u00e9com-\n<TITRE>\u00c9. veut dire \u00e9mail, \u2018ma</TITRE>,<ACT>wgnt dire marine, pl\u00e9t\u00e9e sur l\u00e9livr\u00e9t-des artistes\nf. veut dire fours. on, v\u00e9ut dire m\u00e9nintur\u00e9. vivans d\u00e9 Petposil</ACT>. da 189\n#<ACT>vent Ge genres Pie teur</ACT>dire<LOC>passage: . nu .\n\nL. vent dire histoire. \u2018po. veut dire-partrite os\n</LOC>", 
      "origin": "computer", 
      "parent": 260, 
      "persons": [
        "RE OR L U\n", 
        "Bi C\u00e9ute Hist\u00e9"
      ], 
      "text_ocr": "RE OR L U\na. vent dir\u00e9 apngrelle, AT: nat, veut direhistotrena- r, \u00e9urdice ruine,\ndie. vibl, dire animaur. s turefle, * AV. Bi C\u00e9ute Hist\u00e9 \u00e0 di\u00e9com-\n\u00c9. veut dire \u00e9mail, \u2018ma, wgnt dire marine, pl\u00e9t\u00e9e sur l\u00e9livr\u00e9t-des artistes\nf. veut dire fours. on, v\u00e9ut dire m\u00e9nintur\u00e9. vivans d\u00e9 Petposil. da 189\n# vent Ge genres Pie teur dire passage: . nu .\n\nL. vent dire histoire. \u2018po. veut dire-partrite os\n", 
      "type": "ENTRY"
    }, 
    {
      "EOL": false, 
      "box": [
        142, 
        737, 
        240, 
        19
      ], 
      "id": 292, 
      "indented": true, 
      "parent": 291, 
      "text": "", 
      "type": "LINE"
    }, 
    {
      "addresses": [
        {
          "street_name": "V\u00c9UL Cite GA ROUX", 
          "street_numbers": []
        }
      ], 
      "box": [
        142, 
        737, 
        240, 
        19
      ], 
      "checked": false, 
      "id": 291, 
      "ner_xml": "tit,<LOC>V\u00c9UL Cite GA ROUX</LOC>.\n", 
      "origin": "computer", 
      "parent": 260, 
      "persons": [], 
      "text_ocr": "tit, V\u00c9UL Cite GA ROUX.\n", 
      "type": "ENTRY"
    }, 
    {
      "EOL": false, 
      "box": [
        141, 
        757, 
        170, 
        18
      ], 
      "id": 294, 
      "indented": true, 
      "parent": 293, 
      "text": "", 
      "type": "LINE"
    }, 
    {
      "addresses": [], 
      "box": [
        141, 
        757, 
        170, 
        18
      ], 
      "checked": false, 
      "id": 293, 
      "ner_xml": "\u00a3. veut<ACT>dif\u00e9 \u00e9rrtit\u00e9\u00e9.\n</ACT>", 
      "origin": "computer", 
      "parent": 260, 
      "persons": [], 
      "text_ocr": "\u00a3. veut dif\u00e9 \u00e9rrtit\u00e9\u00e9.\n", 
      "type": "ENTRY"
    }, 
    {
      "EOL": false, 
      "box": [
        136, 
        776, 
        161, 
        20
      ], 
      "id": 296, 
      "indented": true, 
      "parent": 295, 
      "text": "", 
      "type": "LINE"
    }, 
    {
      "addresses": [], 
      "box": [
        136, 
        776, 
        161, 
        20
      ], 
      "checked": false, 
      "id": 295, 
      "ner_xml": ".<ACT>vent dire #enrs.\n</ACT>", 
      "origin": "computer", 
      "parent": 260, 
      "persons": [], 
      "text_ocr": ". vent dire #enrs.\n", 
      "type": "ENTRY"
    }, 
    {
      "EOL": false, 
      "box": [
        138, 
        797, 
        161, 
        18
      ], 
      "id": 298, 
      "indented": true, 
      "parent": 297, 
      "text": "", 
      "type": "LINE"
    }, 
    {
      "addresses": [], 
      "box": [
        138, 
        797, 
        161, 
        18
      ], 
      "checked": false, 
      "id": 297, 
      "ner_xml": "<PER>\u00c6 VONC HIF\u00c9 LCNTE</PER>:\n", 
      "origin": "computer", 
      "parent": 260, 
      "persons": [
        "\u00c6 VONC HIF\u00c9 LCNTE"
      ], 
      "text_ocr": "\u00c6 VONC HIF\u00c9 LCNTE:\n", 
      "type": "ENTRY"
    }, 
    {
      "EOL": false, 
      "box": [
        139, 
        816, 
        181, 
        22
      ], 
      "id": 300, 
      "indented": true, 
      "parent": 299, 
      "text": "", 
      "type": "LINE"
    }, 
    {
      "addresses": [], 
      "box": [
        139, 
        816, 
        181, 
        22
      ], 
      "checked": false, 
      "id": 299, 
      "ner_xml": "#F.<PER>ventilire Rist\u00e9ir\u00e9</PER>,\n", 
      "origin": "computer", 
      "parent": 260, 
      "persons": [
        "ventilire Rist\u00e9ir\u00e9"
      ], 
      "text_ocr": "#F. ventilire Rist\u00e9ir\u00e9,\n", 
      "type": "ENTRY"
    }, 
    {
      "EOL": false, 
      "box": [
        140, 
        837, 
        331, 
        30
      ], 
      "id": 302, 
      "indented": true, 
      "parent": 301, 
      "text": "", 
      "type": "LINE"
    }, 
    {
      "addresses": [
        {
          "street_name": "Vendre", 
          "street_numbers": [
            "114"
          ]
        }
      ], 
      "box": [
        140, 
        837, 
        331, 
        30
      ], 
      "checked": false, 
      "id": 301, 
      "ner_xml": "<PER>Abe de Pajol</PER>,<TITRE>L., en</TITRE>.<LOC>Vendre</LOC>,<CARDINAL>114</CARDINAL>\n", 
      "origin": "computer", 
      "parent": 260, 
      "persons": [
        "Abe de Pajol"
      ], 
      "text_ocr": "Abe de Pajol, L., en. Vendre, 114\n", 
      "type": "ENTRY"
    }, 
    {
      "EOL": false, 
      "box": [
        139, 
        823, 
        804, 
        160
      ], 
      "id": 304, 
      "indented": true, 
      "parent": 303, 
      "text": "", 
      "type": "LINE"
    }, 
    {
      "addresses": [
        {
          "street_name": "\u00c6.,r. Vendbure", 
          "street_numbers": [
            "11", 
            "4"
          ]
        }, 
        {
          "street_name": "ge", 
          "street_numbers": [
            "2", 
            "5"
          ]
        }, 
        {
          "street_name": "Aa Bourne FA", 
          "street_numbers": [
            "15", 
            "29"
          ]
        }
      ], 
      "box": [
        139, 
        823, 
        804, 
        160
      ], 
      "checked": false, 
      "id": 303, 
      "ner_xml": "<PER>RS ET TE CO ERS &amp;\nAbel de Pujal</PER>,<LOC>\u00c6.,r. Vendbure</LOC>,<CARDINAL>11</CARDINAL>+<PER>ra Colombier</PER>,<CARDINAL>4</CARDINAL>\nee ER ar quo\nle Mursville,<LOC>ge</LOC>,<CARDINAL>2</CARDINAL>,<ACT>lay spas</ACT>, x: Groi<CARDINAL>5</CARDINAL>\nAles FA Lg tes ee Rate,<LOC>Aa Bourne FA</LOC>\u201cap\n[7 +.<ACT>du Helder</ACT>,<CARDINAL>15</CARDINAL>.<PER>Bulloe r Is</PER>,<CARDINAL>29</CARDINAL>\nGagny<ACT>du Fab. S. Honor\u00e9 gi le, pu F-omnan 3</ACT>.\n\u00c0 ;r. Sorbonne,<ACT>1x Fe Berger,n\u00e9e esarus (Mad)</ACT>,<ACT>\u00e6vr. do F\u00e9m-S.e\n</ACT>", 
      "origin": "computer", 
      "parent": 260, 
      "persons": [
        "RS ET TE CO ERS &\nAbel de Pujal", 
        "ra Colombier", 
        "Bulloe r Is"
      ], 
      "text_ocr": "RS ET TE CO ERS &\nAbel de Pujal, \u00c6.,r. Vendbure, 11 + ra Colombier, 4\nee ER ar quo\nle Mursville, ge, 2, lay spas, x: Groi 5\nAles FA Lg tes ee Rate, Aa Bourne FA \u201cap\n[7 +. du Helder, 15. Bulloe r Is, 29\nGagny du Fab. S. Honor\u00e9 gi le, pu F-omnan 3.\n\u00c0 ;r. Sorbonne, 1x Fe Berger,n\u00e9e esarus (Mad), \u00e6vr. do F\u00e9m-S.e\n", 
      "type": "ENTRY"
    }, 
    {
      "EOL": false, 
      "box": [
        139, 
        885, 
        173, 
        19
      ], 
      "id": 306, 
      "indented": true, 
      "parent": 305, 
      "text": "", 
      "type": "LINE"
    }, 
    {
      "addresses": [], 
      "box": [
        139, 
        885, 
        173, 
        19
      ], 
      "checked": false, 
      "id": 305, 
      "ner_xml": "<PER>\u00c9dsinent de Mrsei</PER>]\n", 
      "origin": "computer", 
      "parent": 260, 
      "persons": [
        "\u00c9dsinent de Mrsei"
      ], 
      "text_ocr": "\u00c9dsinent de Mrsei]\n", 
      "type": "ENTRY"
    }, 
    {
      "EOL": false, 
      "box": [
        141, 
        904, 
        272, 
        19
      ], 
      "id": 308, 
      "indented": true, 
      "parent": 307, 
      "text": "", 
      "type": "LINE"
    }, 
    {
      "addresses": [], 
      "box": [
        141, 
        904, 
        272, 
        19
      ], 
      "checked": false, 
      "id": 307, 
      "ner_xml": "<PER>Albrier</PER>,<ACT>\u00c6L , dr\u00e2e l'Ecole</ACT>,<CARDINAL>344</CARDINAL>\n", 
      "origin": "computer", 
      "parent": 260, 
      "persons": [
        "Albrier"
      ], 
      "text_ocr": "Albrier, \u00c6L , dr\u00e2e l'Ecole, 344\n", 
      "type": "ENTRY"
    }, 
    {
      "EOL": false, 
      "box": [
        141, 
        924, 
        364, 
        21
      ], 
      "id": 310, 
      "indented": true, 
      "parent": 309, 
      "text": "", 
      "type": "LINE"
    }, 
    {
      "addresses": [
        {
          "street_name": "r. du Hel\u00e9ter", 
          "street_numbers": [
            "15.7"
          ]
        }
      ], 
      "box": [
        141, 
        924, 
        364, 
        21
      ], 
      "checked": false, 
      "id": 309, 
      "ner_xml": "<PER>Anc\u00e9lot (Mad)</PER>,<CARDINAL>22</CARDINAL>, ,<LOC>r. du Hel\u00e9ter</LOC>,<CARDINAL>15.7</CARDINAL>.\n", 
      "origin": "computer", 
      "parent": 260, 
      "persons": [
        "Anc\u00e9lot (Mad)"
      ], 
      "text_ocr": "Anc\u00e9lot (Mad), 22, , r. du Hel\u00e9ter, 15.7 .\n", 
      "type": "ENTRY"
    }, 
    {
      "EOL": false, 
      "box": [
        141, 
        944, 
        363, 
        29
      ], 
      "id": 312, 
      "indented": true, 
      "parent": 311, 
      "text": "", 
      "type": "LINE"
    }, 
    {
      "addresses": [], 
      "box": [
        141, 
        944, 
        363, 
        29
      ], 
      "checked": false, 
      "id": 311, 
      "ner_xml": "<PER>Fof\u00e9lont</PER>,<ACT>r. da Fanb.=S.-Honor\u00e9</ACT>,<ACT>gfs\n</ACT>", 
      "origin": "computer", 
      "parent": 260, 
      "persons": [
        "Fof\u00e9lont"
      ], 
      "text_ocr": "Fof\u00e9lont, r. da Fanb.=S.-Honor\u00e9, gfs\n", 
      "type": "ENTRY"
    }, 
    {
      "EOL": false, 
      "box": [
        140, 
        964, 
        266, 
        20
      ], 
      "id": 314, 
      "indented": true, 
      "parent": 313, 
      "text": "", 
      "type": "LINE"
    }, 
    {
      "addresses": [], 
      "box": [
        140, 
        964, 
        266, 
        20
      ], 
      "checked": false, 
      "id": 313, 
      "ner_xml": "<PER>Ansiaux</PER>,<TITRE>#\u00a3</TITRE>.,r.<PER>Sorbpnrit</PER>,<ACT>vx\n</ACT>", 
      "origin": "computer", 
      "parent": 260, 
      "persons": [
        "Ansiaux", 
        "Sorbpnrit"
      ], 
      "text_ocr": "Ansiaux, #\u00a3.,r. Sorbpnrit, vx\n", 
      "type": "ENTRY"
    }, 
    {
      "EOL": false, 
      "box": [
        139, 
        981, 
        362, 
        24
      ], 
      "id": 316, 
      "indented": true, 
      "parent": 315, 
      "text": "", 
      "type": "LINE"
    }, 
    {
      "addresses": [], 
      "box": [
        139, 
        981, 
        362, 
        24
      ], 
      "checked": false, 
      "id": 315, 
      "ner_xml": "<PER>Armand, r: \u00ean Buitoir-S-Andr\u00e9</PER>,<CARDINAL>56</CARDINAL>. ,\n", 
      "origin": "computer", 
      "parent": 260, 
      "persons": [
        "Armand, r: \u00ean Buitoir-S-Andr\u00e9"
      ], 
      "text_ocr": "Armand, r: \u00ean Buitoir-S-Andr\u00e9, 56. ,\n", 
      "type": "ENTRY"
    }, 
    {
      "EOL": false, 
      "box": [
        139, 
        1004, 
        236, 
        22
      ], 
      "id": 318, 
      "indented": true, 
      "parent": 317, 
      "text": "", 
      "type": "LINE"
    }, 
    {
      "addresses": [
        {
          "street_name": "Nartyrs", 
          "street_numbers": [
            "4"
          ]
        }
      ], 
      "box": [
        139, 
        1004, 
        236, 
        22
      ], 
      "checked": false, 
      "id": 317, 
      "ner_xml": "<PER>Atoth\u00e9</PER>,<ACT>r. d\u00e9s</ACT><LOC>Nartyrs</LOC>,<CARDINAL>4</CARDINAL>:\n", 
      "origin": "computer", 
      "parent": 260, 
      "persons": [
        "Atoth\u00e9"
      ], 
      "text_ocr": "Atoth\u00e9, r. d\u00e9s Nartyrs, 4:\n", 
      "type": "ENTRY"
    }, 
    {
      "EOL": false, 
      "box": [
        141, 
        1024, 
        233, 
        21
      ], 
      "id": 320, 
      "indented": true, 
      "parent": 319, 
      "text": "", 
      "type": "LINE"
    }, 
    {
      "addresses": [], 
      "box": [
        141, 
        1024, 
        233, 
        21
      ], 
      "checked": false, 
      "id": 319, 
      "ner_xml": "<PER>Autery</PER>,<ACT>x. Ph\u00e9lpeanx</ACT>,<CARDINAL>50</CARDINAL>.\n", 
      "origin": "computer", 
      "parent": 260, 
      "persons": [
        "Autery"
      ], 
      "text_ocr": "Autery, x. Ph\u00e9lpeanx, 50.\n", 
      "type": "ENTRY"
    }, 
    {
      "EOL": false, 
      "box": [
        139, 
        984, 
        804, 
        98
      ], 
      "id": 322, 
      "indented": true, 
      "parent": 321, 
      "text": "", 
      "type": "LINE"
    }, 
    {
      "EOL": false, 
      "box": [
        161, 
        1066, 
        25, 
        14
      ], 
      "id": 323, 
      "indented": false, 
      "parent": 321, 
      "text": "", 
      "type": "LINE"
    }, 
    {
      "addresses": [
        {
          "street_name": "Honegre", 
          "street_numbers": [
            "19", 
            "+"
          ]
        }, 
        {
          "street_name": "d\u00e9s Martyrs", 
          "street_numbers": [
            "4", 
            "35", 
            "5"
          ]
        }, 
        {
          "street_name": "nan Coquenard", 
          "street_numbers": [
            "18", 
            "27", 
            "1"
          ]
        }
      ], 
      "box": [
        139, 
        984, 
        804, 
        98
      ], 
      "checked": false, 
      "id": 321, 
      "ner_xml": "<PER>Armand, r: 6m Buttoir-S.-An\u00fbr\u00e9</PER>,<CARDINAL>56</CARDINAL>,<CARDINAL>7</CARDINAL>.<LOC>Honegre</LOC>,<CARDINAL>19</CARDINAL>%\n\nAtathe,<CARDINAL>+</CARDINAL>.<LOC>d\u00e9s Martyrs</LOC>,<CARDINAL>4</CARDINAL>$ \u201c<PER>Ke, +. de Grenelle-S.-G\u00e9rmain</PER>,<CARDINAL>35</CARDINAL>.\nA<CARDINAL>5</CARDINAL><PER>Ph\u00e9lipeas</PER>,<ACT>pos - per frpice des Vi\u00e9aress %\na</ACT>Et me 7e No its-<PER>Chanrpis. eos</PER>,<LOC>nan Coquenard</LOC>,<CARDINAL>18</CARDINAL>T\n\n387 Fe _<CARDINAL>27</CARDINAL>Berger. du PoieMahon<CARDINAL>1</CARDINAL>% ou\n", 
      "origin": "computer", 
      "parent": 260, 
      "persons": [
        "Armand, r: 6m Buttoir-S.-An\u00fbr\u00e9", 
        "Ke, +. de Grenelle-S.-G\u00e9rmain", 
        "Ph\u00e9lipeas", 
        "Chanrpis. eos"
      ], 
      "text_ocr": "Armand, r: 6m Buttoir-S.-An\u00fbr\u00e9, 56, 7. Honegre, 19%\n\nAtathe, +. d\u00e9s Martyrs, 4 $ \u201c Ke, +. de Grenelle-S.-G\u00e9rmain, 35.\nA 5 Ph\u00e9lipeas, pos - per frpice des Vi\u00e9aress %\na Et me 7e No its-Chanrpis. eos, nan Coquenard, 18 T\n\n387 Fe _ 27 Berger. du PoieMahon 1% ou\n", 
      "type": "ENTRY"
    }, 
    {
      "EOL": false, 
      "box": [
        139, 
        1080, 
        804, 
        61
      ], 
      "id": 325, 
      "indented": true, 
      "parent": 324, 
      "text": "", 
      "type": "LINE"
    }, 
    {
      "EOL": false, 
      "box": [
        160, 
        1107, 
        26, 
        14
      ], 
      "id": 326, 
      "indented": false, 
      "parent": 324, 
      "text": "", 
      "type": "LINE"
    }, 
    {
      "addresses": [
        {
          "street_name": "x. Cro\u00efxvdes-Petits-Char Bexr\u00e9", 
          "street_numbers": [
            "38"
          ]
        }
      ], 
      "box": [
        139, 
        1080, 
        804, 
        61
      ], 
      "checked": false, 
      "id": 324, 
      "ner_xml": "<PER>Augnstin</PER>,<CARDINAL>7e</CARDINAL>.,<LOC>x. Cro\u00efxvdes-Petits-Char Bexr\u00e9</LOC>,<ACT>au ardra du or, .\n5 Por Fe Dead; pes; do ai</ACT>, FA s\n<PER>Aumer</PER>,<ACT>r. d'Artois</ACT>,<CARDINAL>38</CARDINAL>.<PER>Berdion. Le mN</PER><PER>Acghstin</PER>,<ACT>r$ |\n</ACT>", 
      "origin": "computer", 
      "parent": 260, 
      "persons": [
        "Augnstin", 
        "Aumer", 
        "Berdion. Le mN", 
        "Acghstin"
      ], 
      "text_ocr": "Augnstin, 7e., x. Cro\u00efxvdes-Petits-Char Bexr\u00e9, au ardra du or, .\n5 Por Fe Dead; pes; do ai, FA s\nAumer, r. d'Artois, 38. Berdion. Le mN Acghstin, r$ |\n", 
      "type": "ENTRY"
    }, 
    {
      "EOL": false, 
      "box": [
        140, 
        1122, 
        212, 
        21
      ], 
      "id": 328, 
      "indented": true, 
      "parent": 327, 
      "text": "", 
      "type": "LINE"
    }, 
    {
      "addresses": [], 
      "box": [
        140, 
        1122, 
        212, 
        21
      ], 
      "checked": false, 
      "id": 327, 
      "ner_xml": "<PER>Aumer</PER>,<ACT>r. d'Artois</ACT>,<CARDINAL>38</CARDINAL>.\n", 
      "origin": "computer", 
      "parent": 260, 
      "persons": [
        "Aumer"
      ], 
      "text_ocr": "Aumer, r. d'Artois, 38.\n", 
      "type": "ENTRY"
    }, 
    {
      "EOL": false, 
      "box": [
        140, 
        1141, 
        307, 
        23
      ], 
      "id": 330, 
      "indented": true, 
      "parent": 329, 
      "text": "", 
      "type": "LINE"
    }, 
    {
      "addresses": [], 
      "box": [
        140, 
        1141, 
        307, 
        23
      ], 
      "checked": false, 
      "id": 329, 
      "ner_xml": "<PER>Autessier</PER>,<ACT>po.</ACT>,<CARDINAL>5</CARDINAL>.<PER>Feyd\u00e9an</PER>,<CARDINAL>4</CARDINAL>\u201d\n", 
      "origin": "computer", 
      "parent": 260, 
      "persons": [
        "Autessier", 
        "Feyd\u00e9an"
      ], 
      "text_ocr": "Autessier, po., 5. Feyd\u00e9an, 4 \u201d\n", 
      "type": "ENTRY"
    }, 
    {
      "EOL": false, 
      "box": [
        138, 
        1141, 
        801, 
        203
      ], 
      "id": 332, 
      "indented": true, 
      "parent": 331, 
      "text": "", 
      "type": "LINE"
    }, 
    {
      "EOL": false, 
      "box": [
        159, 
        1183, 
        29, 
        17
      ], 
      "id": 333, 
      "indented": false, 
      "parent": 331, 
      "text": "", 
      "type": "LINE"
    }, 
    {
      "addresses": [
        {
          "street_name": "Afaincs, F7", 
          "street_numbers": []
        }, 
        {
          "street_name": "2,2 Grammont; ro. \u2019\nBarbier Wa\u00efbonne", 
          "street_numbers": [
            "29", 
            "1"
          ]
        }, 
        {
          "street_name": "boul. du Te sin\nBatagly le, v. Chidebort", 
          "street_numbers": [
            "62"
          ]
        }, 
        {
          "street_name": "Sorbonne,.3", 
          "street_numbers": []
        }, 
        {
          "street_name": "Bitier", 
          "street_numbers": [
            "14", 
            "4", 
            "3"
          ]
        }, 
        {
          "street_name": "Palais", 
          "street_numbers": [
            "83"
          ]
        }
      ], 
      "box": [
        138, 
        1141, 
        801, 
        203
      ], 
      "checked": false, 
      "id": 331, 
      "ner_xml": "<PER>Antessier</PER>,<ACT>po. r. Feydea 4 Bertin</ACT>,<ACT>pa.sr</ACT>,<LOC>Afaincs, F7</LOC>.\nnn Made SAatr\u00e9demArts,  Besn fa<ACT>nat F. Sodioqne</ACT>,<ACT>g-\n\n: r\u00e9</ACT>,<LOC>2,2 Grammont; ro. \u2019\nBarbier Wa\u00efbonne</LOC>,<ACT>r d\u00e9</ACT>Sbvres, 19e Re one,<ACT>ser one \u2018du Mont-\nBirmont</ACT>,<ACT>pa, , r. $ Anne</ACT>,<CARDINAL>29</CARDINAL>. .<PER>Painosse</PER>, O3. -- eo\nPacrois,<ACT>me, r. S.-Sonv\u00e8ur</ACT>,<CARDINAL>1</CARDINAL>Pidrinne,<LOC>boul. du Te sin\nBatagly le, v. Chidebort</LOC>,<PER>Bidaal</PER>,<ACT>pa,r. de l'Acbre Sec</ACT>,<CARDINAL>62</CARDINAL>.\nB\u00e9zin , Het po, que<LOC>Sorbonne,.3</LOC>,<LOC>Bitier</LOC>, He<PER>Bomrtreil is</PER>,<ACT>v5.\n\n</ACT>Beacghel,<ACT>r. des Gordiers</ACT>,<CARDINAL>14</CARDINAL><PER>Elanchard</PER>,<ACT>r. du Dragon</ACT>,<ACT>3j:</ACT>.\nBeaunier (Firmin),<CARDINAL>4</CARDINAL>, #. dif J'aidinet,<CARDINAL>3</CARDINAL>.<PER>Blanchet</PER>,<ACT>po.</ACT>,<LOC>Palais</LOC>,<CARDINAL>83</CARDINAL>. ,\n", 
      "origin": "computer", 
      "parent": 260, 
      "persons": [
        "Antessier", 
        "Painosse", 
        "Bidaal", 
        "Bomrtreil is", 
        "Elanchard", 
        "Blanchet"
      ], 
      "text_ocr": "Antessier, po. r. Feydea 4 Bertin ,pa.sr, Afaincs, F7.\nnn Made SAatr\u00e9demArts,  Besn fa nat F. Sodioqne, g-\n\n: r\u00e9, 2,2 Grammont; ro. \u2019\nBarbier Wa\u00efbonne , r d\u00e9 Sbvres, 19e Re one, ser one \u2018du Mont-\nBirmont, pa, , r. $ Anne, 29. . Painosse, O3. -- eo\nPacrois, me, r. S.-Sonv\u00e8ur, 1 Pidrinne, boul. du Te sin\nBatagly le, v. Chidebort, Bidaal, pa,r. de l'Acbre Sec, 62.\nB\u00e9zin , Het po, que Sorbonne,.3, Bitier, He Bomrtreil is, v5.\n\nBeacghel, r. des Gordiers, 14 Elanchard , r. du Dragon, 3j: .\nBeaunier (Firmin), 4, #. dif J'aidinet, 3. Blanchet, po., Palais, 83. ,\n", 
      "type": "ENTRY"
    }, 
    {
      "EOL": false, 
      "box": [
        137, 
        1199, 
        323, 
        26
      ], 
      "id": 335, 
      "indented": true, 
      "parent": 334, 
      "text": "", 
      "type": "LINE"
    }, 
    {
      "addresses": [], 
      "box": [
        137, 
        1199, 
        323, 
        26
      ], 
      "checked": false, 
      "id": 334, 
      "ner_xml": "<PER>Barbier WWalbonne</PER>,<ACT>r. de S\u00e8vres</ACT>,<CARDINAL>19</CARDINAL>\u00bb\n", 
      "origin": "computer", 
      "parent": 260, 
      "persons": [
        "Barbier WWalbonne"
      ], 
      "text_ocr": "Barbier WWalbonne , r. de S\u00e8vres , 19\u00bb\n", 
      "type": "ENTRY"
    }, 
    {
      "EOL": false, 
      "box": [
        138, 
        1222, 
        304, 
        21
      ], 
      "id": 337, 
      "indented": true, 
      "parent": 336, 
      "text": "", 
      "type": "LINE"
    }, 
    {
      "addresses": [
        {
          "street_name": "Tr.", 
          "street_numbers": [
            "9", 
            "29"
          ]
        }
      ], 
      "box": [
        138, 
        1222, 
        304, 
        21
      ], 
      "checked": false, 
      "id": 336, 
      "ner_xml": "<PER>Birmont</PER>,<ACT>ps,</ACT>,<LOC>Tr.</LOC><CARDINAL>9</CARDINAL>+ Anne,<CARDINAL>29</CARDINAL>,: .\n", 
      "origin": "computer", 
      "parent": 260, 
      "persons": [
        "Birmont"
      ], 
      "text_ocr": "Birmont, ps, , Tr. 9 + Anne, 29 ,: .\n", 
      "type": "ENTRY"
    }, 
    {
      "EOL": false, 
      "box": [
        138, 
        1241, 
        280, 
        21
      ], 
      "id": 339, 
      "indented": true, 
      "parent": 338, 
      "text": "", 
      "type": "LINE"
    }, 
    {
      "addresses": [
        {
          "street_name": "9.-Sanveut", 
          "street_numbers": [
            "13"
          ]
        }
      ], 
      "box": [
        138, 
        1241, 
        280, 
        21
      ], 
      "checked": false, 
      "id": 338, 
      "ner_xml": "<PER>R\u00e4crois</PER>,<ACT>m2,</ACT>,<CARDINAL>7</CARDINAL>.<LOC>9.-Sanveut</LOC>,<CARDINAL>13</CARDINAL>.\n", 
      "origin": "computer", 
      "parent": 260, 
      "persons": [
        "R\u00e4crois"
      ], 
      "text_ocr": "R\u00e4crois, m2,, 7. 9.-Sanveut, 13.\n", 
      "type": "ENTRY"
    }, 
    {
      "EOL": false, 
      "box": [
        138, 
        1262, 
        276, 
        20
      ], 
      "id": 341, 
      "indented": true, 
      "parent": 340, 
      "text": "", 
      "type": "LINE"
    }, 
    {
      "addresses": [
        {
          "street_name": "x. Chidencrt", 
          "street_numbers": [
            "9"
          ]
        }
      ], 
      "box": [
        138, 
        1262, 
        276, 
        20
      ], 
      "checked": false, 
      "id": 340, 
      "ner_xml": "<PER>Bataglinvy fs</PER>,<LOC>x. Chidencrt</LOC>,<CARDINAL>9</CARDINAL>,\n", 
      "origin": "computer", 
      "parent": 260, 
      "persons": [
        "Bataglinvy fs"
      ], 
      "text_ocr": "Bataglinvy fs, x. Chidencrt, 9,\n", 
      "type": "ENTRY"
    }, 
    {
      "EOL": false, 
      "box": [
        139, 
        1280, 
        323, 
        22
      ], 
      "id": 343, 
      "indented": true, 
      "parent": 342, 
      "text": "", 
      "type": "LINE"
    }, 
    {
      "addresses": [
        {
          "street_name": "placc Sorbonne", 
          "street_numbers": [
            "5"
          ]
        }
      ], 
      "box": [
        139, 
        1280, 
        323, 
        22
      ], 
      "checked": false, 
      "id": 342, 
      "ner_xml": "<PER>Bizin</PER>,<ACT>\u00c0. et po</ACT>,<LOC>placc Sorbonne</LOC>,<CARDINAL>5</CARDINAL>,\n", 
      "origin": "computer", 
      "parent": 260, 
      "persons": [
        "Bizin"
      ], 
      "text_ocr": "Bizin , \u00c0. et po, placc Sorbonne, 5,\n", 
      "type": "ENTRY"
    }, 
    {
      "EOL": false, 
      "box": [
        138, 
        1301, 
        277, 
        21
      ], 
      "id": 345, 
      "indented": true, 
      "parent": 344, 
      "text": "", 
      "type": "LINE"
    }, 
    {
      "addresses": [], 
      "box": [
        138, 
        1301, 
        277, 
        21
      ], 
      "checked": false, 
      "id": 344, 
      "ner_xml": "<PER>Bceacgbel</PER>,<ACT>r. des Gordiers</ACT>,<CARDINAL>13</CARDINAL>.\n", 
      "origin": "computer", 
      "parent": 260, 
      "persons": [
        "Bceacgbel"
      ], 
      "text_ocr": "Bceacgbel, r. des Gordiers, 13.\n", 
      "type": "ENTRY"
    }, 
    {
      "EOL": false, 
      "box": [
        138, 
        1318, 
        375, 
        26
      ], 
      "id": 347, 
      "indented": true, 
      "parent": 346, 
      "text": "", 
      "type": "LINE"
    }, 
    {
      "addresses": [], 
      "box": [
        138, 
        1318, 
        375, 
        26
      ], 
      "checked": false, 
      "id": 346, 
      "ner_xml": "Beaunier {<PER>Firmin)</PER>,<PER>\u00c6</PER>,<ACT>x. dt Jardinet</ACT>,<CARDINAL>3</CARDINAL>.\n", 
      "origin": "computer", 
      "parent": 260, 
      "persons": [
        "Firmin)", 
        "\u00c6"
      ], 
      "text_ocr": "Beaunier { Firmin), \u00c6 , x. dt Jardinet, 3.\n", 
      "type": "ENTRY"
    }, 
    {
      "box": [
        134, 
        36, 
        809, 
        1308
      ], 
      "id": 260, 
      "parent": 259, 
      "type": "COLUMN_LEVEL_2"
    }, 
    {
      "box": [
        134, 
        36, 
        809, 
        1308
      ], 
      "id": 259, 
      "parent": 258, 
      "type": "SECTION_LEVEL_2"
    }, 
    {
      "box": [
        134, 
        36, 
        809, 
        1308
      ], 
      "id": 258, 
      "parent": 257, 
      "type": "COLUMN_LEVEL_1"
    }, 
    {
      "box": [
        107, 
        36, 
        836, 
        1308
      ], 
      "id": 257, 
      "parent": 256, 
      "type": "SECTION_LEVEL_1"
    }, 
    {
      "box": [
        107, 
        36, 
        836, 
        1308
      ], 
      "id": 256, 
      "type": "PAGE"
    }
  ], 
  "mode": "cached"
}
