[
  {
    "box": [
      94,
      118,
      1784,
      36
    ],
    "checked": false,
    "id": 257,
    "origin": "computer",
    "parent": 256,
    "text": "zx vHII Liste genéraie 4\n",
    "type": "TITLE_LEVEL_1"
  },
  {
    "EOL": false,
    "box": [
      106,
      176,
      802,
      56
    ],
    "id": 263,
    "indented": false,
    "parent": 262,
    "text": "",
    "type": "LINE"
  },
  {
    "addresses": [
      {
        "street_name": "S.-Denis",
        "street_numbers": [
          "356"
        ]
      }
    ],
    "box": [
      106,
      176,
      802,
      56
    ],
    "checked": true,
    "id": 262,
    "origin": "human",
    "parent": 261,
    "persons": [
      "Bullÿ-Poincignen"
    ],
    "score": 1,
    "text_ocr": "##Bullÿ-Poincignen## , ££nouveautes££, @@S.-Denis@@, $$356$$.\n",
    "type": "ENTRY"
  },
  {
    "EOL": false,
    "box": [
      108,
      212,
      610,
      44
    ],
    "id": 265,
    "indented": true,
    "parent": 264,
    "text": "",
    "type": "LINE"
  },
  {
    "addresses": [
      {
        "street_name": "S.-Honoré",
        "street_numbers": [
          "416"
        ]
      }
    ],
    "box": [
      108,
      212,
      610,
      44
    ],
    "checked": true,
    "id": 264,
    "origin": "human",
    "parent": 261,
    "persons": [
      "Baily"
    ],
    "score": 1,
    "text_ocr": "##Baily##, ££coutekier££, %%@@S.-Honoré@@, $$416$$%%...\n",
    "type": "ENTRY"
  },
  {
    "EOL": false,
    "box": [
      106,
      252,
      614,
      38
    ],
    "id": 267,
    "indented": true,
    "parent": 266,
    "text": "",
    "type": "LINE"
  },
  {
    "addresses": [
      {
        "street_name": "Boulangers",
        "street_numbers": [
          "92"
        ]
      }
    ],
    "box": [
      106,
      252,
      614,
      38
    ],
    "checked": true,
    "id": 266,
    "origin": "human",
    "parent": 261,
    "persons": [
      "Bainée"
    ],
    "score": 1,
    "text_ocr": "##Bainée## , ££serruwrier££, %%@@Boulangers@@, $$92$$%%.\n",
    "type": "ENTRY"
  },
  {
    "EOL": false,
    "box": [
      108,
      290,
      854,
      44
    ],
    "id": 269,
    "indented": true,
    "parent": 268,
    "text": "",
    "type": "LINE"
  },
  {
    "addresses": [
      {
        "street_name": "Quincampoix",
        "street_numbers": [
          "47"
        ]
      }
    ],
    "box": [
      108,
      290,
      854,
      44
    ],
    "checked": true,
    "id": 268,
    "origin": "human",
    "parent": 261,
    "persons": [
      "Baingant ct Orianne"
    ],
    "score": 1,
    "text_ocr": "##Baingant ct Orianne## , ££Oijoutiers££, %%@@Quincampoix@@ ;: $$47$$%%.\n",
    "type": "ENTRY"
  },
  {
    "EOL": false,
    "box": [
      108,
      328,
      606,
      40
    ],
    "id": 271,
    "indented": true,
    "parent": 270,
    "text": "",
    "type": "LINE"
  },
  {
    "addresses": [],
    "box": [
      108,
      328,
      606,
      40
    ],
    "checked": true,
    "id": 270,
    "origin": "human",
    "parent": 261,
    "persons": [
      "Dajins publics!"
    ],
    "score": -1,
    "street": "",
    "street_number": "",
    "text_ocr": "##Dajins publics!## Feyes pages 8 ct o.\n",
    "type": "ENTRY"
  },
  {
    "EOL": false,
    "box": [
      108,
      366,
      732,
      42
    ],
    "id": 273,
    "indented": true,
    "parent": 272,
    "text": "",
    "type": "LINE"
  },
  {
    "addresses": [
      {
        "street_name": "Traversière-S.-Honoré",
        "street_numbers": [
          "14"
        ]
      }
    ],
    "box": [
      108,
      366,
      732,
      42
    ],
    "checked": true,
    "id": 272,
    "origin": "human",
    "parent": 261,
    "persons": [
      "Baisnée"
    ],
    "score": 0.5,
    "text_ocr": "##Baisnée## , ££epicier££, %%@@Traversière-S.-Honoré@@, $$14$$%%.\n",
    "type": "ENTRY"
  },
  {
    "EOL": false,
    "box": [
      110,
      404,
      614,
      38
    ],
    "id": 275,
    "indented": true,
    "parent": 274,
    "text": "",
    "type": "LINE"
  },
  {
    "addresses": [
      {
        "street_name": "Sèvres",
        "street_numbers": [
          "70"
        ]
      }
    ],
    "box": [
      110,
      404,
      614,
      38
    ],
    "checked": true,
    "id": 274,
    "origin": "human",
    "parent": 261,
    "persons": [
      "Bulsnée"
    ],
    "score": 1,
    "text_ocr": "##Bulsnée## , ££couleurs££, %%@@Sèvres@@ , $$70$$%%. ÿ\n",
    "type": "ENTRY"
  },
  {
    "EOL": false,
    "box": [
      108,
      442,
      862,
      42
    ],
    "id": 277,
    "indented": true,
    "parent": 276,
    "text": "",
    "type": "LINE"
  },
  {
    "addresses": [
      {
        "street_name": "Bourb.-Villen.",
        "street_numbers": [
          "17"
        ]
      }
    ],
    "box": [
      108,
      442,
      862,
      42
    ],
    "checked": true,
    "id": 276,
    "origin": "human",
    "parent": 261,
    "persons": [
      "Baisnée (Mad.)"
    ],
    "score": 0.8333333333333334,
    "text_ocr": "##Baisnée (Mad.)##, ££bur. de lot. 25££, %%@@Bourb.-Villen.@@, $$17$$%%.\n",
    "type": "ENTRY"
  },
  {
    "EOL": false,
    "box": [
      108,
      480,
      864,
      40
    ],
    "id": 279,
    "indented": true,
    "parent": 278,
    "text": "",
    "type": "LINE"
  },
  {
    "addresses": [
      {
        "street_name": "Mail",
        "street_numbers": [
          "24"
        ]
      }
    ],
    "box": [
      108,
      480,
      864,
      40
    ],
    "checked": true,
    "id": 278,
    "origin": "human",
    "parent": 261,
    "persons": [
      "Daismée (E,}et À: Marin"
    ],
    "score": 1,
    "text_ocr": "##Daismée (E,}et À: Marin##, ££tissus merinos££, %%@@Mail@@ ; $$24$$%%.\n",
    "type": "ENTRY"
  },
  {
    "EOL": false,
    "box": [
      108,
      518,
      880,
      40
    ],
    "id": 281,
    "indented": true,
    "parent": 280,
    "text": "",
    "type": "LINE"
  },
  {
    "addresses": [
      {
        "street_name": "Godôt-de-Mauroy",
        "street_numbers": [
          "24"
        ]
      }
    ],
    "box": [
      108,
      518,
      880,
      40
    ],
    "checked": true,
    "id": 280,
    "origin": "human",
    "parent": 261,
    "persons": [
      "Daisscy"
    ],
    "score": 1,
    "text_ocr": "##Daisscy## µµ3%µµ ££insp. gen. enregistr.££, %%@@Godôt-de-Mauroy@@,$$24$$%%.\n",
    "type": "ENTRY"
  },
  {
    "EOL": false,
    "box": [
      106,
      556,
      610,
      38
    ],
    "id": 283,
    "indented": true,
    "parent": 282,
    "text": "",
    "type": "LINE"
  },
  {
    "addresses": [
      {
        "street_name": "allée Marbeuf",
        "street_numbers": [
          "11"
        ]
      }
    ],
    "box": [
      106,
      556,
      610,
      38
    ],
    "checked": true,
    "id": 282,
    "origin": "human",
    "parent": 261,
    "persons": [
      "Bajard : Amédée)"
    ],
    "score": 1,
    "text_ocr": "##Bajard : Amédée)##, %%@@allée Marbeuf@@, $$11$$%%.\n",
    "type": "ENTRY"
  },
  {
    "EOL": false,
    "box": [
      106,
      592,
      666,
      38
    ],
    "id": 285,
    "indented": true,
    "parent": 284,
    "text": "",
    "type": "LINE"
  },
  {
    "addresses": [
      {
        "street_name": "Battoir-S.-André",
        "street_numbers": [
          "5"
        ]
      }
    ],
    "box": [
      106,
      592,
      666,
      38
    ],
    "checked": true,
    "id": 284,
    "origin": "human",
    "parent": 261,
    "persons": [
      "Bojaud"
    ],
    "score": 0.5,
    "text_ocr": "##Bojaud## , ££serrurier££, %%@@Battoir-S.-André@@,. $$5$$%%.\n",
    "type": "ENTRY"
  },
  {
    "EOL": false,
    "box": [
      106,
      628,
      826,
      58
    ],
    "id": 287,
    "indented": true,
    "parent": 286,
    "text": "",
    "type": "LINE"
  },
  {
    "addresses": [
      {
        "street_name": "Fg.-S.-Honoré",
        "street_numbers": [
          "127"
        ]
      }
    ],
    "box": [
      106,
      628,
      826,
      58
    ],
    "checked": true,
    "id": 286,
    "origin": "human",
    "parent": 261,
    "persons": [
      "Bajot"
    ],
    "score": 0.5,
    "text_ocr": "##Bajot## µµYeµµ, ££chef à la marineµµ, %%@@Fg.-S.-Honoré@@, $$127$$%%.\n",
    "type": "ENTRY"
  },
  {
    "EOL": false,
    "box": [
      106,
      668,
      620,
      42
    ],
    "id": 289,
    "indented": true,
    "parent": 288,
    "text": "",
    "type": "LINE"
  },
  {
    "addresses": [
      {
        "street_name": "&. Bourbon",
        "street_numbers": [
          "53"
        ]
      }
    ],
    "box": [
      106,
      668,
      620,
      42
    ],
    "checked": true,
    "id": 288,
    "origin": "human",
    "parent": 261,
    "persons": [
      "Backer"
    ],
    "score": 1,
    "text_ocr": "##Backer##, ££general££, %%@@&. Bourbon@@ , $$53$$%%.\n",
    "type": "ENTRY"
  },
  {
    "EOL": false,
    "box": [
      108,
      708,
      724,
      38
    ],
    "id": 291,
    "indented": true,
    "parent": 290,
    "text": "",
    "type": "LINE"
  },
  {
    "addresses": [
      {
        "street_name": "Montorgueit",
        "street_numbers": [
          "71"
        ]
      }
    ],
    "box": [
      108,
      708,
      724,
      38
    ],
    "checked": true,
    "id": 290,
    "origin": "human",
    "parent": 261,
    "persons": [
      "Baluine"
    ],
    "score": 0.9545454545454546,
    "text_ocr": "##Baluine## , ££anc, nég.££, %%@@Montorgueit@@, $$71$$%%, -\n",
    "type": "ENTRY"
  },
  {
    "EOL": false,
    "box": [
      104,
      744,
      884,
      44
    ],
    "id": 293,
    "indented": true,
    "parent": 292,
    "text": "",
    "type": "LINE"
  },
  {
    "addresses": [
      {
        "street_name": "faub. Femple",
        "street_numbers": [
          "or"
        ]
      }
    ],
    "box": [
      104,
      744,
      884,
      44
    ],
    "checked": true,
    "id": 292,
    "origin": "human",
    "parent": 261,
    "persons": [
      "Balaine (Ch:°.)"
    ],
    "score": 0.33333333333333337,
    "text_ocr": "##Balaine (Ch:°.)## ££f. plaqué , casques££ ; %%@@faub. Femple@@, $$or$$%%.\n",
    "type": "ENTRY"
  },
  {
    "EOL": false,
    "box": [
      102,
      784,
      782,
      44
    ],
    "id": 295,
    "indented": true,
    "parent": 294,
    "text": "",
    "type": "LINE"
  },
  {
    "addresses": [
      {
        "street_name": "S.-Louis-en-Pile",
        "street_numbers": [
          "57"
        ]
      }
    ],
    "box": [
      102,
      784,
      782,
      44
    ],
    "checked": true,
    "id": 294,
    "origin": "human",
    "parent": 261,
    "persons": [
      "Balandin (4.)"
    ],
    "score": 0.9473684210526316,
    "text_ocr": "##Balandin (4.)##, ££menuisier££, %%@@S.-Louis-en-Pile@@, $$57$$%%.\n",
    "type": "ENTRY"
  },
  {
    "EOL": false,
    "box": [
      104,
      820,
      654,
      40
    ],
    "id": 297,
    "indented": true,
    "parent": 296,
    "text": "",
    "type": "LINE"
  },
  {
    "addresses": [
      {
        "street_name": "Vieux-Augustins",
        "street_numbers": [
          "35"
        ]
      }
    ],
    "box": [
      104,
      820,
      654,
      40
    ],
    "checked": true,
    "id": 296,
    "origin": "human",
    "parent": 261,
    "persons": [
      "Balary"
    ],
    "score": 0.5,
    "text_ocr": "##Balary##, ££libruire££ , %%@@Vieux-Augustins@@ , $$35$$%%.\n",
    "type": "ENTRY"
  },
  {
    "EOL": false,
    "box": [
      104,
      858,
      588,
      42
    ],
    "id": 299,
    "indented": true,
    "parent": 298,
    "text": "",
    "type": "LINE"
  },
  {
    "addresses": [
      {
        "street_name": "Ste-Anne",
        "street_numbers": [
          "48"
        ]
      }
    ],
    "box": [
      104,
      858,
      588,
      42
    ],
    "checked": true,
    "id": 298,
    "origin": "human",
    "parent": 261,
    "persons": [
      "Balatier (De)"
    ],
    "score": 1,
    "text_ocr": "##Balatier (De)## µµO. Xeµµ, %%@@Ste-Anne@@ , $$48$$%%.\n",
    "type": "ENTRY"
  },
  {
    "EOL": false,
    "box": [
      102,
      896,
      886,
      52
    ],
    "id": 301,
    "indented": true,
    "parent": 300,
    "text": "",
    "type": "LINE"
  },
  {
    "addresses": [
      {
        "street_name": "Boyale-S.-Martin",
        "street_numbers": [
          "32"
        ]
      }
    ],
    "box": [
      102,
      896,
      886,
      52
    ],
    "checked": true,
    "id": 300,
    "origin": "human",
    "parent": 261,
    "persons": [
      "Balayage public"
    ],
    "score": 0.5,
    "text_ocr": "##Balayage public## & %%@@Boyale-S.-Martin@@ , $$32$$%%, et %%@@Mail@@, $$11$$%%.\n",
    "type": "ENTRY"
  },
  {
    "EOL": false,
    "box": [
      102,
      934,
      742,
      42
    ],
    "id": 303,
    "indented": true,
    "parent": 302,
    "text": "",
    "type": "LINE"
  },
  {
    "addresses": [
      {
        "street_name": "Saintonge",
        "street_numbers": [
          "15"
        ]
      }
    ],
    "box": [
      102,
      934,
      742,
      42
    ],
    "checked": true,
    "id": 302,
    "origin": "human",
    "parent": 261,
    "persons": [
      "Balbastre"
    ],
    "score": 1,
    "text_ocr": "##Balbastre## µµKeµµ, ££commiss.-pris.££, %%@@Saintonge@@, $$15$$%%.\n",
    "type": "ENTRY"
  },
  {
    "EOL": false,
    "box": [
      102,
      972,
      564,
      44
    ],
    "id": 305,
    "indented": true,
    "parent": 304,
    "text": "",
    "type": "LINE"
  },
  {
    "addresses": [
      {
        "street_name": "Colombier",
        "street_numbers": [
          "19"
        ]
      }
    ],
    "box": [
      102,
      972,
      564,
      44
    ],
    "checked": true,
    "id": 304,
    "origin": "human",
    "parent": 261,
    "persons": [
      "Balbi"
    ],
    "score": 0.9444444444444444,
    "text_ocr": "##Balbi## , ££professeur££, %%@@Colombier@@; $$19$$%%.\n",
    "type": "ENTRY"
  },
  {
    "EOL": false,
    "box": [
      100,
      1010,
      608,
      42
    ],
    "id": 307,
    "indented": true,
    "parent": 306,
    "text": "",
    "type": "LINE"
  },
  {
    "addresses": [
      {
        "street_name": "Joubert",
        "street_numbers": [
          "18"
        ]
      }
    ],
    "box": [
      100,
      1010,
      608,
      42
    ],
    "checked": true,
    "id": 306,
    "origin": "human",
    "parent": 261,
    "persons": [
      "Balbi-Piovera (Mi* de)"
    ],
    "score": 1,
    "text_ocr": "##Balbi-Piovera (Mi* de)##, %%@@Joubert@@, $$18$$%%.\n",
    "type": "ENTRY"
  },
  {
    "EOL": false,
    "box": [
      102,
      1048,
      518,
      44
    ],
    "id": 309,
    "indented": true,
    "parent": 308,
    "text": "",
    "type": "LINE"
  },
  {
    "addresses": [
      {
        "street_name": "Université",
        "street_numbers": [
          "67"
        ]
      }
    ],
    "box": [
      102,
      1048,
      518,
      44
    ],
    "checked": true,
    "id": 308,
    "origin": "human",
    "parent": 261,
    "persons": [
      "Balbi (C‘#° de)"
    ],
    "score": 1,
    "text_ocr": "##Balbi (C‘#° de)##, %%@@Université@@, $$67$$%%.\n",
    "type": "ENTRY"
  },
  {
    "EOL": false,
    "box": [
      102,
      1086,
      788,
      40
    ],
    "id": 311,
    "indented": true,
    "parent": 310,
    "text": "",
    "type": "LINE"
  },
  {
    "addresses": [
      {
        "street_name": "Fg. -S.-Honoré",
        "street_numbers": [
          "30"
        ]
      }
    ],
    "box": [
      102,
      1086,
      788,
      40
    ],
    "checked": true,
    "id": 310,
    "origin": "human",
    "parent": 261,
    "persons": [
      "Balbon"
    ],
    "score": 0.5,
    "text_ocr": "##Balbon##,; ££maître de pension££, %%@@Fg. -S.-Honoré@@, $$30$$%%.\n",
    "type": "ENTRY"
  },
  {
    "EOL": false,
    "box": [
      104,
      1124,
      606,
      38
    ],
    "id": 313,
    "indented": true,
    "parent": 312,
    "text": "",
    "type": "LINE"
  },
  {
    "addresses": [
      {
        "street_name": "S.- Sauveur",
        "street_numbers": [
          "16"
        ]
      }
    ],
    "box": [
      104,
      1124,
      606,
      38
    ],
    "checked": true,
    "id": 312,
    "origin": "human",
    "parent": 261,
    "persons": [
      "Baldé"
    ],
    "score": 1,
    "text_ocr": "##Baldé##, ££avoué c. roy.££, %%@@S.- Sauveur@@, $$16$$%%.\n",
    "type": "ENTRY"
  },
  {
    "EOL": false,
    "box": [
      104,
      1162,
      694,
      46
    ],
    "id": 315,
    "indented": true,
    "parent": 314,
    "text": "",
    "type": "LINE"
  },
  {
    "addresses": [
      {
        "street_name": "S.-Honoré,",
        "street_numbers": [
          "288"
        ]
      }
    ],
    "box": [
      104,
      1162,
      694,
      46
    ],
    "checked": true,
    "id": 314,
    "origin": "human",
    "parent": 261,
    "persons": [
      "Banié"
    ],
    "score": 1,
    "text_ocr": "##Banié##, ££fab. de veilleuses££, %%@@S.-Honoré,@@ $$288$$%%.\n",
    "type": "ENTRY"
  },
  {
    "EOL": false,
    "box": [
      102,
      1198,
      512,
      42
    ],
    "id": 317,
    "indented": true,
    "parent": 316,
    "text": "",
    "type": "LINE"
  },
  {
    "addresses": [
      {
        "street_name": "Pais",
        "street_numbers": [
          "15"
        ]
      }
    ],
    "box": [
      102,
      1198,
      512,
      42
    ],
    "checked": true,
    "id": 316,
    "origin": "human",
    "parent": 261,
    "persons": [
      "Balencie"
    ],
    "score": 0.875,
    "text_ocr": "##Balencie##, ££médecin££, %%@@Pais@@, $$15$$%%.\n",
    "type": "ENTRY"
  },
  {
    "EOL": false,
    "box": [
      102,
      1238,
      730,
      44
    ],
    "id": 319,
    "indented": true,
    "parent": 318,
    "text": "",
    "type": "LINE"
  },
  {
    "addresses": [
      {
        "street_name": "S.-Georges",
        "street_numbers": [
          "17"
        ]
      }
    ],
    "box": [
      102,
      1238,
      730,
      44
    ],
    "checked": true,
    "id": 318,
    "origin": "human",
    "parent": 261,
    "persons": [
      "Baleste"
    ],
    "score": 1,
    "text_ocr": "##Baleste##, ££chef aux domaines££, %%@@S.-Georges@@, $$17$$%%.\n",
    "type": "ENTRY"
  },
  {
    "EOL": false,
    "box": [
      100,
      1274,
      668,
      44
    ],
    "id": 321,
    "indented": true,
    "parent": 320,
    "text": "",
    "type": "LINE"
  },
  {
    "addresses": [
      {
        "street_name": "Bourdonnais",
        "street_numbers": [
          "5"
        ]
      }
    ],
    "box": [
      100,
      1274,
      668,
      44
    ],
    "checked": true,
    "id": 320,
    "origin": "human",
    "parent": 261,
    "persons": [
      "Baliat frères"
    ],
    "score": 1,
    "text_ocr": "##Baliat frères##, ££nég.££, %%@@Bourdonnais@@, $$5$$ et $$7$$%%.\n",
    "type": "ENTRY"
  },
  {
    "EOL": false,
    "box": [
      102,
      1312,
      884,
      44
    ],
    "id": 323,
    "indented": true,
    "parent": 322,
    "text": "",
    "type": "LINE"
  },
  {
    "addresses": [
      {
        "street_name": "Charonne",
        "street_numbers": [
          "t5r"
        ]
      }
    ],
    "box": [
      102,
      1312,
      884,
      44
    ],
    "checked": true,
    "id": 322,
    "origin": "human",
    "parent": 261,
    "persons": [
      "Baligot--Remy"
    ],
    "score": 0.5,
    "text_ocr": "##Baligot--Remy##, ££f: tissus poil de chèvre££, %%@@Charonne@@,  $$t5r$$%%.\n",
    "type": "ENTRY"
  },
  {
    "EOL": false,
    "box": [
      102,
      1350,
      536,
      44
    ],
    "id": 325,
    "indented": true,
    "parent": 324,
    "text": "",
    "type": "LINE"
  },
  {
    "addresses": [
      {
        "street_name": "Four-S.-Germuin",
        "street_numbers": [
          "45"
        ]
      }
    ],
    "box": [
      102,
      1350,
      536,
      44
    ],
    "checked": true,
    "id": 324,
    "origin": "human",
    "parent": 261,
    "persons": [
      "Balimort"
    ],
    "score": 0.5,
    "text_ocr": "##Balimort##, %%@@Four-S.-Germuin@@, $$45$$%%.\n",
    "type": "ENTRY"
  },
  {
    "addresses": [
      {
        "street_name": "pl. Hôt.-de-Ville",
        "street_numbers": [
          "7"
        ]
      }
    ],
    "box": [
      102,
      1384,
      886,
      64
    ],
    "checked": true,
    "id": 559,
    "origin": "human",
    "parent": 261,
    "persons": [
      "Balin (chev.)"
    ],
    "text_ocr": "##Balin (chev.)## µµXeµµ, ££chirurg.-hern.££,%%@@pl. Hôt.-de-Ville@@, $$7$$%%.",
    "type": "ENTRY"
  },
  {
    "EOL": false,
    "box": [
      102,
      1384,
      886,
      64
    ],
    "id": 327,
    "indented": true,
    "parent": 559,
    "text": "",
    "type": "LINE"
  },
  {
    "addresses": [],
    "box": [
      204,
      1428,
      456,
      38
    ],
    "checked": true,
    "id": 560,
    "origin": "human",
    "parent": 261,
    "persons": [
      ""
    ],
    "street": "",
    "street_number": "",
    "text_ocr": "DRE t te Den 6 ï",
    "type": "ENTRY"
  },
  {
    "EOL": false,
    "box": [
      204,
      1428,
      456,
      38
    ],
    "id": 328,
    "indented": false,
    "parent": 560,
    "text": "",
    "type": "LINE"
  },
  {
    "EOL": false,
    "box": [
      98,
      1464,
      570,
      40
    ],
    "id": 330,
    "indented": true,
    "parent": 329,
    "text": "",
    "type": "LINE"
  },
  {
    "addresses": [
      {
        "street_name": "S.-Denis",
        "street_numbers": [
          "145"
        ]
      }
    ],
    "box": [
      98,
      1464,
      570,
      40
    ],
    "checked": true,
    "id": 329,
    "origin": "human",
    "parent": 261,
    "persons": [
      "Balitrand"
    ],
    "score": 1,
    "text_ocr": "##Balitrand##, ££f: gants££, %%@@S.-Denis@@, $$145$$%%.\n",
    "type": "ENTRY"
  },
  {
    "EOL": false,
    "box": [
      100,
      1502,
      574,
      38
    ],
    "id": 332,
    "indented": true,
    "parent": 331,
    "text": "",
    "type": "LINE"
  },
  {
    "addresses": [
      {
        "street_name": "Université",
        "street_numbers": [
          "26"
        ]
      }
    ],
    "box": [
      100,
      1502,
      574,
      38
    ],
    "checked": true,
    "id": 331,
    "origin": "human",
    "parent": 261,
    "persons": [
      "Balivière (C4: de}"
    ],
    "score": 0.5,
    "text_ocr": "##Balivière (C4: de}## %%@@Université@@, $$26$$%%.\n",
    "type": "ENTRY"
  },
  {
    "EOL": false,
    "box": [
      104,
      1540,
      708,
      46
    ],
    "id": 334,
    "indented": true,
    "parent": 333,
    "text": "",
    "type": "LINE"
  },
  {
    "addresses": [
      {
        "street_name": "S.-Honvré",
        "street_numbers": [
          "169"
        ]
      }
    ],
    "box": [
      104,
      1540,
      708,
      46
    ],
    "checked": true,
    "id": 333,
    "origin": "human",
    "parent": 261,
    "persons": [
      "Balizcaux (Mad)"
    ],
    "score": 0.9583333333333333,
    "text_ocr": "##Balizcaux (Mad)##, ££ingère££, %%@@S.-Honvré@@, $$169$$%%.\n",
    "type": "ENTRY"
  },
  {
    "EOL": false,
    "box": [
      102,
      1578,
      630,
      42
    ],
    "id": 336,
    "indented": true,
    "parent": 335,
    "text": "",
    "type": "LINE"
  },
  {
    "addresses": [
      {
        "street_name": "Martyrs",
        "street_numbers": [
          "39"
        ]
      }
    ],
    "box": [
      102,
      1578,
      630,
      42
    ],
    "checked": true,
    "id": 335,
    "origin": "human",
    "parent": 261,
    "persons": [
      "Bull (Mad.)"
    ],
    "score": 1,
    "text_ocr": "##Bull (Mad.)##, ££pensionnat££, %%@@Martyrs@@, $$39$$%%.\n",
    "type": "ENTRY"
  },
  {
    "EOL": false,
    "box": [
      102,
      1604,
      882,
      54
    ],
    "id": 338,
    "indented": true,
    "parent": 337,
    "text": "",
    "type": "LINE"
  },
  {
    "addresses": [
      {
        "street_name": "rue du Regard",
        "street_numbers": [
          "15"
        ]
      }
    ],
    "box": [
      102,
      1604,
      882,
      54
    ],
    "checked": true,
    "id": 337,
    "origin": "human",
    "parent": 261,
    "persons": [
      "Ballainvilliers (B° de)"
    ],
    "score": 1,
    "text_ocr": "##Ballainvilliers (B° de)## µµO: %µµ; ££cons. d'état££, Regard, 15.\n",
    "type": "ENTRY"
  },
  {
    "EOL": false,
    "box": [
      102,
      1654,
      716,
      40
    ],
    "id": 340,
    "indented": true,
    "parent": 339,
    "text": "",
    "type": "LINE"
  },
  {
    "addresses": [
      {
        "street_name": "Cherche-Midi",
        "street_numbers": [
          "23"
        ]
      }
    ],
    "box": [
      102,
      1654,
      716,
      40
    ],
    "checked": true,
    "id": 339,
    "origin": "human",
    "parent": 261,
    "persons": [
      "Baluinche"
    ],
    "score": 1,
    "text_ocr": "##Baluinche##, ££À. de Lettres££, %%@@Cherche-Midi@@, $$23$$%%.\n",
    "type": "ENTRY"
  },
  {
    "EOL": false,
    "box": [
      100,
      1692,
      624,
      38
    ],
    "id": 342,
    "indented": true,
    "parent": 341,
    "text": "",
    "type": "LINE"
  },
  {
    "addresses": [
      {
        "street_name": "Mathurins",
        "street_numbers": [
          "22"
        ]
      }
    ],
    "box": [
      100,
      1692,
      624,
      38
    ],
    "checked": true,
    "id": 341,
    "origin": "human",
    "parent": 261,
    "persons": [
      "Balland"
    ],
    "score": 1,
    "text_ocr": "##Balland##, ££/braire££, %%@@Mathurins@@, $$22$$%%.\n",
    "type": "ENTRY"
  },
  {
    "EOL": false,
    "box": [
      102,
      1732,
      556,
      38
    ],
    "id": 344,
    "indented": true,
    "parent": 343,
    "text": "",
    "type": "LINE"
  },
  {
    "addresses": [
      {
        "street_name": "Vieille-du-Temple",
        "street_numbers": [
          "141"
        ]
      }
    ],
    "box": [
      102,
      1732,
      556,
      38
    ],
    "checked": true,
    "id": 343,
    "origin": "human",
    "parent": 261,
    "persons": [
      "Ballard"
    ],
    "score": 1,
    "text_ocr": "##Ballard##, %%@@Vieille-du-Temple@@, $$141$$%%.\n",
    "type": "ENTRY"
  },
  {
    "EOL": false,
    "box": [
      100,
      1756,
      740,
      58
    ],
    "id": 346,
    "indented": true,
    "parent": 345,
    "text": "",
    "type": "LINE"
  },
  {
    "addresses": [
      {
        "street_name": "3.-J. Rousseau",
        "street_numbers": [
          "8"
        ]
      }
    ],
    "box": [
      100,
      1756,
      740,
      58
    ],
    "checked": true,
    "id": 345,
    "origin": "human",
    "parent": 261,
    "persons": [
      "Ballard (V:)"
    ],
    "score": 0.5,
    "text_ocr": "##Ballard (V:)##, ££imprimeur££, %%@@3.-J. Rousseau@@, $$8$$%%.\n",
    "type": "ENTRY"
  },
  {
    "EOL": false,
    "box": [
      100,
      1806,
      690,
      38
    ],
    "id": 348,
    "indented": true,
    "parent": 347,
    "text": "",
    "type": "LINE"
  },
  {
    "addresses": [
      {
        "street_name": "Fg:-S.-Denis",
        "street_numbers": [
          "153"
        ]
      }
    ],
    "box": [
      100,
      1806,
      690,
      38
    ],
    "checked": true,
    "id": 347,
    "origin": "human",
    "parent": 261,
    "persons": [
      "Ballèriche"
    ],
    "score": 0.5,
    "text_ocr": "##Ballèriche##, ££éoulunger££, %%@@Fg:-S.-Denis@@, $$153$$%%.\n",
    "type": "ENTRY"
  },
  {
    "EOL": false,
    "box": [
      100,
      1808,
      888,
      80
    ],
    "id": 350,
    "indented": true,
    "parent": 349,
    "text": "",
    "type": "LINE"
  },
  {
    "addresses": [
      {
        "street_name": "Fe-S.-Honoré",
        "street_numbers": [
          "47"
        ]
      }
    ],
    "box": [
      100,
      1808,
      888,
      80
    ],
    "checked": true,
    "id": 349,
    "origin": "human",
    "parent": 261,
    "persons": [
      "Balleroy ('Cie de)"
    ],
    "score": 0.9333333333333333,
    "text_ocr": "##Balleroy ('Cie de)## µµ%e 3%µµ, %%@@Fe-S.-Honoré@@, $$47$$%%.\n",
    "type": "ENTRY"
  },
  {
    "EOL": false,
    "box": [
      98,
      1884,
      732,
      40
    ],
    "id": 352,
    "indented": true,
    "parent": 351,
    "text": "",
    "type": "LINE"
  },
  {
    "addresses": [
      {
        "street_name": "pl. Ste-Opportune",
        "street_numbers": [
          "2"
        ]
      }
    ],
    "box": [
      98,
      1884,
      732,
      40
    ],
    "checked": true,
    "id": 351,
    "origin": "human",
    "parent": 261,
    "persons": [
      "Ballery"
    ],
    "score": 1,
    "text_ocr": "##Ballery##, ££distitateur££, %%@@pl. Ste-Opportune@@, $$2$$%%.\n",
    "type": "ENTRY"
  },
  {
    "EOL": false,
    "box": [
      98,
      1916,
      766,
      42
    ],
    "id": 354,
    "indented": true,
    "parent": 353,
    "text": "",
    "type": "LINE"
  },
  {
    "addresses": [
      {
        "street_name": "a. dus Augustins",
        "street_numbers": [
          "45"
        ]
      }
    ],
    "box": [
      98,
      1916,
      766,
      42
    ],
    "checked": true,
    "id": 353,
    "origin": "human",
    "parent": 261,
    "persons": [
      "Ballery"
    ],
    "score": 0.5,
    "text_ocr": "##Ballery##, ££/imonadier££, %%@@a. dus Augustins@@, $$45$$%%.\n",
    "type": "ENTRY"
  },
  {
    "EOL": false,
    "box": [
      96,
      1958,
      706,
      44
    ],
    "id": 356,
    "indented": true,
    "parent": 355,
    "text": "",
    "type": "LINE"
  },
  {
    "addresses": [
      {
        "street_name": "Fossés-S.-Germ.-des-Prés",
        "street_numbers": [
          "r7"
        ]
      }
    ],
    "box": [
      96,
      1958,
      706,
      44
    ],
    "checked": true,
    "id": 355,
    "origin": "human",
    "parent": 261,
    "persons": [
      "Ballet (V°)"
    ],
    "score": 0,
    "text_ocr": "##Ballet (V°)##, %%@@Fossés-S.-Germ.-des-Prés@@, $$r7$$%%.\n",
    "type": "ENTRY"
  },
  {
    "EOL": false,
    "box": [
      98,
      1996,
      672,
      38
    ],
    "id": 358,
    "indented": true,
    "parent": 357,
    "text": "",
    "type": "LINE"
  },
  {
    "addresses": [
      {
        "street_name": "Montagne-Stc-Genev.",
        "street_numbers": [
          "04"
        ]
      }
    ],
    "box": [
      98,
      1996,
      672,
      38
    ],
    "checked": true,
    "id": 357,
    "origin": "human",
    "parent": 261,
    "persons": [
      "Ballet"
    ],
    "score": 0.5,
    "text_ocr": "##Ballet##, ££toiles££, %%@@Montagne-Stc-Genev.@@; $$04$$%%.\n",
    "type": "ENTRY"
  },
  {
    "EOL": false,
    "box": [
      96,
      2034,
      588,
      42
    ],
    "id": 360,
    "indented": true,
    "parent": 359,
    "text": "",
    "type": "LINE"
  },
  {
    "addresses": [
      {
        "street_name": "S.-Florentin",
        "street_numbers": [
          "12"
        ]
      }
    ],
    "box": [
      96,
      2034,
      588,
      42
    ],
    "checked": true,
    "id": 359,
    "origin": "human",
    "parent": 261,
    "persons": [
      "Balle y (Mad. de)"
    ],
    "score": 1,
    "text_ocr": "##Balle y (Mad. de)##, %%@@S.-Florentin@@, $$12$$%%.\n",
    "type": "ENTRY"
  },
  {
    "EOL": false,
    "box": [
      96,
      2072,
      602,
      40
    ],
    "id": 362,
    "indented": true,
    "parent": 361,
    "text": "",
    "type": "LINE"
  },
  {
    "addresses": [
      {
        "street_name": "Michodière",
        "street_numbers": [
          "12"
        ]
      }
    ],
    "box": [
      96,
      2072,
      602,
      40
    ],
    "checked": true,
    "id": 361,
    "origin": "human",
    "parent": 261,
    "persons": [
      "Ballicu"
    ],
    "score": 0.5,
    "text_ocr": "##Ballicu##, ££#12edecin££, %%@@Michodière@@, $$12$$%%.\n",
    "type": "ENTRY"
  },
  {
    "EOL": false,
    "box": [
      96,
      2106,
      764,
      40
    ],
    "id": 364,
    "indented": true,
    "parent": 363,
    "text": "",
    "type": "LINE"
  },
  {
    "addresses": [
      {
        "street_name": "S.-Louis-en-lIle",
        "street_numbers": [
          "65"
        ]
      }
    ],
    "box": [
      96,
      2106,
      764,
      40
    ],
    "checked": true,
    "id": 363,
    "origin": "human",
    "parent": 261,
    "persons": [
      "Ballin"
    ],
    "score": 0.9736842105263158,
    "text_ocr": "##Ballin##.-££peiatre en bât.££, %%@@S.-Louis-en-lIle@@, $$65$$%%,\n",
    "type": "ENTRY"
  },
  {
    "EOL": false,
    "box": [
      94,
      2148,
      464,
      38
    ],
    "id": 366,
    "indented": true,
    "parent": 365,
    "text": "",
    "type": "LINE"
  },
  {
    "addresses": [
      {
        "street_name": "Basse-d'Orléans",
        "street_numbers": [
          "14"
        ]
      }
    ],
    "box": [
      94,
      2148,
      464,
      38
    ],
    "checked": true,
    "id": 365,
    "origin": "human",
    "parent": 261,
    "persons": [
      "Ballin"
    ],
    "score": 0.5,
    "text_ocr": "##Ballin##, %%@@Basse-d'Orléans@@, $$14$$%%.\n",
    "type": "ENTRY"
  },
  {
    "EOL": false,
    "box": [
      94,
      2174,
      712,
      50
    ],
    "id": 368,
    "indented": true,
    "parent": 367,
    "text": "",
    "type": "LINE"
  },
  {
    "addresses": [
      {
        "street_name": "Ménilmontant",
        "street_numbers": [
          "25"
        ]
      }
    ],
    "box": [
      94,
      2174,
      712,
      50
    ],
    "checked": true,
    "id": 367,
    "origin": "human",
    "parent": 261,
    "persons": [
      "Ba'lin ainé"
    ],
    "score": 1,
    "text_ocr": "<e 93, ‘ot AbrtriastanRéton nice . Mes l'A 4\n##Ba'lin ainé##, ££gravatier££, %%@@Ménilmontant@@, $$25$$%%.\n",
    "type": "ENTRY"
  },
  {
    "EOL": false,
    "box": [
      96,
      2220,
      678,
      44
    ],
    "id": 370,
    "indented": true,
    "parent": 369,
    "text": "",
    "type": "LINE"
  },
  {
    "addresses": [
      {
        "street_name": "N°-N.-D.-des-Champs",
        "street_numbers": [
          "6"
        ]
      }
    ],
    "box": [
      96,
      2220,
      678,
      44
    ],
    "checked": true,
    "id": 369,
    "origin": "human",
    "parent": 261,
    "persons": [
      "Ballin"
    ],
    "score": 0.5,
    "text_ocr": "##Ballin##, ££maçor££, %%@@N°-N.-D.-des-Champs@@, $$6$$%%.\n",
    "type": "ENTRY"
  },
  {
    "EOL": false,
    "box": [
      94,
      2262,
      620,
      38
    ],
    "id": 372,
    "indented": true,
    "parent": 371,
    "text": "",
    "type": "LINE"
  },
  {
    "addresses": [
      {
        "street_name": "anterne-en la-Cuité",
        "street_numbers": [
          "17"
        ]
      }
    ],
    "box": [
      94,
      2262,
      620,
      38
    ],
    "checked": true,
    "id": 371,
    "origin": "human",
    "parent": 261,
    "persons": [
      "Ballin"
    ],
    "score": 0.5,
    "text_ocr": "##Ballin##, ££vêrs££, %%L@@anterne-en la-Cuité@@, $$17$$%%.\n",
    "type": "ENTRY"
  },
  {
    "EOL": false,
    "box": [
      94,
      2296,
      890,
      52
    ],
    "id": 374,
    "indented": true,
    "parent": 373,
    "text": "",
    "type": "LINE"
  },
  {
    "addresses": [
      {
        "street_name": "Bergère",
        "street_numbers": [
          "19"
        ]
      }
    ],
    "box": [
      94,
      2296,
      890,
      52
    ],
    "checked": true,
    "id": 373,
    "origin": "human",
    "parent": 261,
    "persons": [
      "Ballocchi"
    ],
    "score": 1,
    "text_ocr": "##Ballocchi##, ££À. de lettres££, %%@@Bergère@@, $$19$$%%. >\n",
    "type": "ENTRY"
  },
  {
    "EOL": false,
    "box": [
      94,
      2340,
      486,
      36
    ],
    "id": 376,
    "indented": true,
    "parent": 375,
    "text": "",
    "type": "LINE"
  },
  {
    "addresses": [
      {
        "street_name": "Martyrs",
        "street_numbers": [
          "15"
        ]
      }
    ],
    "box": [
      94,
      2340,
      486,
      36
    ],
    "checked": true,
    "id": 375,
    "origin": "human",
    "parent": 261,
    "persons": [
      "Ballot"
    ],
    "score": 1,
    "text_ocr": "##Ballot##, ££mercrer££, %%@@Martyrs@@, $$15$$%%.\n",
    "type": "ENTRY"
  },
  {
    "EOL": false,
    "box": [
      96,
      2370,
      644,
      42
    ],
    "id": 378,
    "indented": true,
    "parent": 377,
    "text": "",
    "type": "LINE"
  },
  {
    "addresses": [
      {
        "street_name": "Fg:-S.-Antoine",
        "street_numbers": [
          "85"
        ]
      }
    ],
    "box": [
      96,
      2370,
      644,
      42
    ],
    "checked": true,
    "id": 377,
    "origin": "human",
    "parent": 261,
    "persons": [
      "Ballot"
    ],
    "score": 0.5,
    "text_ocr": "##Ballot##. ££herboriste££, %%@@Fg:-S.-Antoine@@, $$85$$%%.\n",
    "type": "ENTRY"
  },
  {
    "EOL": false,
    "box": [
      96,
      2414,
      484,
      40
    ],
    "id": 380,
    "indented": true,
    "parent": 379,
    "text": "",
    "type": "LINE"
  },
  {
    "addresses": [
      {
        "street_name": "S.-Honore",
        "street_numbers": [
          "378"
        ]
      }
    ],
    "box": [
      96,
      2414,
      484,
      40
    ],
    "checked": true,
    "id": 379,
    "origin": "human",
    "parent": 261,
    "persons": [
      "Ballouhey"
    ],
    "score": 1,
    "text_ocr": "##Ballouhey##, %%@@S.-Honore@@, $$378$$%%.\n",
    "type": "ENTRY"
  },
  {
    "EOL": false,
    "box": [
      96,
      2450,
      604,
      40
    ],
    "id": 382,
    "indented": true,
    "parent": 381,
    "text": "",
    "type": "LINE"
  },
  {
    "addresses": [
      {
        "street_name": "boul. S.-Martin",
        "street_numbers": [
          "4"
        ]
      }
    ],
    "box": [
      96,
      2450,
      604,
      40
    ],
    "checked": true,
    "id": 381,
    "origin": "human",
    "parent": 261,
    "persons": [
      "Ballu"
    ],
    "score": 1,
    "text_ocr": "##Ballu##, ££propriéc.££, %%@@boul. S.-Martin@@, $$4$$%%:\n",
    "type": "ENTRY"
  },
  {
    "EOL": false,
    "box": [
      96,
      2488,
      604,
      40
    ],
    "id": 384,
    "indented": true,
    "parent": 383,
    "text": "",
    "type": "LINE"
  },
  {
    "addresses": [
      {
        "street_name": "Récoliets",
        "street_numbers": [
          "9"
        ]
      }
    ],
    "box": [
      96,
      2488,
      604,
      40
    ],
    "checked": true,
    "id": 383,
    "origin": "human",
    "parent": 261,
    "persons": [
      "Ballu fils"
    ],
    "score": 0.9444444444444444,
    "text_ocr": "##Ballu fils##, ££charpentier££, %%@@Récoliets@@, $$9$$%%:\n",
    "type": "ENTRY"
  },
  {
    "EOL": false,
    "box": [
      98,
      2528,
      556,
      42
    ],
    "id": 386,
    "indented": true,
    "parent": 385,
    "text": "",
    "type": "LINE"
  },
  {
    "addresses": [
      {
        "street_name": "S.-Denis",
        "street_numbers": [
          "250"
        ]
      }
    ],
    "box": [
      98,
      2528,
      556,
      42
    ],
    "checked": true,
    "id": 385,
    "origin": "human",
    "parent": 261,
    "persons": [
      "Bullue"
    ],
    "score": 1,
    "text_ocr": "##Bullue##, ££f. plumes££, %%@@S.-Denis@@,-$$250$$%%.\n",
    "type": "ENTRY"
  },
  {
    "EOL": false,
    "box": [
      96,
      2560,
      656,
      48
    ],
    "id": 388,
    "indented": true,
    "parent": 387,
    "text": "",
    "type": "LINE"
  },
  {
    "addresses": [
      {
        "street_name": "bout. du Temple",
        "street_numbers": [
          "38"
        ]
      }
    ],
    "box": [
      96,
      2560,
      656,
      48
    ],
    "checked": true,
    "id": 387,
    "origin": "human",
    "parent": 261,
    "persons": [
      "Ballue"
    ],
    "score": 0.5,
    "text_ocr": "##Ballue##, ££patissier££, %%@@bout. du Temple@@; $$38$$%%.\n",
    "type": "ENTRY"
  },
  {
    "EOL": false,
    "box": [
      98,
      2602,
      668,
      38
    ],
    "id": 390,
    "indented": true,
    "parent": 389,
    "text": "",
    "type": "LINE"
  },
  {
    "addresses": [
      {
        "street_name": "4. de la Ripce",
        "street_numbers": [
          "9"
        ]
      }
    ],
    "box": [
      98,
      2602,
      668,
      38
    ],
    "checked": true,
    "id": 389,
    "origin": "human",
    "parent": 261,
    "persons": [
      "Ballue"
    ],
    "score": 0.5625,
    "text_ocr": "##Ballue##, ££uns££, %%@@4. de la Ripce@@, $$9$$%%.\n",
    "type": "ENTRY"
  },
  {
    "EOL": false,
    "box": [
      98,
      2638,
      672,
      42
    ],
    "id": 392,
    "indented": true,
    "parent": 391,
    "text": "",
    "type": "LINE"
  },
  {
    "addresses": [
      {
        "street_name": "pl. de la Bourse",
        "street_numbers": [
          "2"
        ]
      }
    ],
    "box": [
      98,
      2638,
      672,
      42
    ],
    "checked": true,
    "id": 391,
    "origin": "human",
    "parent": 261,
    "persons": [
      "Bully"
    ],
    "score": 1,
    "text_ocr": "##Bully## µµdeµµ, ££médecin££, %%@@pl. de la Bourse@@, $$2$$%%.\n",
    "type": "ENTRY"
  },
  {
    "EOL": false,
    "box": [
      96,
      2630,
      892,
      90
    ],
    "id": 394,
    "indented": true,
    "parent": 393,
    "text": "",
    "type": "LINE"
  },
  {
    "addresses": [
      {
        "street_name": "S.-Lazare",
        "street_numbers": [
          "76 bis"
        ]
      }
    ],
    "box": [
      96,
      2630,
      892,
      90
    ],
    "checked": true,
    "id": 393,
    "origin": "human",
    "parent": 261,
    "persons": [
      "Le (B°)"
    ],
    "score": 1,
    "text_ocr": "##Le (B°)## µµX jeµµ, ££Fns milit.££, %%@@S.-Lazare@@, $$76 bis$$%%\n",
    "type": "ENTRY"
  },
  {
    "EOL": false,
    "box": [
      96,
      2712,
      680,
      42
    ],
    "id": 396,
    "indented": true,
    "parent": 395,
    "text": "",
    "type": "LINE"
  },
  {
    "addresses": [
      {
        "street_name": "cour Batave",
        "street_numbers": [
          "18"
        ]
      }
    ],
    "box": [
      96,
      2712,
      680,
      42
    ],
    "checked": true,
    "id": 395,
    "origin": "human",
    "parent": 261,
    "persons": [
      "B:lmont"
    ],
    "score": 0.75,
    "text_ocr": "##B:lmont##, ££vins en. gros££, %%@@cour Batave@@, $$18$$%%.\n",
    "type": "ENTRY"
  },
  {
    "EOL": false,
    "box": [
      98,
      2754,
      410,
      42
    ],
    "id": 398,
    "indented": true,
    "parent": 397,
    "text": "",
    "type": "LINE"
  },
  {
    "addresses": [
      {
        "street_name": "Meslay",
        "street_numbers": [
          "21"
        ]
      }
    ],
    "box": [
      98,
      2754,
      410,
      42
    ],
    "checked": true,
    "id": 397,
    "origin": "human",
    "parent": 261,
    "persons": [
      "Balon"
    ],
    "score": 1,
    "text_ocr": "##Balon##, ££neg.££, %%@@Meslay@@, $$21$$%%.\n",
    "type": "ENTRY"
  },
  {
    "EOL": false,
    "box": [
      100,
      2762,
      632,
      66
    ],
    "id": 400,
    "indented": true,
    "parent": 399,
    "text": "",
    "type": "LINE"
  },
  {
    "addresses": [
      {
        "street_name": "Bilal Boyal",
        "street_numbers": [
          "16"
        ]
      }
    ],
    "box": [
      100,
      2762,
      632,
      66
    ],
    "checked": true,
    "id": 399,
    "origin": "human",
    "parent": 261,
    "persons": [
      "Ste"
    ],
    "score": 0.75,
    "text_ocr": "##Ste## ££satlee££ %%@@Bilal Boyal@@, $$16$$%%.\n",
    "type": "ENTRY"
  },
  {
    "EOL": false,
    "box": [
      102,
      2828,
      524,
      40
    ],
    "id": 402,
    "indented": true,
    "parent": 401,
    "text": "",
    "type": "LINE"
  },
  {
    "addresses": [],
    "box": [
      102,
      2828,
      524,
      40
    ],
    "checked": true,
    "id": 401,
    "origin": "human",
    "parent": 261,
    "persons": [
      "Hals publics"
    ],
    "score": 0,
    "street": "",
    "street_number": "",
    "text_ocr": "##Hals publics##, voyez page 357.\n",
    "type": "ENTRY"
  },
  {
    "EOL": false,
    "box": [
      190,
      2860,
      600,
      42
    ],
    "id": 404,
    "indented": true,
    "parent": 403,
    "text": "",
    "type": "LINE"
  },
  {
    "addresses": [
      {
        "street_name": "Petits-Augustins",
        "street_numbers": [
          "16"
        ]
      }
    ],
    "box": [
      190,
      2860,
      600,
      42
    ],
    "checked": true,
    "id": 403,
    "origin": "human",
    "parent": 261,
    "persons": [
      "rd"
    ],
    "score": 0.5,
    "text_ocr": "##rd##. ££architecte££, %%@@Petits-Augustins@@, $$16$$%%.\n",
    "type": "ENTRY"
  },
  {
    "EOL": false,
    "box": [
      106,
      2900,
      704,
      44
    ],
    "id": 406,
    "indented": true,
    "parent": 405,
    "text": "",
    "type": "LINE"
  },
  {
    "addresses": [
      {
        "street_name": "S.-Martm",
        "street_numbers": [
          "36"
        ]
      }
    ],
    "box": [
      106,
      2900,
      704,
      44
    ],
    "checked": true,
    "id": 405,
    "origin": "human",
    "parent": 261,
    "persons": [
      "Baltazar (Mic)"
    ],
    "score": 0.75,
    "text_ocr": "##Baltazar (Mic)##, ££f' bourses££, %%@@S.-Martm@@, $$36$$%%.\n",
    "type": "ENTRY"
  },
  {
    "EOL": false,
    "box": [
      102,
      2940,
      628,
      42
    ],
    "id": 408,
    "indented": true,
    "parent": 407,
    "text": "",
    "type": "LINE"
  },
  {
    "addresses": [
      {
        "street_name": "Calandre",
        "street_numbers": [
          "45"
        ]
      }
    ],
    "box": [
      102,
      2940,
      628,
      42
    ],
    "checked": true,
    "id": 407,
    "origin": "human",
    "parent": 261,
    "persons": [
      "Baltazar Gls"
    ],
    "score": 0.6666666666666666,
    "text_ocr": "##Baltazar Gls##, ££horloger£, %%@@Calandre@@, $$45$$%%.\n",
    "type": "ENTRY"
  },
  {
    "box": [
      94,
      174,
      894,
      2808
    ],
    "id": 261,
    "parent": 260,
    "type": "COLUMN_LEVEL_2"
  },
  {
    "box": [
      94,
      174,
      894,
      2808
    ],
    "id": 260,
    "parent": 259,
    "type": "SECTION_LEVEL_2"
  },
  {
    "box": [
      94,
      174,
      894,
      2808
    ],
    "id": 259,
    "parent": 258,
    "type": "COLUMN_LEVEL_1"
  },
  {
    "EOL": false,
    "box": [
      1026,
      174,
      812,
      70
    ],
    "id": 413,
    "indented": true,
    "parent": 412,
    "text": "",
    "type": "LINE"
  },
  {
    "EOL": false,
    "box": [
      1042,
      216,
      138,
      40
    ],
    "id": 414,
    "indented": false,
    "parent": 412,
    "text": "",
    "type": "LINE"
  },
  {
    "addresses": [
      {
        "street_name": "rue de la Mare",
        "street_numbers": [
          "90"
        ]
      }
    ],
    "box": [
      1026,
      174,
      812,
      82
    ],
    "checked": true,
    "id": 412,
    "origin": "human",
    "parent": 411,
    "persons": [
      "Baltazard d'Arey (B*)"
    ],
    "score": 0.33333333333333337,
    "text_ocr": "##Baltazard d'Arey (B*)## µµ>% C. %µµ, ££mar. de C.££, %%Uni\nsité%%, $$90$$%%\" À OR RS NE OR TON\n",
    "type": "ENTRY"
  },
  {
    "EOL": false,
    "box": [
      1024,
      252,
      712,
      36
    ],
    "id": 416,
    "indented": true,
    "parent": 415,
    "text": "",
    "type": "LINE"
  },
  {
    "addresses": [
      {
        "street_name": "3 Bornes",
        "street_numbers": [
          "66"
        ]
      }
    ],
    "box": [
      1024,
      252,
      712,
      36
    ],
    "checked": true,
    "id": 415,
    "origin": "human",
    "parent": 411,
    "persons": [
      "Balthazar"
    ],
    "score": 0.5,
    "text_ocr": "##Balthazar##, ££peintre en porcel.££, %%@@3 Bornes@@, $$66$$%%.\n",
    "type": "ENTRY"
  },
  {
    "EOL": false,
    "box": [
      1026,
      288,
      746,
      40
    ],
    "id": 418,
    "indented": true,
    "parent": 417,
    "text": "",
    "type": "LINE"
  },
  {
    "addresses": [
      {
        "street_name": "Vicille-Bourlerie",
        "street_numbers": [
          "6"
        ]
      }
    ],
    "box": [
      1026,
      288,
      746,
      40
    ],
    "checked": true,
    "id": 417,
    "origin": "human",
    "parent": 411,
    "persons": [
      "Balthazaurd"
    ],
    "score": 0.5,
    "text_ocr": "##Balthazaurd##, ££of, de sunté££, %%@@Vicille-Bourlerie@@, $$6$$%%.\n",
    "type": "ENTRY"
  },
  {
    "EOL": false,
    "box": [
      1024,
      328,
      636,
      42
    ],
    "id": 420,
    "indented": true,
    "parent": 419,
    "text": "",
    "type": "LINE"
  },
  {
    "addresses": [
      {
        "street_name": "S.-Martin",
        "street_numbers": [
          "172"
        ]
      }
    ],
    "box": [
      1024,
      328,
      636,
      42
    ],
    "checked": true,
    "id": 419,
    "origin": "human",
    "parent": 411,
    "persons": [
      "Baltha ard"
    ],
    "score": 1,
    "text_ocr": "##Baltha ard##, ££orfèvre££, %%@@S.-Martin@@, $$172$$%%.\n",
    "type": "ENTRY"
  },
  {
    "EOL": false,
    "box": [
      1026,
      366,
      428,
      38
    ],
    "id": 422,
    "indented": true,
    "parent": 421,
    "text": "",
    "type": "LINE"
  },
  {
    "addresses": [
      {
        "street_name": "Hanovre",
        "street_numbers": [
          "2r"
        ]
      }
    ],
    "box": [
      1026,
      366,
      428,
      38
    ],
    "checked": true,
    "id": 421,
    "origin": "human",
    "parent": 411,
    "persons": [
      "Baltus (De)"
    ],
    "score": 0.5,
    "text_ocr": "##Baltus (De)##, %%@@Hanovre@@, $$2r$$%%.\n",
    "type": "ENTRY"
  },
  {
    "EOL": false,
    "box": [
      1026,
      402,
      668,
      42
    ],
    "id": 424,
    "indented": true,
    "parent": 423,
    "text": "",
    "type": "LINE"
  },
  {
    "addresses": [
      {
        "street_name": "barrière de l'Etoile",
        "street_numbers": []
      }
    ],
    "box": [
      1026,
      402,
      668,
      42
    ],
    "checked": true,
    "id": 423,
    "origin": "human",
    "parent": 411,
    "persons": [
      "Baltz"
    ],
    "score": 0.4,
    "street_number": "",
    "text_ocr": "##Baltz## µµ>µµ, ££lieutenant££, %%@@barrière de l'Etoile@@%%,\n",
    "type": "ENTRY"
  },
  {
    "EOL": false,
    "box": [
      1026,
      442,
      624,
      36
    ],
    "id": 426,
    "indented": true,
    "parent": 425,
    "text": "",
    "type": "LINE"
  },
  {
    "addresses": [
      {
        "street_name": "Michodiére",
        "street_numbers": [
          ":8"
        ]
      }
    ],
    "box": [
      1026,
      442,
      624,
      36
    ],
    "checked": true,
    "id": 425,
    "origin": "human",
    "parent": 411,
    "persons": [
      "Balu"
    ],
    "score": 0.5,
    "text_ocr": "##Balu##, ££#rortier££, %%@@Michodiére@@, $$:8$$ et $$21$$%%.\n",
    "type": "ENTRY"
  },
  {
    "EOL": false,
    "box": [
      1026,
      478,
      646,
      52
    ],
    "id": 428,
    "indented": true,
    "parent": 427,
    "text": "",
    "type": "LINE"
  },
  {
    "addresses": [
      {
        "street_name": "Planche",
        "street_numbers": [
          "10"
        ]
      }
    ],
    "box": [
      1026,
      478,
      646,
      52
    ],
    "checked": true,
    "id": 427,
    "origin": "human",
    "parent": 411,
    "persons": [
      "Balzac ( B° de)"
    ],
    "score": 0.9285714285714286,
    "text_ocr": "##Balzac ( B° de)## µµ#µµ; ££préfet££, %%@@Planche@@, $$10$$%%.\n",
    "type": "ENTRY"
  },
  {
    "EOL": false,
    "box": [
      1024,
      518,
      400,
      34
    ],
    "id": 430,
    "indented": true,
    "parent": 429,
    "text": "",
    "type": "LINE"
  },
  {
    "addresses": [
      {
        "street_name": "Berry-Marais",
        "street_numbers": [
          "7"
        ]
      }
    ],
    "box": [
      1024,
      518,
      400,
      34
    ],
    "checked": true,
    "id": 429,
    "origin": "human",
    "parent": 411,
    "persons": [
      "Bak.ac"
    ],
    "score": 0.5,
    "text_ocr": "##Bak.ac##, %%@@Berry-Marais@@, $$7$$%%.\n",
    "type": "ENTRY"
  },
  {
    "EOL": false,
    "box": [
      1024,
      552,
      772,
      44
    ],
    "id": 432,
    "indented": true,
    "parent": 431,
    "text": "",
    "type": "LINE"
  },
  {
    "addresses": [
      {
        "street_name": "Filles-S-=Thomas",
        "street_numbers": [
          "18"
        ]
      }
    ],
    "box": [
      1024,
      552,
      772,
      44
    ],
    "checked": true,
    "id": 431,
    "origin": "human",
    "parent": 411,
    "persons": [
      "Balzac (Mlle)"
    ],
    "score": 0.975,
    "text_ocr": "##Balzac (Mlle)##, ££À. garni££, %%@@Filles-S-=Thomas@@, $$18$$%%.\n",
    "type": "ENTRY"
  },
  {
    "EOL": false,
    "box": [
      1028,
      592,
      774,
      42
    ],
    "id": 434,
    "indented": true,
    "parent": 433,
    "text": "",
    "type": "LINE"
  },
  {
    "addresses": [
      {
        "street_name": "arais-S.-Gérim.",
        "street_numbers": [
          "19"
        ]
      }
    ],
    "box": [
      1028,
      592,
      774,
      42
    ],
    "checked": true,
    "id": 433,
    "origin": "human",
    "parent": 411,
    "persons": [
      "Balzac (H )"
    ],
    "score": 0.5,
    "text_ocr": "##Balzac (H )##, ££imprimeur££, %%M@@arais-S.-Gérim.@@, $$19$$%%.\n",
    "type": "ENTRY"
  },
  {
    "EOL": false,
    "box": [
      1026,
      632,
      726,
      54
    ],
    "id": 436,
    "indented": true,
    "parent": 435,
    "text": "",
    "type": "LINE"
  },
  {
    "addresses": [
      {
        "street_name": "cloître Notre-Dame",
        "street_numbers": [
          "16"
        ]
      }
    ],
    "box": [
      1026,
      632,
      726,
      54
    ],
    "checked": true,
    "id": 435,
    "origin": "human",
    "parent": 411,
    "persons": [
      "Balzer"
    ],
    "score": 1,
    "text_ocr": "##Balzer##, ££ciseleur££, %%@@cloître Notre-Dame@@, $$16$$%%.\n\n",
    "type": "ENTRY"
  },
  {
    "EOL": false,
    "box": [
      1026,
      668,
      750,
      40
    ],
    "id": 438,
    "indented": true,
    "parent": 437,
    "text": "",
    "type": "LINE"
  },
  {
    "addresses": [
      {
        "street_name": "Harlaïi",
        "street_numbers": [
          "5"
        ]
      }
    ],
    "box": [
      1026,
      668,
      750,
      40
    ],
    "checked": true,
    "id": 437,
    "origin": "human",
    "parent": 411,
    "persons": [
      "Bambini"
    ],
    "score": 0.8571428571428572,
    "text_ocr": "##Bambini##, ££prof: de piano££, %%@@Harlaïi@@: $$5$$%% . -\n",
    "type": "ENTRY"
  },
  {
    "EOL": false,
    "box": [
      1024,
      706,
      588,
      38
    ],
    "id": 440,
    "indented": true,
    "parent": 439,
    "text": "",
    "type": "LINE"
  },
  {
    "addresses": [
      {
        "street_name": "Portefoin",
        "street_numbers": [
          "15"
        ]
      }
    ],
    "box": [
      1024,
      706,
      588,
      38
    ],
    "checked": true,
    "id": 439,
    "origin": "human",
    "parent": 411,
    "persons": [
      "Bance"
    ],
    "score": 1,
    "text_ocr": "##Bance##, ££arc. néz.££, %%@@Portefoin@@, $$15$$%%. ,\n",
    "type": "ENTRY"
  },
  {
    "EOL": false,
    "box": [
      1026,
      746,
      612,
      38
    ],
    "id": 442,
    "indented": true,
    "parent": 441,
    "text": "",
    "type": "LINE"
  },
  {
    "addresses": [
      {
        "street_name": "Postes",
        "street_numbers": [
          "14"
        ]
      }
    ],
    "box": [
      1026,
      746,
      612,
      38
    ],
    "checked": true,
    "id": 441,
    "origin": "human",
    "parent": 411,
    "persons": [
      "Bance"
    ],
    "score": 1,
    "text_ocr": "##Bance##, ££peuit.-devorat.££, %%@@Postes@@, $$14$$.\n",
    "type": "ENTRY"
  },
  {
    "EOL": false,
    "box": [
      1024,
      784,
      606,
      36
    ],
    "id": 444,
    "indented": true,
    "parent": 443,
    "text": "",
    "type": "LINE"
  },
  {
    "addresses": [
      {
        "street_name": "S.-Denk",
        "street_numbers": [
          "214"
        ]
      }
    ],
    "box": [
      1024,
      784,
      606,
      36
    ],
    "checked": true,
    "id": 443,
    "origin": "human",
    "parent": 411,
    "persons": [
      "Bance aîné"
    ],
    "score": 0.9,
    "text_ocr": "##Bance aîné##, ££estampes££, %%@@S.-Denk@@, $$214$$%%.\n",
    "type": "ENTRY"
  },
  {
    "EOL": false,
    "box": [
      1024,
      820,
      666,
      36
    ],
    "id": 446,
    "indented": true,
    "parent": 445,
    "text": "",
    "type": "LINE"
  },
  {
    "addresses": [
      {
        "street_name": "Seine-S.-Gcrm.",
        "street_numbers": [
          "50"
        ]
      }
    ],
    "box": [
      1024,
      820,
      666,
      36
    ],
    "checked": true,
    "id": 445,
    "origin": "human",
    "parent": 411,
    "persons": [
      "Bancelin"
    ],
    "score": 0.5,
    "text_ocr": "##Bancelin##, ££Coutelier££, %%@@Seine-S.-Gcrm.@@, $$50$$%%.\n",
    "type": "ENTRY"
  },
  {
    "EOL": false,
    "box": [
      1024,
      850,
      804,
      46
    ],
    "id": 448,
    "indented": true,
    "parent": 447,
    "text": "",
    "type": "LINE"
  },
  {
    "addresses": [
      {
        "street_name": "avenue de Neuilly",
        "street_numbers": [
          "1"
        ]
      }
    ],
    "box": [
      1024,
      850,
      804,
      46
    ],
    "checked": true,
    "id": 447,
    "origin": "human",
    "parent": 411,
    "persons": [
      "Bauceélin fils"
    ],
    "score": 1,
    "text_ocr": "##Bauceélin fils##, ££restaurateur££; %%@@avenue de Neuilly@@, $$1$$%%\n",
    "type": "ENTRY"
  },
  {
    "EOL": false,
    "box": [
      1024,
      896,
      632,
      40
    ],
    "id": 450,
    "indented": true,
    "parent": 449,
    "text": "",
    "type": "LINE"
  },
  {
    "addresses": [
      {
        "street_name": "F.-du- Roule",
        "street_numbers": [
          "53"
        ]
      }
    ],
    "box": [
      1024,
      896,
      632,
      40
    ],
    "checked": true,
    "id": 449,
    "origin": "human",
    "parent": 411,
    "persons": [
      "Bancelin"
    ],
    "score": 0.5,
    "text_ocr": "##Bancelin##, ££architecte££, %%@@F.-du- Roule@@, $$53$$%%.\n",
    "type": "ENTRY"
  },
  {
    "EOL": false,
    "box": [
      1024,
      924,
      698,
      48
    ],
    "id": 452,
    "indented": true,
    "parent": 451,
    "text": "",
    "type": "LINE"
  },
  {
    "addresses": [
      {
        "street_name": "N°-Montmorency",
        "street_numbers": [
          "4"
        ]
      }
    ],
    "box": [
      1024,
      924,
      698,
      48
    ],
    "checked": true,
    "id": 451,
    "origin": "human",
    "parent": 411,
    "persons": [
      "Bandoni"
    ],
    "score": 0.5,
    "text_ocr": "##Bandoni##, ££chapelier££, %%@@N°-Montmorency@@, $$4$$%%.\n",
    "type": "ENTRY"
  },
  {
    "EOL": false,
    "box": [
      1024,
      970,
      634,
      48
    ],
    "id": 454,
    "indented": true,
    "parent": 453,
    "text": "",
    "type": "LINE"
  },
  {
    "addresses": [
      {
        "street_name": "Paliis-Royal",
        "street_numbers": [
          "8"
        ]
      }
    ],
    "box": [
      1024,
      970,
      634,
      48
    ],
    "checked": true,
    "id": 453,
    "origin": "human",
    "parent": 411,
    "persons": [
      "Banès (Mad.)"
    ],
    "score": 0.9583333333333333,
    "text_ocr": "##Banès (Mad.)##, ££rubans££, %%@@Paliis-Royal@@, $$8$$%%.\n",
    "type": "ENTRY"
  },
  {
    "EOL": false,
    "box": [
      1022,
      1010,
      510,
      36
    ],
    "id": 456,
    "indented": true,
    "parent": 455,
    "text": "",
    "type": "LINE"
  },
  {
    "addresses": [
      {
        "street_name": "SS.-Péres",
        "street_numbers": [
          "20"
        ]
      }
    ],
    "box": [
      1022,
      1010,
      510,
      36
    ],
    "checked": true,
    "id": 455,
    "origin": "human",
    "parent": 411,
    "persons": [
      "Banes"
    ],
    "score": 0.9,
    "text_ocr": "##Banes##, ££mercier££, %%@@SS.-Péres@@, $$20$$%%.\n",
    "type": "ENTRY"
  },
  {
    "EOL": false,
    "box": [
      1016,
      1046,
      570,
      36
    ],
    "id": 458,
    "indented": true,
    "parent": 457,
    "text": "",
    "type": "LINE"
  },
  {
    "addresses": [
      {
        "street_name": "Filles S.-Fhomas",
        "street_numbers": [
          "11"
        ]
      }
    ],
    "box": [
      1016,
      1046,
      570,
      36
    ],
    "checked": true,
    "id": 457,
    "origin": "human",
    "parent": 411,
    "persons": [
      "Banés"
    ],
    "score": 0.9736842105263158,
    "text_ocr": "##Banés##, %%@@Filles S.-Fhomas@@, $$11$$%%.\n",
    "type": "ENTRY"
  },
  {
    "EOL": false,
    "box": [
      1022,
      1086,
      786,
      36
    ],
    "id": 460,
    "indented": true,
    "parent": 459,
    "text": "",
    "type": "LINE"
  },
  {
    "addresses": [
      {
        "street_name": "Bourg-Z Abbé",
        "street_numbers": [
          "52"
        ]
      }
    ],
    "box": [
      1022,
      1086,
      786,
      36
    ],
    "checked": true,
    "id": 459,
    "origin": "human",
    "parent": 411,
    "persons": [
      "Bang y"
    ],
    "score": 0.9166666666666667,
    "text_ocr": "##Bang y##, ££peintre en décors££, %%@@Bourg-Z Abbé@@, $$52$$%%.\n",
    "type": "ENTRY"
  },
  {
    "EOL": false,
    "box": [
      1022,
      1116,
      810,
      44
    ],
    "id": 462,
    "indented": true,
    "parent": 461,
    "text": "",
    "type": "LINE"
  },
  {
    "addresses": [
      {
        "street_name": "Fy-Poissonniére",
        "street_numbers": [
          "54"
        ]
      }
    ],
    "box": [
      1022,
      1116,
      810,
      44
    ],
    "checked": true,
    "id": 461,
    "origin": "human",
    "parent": 411,
    "persons": [
      "Banne aîné"
    ],
    "score": 0.5,
    "text_ocr": "##Banne aîné##, ££n°£. laines££, %%@@Fy-Poissonniére@@, $$54$$%%.\n",
    "type": "ENTRY"
  },
  {
    "EOL": false,
    "box": [
      1022,
      1156,
      828,
      40
    ],
    "id": 464,
    "indented": true,
    "parent": 463,
    "text": "",
    "type": "LINE"
  },
  {
    "addresses": [
      {
        "street_name": "N°-de-Berry",
        "street_numbers": [
          "6"
        ]
      }
    ],
    "box": [
      1022,
      1156,
      828,
      40
    ],
    "checked": true,
    "id": 463,
    "origin": "human",
    "parent": 411,
    "persons": [
      "Bannières (Mad. de)"
    ],
    "score": 0.5,
    "text_ocr": "##Bannières (Mad. de)##, ££institution££, %%@@N°-de-Berry@@, $$6$$%%.\n",
    "type": "ENTRY"
  },
  {
    "EOL": false,
    "box": [
      1018,
      1196,
      528,
      40
    ],
    "id": 466,
    "indented": true,
    "parent": 465,
    "text": "",
    "type": "LINE"
  },
  {
    "addresses": [
      {
        "street_name": "La Vrillère",
        "street_numbers": []
      }
    ],
    "box": [
      1018,
      1196,
      528,
      40
    ],
    "checked": true,
    "id": 465,
    "origin": "human",
    "parent": 411,
    "persons": [
      "Banque de France"
    ],
    "score": 0.45454545454545453,
    "street_number": "",
    "text_ocr": "##Banque de France##, %%@@La Vrillère@@%%.\n",
    "type": "ENTRY"
  },
  {
    "EOL": false,
    "box": [
      1020,
      1234,
      512,
      38
    ],
    "id": 468,
    "indented": true,
    "parent": 467,
    "text": "",
    "type": "LINE"
  },
  {
    "addresses": [
      {
        "street_name": "S.-Denis",
        "street_numbers": [
          "252"
        ]
      }
    ],
    "box": [
      1020,
      1234,
      512,
      38
    ],
    "checked": true,
    "id": 467,
    "origin": "human",
    "parent": 411,
    "persons": [
      "Banse"
    ],
    "score": 1,
    "text_ocr": "##Banse##, ££gantrer££, %%@@S.-Denis@@, $$252$$%%.\n",
    "type": "ENTRY"
  },
  {
    "EOL": false,
    "box": [
      1022,
      1272,
      550,
      36
    ],
    "id": 470,
    "indented": true,
    "parent": 469,
    "text": "",
    "type": "LINE"
  },
  {
    "addresses": [
      {
        "street_name": "Beaubourg",
        "street_numbers": [
          "13"
        ]
      }
    ],
    "box": [
      1022,
      1272,
      550,
      36
    ],
    "checked": true,
    "id": 469,
    "origin": "human",
    "parent": 411,
    "persons": [
      "Bansse"
    ],
    "score": 1,
    "text_ocr": "##Bansse##, ££Orzoutteér££, %%@@Beaubourg@@, $$13$$%%.\n",
    "type": "ENTRY"
  },
  {
    "EOL": false,
    "box": [
      1020,
      1304,
      844,
      46
    ],
    "id": 472,
    "indented": true,
    "parent": 471,
    "text": "",
    "type": "LINE"
  },
  {
    "addresses": [
      {
        "street_name": "Pigalle",
        "street_numbers": [
          "8"
        ]
      }
    ],
    "box": [
      1020,
      1304,
      844,
      46
    ],
    "checked": true,
    "id": 471,
    "origin": "human",
    "parent": 411,
    "persons": [
      "Baour-Lormian"
    ],
    "score": 1,
    "text_ocr": "##Baour-Lormian## µµ3µµ, ££de l'Académ. franç.££, %%@@Pigalle@@, $$8$$%%.\n",
    "type": "ENTRY"
  },
  {
    "EOL": false,
    "box": [
      1020,
      1348,
      660,
      38
    ],
    "id": 474,
    "indented": true,
    "parent": 473,
    "text": "",
    "type": "LINE"
  },
  {
    "addresses": [
      {
        "street_name": "Dauphine",
        "street_numbers": [
          "27"
        ]
      }
    ],
    "box": [
      1020,
      1348,
      660,
      38
    ],
    "checked": true,
    "id": 473,
    "origin": "human",
    "parent": 411,
    "persons": [
      "Bapaume"
    ],
    "score": 1,
    "text_ocr": "##Bapaume##, ££confiseur££, %%@@Dauphine@@, $$27$$%%.\n",
    "type": "ENTRY"
  },
  {
    "EOL": false,
    "box": [
      1018,
      1368,
      846,
      80
    ],
    "id": 476,
    "indented": true,
    "parent": 475,
    "text": "",
    "type": "LINE"
  },
  {
    "addresses": [
      {
        "street_name": "q. de l'Ecole",
        "street_numbers": [
          ":"
        ]
      }
    ],
    "box": [
      1018,
      1368,
      846,
      80
    ],
    "checked": true,
    "id": 475,
    "origin": "human",
    "parent": 411,
    "persons": [
      "Bapst-Menière"
    ],
    "score": 0.33333333333333337,
    "text_ocr": "##Bapst-Menière##, µµ#µµ, nég. joaillierµµ, %%@@q. de l'Ecole@@, $$:$$%%\n\n",
    "type": "ENTRY"
  },
  {
    "EOL": false,
    "box": [
      1018,
      1424,
      368,
      36
    ],
    "id": 478,
    "indented": true,
    "parent": 477,
    "text": "",
    "type": "LINE"
  },
  {
    "addresses": [
      {
        "street_name": "Caurnartin",
        "street_numbers": [
          "10"
        ]
      }
    ],
    "box": [
      1018,
      1424,
      368,
      36
    ],
    "checked": true,
    "id": 477,
    "origin": "human",
    "parent": 411,
    "persons": [
      "Bapst"
    ],
    "score": 0.9,
    "text_ocr": "##Bapst##, %%@@Caurnartin@@, $$10$$%%.\n",
    "type": "ENTRY"
  },
  {
    "EOL": false,
    "box": [
      1018,
      1450,
      708,
      50
    ],
    "id": 480,
    "indented": true,
    "parent": 479,
    "text": "",
    "type": "LINE"
  },
  {
    "addresses": [
      {
        "street_name": "grande Verte",
        "street_numbers": [
          "4o"
        ]
      }
    ],
    "box": [
      1018,
      1450,
      708,
      50
    ],
    "checked": true,
    "id": 479,
    "origin": "human",
    "parent": 411,
    "persons": [
      "Baptifolier"
    ],
    "score": 0,
    "text_ocr": "##Baptifolier##, ££vétérinatre££, %%@@grande Verte@@, $$4o$$%%.\n",
    "type": "ENTRY"
  },
  {
    "EOL": false,
    "box": [
      1018,
      1498,
      664,
      40
    ],
    "id": 482,
    "indented": true,
    "parent": 481,
    "text": "",
    "type": "LINE"
  },
  {
    "addresses": [
      {
        "street_name": "Fe.-S.-Martin",
        "street_numbers": [
          "27"
        ]
      }
    ],
    "box": [
      1018,
      1498,
      664,
      40
    ],
    "checked": true,
    "id": 481,
    "origin": "human",
    "parent": 411,
    "persons": [
      "Baptiste"
    ],
    "score": 0.5,
    "text_ocr": "##Baptiste##, ££cordonnier££, %%@@Fe.-S.-Martin@@, $$27$$%%.\n",
    "type": "ENTRY"
  },
  {
    "EOL": false,
    "box": [
      1020,
      1536,
      620,
      38
    ],
    "id": 484,
    "indented": true,
    "parent": 483,
    "text": "",
    "type": "LINE"
  },
  {
    "addresses": [
      {
        "street_name": "S.-Honoré",
        "street_numbers": [
          "327"
        ]
      }
    ],
    "box": [
      1020,
      1536,
      620,
      38
    ],
    "checked": true,
    "id": 483,
    "origin": "human",
    "parent": 411,
    "persons": [
      "Baptiste aîné"
    ],
    "score": 1,
    "text_ocr": "##Baptiste aîné##, ££acteur££, %%@@S.-Honoré@@, $$327$$%%.\n",
    "type": "ENTRY"
  },
  {
    "EOL": false,
    "box": [
      1018,
      1574,
      660,
      38
    ],
    "id": 486,
    "indented": true,
    "parent": 485,
    "text": "",
    "type": "LINE"
  },
  {
    "addresses": [
      {
        "street_name": "F.-S.-Martin",
        "street_numbers": [
          "13"
        ]
      }
    ],
    "box": [
      1018,
      1574,
      660,
      38
    ],
    "checked": true,
    "id": 485,
    "origin": "human",
    "parent": 411,
    "persons": [
      "Baptiste (F.)"
    ],
    "score": 0.5,
    "text_ocr": "##Baptiste (F.)##, ££perntre££, %%@@F.-S.-Martin@@, $$13$$%%.\n",
    "type": "ENTRY"
  },
  {
    "EOL": false,
    "box": [
      1018,
      1610,
      762,
      40
    ],
    "id": 488,
    "indented": true,
    "parent": 487,
    "text": "",
    "type": "LINE"
  },
  {
    "addresses": [
      {
        "street_name": "Mouffetard",
        "street_numbers": [
          "283"
        ]
      }
    ],
    "box": [
      1018,
      1610,
      762,
      40
    ],
    "checked": true,
    "id": 487,
    "origin": "human",
    "parent": 411,
    "persons": [
      "Baptiste Telhicr"
    ],
    "score": 1,
    "text_ocr": "##Baptiste Telhicr##, ££nouveautes££, %%@@Mouffetard@@, $$283$$%%.\n",
    "type": "ENTRY"
  },
  {
    "EOL": false,
    "box": [
      1020,
      1650,
      648,
      40
    ],
    "id": 490,
    "indented": true,
    "parent": 489,
    "text": "",
    "type": "LINE"
  },
  {
    "addresses": [
      {
        "street_name": "Tixeranderie",
        "street_numbers": [
          "F3"
        ]
      }
    ],
    "box": [
      1020,
      1650,
      648,
      40
    ],
    "checked": true,
    "id": 489,
    "origin": "human",
    "parent": 411,
    "persons": [
      "Baquesne"
    ],
    "score": 0,
    "text_ocr": "##Baquesne##, ££propriét.££, %%@@Tixeranderie@@, $$F3$$%%,\n",
    "type": "ENTRY"
  },
  {
    "EOL": false,
    "box": [
      1020,
      1686,
      754,
      40
    ],
    "id": 492,
    "indented": true,
    "parent": 491,
    "text": "",
    "type": "LINE"
  },
  {
    "addresses": [
      {
        "street_name": "S.-Hyacinthe-S.:-Michel",
        "street_numbers": [
          "2"
        ]
      }
    ],
    "box": [
      1020,
      1686,
      754,
      40
    ],
    "checked": true,
    "id": 491,
    "origin": "human",
    "parent": 411,
    "persons": [
      "Baquoy"
    ],
    "score": 0.9166666666666667,
    "text_ocr": "##Baquoy##, ££graveur££, %%@@S.-Hyacinthe-S.:-Michel@@, $$2$$%%:\n",
    "type": "ENTRY"
  },
  {
    "EOL": false,
    "box": [
      1020,
      1722,
      838,
      42
    ],
    "id": 494,
    "indented": true,
    "parent": 493,
    "text": "",
    "type": "LINE"
  },
  {
    "addresses": [
      {
        "street_name": "bout. Bonne-Nouvrelle",
        "street_numbers": [
          "12"
        ]
      }
    ],
    "box": [
      1020,
      1722,
      838,
      42
    ],
    "checked": true,
    "id": 493,
    "origin": "human",
    "parent": 411,
    "persons": [
      "Bura (V*)"
    ],
    "score": 0.9666666666666667,
    "text_ocr": "##Bura (V*)##, ££orselière££, @@bout. Bonne-Nouvrelle@@, $$12$$%%, .\n",
    "type": "ENTRY"
  },
  {
    "EOL": false,
    "box": [
      1018,
      1762,
      716,
      40
    ],
    "id": 496,
    "indented": true,
    "parent": 495,
    "text": "",
    "type": "LINE"
  },
  {
    "addresses": [
      {
        "street_name": "Charenton",
        "street_numbers": [
          "74"
        ]
      }
    ],
    "box": [
      1018,
      1762,
      716,
      40
    ],
    "checked": true,
    "id": 495,
    "origin": "human",
    "parent": 411,
    "persons": [
      "Bara frères"
    ],
    "score": 1,
    "text_ocr": "##Bara frères##, ££mécaniciens££, %%@@Charenton@@, $$74$$%%.\n",
    "type": "ENTRY"
  },
  {
    "EOL": false,
    "box": [
      1020,
      1798,
      836,
      42
    ],
    "id": 498,
    "indented": true,
    "parent": 497,
    "text": "",
    "type": "LINE"
  },
  {
    "addresses": [
      {
        "street_name": "Université",
        "street_numbers": [
          "5r"
        ]
      }
    ],
    "box": [
      1020,
      1798,
      836,
      42
    ],
    "checked": true,
    "id": 497,
    "origin": "human",
    "parent": 411,
    "persons": [
      "Baradere"
    ],
    "score": 0.5,
    "text_ocr": "##Baradere## µµXe O. %µµ, ££intend. milit.££, %%@@Université@@, $$5r$$%%.\n",
    "type": "ENTRY"
  },
  {
    "EOL": false,
    "box": [
      1020,
      1836,
      718,
      38
    ],
    "id": 500,
    "indented": true,
    "parent": 499,
    "text": "",
    "type": "LINE"
  },
  {
    "addresses": [
      {
        "street_name": "Ménilinontant",
        "street_numbers": [
          "34"
        ]
      }
    ],
    "box": [
      1020,
      1836,
      718,
      38
    ],
    "checked": true,
    "id": 499,
    "origin": "human",
    "parent": 411,
    "persons": [
      "Buraigues"
    ],
    "score": 0.9230769230769231,
    "text_ocr": "##Buraigues##, ££of. de santé££, %%@@Ménilinontant@@, $$34$$%%.\n",
    "type": "ENTRY"
  },
  {
    "EOL": false,
    "box": [
      1018,
      1876,
      618,
      38
    ],
    "id": 502,
    "indented": true,
    "parent": 501,
    "text": "",
    "type": "LINE"
  },
  {
    "addresses": [
      {
        "street_name": "R'chepante",
        "street_numbers": [
          "0"
        ]
      }
    ],
    "box": [
      1018,
      1876,
      618,
      38
    ],
    "checked": true,
    "id": 501,
    "origin": "human",
    "parent": 411,
    "persons": [
      "Baral (C'*< de)"
    ],
    "score": 0.5,
    "text_ocr": "##Baral (C'*< de)##, %%@@R'chepante@@, $$0$$%%.\n",
    "type": "ENTRY"
  },
  {
    "EOL": false,
    "box": [
      1020,
      1912,
      608,
      38
    ],
    "id": 504,
    "indented": true,
    "parent": 503,
    "text": "",
    "type": "LINE"
  },
  {
    "addresses": [
      {
        "street_name": "boul. S.-Antoine",
        "street_numbers": [
          "77"
        ]
      }
    ],
    "box": [
      1020,
      1912,
      608,
      38
    ],
    "checked": true,
    "id": 503,
    "origin": "human",
    "parent": 411,
    "persons": [
      "Baral"
    ],
    "score": 1,
    "text_ocr": "##Baral##, ££tailleur££, %%@@boul. S.-Antoine@@, $$77$$%%.\n",
    "type": "ENTRY"
  },
  {
    "EOL": false,
    "box": [
      1018,
      1894,
      844,
      94
    ],
    "id": 506,
    "indented": true,
    "parent": 505,
    "text": "",
    "type": "LINE"
  },
  {
    "addresses": [
      {
        "street_name": "Croix-des-Pet.-Champs",
        "street_numbers": [
          "35"
        ]
      }
    ],
    "box": [
      1018,
      1894,
      844,
      94
    ],
    "checked": true,
    "id": 505,
    "origin": "human",
    "parent": 411,
    "persons": [
      "Baralicr (V°)"
    ],
    "score": 0.5,
    "text_ocr": "##Baralicr (V°)##, ££drigère££, %%@@Croix-des-Pet.-Champs@@, $$35$$%%.\n",
    "type": "ENTRY"
  },
  {
    "EOL": false,
    "box": [
      1018,
      1988,
      770,
      42
    ],
    "id": 508,
    "indented": true,
    "parent": 507,
    "text": "",
    "type": "LINE"
  },
  {
    "addresses": [
      {
        "street_name": "N°-Mathurins",
        "street_numbers": [
          "62"
        ]
      }
    ],
    "box": [
      1018,
      1988,
      770,
      42
    ],
    "checked": true,
    "id": 507,
    "origin": "human",
    "parent": 411,
    "persons": [
      "Barante (B\" de)"
    ],
    "score": 0.5,
    "text_ocr": "##Barante (B\" de)## µµ0.3, pairµµ, %%@@N°-Mathurins@@, $$62$$%%.\n",
    "type": "ENTRY"
  },
  {
    "EOL": false,
    "box": [
      1020,
      2022,
      846,
      42
    ],
    "id": 510,
    "indented": true,
    "parent": 509,
    "text": "",
    "type": "LINE"
  },
  {
    "addresses": [
      {
        "street_name": "Arcade",
        "street_numbers": [
          "23"
        ]
      }
    ],
    "box": [
      1020,
      2022,
      846,
      42
    ],
    "checked": true,
    "id": 509,
    "origin": "human",
    "parent": 411,
    "persons": [
      "Barante (A. de)"
    ],
    "score": 1,
    "text_ocr": "##Barante (A. de)## µµXeµµ, ££iusp dom. du Rni££, %%@@Arcade@@ , $$23$$%%\n",
    "type": "ENTRY"
  },
  {
    "EOL": false,
    "box": [
      1020,
      2062,
      842,
      46
    ],
    "id": 512,
    "indented": true,
    "parent": 511,
    "text": "",
    "type": "LINE"
  },
  {
    "addresses": [
      {
        "street_name": "Francs-Bourgeois-Marais",
        "street_numbers": [
          "‘11"
        ]
      }
    ],
    "box": [
      1020,
      2062,
      842,
      46
    ],
    "checked": true,
    "id": 511,
    "origin": "human",
    "parent": 411,
    "persons": [
      "Barañte ( Abbé de )"
    ],
    "score": 0.07142857142857142,
    "text_ocr": "##Barañte ( Abbé de )##, %%@@Francs-Bourgeois-Marais@@, $$‘11$$%%.\n",
    "type": "ENTRY"
  },
  {
    "EOL": false,
    "box": [
      1020,
      2102,
      544,
      34
    ],
    "id": 514,
    "indented": true,
    "parent": 513,
    "text": "",
    "type": "LINE"
  },
  {
    "addresses": [
      {
        "street_name": "Ecouffes",
        "street_numbers": [
          "13"
        ]
      }
    ],
    "box": [
      1020,
      2102,
      544,
      34
    ],
    "checked": true,
    "id": 513,
    "origin": "human",
    "parent": 411,
    "persons": [
      "Baranton"
    ],
    "score": 1,
    "text_ocr": "##Baranton##, ££medecirr££, %%@@Ecouffes@@, $$13$$%%.\n",
    "type": "ENTRY"
  },
  {
    "EOL": false,
    "box": [
      1020,
      2140,
      646,
      38
    ],
    "id": 516,
    "indented": true,
    "parent": 515,
    "text": "",
    "type": "LINE"
  },
  {
    "addresses": [
      {
        "street_name": "Echaudé-S.-Germ.",
        "street_numbers": [
          "0"
        ]
      }
    ],
    "box": [
      1020,
      2140,
      646,
      38
    ],
    "checked": true,
    "id": 515,
    "origin": "human",
    "parent": 411,
    "persons": [
      "Barat"
    ],
    "score": 0.5,
    "text_ocr": "##Barat##, ££éharron££, %%@@Echaudé-S.-Germ.@@, $$0$$%%.\n",
    "type": "ENTRY"
  },
  {
    "EOL": false,
    "box": [
      1022,
      2178,
      524,
      38
    ],
    "id": 518,
    "indented": true,
    "parent": 517,
    "text": "",
    "type": "LINE"
  },
  {
    "addresses": [
      {
        "street_name": "Tixerandrvrie",
        "street_numbers": [
          "50"
        ]
      }
    ],
    "box": [
      1022,
      2178,
      524,
      38
    ],
    "checked": true,
    "id": 517,
    "origin": "human",
    "parent": 411,
    "persons": [
      "Barat"
    ],
    "score": 0.5,
    "text_ocr": "##Barat##, ££épicier££, %%@@Tixerandrvrie@@, $$50$$%%.\n",
    "type": "ENTRY"
  },
  {
    "EOL": false,
    "box": [
      1020,
      2216,
      428,
      34
    ],
    "id": 520,
    "indented": true,
    "parent": 519,
    "text": "",
    "type": "LINE"
  },
  {
    "addresses": [
      {
        "street_name": "maçon",
        "street_numbers": [
          "5"
        ]
      }
    ],
    "box": [
      1020,
      2216,
      428,
      34
    ],
    "checked": true,
    "id": 519,
    "origin": "human",
    "parent": 411,
    "persons": [
      "Barat"
    ],
    "score": 0.8571428571428572,
    "text_ocr": "##Barat##, @@maçon@@, %%@@Licorne@@, $$5$$%%.\n",
    "type": "ENTRY"
  },
  {
    "EOL": false,
    "box": [
      1022,
      2254,
      534,
      36
    ],
    "id": 522,
    "indented": true,
    "parent": 521,
    "text": "",
    "type": "LINE"
  },
  {
    "addresses": [
      {
        "street_name": "Charonne",
        "street_numbers": [
          "35"
        ]
      }
    ],
    "box": [
      1022,
      2254,
      534,
      36
    ],
    "checked": true,
    "id": 521,
    "origin": "human",
    "parent": 411,
    "persons": [
      "Barat"
    ],
    "score": 1,
    "text_ocr": "##Barat##, ££menuisier££, %%@@Charonne@@, $$35$$%%.\n",
    "type": "ENTRY"
  },
  {
    "EOL": false,
    "box": [
      1020,
      2290,
      628,
      42
    ],
    "id": 524,
    "indented": true,
    "parent": 523,
    "text": "",
    "type": "LINE"
  },
  {
    "addresses": [
      {
        "street_name": "Pouileticr",
        "street_numbers": [
          "4"
        ]
      }
    ],
    "box": [
      1020,
      2290,
      628,
      42
    ],
    "checked": true,
    "id": 523,
    "origin": "human",
    "parent": 411,
    "persons": [
      "Barat"
    ],
    "score": 0.9,
    "text_ocr": "##Barat##, ££vins en gros££, %%@@Pouileticr@@, $$4$$%%. .\n",
    "type": "ENTRY"
  },
  {
    "EOL": false,
    "box": [
      1020,
      2324,
      826,
      46
    ],
    "id": 526,
    "indented": true,
    "parent": 525,
    "text": "",
    "type": "LINE"
  },
  {
    "addresses": [
      {
        "street_name": "pl. Hôtel-de-Ville",
        "street_numbers": [
          "8"
        ]
      }
    ],
    "box": [
      1020,
      2324,
      826,
      46
    ],
    "checked": true,
    "id": 525,
    "origin": "human",
    "parent": 411,
    "persons": [
      "Bavatin"
    ],
    "score": 1,
    "text_ocr": "##Bavatin##. ££commiss. priseur££, %%@@pl. Hôtel-de-Ville@@, $$8$$%%.\n",
    "type": "ENTRY"
  },
  {
    "EOL": false,
    "box": [
      1020,
      2366,
      660,
      38
    ],
    "id": 528,
    "indented": true,
    "parent": 527,
    "text": "",
    "type": "LINE"
  },
  {
    "addresses": [
      {
        "street_name": "Meslay",
        "street_numbers": [
          "54"
        ]
      }
    ],
    "box": [
      1020,
      2366,
      660,
      38
    ],
    "checked": true,
    "id": 527,
    "origin": "human",
    "parent": 411,
    "persons": [
      "Baraton"
    ],
    "score": 1,
    "text_ocr": "##Baraton##, ££grav, sur metau*££, %%@@Meslay@@, $$54$$%%.\n",
    "type": "ENTRY"
  },
  {
    "EOL": false,
    "box": [
      1022,
      2404,
      712,
      38
    ],
    "id": 530,
    "indented": true,
    "parent": 529,
    "text": "",
    "type": "LINE"
  },
  {
    "addresses": [
      {
        "street_name": "S.-Honoré",
        "street_numbers": [
          "159"
        ]
      }
    ],
    "box": [
      1022,
      2404,
      712,
      38
    ],
    "checked": true,
    "id": 529,
    "origin": "human",
    "parent": 411,
    "persons": [
      "Baraton (Louis)"
    ],
    "score": 1,
    "text_ocr": "##Baraton (Louis)##, ££#rjoutier££, %%@@S.-Honoré@@, $$159$$%%.\n",
    "type": "ENTRY"
  },
  {
    "EOL": false,
    "box": [
      1022,
      2440,
      548,
      36
    ],
    "id": 532,
    "indented": true,
    "parent": 531,
    "text": "",
    "type": "LINE"
  },
  {
    "addresses": [
      {
        "street_name": "Tonnellerie",
        "street_numbers": [
          "83"
        ]
      }
    ],
    "box": [
      1022,
      2440,
      548,
      36
    ],
    "checked": true,
    "id": 531,
    "origin": "human",
    "parent": 411,
    "persons": [
      "Baratte"
    ],
    "score": 0.5,
    "text_ocr": "##Baratte##, ££epicier££, %%@@Tonnellerie@@, $$83$$%%.\n",
    "type": "ENTRY"
  },
  {
    "EOL": false,
    "box": [
      1022,
      2478,
      614,
      40
    ],
    "id": 534,
    "indented": true,
    "parent": 533,
    "text": "",
    "type": "LINE"
  },
  {
    "addresses": [
      {
        "street_name": "Anjou-S.-Honoré",
        "street_numbers": [
          "0"
        ]
      }
    ],
    "box": [
      1022,
      2478,
      614,
      40
    ],
    "checked": true,
    "id": 533,
    "origin": "human",
    "parent": 411,
    "persons": [
      "Baratte"
    ],
    "score": 0.5,
    "text_ocr": "##Baratte##, ££seflier££, %%@@Anjou-S.-Honoré@@, $$0$$%%.\n",
    "type": "ENTRY"
  },
  {
    "EOL": false,
    "box": [
      1022,
      2512,
      812,
      44
    ],
    "id": 536,
    "indented": true,
    "parent": 535,
    "text": "",
    "type": "LINE"
  },
  {
    "addresses": [
      {
        "street_name": "S.-Denis",
        "street_numbers": [
          "408"
        ]
      }
    ],
    "box": [
      1022,
      2512,
      812,
      44
    ],
    "checked": true,
    "id": 535,
    "origin": "human",
    "parent": 411,
    "persons": [
      "Baratte (Fx.) et co."
    ],
    "score": 1,
    "text_ocr": "##Baratte (Fx.) et co.##, ££nouveuutés££, %%@@S.-Denis@@, $$408$$%%.\n",
    "type": "ENTRY"
  },
  {
    "EOL": false,
    "box": [
      1024,
      2552,
      840,
      38
    ],
    "id": 538,
    "indented": true,
    "parent": 537,
    "text": "",
    "type": "LINE"
  },
  {
    "addresses": [
      {
        "street_name": "boul! B.-Nouvelle",
        "street_numbers": [
          "rg"
        ]
      }
    ],
    "box": [
      1024,
      2552,
      840,
      38
    ],
    "checked": true,
    "id": 537,
    "origin": "human",
    "parent": 411,
    "persons": [
      "Barault"
    ],
    "score": 0.5,
    "text_ocr": "##Barault##, ££md de porcelaine££, %%@@boul! B.-Nouvelle@@, $$rg$$%%\n",
    "type": "ENTRY"
  },
  {
    "EOL": false,
    "box": [
      1024,
      2588,
      838,
      40
    ],
    "id": 540,
    "indented": true,
    "parent": 539,
    "text": "",
    "type": "LINE"
  },
  {
    "addresses": [
      {
        "street_name": "F.-M:ntnrartre",
        "street_numbers": [
          "45"
        ]
      }
    ],
    "box": [
      1024,
      2588,
      838,
      40
    ],
    "checked": true,
    "id": 539,
    "origin": "human",
    "parent": 411,
    "persons": [
      "Barault (Charles)"
    ],
    "score": 0.5,
    "text_ocr": "##Barault (Charles)##, ££porcelaine££, %%@@F.-M:ntnrartre@@, $$45$$%%.\n",
    "type": "ENTRY"
  },
  {
    "EOL": false,
    "box": [
      1024,
      2628,
      820,
      42
    ],
    "id": 542,
    "indented": true,
    "parent": 541,
    "text": "",
    "type": "LINE"
  },
  {
    "addresses": [
      {
        "street_name": "Jussienne",
        "street_numbers": [
          "8"
        ]
      }
    ],
    "box": [
      1024,
      2628,
      820,
      42
    ],
    "checked": true,
    "id": 541,
    "origin": "human",
    "parent": 411,
    "persons": [
      "Barault-Roullon (C.-H.)"
    ],
    "score": 1,
    "text_ocr": "##Barault-Roullon (C.-H.)##, ££zég. et 3££, %%@@Jussienne@@, $$8$$%%.\n",
    "type": "ENTRY"
  },
  {
    "EOL": false,
    "box": [
      1024,
      2668,
      754,
      36
    ],
    "id": 544,
    "indented": true,
    "parent": 543,
    "text": "",
    "type": "LINE"
  },
  {
    "addresses": [
      {
        "street_name": "Seine",
        "street_numbers": [
          "33"
        ]
      }
    ],
    "box": [
      1024,
      2668,
      754,
      36
    ],
    "checked": true,
    "id": 543,
    "origin": "human",
    "parent": 411,
    "persons": [
      "Barba fils"
    ],
    "score": 1,
    "text_ocr": "##Barba fils##, ££érocheur££, %%@@Seine@@, $$33$$, @@Fy.-S.-Germ.@@%%\n",
    "type": "ENTRY"
  },
  {
    "EOL": false,
    "box": [
      1026,
      2704,
      822,
      42
    ],
    "id": 546,
    "indented": true,
    "parent": 545,
    "text": "",
    "type": "LINE"
  },
  {
    "addresses": [
      {
        "street_name": "Théàt.-Franc.",
        "street_numbers": []
      }
    ],
    "box": [
      1026,
      2704,
      822,
      42
    ],
    "checked": true,
    "id": 545,
    "origin": "human",
    "parent": 411,
    "persons": [
      "Barba (G.-N. ) père"
    ],
    "score": 0.4,
    "street_number": "",
    "text_ocr": "##Barba (G.-N. ) père##, ££édit., pourt.££ %%@@Théàt.-Franc.@@,%%\n",
    "type": "ENTRY"
  },
  {
    "EOL": false,
    "box": [
      1024,
      2742,
      842,
      38
    ],
    "id": 548,
    "indented": true,
    "parent": 547,
    "text": "",
    "type": "LINE"
  },
  {
    "addresses": [
      {
        "street_name": "Perle",
        "street_numbers": []
      }
    ],
    "box": [
      1024,
      2742,
      842,
      38
    ],
    "checked": true,
    "id": 547,
    "origin": "human",
    "parent": 411,
    "persons": [
      "Barbancçois ( Mi: de}"
    ],
    "score": 0.5,
    "street_number": "",
    "text_ocr": "##Barbancçois ( Mi: de}##, ££cup. d’etdt-major££, %%@@Perle@@%%\n",
    "type": "ENTRY"
  },
  {
    "EOL": false,
    "box": [
      1026,
      2780,
      838,
      44
    ],
    "id": 550,
    "indented": true,
    "parent": 549,
    "text": "",
    "type": "LINE"
  },
  {
    "addresses": [
      {
        "street_name": "Beaune",
        "street_numbers": [
          "7"
        ]
      }
    ],
    "box": [
      1026,
      2780,
      838,
      44
    ],
    "checked": true,
    "id": 549,
    "origin": "human",
    "parent": 411,
    "persons": [
      "Barbançois (M' de)"
    ],
    "score": 1,
    "text_ocr": "##Barbançois (M' de)## µµX 0. #6µµ, ££colonel££, %%@@Beaune@@, $$7$$%%.\n",
    "type": "ENTRY"
  },
  {
    "EOL": false,
    "box": [
      1028,
      2818,
      836,
      40
    ],
    "id": 552,
    "indented": true,
    "parent": 551,
    "text": "",
    "type": "LINE"
  },
  {
    "addresses": [
      {
        "street_name": "Chartres-5.-Honorc",
        "street_numbers": []
      }
    ],
    "box": [
      1028,
      2818,
      836,
      40
    ],
    "checked": true,
    "id": 551,
    "origin": "human",
    "parent": 411,
    "persons": [
      "Barbancçon"
    ],
    "score": 0.4,
    "street_number": "",
    "text_ocr": "##Barbancçon##, ££À. garni, et cufé££, %%@@Chartres-5.-Honorc@@%%\n",
    "type": "ENTRY"
  },
  {
    "EOL": false,
    "box": [
      1028,
      2852,
      838,
      42
    ],
    "id": 554,
    "indented": true,
    "parent": 553,
    "text": "",
    "type": "LINE"
  },
  {
    "addresses": [
      {
        "street_name": "b. de la Madéleinc",
        "street_numbers": []
      }
    ],
    "box": [
      1028,
      2852,
      838,
      42
    ],
    "checked": true,
    "id": 553,
    "origin": "human",
    "parent": 411,
    "persons": [
      "Barbantane (Mi: de)"
    ],
    "score": 0.48,
    "street_number": "",
    "text_ocr": "##Barbantane (Mi: de)##, ££déeut.-geén.££, %%@@b. de la Madéleinc@@%%\n",
    "type": "ENTRY"
  },
  {
    "EOL": false,
    "box": [
      1028,
      2894,
      466,
      38
    ],
    "id": 556,
    "indented": true,
    "parent": 555,
    "text": "",
    "type": "LINE"
  },
  {
    "addresses": [
      {
        "street_name": "Poulies",
        "street_numbers": [
          "22"
        ]
      }
    ],
    "box": [
      1028,
      2894,
      466,
      38
    ],
    "checked": true,
    "id": 555,
    "origin": "human",
    "parent": 411,
    "persons": [
      "Barbarin"
    ],
    "score": 0.8571428571428572,
    "text_ocr": "##Barbarin##, ££vrres££, %%@@Poulies@@, $$22$$%%.\n",
    "type": "ENTRY"
  },
  {
    "EOL": false,
    "box": [
      1026,
      2932,
      600,
      40
    ],
    "id": 558,
    "indented": true,
    "parent": 557,
    "text": "",
    "type": "LINE"
  },
  {
    "addresses": [
      {
        "street_name": "a. Pelletier",
        "street_numbers": [
          "10"
        ]
      }
    ],
    "box": [
      1026,
      2932,
      600,
      40
    ],
    "checked": true,
    "id": 557,
    "origin": "human",
    "parent": 411,
    "persons": [
      "Barbary"
    ],
    "score": 0.8888888888888888,
    "text_ocr": "##Barbary##, ££Pijowtier££, %%@@a. Pelletier@@, $$10$$%%.\n",
    "type": "ENTRY"
  },
  {
    "box": [
      1010,
      174,
      856,
      2798
    ],
    "id": 411,
    "parent": 410,
    "type": "COLUMN_LEVEL_2"
  },
  {
    "box": [
      1010,
      174,
      856,
      2798
    ],
    "id": 410,
    "parent": 409,
    "type": "SECTION_LEVEL_2"
  },
  {
    "box": [
      1010,
      174,
      856,
      2808
    ],
    "id": 409,
    "parent": 258,
    "type": "COLUMN_LEVEL_1"
  },
  {
    "box": [
      94,
      174,
      1784,
      2808
    ],
    "id": 258,
    "parent": 256,
    "type": "SECTION_LEVEL_1"
  },
  {
    "box": [
      94,
      106,
      1784,
      2924
    ],
    "id": 256,
    "type": "PAGE"
  }
]
