{
  "content": [
    {
      "box": [
        154, 
        64, 
        1750, 
        20
      ], 
      "checked": false, 
      "id": 257, 
      "origin": "computer", 
      "parent": 256, 
      "text": "rt nt Et at, 0 ds AR CR RD\n", 
      "type": "TITLE_LEVEL_1"
    }, 
    {
      "box": [
        154, 
        156, 
        1750, 
        36
      ], 
      "checked": false, 
      "id": 258, 
      "origin": "computer", 
      "parent": 256, 
      "text": "94 : _ {N\u00e9goObiAans ee PARIS, DE |\n", 
      "type": "TITLE_LEVEL_1"
    }, 
    {
      "EOL": false, 
      "box": [
        168, 
        210, 
        846, 
        44
      ], 
      "id": 264, 
      "indented": true, 
      "parent": 263, 
      "text": "", 
      "type": "LINE"
    }, 
    {
      "EOL": false, 
      "box": [
        190, 
        252, 
        216, 
        32
      ], 
      "id": 265, 
      "indented": false, 
      "parent": 263, 
      "text": "", 
      "type": "LINE"
    }, 
    {
      "addresses": [
        {
          "street_name": "Mont", 
          "street_numbers": []
        }
      ], 
      "box": [
        168, 
        210, 
        846, 
        74
      ], 
      "checked": false, 
      "id": 263, 
      "ner_xml": "<PER>Castin se mat. premi\u00e8res pour chap, ; x</PER>,<LOC>Mont</LOC>:\n<TITRE>Orne r D |\n</TITRE>", 
      "origin": "computer", 
      "parent": 262, 
      "persons": [
        "Castin se mat. premi\u00e8res pour chap, ; x"
      ], 
      "text_ocr": "Castin se mat. premi\u00e8res pour chap, ; x, Mont:\nOrne r D |\n", 
      "type": "ENTRY"
    }, 
    {
      "EOL": false, 
      "box": [
        166, 
        274, 
        728, 
        52
      ], 
      "id": 267, 
      "indented": true, 
      "parent": 266, 
      "text": "", 
      "type": "LINE"
    }, 
    {
      "addresses": [], 
      "box": [
        166, 
        274, 
        728, 
        52
      ], 
      "checked": false, 
      "id": 266, 
      "ner_xml": "<PER>Cavalier B\u00e9nezet (Ii)</PER>,<ACT>petite r. S.-Roch</ACT>,<CARDINAL>3</CARDINAL>.\n", 
      "origin": "computer", 
      "parent": 262, 
      "persons": [
        "Cavalier B\u00e9nezet (Ii)"
      ], 
      "text_ocr": "Cavalier B\u00e9nezet (Ii), petite r. S.-Roch, 3.\n", 
      "type": "ENTRY"
    }, 
    {
      "EOL": false, 
      "box": [
        168, 
        318, 
        774, 
        42
      ], 
      "id": 269, 
      "indented": true, 
      "parent": 268, 
      "text": "", 
      "type": "LINE"
    }, 
    {
      "addresses": [], 
      "box": [
        168, 
        318, 
        774, 
        42
      ], 
      "checked": false, 
      "id": 268, 
      "ner_xml": "<PER>Cavoret jeune et co.</PER>,<ACT>soreries, r: Mauconseil</ACT>,<CARDINAL>18</CARDINAL>.\n", 
      "origin": "computer", 
      "parent": 262, 
      "persons": [
        "Cavoret jeune et co."
      ], 
      "text_ocr": "Cavoret jeune et co., soreries, r: Mauconseil, 18.\n", 
      "type": "ENTRY"
    }, 
    {
      "EOL": false, 
      "box": [
        166, 
        356, 
        848, 
        38
      ], 
      "id": 271, 
      "indented": true, 
      "parent": 270, 
      "text": "", 
      "type": "LINE"
    }, 
    {
      "EOL": false, 
      "box": [
        188, 
        394, 
        826, 
        40
      ], 
      "id": 272, 
      "indented": false, 
      "parent": 270, 
      "text": "", 
      "type": "LINE"
    }, 
    {
      "addresses": [
        {
          "street_name": "Augustin", 
          "street_numbers": [
            "20"
          ]
        }
      ], 
      "box": [
        166, 
        356, 
        848, 
        78
      ], 
      "checked": false, 
      "id": 270, 
      "ner_xml": "<PER>Celerier (M.)et co.</PER>,<ACT>vins, eau-de-vie, rum</ACT>,r. N\u00b0-S;:\n<LOC>Augustin</LOC>,<CARDINAL>20</CARDINAL>; maisons \u00e0 Bordeaux) \u00e0<TITRE>Limoges et \u00e0\n</TITRE>", 
      "origin": "computer", 
      "parent": 262, 
      "persons": [
        "Celerier (M.)et co."
      ], 
      "text_ocr": "Celerier (M.)et co., vins, eau-de-vie, rum,r. N\u00b0-S;:\nAugustin, 20; maisons \u00e0 Bordeaux) \u00e0 Limoges et \u00e0\n", 
      "type": "ENTRY"
    }, 
    {
      "EOL": false, 
      "box": [
        154, 
        430, 
        228, 
        32
      ], 
      "id": 274, 
      "indented": true, 
      "parent": 273, 
      "text": "", 
      "type": "LINE"
    }, 
    {
      "addresses": [], 
      "box": [
        154, 
        430, 
        228, 
        32
      ], 
      "checked": false, 
      "id": 273, 
      "ner_xml": " Aiigoul\u00e8me,\n", 
      "origin": "computer", 
      "parent": 262, 
      "persons": [], 
      "text_ocr": " Aiigoul\u00e8me,\n", 
      "type": "ENTRY"
    }, 
    {
      "EOL": false, 
      "box": [
        170, 
        458, 
        844, 
        70
      ], 
      "id": 276, 
      "indented": true, 
      "parent": 275, 
      "text": "", 
      "type": "LINE"
    }, 
    {
      "EOL": false, 
      "box": [
        162, 
        498, 
        706, 
        78
      ], 
      "id": 277, 
      "indented": false, 
      "parent": 275, 
      "text": "", 
      "type": "LINE"
    }, 
    {
      "addresses": [
        {
          "street_name": "r. Beau:\n", 
          "street_numbers": [
            "40"
          ]
        }, 
        {
          "street_name": "r. Vieille-du-Temple", 
          "street_numbers": [
            "s2"
          ]
        }
      ], 
      "box": [
        162, 
        458, 
        852, 
        118
      ], 
      "checked": false, 
      "id": 275, 
      "ner_xml": "fenirie ques \u00e9picerie,<ACT>droguerie, colle:forte</ACT>,<LOC>r. Beau:\n</LOC>!<ACT>bo\u00fcrg</ACT>,<CARDINAL>40</CARDINAL>. | { \u00e9\nChabbal{JL.),<LOC>r. Vieille-du-Temple</LOC>,<CARDINAL>s2</CARDINAL>. . |\n", 
      "origin": "computer", 
      "parent": 262, 
      "persons": [], 
      "text_ocr": "fenirie ques \u00e9picerie, droguerie, colle:forte, r. Beau:\n!bo\u00fcrg, 40. | { \u00e9\nChabbal{JL.), r. Vieille-du-Temple, s2. . |\n", 
      "type": "ENTRY"
    }, 
    {
      "EOL": false, 
      "box": [
        168, 
        546, 
        846, 
        66
      ], 
      "id": 279, 
      "indented": true, 
      "parent": 278, 
      "text": "", 
      "type": "LINE"
    }, 
    {
      "addresses": [
        {
          "street_name": "Fr", 
          "street_numbers": [
            "72"
          ]
        }
      ], 
      "box": [
        168, 
        546, 
        846, 
        66
      ], 
      "checked": false, 
      "id": 278, 
      "ner_xml": "<PER>SUAODAI (9 .-L.)</PER>,<LOC>Fr</LOC>, VIeIC-Qu-EeCMpPIC,<CARDINAL>72</CARDINAL>. .<PER>|\nChalot(I.-P.-A.)</PER>,<ACT>cordonnerie,r.du</ACT>Renard S.-Merri,6:\n", 
      "origin": "computer", 
      "parent": 262, 
      "persons": [
        "SUAODAI (9 .-L.)", 
        "|\nChalot(I.-P.-A.)"
      ], 
      "text_ocr": "SUAODAI (9 .-L.), Fr, VIeIC-Qu-EeCMpPIC, 72. . |\nChalot(I.-P.-A.), cordonnerie,r.du Renard S.-Merri,6:\n", 
      "type": "ENTRY"
    }, 
    {
      "EOL": false, 
      "box": [
        168, 
        608, 
        846, 
        56
      ], 
      "id": 281, 
      "indented": true, 
      "parent": 280, 
      "text": "", 
      "type": "LINE"
    }, 
    {
      "EOL": false, 
      "box": [
        156, 
        644, 
        334, 
        36
      ], 
      "id": 282, 
      "indented": false, 
      "parent": 280, 
      "text": "", 
      "type": "LINE"
    }, 
    {
      "addresses": [
        {
          "street_name": "boul.\ndes Invalides", 
          "street_numbers": [
            "4", 
            "1  "
          ]
        }
      ], 
      "box": [
        156, 
        608, 
        858, 
        72
      ], 
      "checked": false, 
      "id": 280, 
      "ner_xml": "<PER>Chanal</PER>,<ACT>entrep. g\u00e8n. du service des Invalides</ACT>,<LOC>boul.\ndes Invalides</LOC>,<CARDINAL>4</CARDINAL>.<CARDINAL>1  </CARDINAL>:\n", 
      "origin": "computer", 
      "parent": 262, 
      "persons": [
        "Chanal"
      ], 
      "text_ocr": "Chanal , entrep. g\u00e8n. du service des Invalides, boul.\ndes Invalides, 4. 1  :\n", 
      "type": "ENTRY"
    }, 
    {
      "EOL": false, 
      "box": [
        170, 
        660, 
        710, 
        60
      ], 
      "id": 284, 
      "indented": true, 
      "parent": 283, 
      "text": "", 
      "type": "LINE"
    }, 
    {
      "addresses": [
        {
          "street_name": "r. Coquilli\u00e8re", 
          "street_numbers": [
            "20"
          ]
        }
      ], 
      "box": [
        170, 
        660, 
        710, 
        60
      ], 
      "checked": false, 
      "id": 283, 
      "ner_xml": "<CARDINAL>5</CARDINAL>+ AN VAI SDS 4%: *\n<PER>Ch\u00e4ppuis (Ant\u00b0) fils a\u00een\u00e9</PER>,<LOC>r. Coquilli\u00e8re</LOC>,<CARDINAL>20</CARDINAL>.\n", 
      "origin": "computer", 
      "parent": 262, 
      "persons": [
        "Ch\u00e4ppuis (Ant\u00b0) fils a\u00een\u00e9"
      ], 
      "text_ocr": "5 + AN VAI SDS 4%: *\nCh\u00e4ppuis (Ant\u00b0) fils a\u00een\u00e9, r. Coquilli\u00e8re, 20.\n", 
      "type": "ENTRY"
    }, 
    {
      "EOL": false, 
      "box": [
        170, 
        718, 
        658, 
        42
      ], 
      "id": 286, 
      "indented": true, 
      "parent": 285, 
      "text": "", 
      "type": "LINE"
    }, 
    {
      "addresses": [], 
      "box": [
        170, 
        718, 
        658, 
        42
      ], 
      "checked": false, 
      "id": 285, 
      "ner_xml": "<PER>Chapulot</PER>,<ACT>r. Notre-Dame-de-Nazareth</ACT>,<CARDINAL>9</CARDINAL>.\n", 
      "origin": "computer", 
      "parent": 262, 
      "persons": [
        "Chapulot"
      ], 
      "text_ocr": "Chapulot , r. Notre-Dame-de-Nazareth , 9.\n", 
      "type": "ENTRY"
    }, 
    {
      "EOL": false, 
      "box": [
        170, 
        750, 
        844, 
        44
      ], 
      "id": 288, 
      "indented": true, 
      "parent": 287, 
      "text": "", 
      "type": "LINE"
    }, 
    {
      "EOL": false, 
      "box": [
        188, 
        788, 
        826, 
        64
      ], 
      "id": 289, 
      "indented": false, 
      "parent": 287, 
      "text": "", 
      "type": "LINE"
    }, 
    {
      "EOL": false, 
      "box": [
        184, 
        826, 
        290, 
        38
      ], 
      "id": 290, 
      "indented": false, 
      "parent": 287, 
      "text": "", 
      "type": "LINE"
    }, 
    {
      "addresses": [], 
      "box": [
        170, 
        750, 
        844, 
        114
      ], 
      "checked": false, 
      "id": 287, 
      "ner_xml": "<PER>Charpentier (J\u00b0-Pre)</PER>,<ACT>grains, furine , son, fourrages,\nbois, charbons</ACT>, mr Pas-de-la-Mule,<CARDINAL>1</CARDINAL>, et \u00e0 Ga-\ngueux (Seine). ,  . \u2018 .\n", 
      "origin": "computer", 
      "parent": 262, 
      "persons": [
        "Charpentier (J\u00b0-Pre)"
      ], 
      "text_ocr": "Charpentier (J\u00b0-Pre), grains, furine , son, fourrages,\nbois, charbons, mr Pas-de-la-Mule, 1, et \u00e0 Ga-\ngueux (Seine). ,  . \u2018 .\n", 
      "type": "ENTRY"
    }, 
    {
      "EOL": false, 
      "box": [
        166, 
        836, 
        844, 
        76
      ], 
      "id": 292, 
      "indented": true, 
      "parent": 291, 
      "text": "", 
      "type": "LINE"
    }, 
    {
      "addresses": [], 
      "box": [
        166, 
        836, 
        844, 
        76
      ], 
      "checked": false, 
      "id": 291, 
      "ner_xml": "eux \u00abwueuIe J-<CARDINAL>4</CARDINAL>. \u2018 .\n<PER>Chateiet</PER>,<ACT>en drap.,r. La Vrilli\u00e8re</ACT>,<CARDINAL>4</CARDINAL>,<ACT>\u00e9n face la Banque</ACT>.\n", 
      "origin": "computer", 
      "parent": 262, 
      "persons": [
        "Chateiet"
      ], 
      "text_ocr": "eux \u00abwueuIe J- 4 . \u2018 .\nChateiet, en drap.,r. La Vrilli\u00e8re, 4, \u00e9n face la Banque.\n", 
      "type": "ENTRY"
    }, 
    {
      "EOL": false, 
      "box": [
        168, 
        894, 
        458, 
        46
      ], 
      "id": 294, 
      "indented": true, 
      "parent": 293, 
      "text": "", 
      "type": "LINE"
    }, 
    {
      "addresses": [
        {
          "street_name": "r. Bleu\u00e9", 
          "street_numbers": [
            "17"
          ]
        }
      ], 
      "box": [
        168, 
        894, 
        458, 
        46
      ], 
      "checked": false, 
      "id": 293, 
      "ner_xml": "<PER>Chatone\u00ff (H.)</PER>,<LOC>r. Bleu\u00e9</LOC>,<CARDINAL>17</CARDINAL>.\n", 
      "origin": "computer", 
      "parent": 262, 
      "persons": [
        "Chatone\u00ff (H.)"
      ], 
      "text_ocr": "Chatone\u00ff (H.), r. Bleu\u00e9 , 17.\n", 
      "type": "ENTRY"
    }, 
    {
      "EOL": false, 
      "box": [
        168, 
        934, 
        844, 
        40
      ], 
      "id": 296, 
      "indented": true, 
      "parent": 295, 
      "text": "", 
      "type": "LINE"
    }, 
    {
      "EOL": false, 
      "box": [
        186, 
        972, 
        598, 
        36
      ], 
      "id": 297, 
      "indented": false, 
      "parent": 295, 
      "text": "", 
      "type": "LINE"
    }, 
    {
      "addresses": [
        {
          "street_name": "r. $.-Roch-Poissonn,", 
          "street_numbers": [
            "10"
          ]
        }
      ], 
      "box": [
        168, 
        934, 
        844, 
        74
      ], 
      "checked": false, 
      "id": 295, 
      "ner_xml": "<PER>Chaumcil ain\u00e9</PER>,<ACT>commiss. partie, pour l'Espagne et\nses colonies</ACT>,<LOC>r. $.-Roch-Poissonn,</LOC>,<CARDINAL>10</CARDINAL>. \u2018\n", 
      "origin": "computer", 
      "parent": 262, 
      "persons": [
        "Chaumcil ain\u00e9"
      ], 
      "text_ocr": "Chaumcil ain\u00e9, commiss. partie, pour l'Espagne et\nses colonies, r. $.-Roch-Poissonn,, 10. \u2018\n", 
      "type": "ENTRY"
    }, 
    {
      "EOL": false, 
      "box": [
        166, 
        990, 
        846, 
        54
      ], 
      "id": 299, 
      "indented": true, 
      "parent": 298, 
      "text": "", 
      "type": "LINE"
    }, 
    {
      "EOL": false, 
      "box": [
        158, 
        1042, 
        688, 
        38
      ], 
      "id": 300, 
      "indented": false, 
      "parent": 298, 
      "text": "", 
      "type": "LINE"
    }, 
    {
      "addresses": [
        {
          "street_name": "x. Poissonni\u00e8re", 
          "street_numbers": [
            "21"
          ]
        }
      ], 
      "box": [
        158, 
        990, 
        854, 
        90
      ], 
      "checked": false, 
      "id": 298, 
      "ner_xml": "D AL UE er ET Se AU AR PR | Pr 0} IVe \"\n<PER>Chauvet (J.-P)</PER>,<ACT>commiss., quincaillerie, art</ACT>, d\u00e8 Pa:\n\u201cdis,<ACT>fab. d'\u00e9ventails</ACT>,<LOC>x. Poissonni\u00e8re</LOC>,<CARDINAL>21</CARDINAL>.\n", 
      "origin": "computer", 
      "parent": 262, 
      "persons": [
        "Chauvet (J.-P)"
      ], 
      "text_ocr": "D AL UE er ET Se AU AR PR | Pr 0} IVe \"\nChauvet (J.-P), commiss., quincaillerie, art, d\u00e8 Pa:\n\u201cdis, fab. d'\u00e9ventails,x. Poissonni\u00e8re, 21.\n", 
      "type": "ENTRY"
    }, 
    {
      "EOL": false, 
      "box": [
        166, 
        1074, 
        826, 
        40
      ], 
      "id": 302, 
      "indented": true, 
      "parent": 301, 
      "text": "", 
      "type": "LINE"
    }, 
    {
      "addresses": [], 
      "box": [
        166, 
        1074, 
        826, 
        40
      ], 
      "checked": false, 
      "id": 301, 
      "ner_xml": "<PER>Chaverondier</PER>,<ACT>cotonus, calicots, r. du Sentier</ACT>,<CARDINAL>15</CARDINAL>.\n", 
      "origin": "computer", 
      "parent": 262, 
      "persons": [
        "Chaverondier"
      ], 
      "text_ocr": "Chaverondier, cotonus, calicots, r. du Sentier, 15.\n", 
      "type": "ENTRY"
    }, 
    {
      "EOL": false, 
      "box": [
        164, 
        1112, 
        848, 
        40
      ], 
      "id": 304, 
      "indented": true, 
      "parent": 303, 
      "text": "", 
      "type": "LINE"
    }, 
    {
      "addresses": [], 
      "box": [
        164, 
        1112, 
        848, 
        40
      ], 
      "checked": false, 
      "id": 303, 
      "ner_xml": "<PER>Chemin</PER>,<ACT>commiss., art. de Paris</ACT>,<ACT>r. des Gravilli\u00e8rs</ACT>,<CARDINAL>46</CARDINAL>.\n", 
      "origin": "computer", 
      "parent": 262, 
      "persons": [
        "Chemin"
      ], 
      "text_ocr": "Chemin, commiss., art. de Paris, r. des Gravilli\u00e8rs, 46.\n", 
      "type": "ENTRY"
    }, 
    {
      "EOL": false, 
      "box": [
        164, 
        1150, 
        844, 
        40
      ], 
      "id": 306, 
      "indented": true, 
      "parent": 305, 
      "text": "", 
      "type": "LINE"
    }, 
    {
      "EOL": false, 
      "box": [
        154, 
        1184, 
        468, 
        36
      ], 
      "id": 307, 
      "indented": false, 
      "parent": 305, 
      "text": "", 
      "type": "LINE"
    }, 
    {
      "addresses": [
        {
          "street_name": "r. Gr\u00e4mmont", 
          "street_numbers": [
            "19", 
            "12"
          ]
        }
      ], 
      "box": [
        154, 
        1150, 
        854, 
        70
      ], 
      "checked": false, 
      "id": 305, 
      "ner_xml": "<PER>Chevals (J.-P.), et bang.</PER>,<ACT>commiss,</ACT>,<LOC>r. Gr\u00e4mmont</LOC>,<CARDINAL>19</CARDINAL>.\nCherr\u00e9, Ep Rehre<CARDINAL>12</CARDINAL>. ?\n", 
      "origin": "computer", 
      "parent": 262, 
      "persons": [
        "Chevals (J.-P.), et bang."
      ], 
      "text_ocr": "Chevals (J.-P.), et bang., commiss,, r. Gr\u00e4mmont, 19.\nCherr\u00e9, Ep Rehre 12. ?\n", 
      "type": "ENTRY"
    }, 
    {
      "EOL": false, 
      "box": [
        162, 
        1220, 
        848, 
        42
      ], 
      "id": 309, 
      "indented": true, 
      "parent": 308, 
      "text": "", 
      "type": "LINE"
    }, 
    {
      "EOL": false, 
      "box": [
        170, 
        1258, 
        278, 
        38
      ], 
      "id": 310, 
      "indented": false, 
      "parent": 308, 
      "text": "", 
      "type": "LINE"
    }, 
    {
      "addresses": [
        {
          "street_name": "\u00e9Loffes de soie", 
          "street_numbers": []
        }, 
        {
          "street_name": "Enghcin", 
          "street_numbers": [
            "26"
          ]
        }
      ], 
      "box": [
        162, 
        1220, 
        848, 
        76
      ], 
      "checked": false, 
      "id": 308, 
      "ner_xml": "<PER>Che vrolat fr\u00e8res et co:</PER>,<LOC>\u00e9Loffes de soie</LOC>, maison \u00e0 Lyon,\n\u2018r. d'<LOC>Enghcin</LOC>,<CARDINAL>26</CARDINAL>. \u2018\n", 
      "origin": "computer", 
      "parent": 262, 
      "persons": [
        "Che vrolat fr\u00e8res et co:"
      ], 
      "text_ocr": "Che vrolat fr\u00e8res et co:, \u00e9Loffes de soie, maison \u00e0 Lyon,\n\u2018r. d'Enghcin, 26. \u2018\n", 
      "type": "ENTRY"
    }, 
    {
      "EOL": false, 
      "box": [
        162, 
        1278, 
        848, 
        56
      ], 
      "id": 312, 
      "indented": true, 
      "parent": 311, 
      "text": "", 
      "type": "LINE"
    }, 
    {
      "EOL": false, 
      "box": [
        182, 
        1332, 
        828, 
        38
      ], 
      "id": 313, 
      "indented": false, 
      "parent": 311, 
      "text": "", 
      "type": "LINE"
    }, 
    {
      "addresses": [], 
      "box": [
        162, 
        1278, 
        848, 
        92
      ], 
      "checked": false, 
      "id": 311, 
      "ner_xml": "R\u00c9 DIU<CARDINAL>DC DS</CARDINAL>do. \u20ac\nChristmann (<PER>J.-J.) fils a\u00een\u00e9</PER>,<ACT>succ. de son pare, pass\u00e9-\n_i\u00e9nt., as$ort. de satins et fournit. de chapell:, bon-\n</ACT>", 
      "origin": "computer", 
      "parent": 262, 
      "persons": [
        "J.-J.) fils a\u00een\u00e9"
      ], 
      "text_ocr": "R\u00c9 DIU DC DS do. \u20ac\nChristmann (J.-J.) fils a\u00een\u00e9 , succ. de son pare, pass\u00e9-\n_i\u00e9nt., as$ort. de satins et fournit. de chapell:, bon-\n", 
      "type": "ENTRY"
    }, 
    {
      "EOL": false, 
      "box": [
        162, 
        1368, 
        662, 
        38
      ], 
      "id": 315, 
      "indented": true, 
      "parent": 314, 
      "text": "", 
      "type": "LINE"
    }, 
    {
      "addresses": [], 
      "box": [
        162, 
        1368, 
        662, 
        38
      ], 
      "checked": false, 
      "id": 314, 
      "ner_xml": "<PER>_ ets; r. des Francs-Bourgeoi\u00efs-Marais</PER>,<CARDINAL>10</CARDINAL>.\n", 
      "origin": "computer", 
      "parent": 262, 
      "persons": [
        "_ ets; r. des Francs-Bourgeoi\u00efs-Marais"
      ], 
      "text_ocr": "_ ets; r. des Francs-Bourgeoi\u00efs-Marais, 10.\n", 
      "type": "ENTRY"
    }, 
    {
      "EOL": false, 
      "box": [
        162, 
        1400, 
        844, 
        42
      ], 
      "id": 317, 
      "indented": true, 
      "parent": 316, 
      "text": "", 
      "type": "LINE"
    }, 
    {
      "EOL": false, 
      "box": [
        182, 
        1438, 
        364, 
        36
      ], 
      "id": 318, 
      "indented": false, 
      "parent": 316, 
      "text": "", 
      "type": "LINE"
    }, 
    {
      "addresses": [
        {
          "street_name": "Clerc(Jn.-Jh.) fils et co., draperies , nouv\u00e9autes, etc.\nr. des Bourdonnais", 
          "street_numbers": [
            "12"
          ]
        }
      ], 
      "box": [
        162, 
        1400, 
        844, 
        74
      ], 
      "checked": false, 
      "id": 316, 
      "ner_xml": "<LOC>Clerc(Jn.-Jh.) fils et co., draperies , nouv\u00e9autes, etc.\nr. des Bourdonnais</LOC>,<CARDINAL>12</CARDINAL>.<PER>HS ;\n</PER>", 
      "origin": "computer", 
      "parent": 262, 
      "persons": [
        "HS ;\n"
      ], 
      "text_ocr": "Clerc(Jn.-Jh.) fils et co., draperies , nouv\u00e9autes, etc.\nr. des Bourdonnais, 12. HS ;\n", 
      "type": "ENTRY"
    }, 
    {
      "EOL": false, 
      "box": [
        164, 
        1448, 
        844, 
        66
      ], 
      "id": 320, 
      "indented": true, 
      "parent": 319, 
      "text": "", 
      "type": "LINE"
    }, 
    {
      "EOL": false, 
      "box": [
        182, 
        1510, 
        570, 
        42
      ], 
      "id": 321, 
      "indented": false, 
      "parent": 319, 
      "text": "", 
      "type": "LINE"
    }, 
    {
      "addresses": [
        {
          "street_name": "Bourionnais", 
          "street_numbers": [
            "12"
          ]
        }, 
        {
          "street_name": "r, du Perche", 
          "street_numbers": [
            "11"
          ]
        }
      ], 
      "box": [
        164, 
        1448, 
        844, 
        104
      ], 
      "checked": false, 
      "id": 319, 
      "ner_xml": "x. \u00abes<LOC>Bourionnais</LOC>,<CARDINAL>12</CARDINAL>. site \u00ab %\n<PER>Cocheteau (F.-C:)</PER>,<ACT>munitionnaire de la maison milit\ndu Roijfourrages</ACT>,<LOC>r, du Perche</LOC>,<CARDINAL>11</CARDINAL>.\n", 
      "origin": "computer", 
      "parent": 262, 
      "persons": [
        "Cocheteau (F.-C:)"
      ], 
      "text_ocr": "x. \u00abes Bourionnais, 12. site \u00ab %\nCocheteau (F.-C:), munitionnaire de la maison milit\ndu Roijfourrages, r, du Perche, 11.\n", 
      "type": "ENTRY"
    }, 
    {
      "EOL": false, 
      "box": [
        162, 
        1546, 
        848, 
        42
      ], 
      "id": 323, 
      "indented": true, 
      "parent": 322, 
      "text": "", 
      "type": "LINE"
    }, 
    {
      "EOL": false, 
      "box": [
        180, 
        1584, 
        298, 
        34
      ], 
      "id": 324, 
      "indented": false, 
      "parent": 322, 
      "text": "", 
      "type": "LINE"
    }, 
    {
      "addresses": [
        {
          "street_name": "Thibautod\u00e9", 
          "street_numbers": [
            "12"
          ]
        }
      ], 
      "box": [
        162, 
        1546, 
        848, 
        72
      ], 
      "checked": false, 
      "id": 322, 
      "ner_xml": "<PER>Cohin neveu p\u00e8re et fils</PER>,<ACT>toiles et graines de tr\u00e8fle</ACT>,\nr.<LOC>Thibautod\u00e9</LOC>,<CARDINAL>12</CARDINAL>. f\n", 
      "origin": "computer", 
      "parent": 262, 
      "persons": [
        "Cohin neveu p\u00e8re et fils"
      ], 
      "text_ocr": "Cohin neveu p\u00e8re et fils, toiles et graines de tr\u00e8fle ,\nr. Thibautod\u00e9, 12. f\n", 
      "type": "ENTRY"
    }, 
    {
      "EOL": false, 
      "box": [
        164, 
        1616, 
        844, 
        40
      ], 
      "id": 326, 
      "indented": true, 
      "parent": 325, 
      "text": "", 
      "type": "LINE"
    }, 
    {
      "addresses": [
        {
          "street_name": "Colleville", 
          "street_numbers": []
        }, 
        {
          "street_name": "r. du Four-S.-Honor\u00e9", 
          "street_numbers": [
            "12"
          ]
        }
      ], 
      "box": [
        164, 
        1616, 
        844, 
        40
      ], 
      "checked": false, 
      "id": 325, 
      "ner_xml": "<LOC>Colleville</LOC>,<ACT>draperie fine</ACT>,<LOC>r. du Four-S.-Honor\u00e9</LOC>,<CARDINAL>12</CARDINAL>.\n", 
      "origin": "computer", 
      "parent": 262, 
      "persons": [], 
      "text_ocr": "Colleville, draperie fine, r. du Four-S.-Honor\u00e9 , 12.\n", 
      "type": "ENTRY"
    }, 
    {
      "EOL": false, 
      "box": [
        164, 
        1654, 
        842, 
        64
      ], 
      "id": 328, 
      "indented": true, 
      "parent": 327, 
      "text": "", 
      "type": "LINE"
    }, 
    {
      "EOL": false, 
      "box": [
        180, 
        1690, 
        234, 
        40
      ], 
      "id": 329, 
      "indented": false, 
      "parent": 327, 
      "text": "", 
      "type": "LINE"
    }, 
    {
      "addresses": [
        {
          "street_name": "Th\u00e9renot", 
          "street_numbers": [
            "24"
          ]
        }
      ], 
      "box": [
        164, 
        1654, 
        842, 
        76
      ], 
      "checked": false, 
      "id": 327, 
      "ner_xml": "<PER>Colliau (V'\u00b0) et co. , fil de fer et laiton en gros</PER>, r\n <LOC>Th\u00e9renot</LOC>,<CARDINAL>24</CARDINAL>.<PER>\u00c9 # sa Lt\n</PER>", 
      "origin": "computer", 
      "parent": 262, 
      "persons": [
        "Colliau (V'\u00b0) et co. , fil de fer et laiton en gros", 
        "\u00c9 # sa Lt\n"
      ], 
      "text_ocr": "Colliau (V'\u00b0) et co. , fil de fer et laiton en gros, r\n Th\u00e9renot, 24. \u00c9 # sa Lt\n", 
      "type": "ENTRY"
    }, 
    {
      "EOL": false, 
      "box": [
        162, 
        1712, 
        848, 
        52
      ], 
      "id": 331, 
      "indented": true, 
      "parent": 330, 
      "text": "", 
      "type": "LINE"
    }, 
    {
      "EOL": false, 
      "box": [
        180, 
        1764, 
        702, 
        36
      ], 
      "id": 332, 
      "indented": false, 
      "parent": 330, 
      "text": "", 
      "type": "LINE"
    }, 
    {
      "addresses": [
        {
          "street_name": "rue\nBleue", 
          "street_numbers": [
            "15"
          ]
        }
      ], 
      "box": [
        162, 
        1712, 
        848, 
        88
      ], 
      "checked": false, 
      "id": 330, 
      "ner_xml": "<PER>ART NT ET TENUE 4 PINS\nCollon:et co.</PER>,<ACT>commiss. bang. et denr\u00e9es colon</ACT>,<LOC>rue\nBleue</LOC>,<CARDINAL>15</CARDINAL>; maison \u00e0 Cl\u00e9rmont-Ferrand.\n", 
      "origin": "computer", 
      "parent": 262, 
      "persons": [
        "ART NT ET TENUE 4 PINS\nCollon:et co."
      ], 
      "text_ocr": "ART NT ET TENUE 4 PINS\nCollon:et co., commiss. bang. et denr\u00e9es colon, rue\nBleue, 15; maison \u00e0 Cl\u00e9rmont-Ferrand.\n", 
      "type": "ENTRY"
    }, 
    {
      "EOL": false, 
      "box": [
        160, 
        1798, 
        564, 
        38
      ], 
      "id": 334, 
      "indented": true, 
      "parent": 333, 
      "text": "", 
      "type": "LINE"
    }, 
    {
      "addresses": [
        {
          "street_name": "r. Montmartre", 
          "street_numbers": [
            "30"
          ]
        }
      ], 
      "box": [
        160, 
        1798, 
        564, 
        38
      ], 
      "checked": false, 
      "id": 333, 
      "ner_xml": "<PER>Colson %, vins</PER>,<LOC>r. Montmartre</LOC>,<CARDINAL>30</CARDINAL>.\n", 
      "origin": "computer", 
      "parent": 262, 
      "persons": [
        "Colson %, vins"
      ], 
      "text_ocr": "Colson %, vins, r. Montmartre, 30.\n", 
      "type": "ENTRY"
    }, 
    {
      "EOL": false, 
      "box": [
        162, 
        1836, 
        550, 
        34
      ], 
      "id": 336, 
      "indented": true, 
      "parent": 335, 
      "text": "", 
      "type": "LINE"
    }, 
    {
      "addresses": [
        {
          "street_name": "Combes", 
          "street_numbers": []
        }, 
        {
          "street_name": "r. Vicille-du-Temople", 
          "street_numbers": [
            "88"
          ]
        }
      ], 
      "box": [
        162, 
        1836, 
        550, 
        34
      ], 
      "checked": false, 
      "id": 335, 
      "ner_xml": "<LOC>Combes</LOC>,<LOC>r. Vicille-du-Temople</LOC>,<CARDINAL>88</CARDINAL>.\n", 
      "origin": "computer", 
      "parent": 262, 
      "persons": [], 
      "text_ocr": "Combes, r. Vicille-du-Temople, 88.\n", 
      "type": "ENTRY"
    }, 
    {
      "EOL": false, 
      "box": [
        162, 
        1872, 
        752, 
        36
      ], 
      "id": 338, 
      "indented": true, 
      "parent": 337, 
      "text": "", 
      "type": "LINE"
    }, 
    {
      "addresses": [
        {
          "street_name": "r. du Coq-S.-Jean", 
          "street_numbers": [
            "1"
          ]
        }
      ], 
      "box": [
        162, 
        1872, 
        752, 
        36
      ], 
      "checked": false, 
      "id": 337, 
      "ner_xml": "<PER>Lombes-Vuiilerct et co.</PER>,<LOC>r. du Coq-S.-Jean</LOC>,<CARDINAL>1</CARDINAL>.\n", 
      "origin": "computer", 
      "parent": 262, 
      "persons": [
        "Lombes-Vuiilerct et co."
      ], 
      "text_ocr": "Lombes-Vuiilerct et co., r. du Coq-S.-Jean, 1.\n", 
      "type": "ENTRY"
    }, 
    {
      "EOL": false, 
      "box": [
        162, 
        1906, 
        846, 
        46
      ], 
      "id": 340, 
      "indented": true, 
      "parent": 339, 
      "text": "", 
      "type": "LINE"
    }, 
    {
      "EOL": false, 
      "box": [
        180, 
        1944, 
        442, 
        34
      ], 
      "id": 341, 
      "indented": false, 
      "parent": 339, 
      "text": "", 
      "type": "LINE"
    }, 
    {
      "addresses": [], 
      "box": [
        162, 
        1906, 
        846, 
        72
      ], 
      "checked": false, 
      "id": 339, 
      "ner_xml": "<PER>Condentia</PER>,<ACT>g\u00e9rant de lu maison Lasausse et Julien</ACT>,\n+.<ACT>des Petites-Ecuries</ACT>,<CARDINAL>13</CARDINAL>.<PER>S\n</PER>", 
      "origin": "computer", 
      "parent": 262, 
      "persons": [
        "Condentia", 
        "S\n"
      ], 
      "text_ocr": "Condentia , g\u00e9rant de lu maison Lasausse et Julien ,\n+. des Petites-Ecuries, 13. S\n", 
      "type": "ENTRY"
    }, 
    {
      "EOL": false, 
      "box": [
        160, 
        1978, 
        850, 
        38
      ], 
      "id": 343, 
      "indented": true, 
      "parent": 342, 
      "text": "", 
      "type": "LINE"
    }, 
    {
      "EOL": false, 
      "box": [
        168, 
        2012, 
        616, 
        42
      ], 
      "id": 344, 
      "indented": false, 
      "parent": 342, 
      "text": "", 
      "type": "LINE"
    }, 
    {
      "addresses": [
        {
          "street_name": "Grandetrue", 
          "street_numbers": [
            "40"
          ]
        }
      ], 
      "box": [
        160, 
        1978, 
        850, 
        76
      ], 
      "checked": false, 
      "id": 342, 
      "ner_xml": "<PER>Coquillat</PER>,<ACT>commiss., entreposit., vins</ACT>, eaux-de-vre,\n\u201c<ACT>huiles, etc, \u00e0</ACT>Bercy,<LOC>Grandetrue</LOC>,<CARDINAL>40</CARDINAL>. \u00c0\n", 
      "origin": "computer", 
      "parent": 262, 
      "persons": [
        "Coquillat"
      ], 
      "text_ocr": "Coquillat, commiss., entreposit., vins, eaux-de-vre,\n\u201chuiles, etc, \u00e0 Bercy, Grandetrue, 40. \u00c0\n", 
      "type": "ENTRY"
    }, 
    {
      "EOL": false, 
      "box": [
        160, 
        2050, 
        850, 
        40
      ], 
      "id": 346, 
      "indented": true, 
      "parent": 345, 
      "text": "", 
      "type": "LINE"
    }, 
    {
      "EOL": false, 
      "box": [
        180, 
        2088, 
        540, 
        38
      ], 
      "id": 347, 
      "indented": false, 
      "parent": 345, 
      "text": "", 
      "type": "LINE"
    }, 
    {
      "addresses": [], 
      "box": [
        160, 
        2050, 
        850, 
        76
      ], 
      "checked": false, 
      "id": 345, 
      "ner_xml": "<PER>Corcellet</PER>,<ACT>comestibles, vins, liqueurs, \u00e9piceries fines</ACT>,\n Palais-Royal, gal. de pierre,<CARDINAL>104</CARDINAL>.<PER>Ada\n</PER>", 
      "origin": "computer", 
      "parent": 262, 
      "persons": [
        "Corcellet", 
        "Ada\n"
      ], 
      "text_ocr": "Corcellet, comestibles, vins, liqueurs, \u00e9piceries fines,\n Palais-Royal, gal. de pierre, 104. Ada\n", 
      "type": "ENTRY"
    }, 
    {
      "EOL": false, 
      "box": [
        158, 
        2124, 
        854, 
        36
      ], 
      "id": 349, 
      "indented": true, 
      "parent": 348, 
      "text": "", 
      "type": "LINE"
    }, 
    {
      "addresses": [], 
      "box": [
        158, 
        2124, 
        854, 
        36
      ], 
      "checked": false, 
      "id": 348, 
      "ner_xml": "<PER>Cordicr.et co., flat</PER>,<ACT>hydraulique de coton \u00e0 la Fert\u00e9-\n</ACT>", 
      "origin": "computer", 
      "parent": 262, 
      "persons": [
        "Cordicr.et co., flat"
      ], 
      "text_ocr": "Cordicr.et co., flat, hydraulique de coton \u00e0 la Fert\u00e9-\n", 
      "type": "ENTRY"
    }, 
    {
      "EOL": false, 
      "box": [
        154, 
        2158, 
        858, 
        38
      ], 
      "id": 351, 
      "indented": true, 
      "parent": 350, 
      "text": "", 
      "type": "LINE"
    }, 
    {
      "EOL": false, 
      "box": [
        178, 
        2194, 
        758, 
        40
      ], 
      "id": 352, 
      "indented": false, 
      "parent": 350, 
      "text": "", 
      "type": "LINE"
    }, 
    {
      "addresses": [], 
      "box": [
        154, 
        2158, 
        858, 
        76
      ], 
      "checked": false, 
      "id": 350, 
      "ner_xml": " <PER>Aleps</PER>,<ACT>et tissage m\u00e9canique de toiles et \u00e9toffes de\ncoton \u00e0</ACT>S.-Denis (S\u00e9ine\\,<ACT>r. de l\u00c9chiquier</ACT>,<CARDINAL>38</CARDINAL>.\n", 
      "origin": "computer", 
      "parent": 262, 
      "persons": [
        "Aleps"
      ], 
      "text_ocr": " Aleps, et tissage m\u00e9canique de toiles et \u00e9toffes de\ncoton \u00e0 S.-Denis (S\u00e9ine\\, r. de l\u00c9chiquier, 38.\n", 
      "type": "ENTRY"
    }, 
    {
      "EOL": false, 
      "box": [
        162, 
        2232, 
        684, 
        36
      ], 
      "id": 354, 
      "indented": true, 
      "parent": 353, 
      "text": "", 
      "type": "LINE"
    }, 
    {
      "addresses": [], 
      "box": [
        162, 
        2232, 
        684, 
        36
      ], 
      "checked": false, 
      "id": 353, 
      "ner_xml": "<PER>Cortay neveu</PER>,<ACT>r. N.-D.-des-Victoires</ACT>,<CARDINAL>15</CARDINAL>.\n", 
      "origin": "computer", 
      "parent": 262, 
      "persons": [
        "Cortay neveu"
      ], 
      "text_ocr": "Cortay neveu, r. N.-D.-des-Victoires, 15.\n", 
      "type": "ENTRY"
    }, 
    {
      "EOL": false, 
      "box": [
        162, 
        2268, 
        852, 
        38
      ], 
      "id": 356, 
      "indented": true, 
      "parent": 355, 
      "text": "", 
      "type": "LINE"
    }, 
    {
      "EOL": false, 
      "box": [
        178, 
        2304, 
        836, 
        34
      ], 
      "id": 357, 
      "indented": false, 
      "parent": 355, 
      "text": "", 
      "type": "LINE"
    }, 
    {
      "EOL": false, 
      "box": [
        178, 
        2338, 
        836, 
        38
      ], 
      "id": 358, 
      "indented": false, 
      "parent": 355, 
      "text": "", 
      "type": "LINE"
    }, 
    {
      "EOL": false, 
      "box": [
        180, 
        2374, 
        832, 
        56
      ], 
      "id": 359, 
      "indented": false, 
      "parent": 355, 
      "text": "", 
      "type": "LINE"
    }, 
    {
      "EOL": false, 
      "box": [
        174, 
        2412, 
        414, 
        38
      ], 
      "id": 360, 
      "indented": false, 
      "parent": 355, 
      "text": "", 
      "type": "LINE"
    }, 
    {
      "addresses": [], 
      "box": [
        162, 
        2268, 
        852, 
        182
      ], 
      "checked": false, 
      "id": 355, 
      "ner_xml": "<PER>Cosson</PER>;<ACT>alcadis et acides min\u00e9raux, sels de soude ,\n\nsoudes, potasse, art. pour Les verreries et blanchis-\nseries , d\u00e9p\u00f4t d\u2019iode \u2018et d\u2019idriodate de potasse de\nB. Courtois</ACT>,<ACT>auteur de la d\u00e9couverte de l\u2019iode; r.\nParadis-Po\u00efissonni\u00e8re</ACT>,<CARDINAL>13</CARDINAL>.<CARDINAL>ERA</CARDINAL>Ur\n", 
      "origin": "computer", 
      "parent": 262, 
      "persons": [
        "Cosson"
      ], 
      "text_ocr": "Cosson ; alcadis et acides min\u00e9raux, sels de soude ,\n\nsoudes, potasse, art. pour Les verreries et blanchis-\nseries , d\u00e9p\u00f4t d\u2019iode \u2018et d\u2019idriodate de potasse de\nB. Courtois, auteur de la d\u00e9couverte de l\u2019iode; r.\nParadis-Po\u00efissonni\u00e8re, 13. ERA Ur\n", 
      "type": "ENTRY"
    }, 
    {
      "EOL": false, 
      "box": [
        166, 
        2448, 
        848, 
        40
      ], 
      "id": 362, 
      "indented": true, 
      "parent": 361, 
      "text": "", 
      "type": "LINE"
    }, 
    {
      "EOL": false, 
      "box": [
        182, 
        2484, 
        166, 
        34
      ], 
      "id": 363, 
      "indented": false, 
      "parent": 361, 
      "text": "", 
      "type": "LINE"
    }, 
    {
      "addresses": [
        {
          "street_name": "r. &'Anjou-\n", 
          "street_numbers": []
        }, 
        {
          "street_name": "Marais", 
          "street_numbers": [
            "8"
          ]
        }
      ], 
      "box": [
        166, 
        2448, 
        848, 
        70
      ], 
      "checked": false, 
      "id": 361, 
      "ner_xml": "<PER>Losson-Saint-Charles</PER>,<ACT>commiss., bijout.</ACT>,<LOC>r. &amp;'Anjou-\n</LOC><LOC>Marais</LOC>,<CARDINAL>8</CARDINAL>. : 5\n", 
      "origin": "computer", 
      "parent": 262, 
      "persons": [
        "Losson-Saint-Charles"
      ], 
      "text_ocr": "Losson-Saint-Charles , commiss., bijout., r. &'Anjou-\nMarais, 8. : 5\n", 
      "type": "ENTRY"
    }, 
    {
      "EOL": false, 
      "box": [
        166, 
        2502, 
        804, 
        56
      ], 
      "id": 365, 
      "indented": true, 
      "parent": 364, 
      "text": "", 
      "type": "LINE"
    }, 
    {
      "addresses": [
        {
          "street_name": "r. de. la Verr\u00e9tie", 
          "street_numbers": []
        }
      ], 
      "box": [
        166, 
        2502, 
        804, 
        56
      ], 
      "checked": false, 
      "id": 364, 
      "ner_xml": "<PER>Coste-Boutbon</PER>,<ACT>\u00e9picerie</ACT>,<LOC>r. de. la Verr\u00e9tie</LOC>,<PER>ot:\n</PER>", 
      "origin": "computer", 
      "parent": 262, 
      "persons": [
        "Coste-Boutbon", 
        "ot:\n"
      ], 
      "text_ocr": "Coste-Boutbon, \u00e9picerie, r. de. la Verr\u00e9tie, ot:\n", 
      "type": "ENTRY"
    }, 
    {
      "EOL": false, 
      "box": [
        166, 
        2556, 
        848, 
        38
      ], 
      "id": 367, 
      "indented": true, 
      "parent": 366, 
      "text": "", 
      "type": "LINE"
    }, 
    {
      "EOL": false, 
      "box": [
        172, 
        2590, 
        652, 
        38
      ], 
      "id": 368, 
      "indented": false, 
      "parent": 366, 
      "text": "", 
      "type": "LINE"
    }, 
    {
      "addresses": [
        {
          "street_name": "r. du Gros-Ch\u00e9net", 
          "street_numbers": [
            "23"
          ]
        }
      ], 
      "box": [
        166, 
        2556, 
        848, 
        72
      ], 
      "checked": false, 
      "id": 366, 
      "ner_xml": "<PER>Couchot et Rislcr</PER>,<ACT>cadcots , toiles peintes \u00e9t coton:\n_fil\u00e9s'et en laine</ACT>,<LOC>r. du Gros-Ch\u00e9net</LOC>,<CARDINAL>23</CARDINAL>.\n", 
      "origin": "computer", 
      "parent": 262, 
      "persons": [
        "Couchot et Rislcr"
      ], 
      "text_ocr": "Couchot et Rislcr, cadcots , toiles peintes \u00e9t coton:\n_fil\u00e9s'et en laine, r. du Gros-Ch\u00e9net, 23.\n", 
      "type": "ENTRY"
    }, 
    {
      "EOL": false, 
      "box": [
        166, 
        2626, 
        848, 
        40
      ], 
      "id": 370, 
      "indented": true, 
      "parent": 369, 
      "text": "", 
      "type": "LINE"
    }, 
    {
      "EOL": false, 
      "box": [
        184, 
        2662, 
        830, 
        40
      ], 
      "id": 371, 
      "indented": false, 
      "parent": 369, 
      "text": "", 
      "type": "LINE"
    }, 
    {
      "EOL": false, 
      "box": [
        184, 
        2700, 
        824, 
        34
      ], 
      "id": 372, 
      "indented": false, 
      "parent": 369, 
      "text": "", 
      "type": "LINE"
    }, 
    {
      "addresses": [
        {
          "street_name": "r. Mauconseil", 
          "street_numbers": [
            "12"
          ]
        }
      ], 
      "box": [
        166, 
        2626, 
        848, 
        108
      ], 
      "checked": false, 
      "id": 369, 
      "ner_xml": "<PER>Coulombel-Devismes</PER>, \u20ac) es,<ACT>perles d'Allemagne</ACT>,\nwerrotrie d\u00e9 Venhe.<ACT>fils el. ficelles d' Abbeville\nart. de pacotille</ACT>,<LOC>r. Mauconseil</LOC>,<CARDINAL>12</CARDINAL>: maison &amp; Tri\u00e9ste\n", 
      "origin": "computer", 
      "parent": 262, 
      "persons": [
        "Coulombel-Devismes"
      ], 
      "text_ocr": "Coulombel-Devismes, \u20ac) es, perles d'Allemagne,\nwerrotrie d\u00e9 Venhe. fils el. ficelles d' Abbeville\nart. de pacotille, r. Mauconseil, 12: maison & Tri\u00e9ste\n", 
      "type": "ENTRY"
    }, 
    {
      "EOL": false, 
      "box": [
        258, 
        2736, 
        756, 
        60
      ], 
      "id": 374, 
      "indented": true, 
      "parent": 373, 
      "text": "", 
      "type": "LINE"
    }, 
    {
      "EOL": false, 
      "box": [
        182, 
        2772, 
        340, 
        34
      ], 
      "id": 375, 
      "indented": false, 
      "parent": 373, 
      "text": "", 
      "type": "LINE"
    }, 
    {
      "addresses": [], 
      "box": [
        182, 
        2736, 
        832, 
        70
      ], 
      "checked": false, 
      "id": 373, 
      "ner_xml": "<PER>our\u00fcn-Jordis</PER>,<ACT>laines ; r. Paradis-Poissomwi\u00e8re</ACT>,<CARDINAL>32</CARDINAL>:\nmaison \u00e0 V\u2019erviers. Lt\n", 
      "origin": "computer", 
      "parent": 262, 
      "persons": [
        "our\u00fcn-Jordis"
      ], 
      "text_ocr": "our\u00fcn-Jordis , laines ; r. Paradis-Poissomwi\u00e8re , 32:\nmaison \u00e0 V\u2019erviers. Lt\n", 
      "type": "ENTRY"
    }, 
    {
      "EOL": false, 
      "box": [
        324, 
        2808, 
        690, 
        40
      ], 
      "id": 377, 
      "indented": true, 
      "parent": 376, 
      "text": "", 
      "type": "LINE"
    }, 
    {
      "EOL": false, 
      "box": [
        160, 
        2844, 
        478, 
        42
      ], 
      "id": 378, 
      "indented": false, 
      "parent": 376, 
      "text": "", 
      "type": "LINE"
    }, 
    {
      "addresses": [], 
      "box": [
        160, 
        2808, 
        854, 
        78
      ], 
      "checked": false, 
      "id": 376, 
      "ner_xml": "H<PER>Abcl-Louis)</PER>,<ACT>d et casimirs, art, de Rou\nDR le ne\n</ACT>", 
      "origin": "computer", 
      "parent": 262, 
      "persons": [
        "Abcl-Louis)"
      ], 
      "text_ocr": "H Abcl-Louis), d et casimirs, art, de Rou\nDR le ne\n", 
      "type": "ENTRY"
    }, 
    {
      "box": [
        154, 
        210, 
        860, 
        2676
      ], 
      "id": 262, 
      "parent": 261, 
      "type": "COLUMN_LEVEL_2"
    }, 
    {
      "box": [
        154, 
        210, 
        860, 
        2676
      ], 
      "id": 261, 
      "parent": 260, 
      "type": "SECTION_LEVEL_2"
    }, 
    {
      "box": [
        154, 
        210, 
        860, 
        2676
      ], 
      "id": 260, 
      "parent": 259, 
      "type": "COLUMN_LEVEL_1"
    }, 
    {
      "EOL": false, 
      "box": [
        1046, 
        210, 
        386, 
        36
      ], 
      "id": 383, 
      "indented": true, 
      "parent": 382, 
      "text": "", 
      "type": "LINE"
    }, 
    {
      "addresses": [
        {
          "street_name": "Lulli", 
          "street_numbers": [
            "1"
          ]
        }
      ], 
      "box": [
        1046, 
        210, 
        386, 
        36
      ], 
      "checked": false, 
      "id": 382, 
      "ner_xml": "<PER>Couturier</PER>,<ACT>r</ACT>,<LOC>Lulli</LOC>,<CARDINAL>1</CARDINAL>, -\n", 
      "origin": "computer", 
      "parent": 381, 
      "persons": [
        "Couturier"
      ], 
      "text_ocr": "Couturier, r, Lulli, 1, -\n", 
      "type": "ENTRY"
    }, 
    {
      "EOL": false, 
      "box": [
        1046, 
        216, 
        472, 
        68
      ], 
      "id": 385, 
      "indented": true, 
      "parent": 384, 
      "text": "", 
      "type": "LINE"
    }, 
    {
      "addresses": [
        {
          "street_name": "Fr", 
          "street_numbers": []
        }, 
        {
          "street_name": "Lu", 
          "street_numbers": [
            "1"
          ]
        }, 
        {
          "street_name": "Cramaille", 
          "street_numbers": [
            "9"
          ]
        }
      ], 
      "box": [
        1046, 
        216, 
        472, 
        68
      ], 
      "checked": false, 
      "id": 384, 
      "ner_xml": "<PER>Couturier</PER>,<LOC>Fr</LOC>,<LOC>Lu</LOC>,<CARDINAL>1</CARDINAL>,\n<LOC>Cramaille</LOC>,<ACT>r. de Provence</ACT>;<CARDINAL>9</CARDINAL>.\n", 
      "origin": "computer", 
      "parent": 381, 
      "persons": [
        "Couturier"
      ], 
      "text_ocr": "Couturier, Fr, Lu, 1,\nCramaille, r. de Provence; 9.\n", 
      "type": "ENTRY"
    }, 
    {
      "EOL": false, 
      "box": [
        1044, 
        282, 
        836, 
        40
      ], 
      "id": 387, 
      "indented": true, 
      "parent": 386, 
      "text": "", 
      "type": "LINE"
    }, 
    {
      "EOL": false, 
      "box": [
        1062, 
        320, 
        820, 
        38
      ], 
      "id": 388, 
      "indented": false, 
      "parent": 386, 
      "text": "", 
      "type": "LINE"
    }, 
    {
      "EOL": false, 
      "box": [
        1062, 
        354, 
        532, 
        40
      ], 
      "id": 389, 
      "indented": false, 
      "parent": 386, 
      "text": "", 
      "type": "LINE"
    }, 
    {
      "addresses": [
        {
          "street_name": "r. du M\u00e4il", 
          "street_numbers": [
            "29"
          ]
        }
      ], 
      "box": [
        1044, 
        282, 
        838, 
        112
      ], 
      "checked": false, 
      "id": 386, 
      "ner_xml": "<PER>Curtis (Bi)</PER>,<ACT>fait Les achats en marchandises des fub</ACT>,\nde france , d'Alemagne et de Suisse pour les\n<ACT>Etats-Unis</ACT>,<LOC>r. du M\u00e4il</LOC>,<CARDINAL>29</CARDINAL>.<PER>lee\n</PER>", 
      "origin": "computer", 
      "parent": 381, 
      "persons": [
        "Curtis (Bi)", 
        "lee\n"
      ], 
      "text_ocr": "Curtis (Bi), fait Les achats en marchandises des fub,\nde france , d'Alemagne et de Suisse pour les\nEtats-Unis, r. du M\u00e4il, 29. lee\n", 
      "type": "ENTRY"
    }, 
    {
      "EOL": false, 
      "box": [
        1044, 
        394, 
        838, 
        36
      ], 
      "id": 391, 
      "indented": true, 
      "parent": 390, 
      "text": "", 
      "type": "LINE"
    }, 
    {
      "EOL": false, 
      "box": [
        1064, 
        426, 
        636, 
        38
      ], 
      "id": 392, 
      "indented": false, 
      "parent": 390, 
      "text": "", 
      "type": "LINE"
    }, 
    {
      "addresses": [
        {
          "street_name": "r. Mont-\nmartre", 
          "street_numbers": []
        }, 
        {
          "street_name": "137,et N.-D:-des Victoires", 
          "street_numbers": [
            "42"
          ]
        }
      ], 
      "box": [
        1044, 
        394, 
        838, 
        70
      ], 
      "checked": false, 
      "id": 390, 
      "ner_xml": "Da,<ACT>nouve\u00e4utes pour gilets, pantalons, eto.</ACT>,<LOC>r. Mont-\nmartre</LOC>,<LOC>137,et N.-D:-des Victoires</LOC>,<CARDINAL>42</CARDINAL>,\n", 
      "origin": "computer", 
      "parent": 381, 
      "persons": [], 
      "text_ocr": "Da, nouve\u00e4utes pour gilets, pantalons, eto., r. Mont-\nmartre, 137,et N.-D:-des Victoires, 42,\n", 
      "type": "ENTRY"
    }, 
    {
      "EOL": false, 
      "box": [
        1042, 
        464, 
        682, 
        40
      ], 
      "id": 394, 
      "indented": true, 
      "parent": 393, 
      "text": "", 
      "type": "LINE"
    }, 
    {
      "addresses": [
        {
          "street_name": "r. Choiseul", 
          "street_numbers": [
            "9"
          ]
        }
      ], 
      "box": [
        1042, 
        464, 
        682, 
        40
      ], 
      "checked": false, 
      "id": 393, 
      "ner_xml": "Da<PER>Costa (Charles-Jacques)</PER>,<LOC>r. Choiseul</LOC>,<CARDINAL>9</CARDINAL>.\n", 
      "origin": "computer", 
      "parent": 381, 
      "persons": [
        "Costa (Charles-Jacques)"
      ], 
      "text_ocr": "Da Costa (Charles-Jacques), r. Choiseul, 9.\n", 
      "type": "ENTRY"
    }, 
    {
      "EOL": false, 
      "box": [
        1044, 
        500, 
        720, 
        38
      ], 
      "id": 396, 
      "indented": true, 
      "parent": 395, 
      "text": "", 
      "type": "LINE"
    }, 
    {
      "addresses": [
        {
          "street_name": "r. Taitbout", 
          "street_numbers": [
            "23"
          ]
        }
      ], 
      "box": [
        1044, 
        500, 
        720, 
        38
      ], 
      "checked": false, 
      "id": 395, 
      "ner_xml": "<PER>Da Costa Atlas (J.)</PER>,<LOC>r. Taitbout</LOC>,<CARDINAL>23</CARDINAL>.\n", 
      "origin": "computer", 
      "parent": 381, 
      "persons": [
        "Da Costa Atlas (J.)"
      ], 
      "text_ocr": "Da Costa Atlas (J.), r. Taitbout, 23.\n", 
      "type": "ENTRY"
    }, 
    {
      "EOL": false, 
      "box": [
        1044, 
        536, 
        838, 
        38
      ], 
      "id": 398, 
      "indented": true, 
      "parent": 397, 
      "text": "", 
      "type": "LINE"
    }, 
    {
      "EOL": false, 
      "box": [
        1062, 
        572, 
        818, 
        34
      ], 
      "id": 399, 
      "indented": false, 
      "parent": 397, 
      "text": "", 
      "type": "LINE"
    }, 
    {
      "EOL": false, 
      "box": [
        1034, 
        608, 
        560, 
        34
      ], 
      "id": 400, 
      "indented": false, 
      "parent": 397, 
      "text": "", 
      "type": "LINE"
    }, 
    {
      "addresses": [
        {
          "street_name": "r. Martel", 
          "street_numbers": [
            "16"
          ]
        }
      ], 
      "box": [
        1034, 
        536, 
        848, 
        106
      ], 
      "checked": false, 
      "id": 397, 
      "ner_xml": "<PER>Daler (Fr\u00e9d.)</PER>,<ACT>commiss:, art. de Paris, dep. de cor-\ndonnets et tresses de paille suisse et de mousselines\n_ brod\u00e9es de L'arare</ACT>,<LOC>r. Martel</LOC>,<CARDINAL>16</CARDINAL>.\n", 
      "origin": "computer", 
      "parent": 381, 
      "persons": [
        "Daler (Fr\u00e9d.)"
      ], 
      "text_ocr": "Daler (Fr\u00e9d.), commiss:, art. de Paris, dep. de cor-\ndonnets et tresses de paille suisse et de mousselines\n_ brod\u00e9es de L'arare, r. Martel, 16.\n", 
      "type": "ENTRY"
    }, 
    {
      "EOL": false, 
      "box": [
        1042, 
        646, 
        838, 
        60
      ], 
      "id": 402, 
      "indented": true, 
      "parent": 401, 
      "text": "", 
      "type": "LINE"
    }, 
    {
      "addresses": [
        {
          "street_name": "r. d'Orl\u00e9ans-Marais", 
          "street_numbers": [
            "5"
          ]
        }, 
        {
          "street_name": "-Avove", 
          "street_numbers": [
            "33"
          ]
        }
      ], 
      "box": [
        1042, 
        646, 
        838, 
        60
      ], 
      "checked": false, 
      "id": 401, 
      "ner_xml": "<PER>Dall\u00e9e (Alexandre)</PER>,<ACT>quincaull.</ACT>,<LOC>r. d'Orl\u00e9ans-Marais</LOC>,<CARDINAL>5</CARDINAL>,\nDulenre \u00bb: Sto<LOC>-Avove</LOC><CARDINAL>33</CARDINAL>, ,\n", 
      "origin": "computer", 
      "parent": 381, 
      "persons": [
        "Dall\u00e9e (Alexandre)"
      ], 
      "text_ocr": "Dall\u00e9e (Alexandre), quincaull., r. d'Orl\u00e9ans-Marais, 5,\nDulenre \u00bb: Sto-Avove 33 , ,\n", 
      "type": "ENTRY"
    }, 
    {
      "EOL": false, 
      "box": [
        1042, 
        682, 
        408, 
        34
      ], 
      "id": 404, 
      "indented": true, 
      "parent": 403, 
      "text": "", 
      "type": "LINE"
    }, 
    {
      "addresses": [], 
      "box": [
        1042, 
        682, 
        408, 
        34
      ], 
      "checked": false, 
      "id": 403, 
      "ner_xml": "<PER>Dalsace</PER>,<ACT>r. Stc-Avoye</ACT>,<CARDINAL>33</CARDINAL>.\n", 
      "origin": "computer", 
      "parent": 381, 
      "persons": [
        "Dalsace"
      ], 
      "text_ocr": "Dalsace, r. Stc-Avoye, 33.\n", 
      "type": "ENTRY"
    }, 
    {
      "EOL": false, 
      "box": [
        1042, 
        712, 
        840, 
        44
      ], 
      "id": 406, 
      "indented": true, 
      "parent": 405, 
      "text": "", 
      "type": "LINE"
    }, 
    {
      "EOL": false, 
      "box": [
        1060, 
        756, 
        530, 
        30
      ], 
      "id": 407, 
      "indented": false, 
      "parent": 405, 
      "text": "", 
      "type": "LINE"
    }, 
    {
      "addresses": [
        {
          "street_name": "Provence", 
          "street_numbers": [
            "26"
          ]
        }
      ], 
      "box": [
        1042, 
        712, 
        840, 
        74
      ], 
      "checked": false, 
      "id": 405, 
      "ner_xml": "<PER>Daty. (Dominique) et Georges Robinson, bang .\u00ff#.</PER>de\n<LOC>Provence</LOC>,<CARDINAL>26</CARDINAL>.<PER>\u00c8\n</PER>", 
      "origin": "computer", 
      "parent": 381, 
      "persons": [
        "Daty. (Dominique) et Georges Robinson, bang .\u00ff#.", 
        "\u00c8\n"
      ], 
      "text_ocr": "Daty. (Dominique) et Georges Robinson, bang .\u00ff#. de\nProvence, 26. \u00c8\n", 
      "type": "ENTRY"
    }, 
    {
      "EOL": false, 
      "box": [
        1042, 
        788, 
        840, 
        38
      ], 
      "id": 409, 
      "indented": true, 
      "parent": 408, 
      "text": "", 
      "type": "LINE"
    }, 
    {
      "EOL": false, 
      "box": [
        1058, 
        824, 
        822, 
        54
      ], 
      "id": 410, 
      "indented": false, 
      "parent": 408, 
      "text": "", 
      "type": "LINE"
    }, 
    {
      "addresses": [], 
      "box": [
        1042, 
        788, 
        840, 
        90
      ], 
      "checked": false, 
      "id": 408, 
      "ner_xml": "<PER>Damiron (J.=A.)</PER>,<ACT>commiss, entreposit., vins, eaux-de-\nyie, vinaigres, port de la R\u00e4p\u00e9e</ACT>,<CARDINAL>1</CARDINAL><PER>ct2</PER>, ext. muros.\nen Te PO PSN er \u00c0 EE De RUE<TITRE>Pr: DAV</TITRE>re x\n", 
      "origin": "computer", 
      "parent": 381, 
      "persons": [
        "Damiron (J.=A.)", 
        "ct2"
      ], 
      "text_ocr": "Damiron (J.=A.), commiss, entreposit., vins, eaux-de-\nyie, vinaigres, port de la R\u00e4p\u00e9e, 1 ct2, ext. muros.\nen Te PO PSN er \u00c0 EE De RUE Pr: DAV re x\n", 
      "type": "ENTRY"
    }, 
    {
      "EOL": false, 
      "box": [
        1040, 
        862, 
        526, 
        38
      ], 
      "id": 412, 
      "indented": true, 
      "parent": 411, 
      "text": "", 
      "type": "LINE"
    }, 
    {
      "addresses": [], 
      "box": [
        1040, 
        862, 
        526, 
        38
      ], 
      "checked": false, 
      "id": 411, 
      "ner_xml": "<PER>Damoiseau (J. L.)</PER>,<ACT>r. du Bac,7r.\n</ACT>", 
      "origin": "computer", 
      "parent": 381, 
      "persons": [
        "Damoiseau (J. L.)"
      ], 
      "text_ocr": "Damoiseau (J. L.), r. du Bac,7r.\n", 
      "type": "ENTRY"
    }, 
    {
      "EOL": false, 
      "box": [
        1038, 
        898, 
        844, 
        34
      ], 
      "id": 414, 
      "indented": true, 
      "parent": 413, 
      "text": "", 
      "type": "LINE"
    }, 
    {
      "EOL": false, 
      "box": [
        1056, 
        934, 
        436, 
        34
      ], 
      "id": 415, 
      "indented": false, 
      "parent": 413, 
      "text": "", 
      "type": "LINE"
    }, 
    {
      "addresses": [
        {
          "street_name": "r. Porteloin", 
          "street_numbers": [
            "6"
          ]
        }
      ], 
      "box": [
        1038, 
        898, 
        844, 
        70
      ], 
      "checked": false, 
      "id": 413, 
      "ner_xml": "<PER>D\u00e4ndelot ct co.</PER>,<ACT>quincaillerte, miroiterie</ACT>,<ACT>bro\u00f1xes\ndor\u00e9s</ACT>,<LOC>r. Porteloin</LOC>,<CARDINAL>6</CARDINAL>.<PER>S\n</PER>", 
      "origin": "computer", 
      "parent": 381, 
      "persons": [
        "D\u00e4ndelot ct co.", 
        "S\n"
      ], 
      "text_ocr": "D\u00e4ndelot ct co., quincaillerte, miroiterie , bro\u00f1xes\ndor\u00e9s, r. Porteloin, 6. S\n", 
      "type": "ENTRY"
    }, 
    {
      "EOL": false, 
      "box": [
        1038, 
        970, 
        842, 
        38
      ], 
      "id": 417, 
      "indented": true, 
      "parent": 416, 
      "text": "", 
      "type": "LINE"
    }, 
    {
      "EOL": false, 
      "box": [
        1056, 
        1004, 
        442, 
        36
      ], 
      "id": 418, 
      "indented": false, 
      "parent": 416, 
      "text": "", 
      "type": "LINE"
    }, 
    {
      "addresses": [
        {
          "street_name": "Basse-d'Orl\u00e9ans", 
          "street_numbers": [
            "18"
          ]
        }
      ], 
      "box": [
        1038, 
        970, 
        842, 
        70
      ], 
      "checked": false, 
      "id": 416, 
      "ner_xml": "<PER>Daninos</PER>,<ACT>he avec L'Italie, plumes d'autruche</ACT>,\netc.,r.<LOC>Basse-d'Orl\u00e9ans</LOC>,<CARDINAL>18</CARDINAL>. :\n", 
      "origin": "computer", 
      "parent": 381, 
      "persons": [
        "Daninos"
      ], 
      "text_ocr": "Daninos , he avec L'Italie, plumes d'autruche,\netc.,r. Basse-d'Orl\u00e9ans, 18. :\n", 
      "type": "ENTRY"
    }, 
    {
      "EOL": false, 
      "box": [
        1038, 
        1036, 
        844, 
        42
      ], 
      "id": 420, 
      "indented": true, 
      "parent": 419, 
      "text": "", 
      "type": "LINE"
    }, 
    {
      "EOL": false, 
      "box": [
        1054, 
        1076, 
        620, 
        36
      ], 
      "id": 421, 
      "indented": false, 
      "parent": 419, 
      "text": "", 
      "type": "LINE"
    }, 
    {
      "addresses": [
        {
          "street_name": "+. de la Chauss\u00e9e-\nd'Antin", 
          "street_numbers": [
            "6"
          ]
        }, 
        {
          "street_name": "Reims", 
          "street_numbers": []
        }
      ], 
      "box": [
        1038, 
        1036, 
        844, 
        76
      ], 
      "checked": false, 
      "id": 419, 
      "ner_xml": "<PER>Danjou (Ch.) % et co., teintures</PER>,<LOC>+. de la Chauss\u00e9e-\nd'Antin</LOC>,<CARDINAL>6</CARDINAL>, et maison \u00e0<LOC>Reims</LOC>,<TITRE>: \u2018</TITRE>4\n", 
      "origin": "computer", 
      "parent": 381, 
      "persons": [
        "Danjou (Ch.) % et co., teintures"
      ], 
      "text_ocr": "Danjou (Ch.) % et co., teintures, +. de la Chauss\u00e9e-\nd'Antin, 6, et maison \u00e0 Reims, : \u20184\n", 
      "type": "ENTRY"
    }, 
    {
      "EOL": false, 
      "box": [
        1036, 
        1114, 
        844, 
        38
      ], 
      "id": 423, 
      "indented": true, 
      "parent": 422, 
      "text": "", 
      "type": "LINE"
    }, 
    {
      "EOL": false, 
      "box": [
        1056, 
        1150, 
        360, 
        34
      ], 
      "id": 424, 
      "indented": false, 
      "parent": 422, 
      "text": "", 
      "type": "LINE"
    }, 
    {
      "addresses": [], 
      "box": [
        1036, 
        1114, 
        844, 
        70
      ], 
      "checked": false, 
      "id": 422, 
      "ner_xml": "<PER>Darblxy (A.)</PER>,<ACT>grains et farines ; r. des Vieilles-\nEtuves-$.-Honor\u00e9</ACT>,<CARDINAL>16</CARDINAL>:\n", 
      "origin": "computer", 
      "parent": 381, 
      "persons": [
        "Darblxy (A.)"
      ], 
      "text_ocr": "Darblxy (A.), grains et farines ; r. des Vieilles-\nEtuves-$.-Honor\u00e9, 16:\n", 
      "type": "ENTRY"
    }, 
    {
      "EOL": false, 
      "box": [
        1036, 
        1184, 
        844, 
        36
      ], 
      "id": 426, 
      "indented": true, 
      "parent": 425, 
      "text": "", 
      "type": "LINE"
    }, 
    {
      "EOL": false, 
      "box": [
        1054, 
        1218, 
        826, 
        64
      ], 
      "id": 427, 
      "indented": false, 
      "parent": 425, 
      "text": "", 
      "type": "LINE"
    }, 
    {
      "EOL": false, 
      "box": [
        1054, 
        1258, 
        228, 
        32
      ], 
      "id": 428, 
      "indented": false, 
      "parent": 425, 
      "text": "", 
      "type": "LINE"
    }, 
    {
      "addresses": [], 
      "box": [
        1036, 
        1184, 
        844, 
        106
      ], 
      "checked": false, 
      "id": 425, 
      "ner_xml": "D'<PER>Arr\u00e9slade (Laurent)</PER>,<ACT>de la maison L. d\u2019Arr\u00e9glade\net fils d\u2019 Alicante , vins fins d\u2019Espagne ; v. de l'E-\nchiquier</ACT>,<CARDINAL>20</CARDINAL>. .<PER>Sy ARE . C\n</PER>", 
      "origin": "computer", 
      "parent": 381, 
      "persons": [
        "Arr\u00e9slade (Laurent)", 
        "Sy ARE . C\n"
      ], 
      "text_ocr": "D'Arr\u00e9slade (Laurent), de la maison L. d\u2019Arr\u00e9glade\net fils d\u2019 Alicante , vins fins d\u2019Espagne ; v. de l'E-\nchiquier, 20. . Sy ARE . C\n", 
      "type": "ENTRY"
    }, 
    {
      "EOL": false, 
      "box": [
        1036, 
        1292, 
        844, 
        40
      ], 
      "id": 430, 
      "indented": true, 
      "parent": 429, 
      "text": "", 
      "type": "LINE"
    }, 
    {
      "EOL": false, 
      "box": [
        1052, 
        1328, 
        732, 
        40
      ], 
      "id": 431, 
      "indented": false, 
      "parent": 429, 
      "text": "", 
      "type": "LINE"
    }, 
    {
      "addresses": [
        {
          "street_name": "pl. des Victoir\u00e9s", 
          "street_numbers": [
            "4"
          ]
        }
      ], 
      "box": [
        1036, 
        1292, 
        844, 
        76
      ], 
      "checked": false, 
      "id": 429, 
      "ner_xml": "<PER>D\u2019Artois fils</PER>,<ACT>f. bronses, dorures</ACT>, CRU et pla-\nque,<LOC>pl. des Victoir\u00e9s</LOC>,<CARDINAL>4</CARDINAL>, pr\u00e8s la r. du Mail. .\n", 
      "origin": "computer", 
      "parent": 381, 
      "persons": [
        "D\u2019Artois fils"
      ], 
      "text_ocr": "D\u2019Artois fils, f. bronses, dorures, CRU et pla-\nque, pl. des Victoir\u00e9s, 4, pr\u00e8s la r. du Mail. .\n", 
      "type": "ENTRY"
    }, 
    {
      "EOL": false, 
      "box": [
        1036, 
        1364, 
        618, 
        36
      ], 
      "id": 433, 
      "indented": true, 
      "parent": 432, 
      "text": "", 
      "type": "LINE"
    }, 
    {
      "addresses": [], 
      "box": [
        1036, 
        1364, 
        618, 
        36
      ], 
      "checked": false, 
      "id": 432, 
      "ner_xml": "<PER>Daudin</PER>,<ACT>r. Pav\u00e9c-au Marais</ACT>,<CARDINAL>24</CARDINAL>: |\n", 
      "origin": "computer", 
      "parent": 381, 
      "persons": [
        "Daudin"
      ], 
      "text_ocr": "Daudin, r. Pav\u00e9c-au Marais, 24: |\n", 
      "type": "ENTRY"
    }, 
    {
      "EOL": false, 
      "box": [
        1036, 
        1396, 
        844, 
        42
      ], 
      "id": 435, 
      "indented": true, 
      "parent": 434, 
      "text": "", 
      "type": "LINE"
    }, 
    {
      "EOL": false, 
      "box": [
        1054, 
        1436, 
        676, 
        36
      ], 
      "id": 436, 
      "indented": false, 
      "parent": 434, 
      "text": "", 
      "type": "LINE"
    }, 
    {
      "addresses": [
        {
          "street_name": "r. Bertin-Poir\u00e9e", 
          "street_numbers": [
            "13"
          ]
        }
      ], 
      "box": [
        1036, 
        1396, 
        844, 
        76
      ], 
      "checked": false, 
      "id": 434, 
      "ner_xml": "<PER>Daudr\u00e9 (A.)</PER>,<ACT>{\u00e9p\u00f4t de sa f. d\u00e9 S.-Quentin et articles\nde T'arare</ACT>,<LOC>r. Bertin-Poir\u00e9e</LOC>,<CARDINAL>13</CARDINAL>, @ 1823.\n", 
      "origin": "computer", 
      "parent": 381, 
      "persons": [
        "Daudr\u00e9 (A.)"
      ], 
      "text_ocr": "Daudr\u00e9 (A.), {\u00e9p\u00f4t de sa f. d\u00e9 S.-Quentin et articles\nde T'arare, r. Bertin-Poir\u00e9e, 13, @ 1823.\n", 
      "type": "ENTRY"
    }, 
    {
      "EOL": false, 
      "box": [
        1036, 
        1474, 
        700, 
        38
      ], 
      "id": 438, 
      "indented": true, 
      "parent": 437, 
      "text": "", 
      "type": "LINE"
    }, 
    {
      "addresses": [
        {
          "street_name": "x. Coq-H\u00e9ron", 
          "street_numbers": [
            "5"
          ]
        }
      ], 
      "box": [
        1036, 
        1474, 
        700, 
        38
      ], 
      "checked": false, 
      "id": 437, 
      "ner_xml": "<PER>Daupeley (E.)</PER>,<TITRE>2orlogerie</TITRE>,<LOC>x. Coq-H\u00e9ron</LOC>,<CARDINAL>5</CARDINAL>.\n", 
      "origin": "computer", 
      "parent": 381, 
      "persons": [
        "Daupeley (E.)"
      ], 
      "text_ocr": "Daupeley (E.), 2orlogerie, x. Coq-H\u00e9ron, 5.\n", 
      "type": "ENTRY"
    }, 
    {
      "EOL": false, 
      "box": [
        1036, 
        1508, 
        846, 
        38
      ], 
      "id": 440, 
      "indented": true, 
      "parent": 439, 
      "text": "", 
      "type": "LINE"
    }, 
    {
      "EOL": false, 
      "box": [
        1054, 
        1544, 
        826, 
        40
      ], 
      "id": 441, 
      "indented": false, 
      "parent": 439, 
      "text": "", 
      "type": "LINE"
    }, 
    {
      "EOL": false, 
      "box": [
        1052, 
        1580, 
        826, 
        38
      ], 
      "id": 442, 
      "indented": false, 
      "parent": 439, 
      "text": "", 
      "type": "LINE"
    }, 
    {
      "EOL": false, 
      "box": [
        1054, 
        1616, 
        458, 
        34
      ], 
      "id": 443, 
      "indented": false, 
      "parent": 439, 
      "text": "", 
      "type": "LINE"
    }, 
    {
      "addresses": [
        {
          "street_name": "r. des Vicilles-Haudriettes", 
          "street_numbers": []
        }
      ], 
      "box": [
        1036, 
        1508, 
        846, 
        142
      ], 
      "checked": false, 
      "id": 439, 
      "ner_xml": "<PER>Davancase et Lefran\u00e7ois</PER>,<ACT>. exp. des prod. des fub. de\nFrance et consign\u00e4t. de toute sorte de marchan-\ndises pour en soigner la vente pour compte d'amis</ACT>,\n<LOC>r. des Vicilles-Haudriettes</LOC>,<ACT>$. \u00e9\n</ACT>", 
      "origin": "computer", 
      "parent": 381, 
      "persons": [
        "Davancase et Lefran\u00e7ois"
      ], 
      "text_ocr": "Davancase et Lefran\u00e7ois ,. exp. des prod. des fub. de\nFrance et consign\u00e4t. de toute sorte de marchan-\ndises pour en soigner la vente pour compte d'amis,\nr. des Vicilles-Haudriettes, $. \u00e9\n", 
      "type": "ENTRY"
    }, 
    {
      "EOL": false, 
      "box": [
        1036, 
        1652, 
        846, 
        40
      ], 
      "id": 445, 
      "indented": true, 
      "parent": 444, 
      "text": "", 
      "type": "LINE"
    }, 
    {
      "addresses": [
        {
          "street_name": "N\u00b0-des-Pet.-\n", 
          "street_numbers": []
        }
      ], 
      "box": [
        1036, 
        1652, 
        846, 
        40
      ], 
      "checked": false, 
      "id": 444, 
      "ner_xml": "<PER>Daveune-Daniel</PER>,<ACT>luines pour les f.</ACT>, r.,<LOC>N\u00b0-des-Pet.-\n</LOC>", 
      "origin": "computer", 
      "parent": 381, 
      "persons": [
        "Daveune-Daniel"
      ], 
      "text_ocr": "Daveune-Daniel , luines pour les f., r., N\u00b0-des-Pet.-\n", 
      "type": "ENTRY"
    }, 
    {
      "EOL": false, 
      "box": [
        1036, 
        1692, 
        214, 
        30
      ], 
      "id": 447, 
      "indented": true, 
      "parent": 446, 
      "text": "", 
      "type": "LINE"
    }, 
    {
      "addresses": [
        {
          "street_name": "Champs", 
          "street_numbers": [
            "05"
          ]
        }
      ], 
      "box": [
        1036, 
        1692, 
        214, 
        30
      ], 
      "checked": false, 
      "id": 446, 
      "ner_xml": "<LOC>Champs</LOC>,<CARDINAL>05</CARDINAL>.\n", 
      "origin": "computer", 
      "parent": 381, 
      "persons": [], 
      "text_ocr": "Champs, 05.\n", 
      "type": "ENTRY"
    }, 
    {
      "EOL": false, 
      "box": [
        1038, 
        1718, 
        612, 
        46
      ], 
      "id": 449, 
      "indented": true, 
      "parent": 448, 
      "text": "", 
      "type": "LINE"
    }, 
    {
      "addresses": [
        {
          "street_name": "Fe-S.=Martin", 
          "street_numbers": [
            "92"
          ]
        }
      ], 
      "box": [
        1038, 
        1718, 
        612, 
        46
      ], 
      "checked": false, 
      "id": 448, 
      "ner_xml": "<PER>David (J3.:L.) %</PER>,<LOC>Fe-S.=Martin</LOC>,<CARDINAL>92</CARDINAL>. :\n", 
      "origin": "computer", 
      "parent": 381, 
      "persons": [
        "David (J3.:L.) %"
      ], 
      "text_ocr": "David (J3.:L.) %, Fe-S.=Martin, 92. :\n", 
      "type": "ENTRY"
    }, 
    {
      "EOL": false, 
      "box": [
        1036, 
        1752, 
        844, 
        44
      ], 
      "id": 451, 
      "indented": true, 
      "parent": 450, 
      "text": "", 
      "type": "LINE"
    }, 
    {
      "EOL": false, 
      "box": [
        1054, 
        1796, 
        830, 
        36
      ], 
      "id": 452, 
      "indented": false, 
      "parent": 450, 
      "text": "", 
      "type": "LINE"
    }, 
    {
      "EOL": false, 
      "box": [
        1042, 
        1834, 
        444, 
        38
      ], 
      "id": 453, 
      "indented": false, 
      "parent": 450, 
      "text": "", 
      "type": "LINE"
    }, 
    {
      "addresses": [
        {
          "street_name": "r: Montorgueil,71.", 
          "street_numbers": []
        }
      ], 
      "box": [
        1036, 
        1752, 
        848, 
        120
      ], 
      "checked": false, 
      "id": 450, 
      "ner_xml": "<PER>ee \u2018ie D AN de</PER>, | safpenr KR '.<PER>UE s\u00e9\n\nDavid (</PER>on Marins commis.<ACT>en tout genre, denr.\ncoloniales, art. de Paris, assortiment de laines com-\n\u2018munes</ACT>,<LOC>r: Montorgueil,71.</LOC>, ARE Ne\n", 
      "origin": "computer", 
      "parent": 381, 
      "persons": [
        "ee \u2018ie D AN de", 
        "UE s\u00e9\n\nDavid ("
      ], 
      "text_ocr": "ee \u2018ie D AN de, | safpenr KR '. UE s\u00e9\n\nDavid (on Marins commis. en tout genre, denr.\ncoloniales, art. de Paris, assortiment de laines com-\n\u2018munes, r: Montorgueil,71., ARE Ne\n", 
      "type": "ENTRY"
    }, 
    {
      "EOL": false, 
      "box": [
        1036, 
        1868, 
        846, 
        54
      ], 
      "id": 455, 
      "indented": true, 
      "parent": 454, 
      "text": "", 
      "type": "LINE"
    }, 
    {
      "EOL": false, 
      "box": [
        1054, 
        1908, 
        538, 
        32
      ], 
      "id": 456, 
      "indented": false, 
      "parent": 454, 
      "text": "", 
      "type": "LINE"
    }, 
    {
      "addresses": [
        {
          "street_name": "r. Chap\u00f4n", 
          "street_numbers": [
            "2"
          ]
        }
      ], 
      "box": [
        1036, 
        1868, 
        846, 
        72
      ], 
      "checked": false, 
      "id": 454, 
      "ner_xml": "<PER>David gin\u00e9 ct Letrange</PER>,<ACT>banque , manuf. de plomb\ndamin\u00e9 \u00e0 S.-Denis</ACT>,<LOC>r. Chap\u00f4n</LOC>,<CARDINAL>2</CARDINAL>. \u2018\n", 
      "origin": "computer", 
      "parent": 381, 
      "persons": [
        "David gin\u00e9 ct Letrange"
      ], 
      "text_ocr": "David gin\u00e9 ct Letrange, banque , manuf. de plomb\ndamin\u00e9 \u00e0 S.-Denis, r. Chap\u00f4n, 2. \u2018\n", 
      "type": "ENTRY"
    }, 
    {
      "EOL": false, 
      "box": [
        1036, 
        1944, 
        572, 
        38
      ], 
      "id": 458, 
      "indented": true, 
      "parent": 457, 
      "text": "", 
      "type": "LINE"
    }, 
    {
      "addresses": [], 
      "box": [
        1036, 
        1944, 
        572, 
        38
      ], 
      "checked": false, 
      "id": 457, 
      "ner_xml": "<PER>Davignon (F. S.)</PER>,<ACT>r. d Enghien</ACT>,<CARDINAL>4o</CARDINAL>.\n", 
      "origin": "computer", 
      "parent": 381, 
      "persons": [
        "Davignon (F. S.)"
      ], 
      "text_ocr": "Davignon (F. S.), r. d Enghien, 4o.\n", 
      "type": "ENTRY"
    }, 
    {
      "EOL": false, 
      "box": [
        1038, 
        1974, 
        846, 
        42
      ], 
      "id": 460, 
      "indented": true, 
      "parent": 459, 
      "text": "", 
      "type": "LINE"
    }, 
    {
      "EOL": false, 
      "box": [
        1056, 
        2012, 
        790, 
        36
      ], 
      "id": 461, 
      "indented": false, 
      "parent": 459, 
      "text": "", 
      "type": "LINE"
    }, 
    {
      "addresses": [
        {
          "street_name": "vx. des Filles-S Thomas", 
          "street_numbers": [
            "7"
          ]
        }
      ], 
      "box": [
        1038, 
        1974, 
        846, 
        74
      ], 
      "checked": false, 
      "id": 459, 
      "ner_xml": "<PER>Davilt\u00e9 (J:-H.)</PER>,<ACT>recow. et escompte sur Paris, les\ndepart. et l'\u00e9tranger</ACT>,<LOC>vx. des Filles-S Thomas</LOC>,<CARDINAL>7</CARDINAL>.\n", 
      "origin": "computer", 
      "parent": 381, 
      "persons": [
        "Davilt\u00e9 (J:-H.)"
      ], 
      "text_ocr": "Davilt\u00e9 (J:-H.) , recow. et escompte sur Paris, les\ndepart. et l'\u00e9tranger, vx. des Filles-S Thomas, 7.\n", 
      "type": "ENTRY"
    }, 
    {
      "EOL": false, 
      "box": [
        1036, 
        2048, 
        662, 
        38
      ], 
      "id": 463, 
      "indented": true, 
      "parent": 462, 
      "text": "", 
      "type": "LINE"
    }, 
    {
      "addresses": [
        {
          "street_name": "boul. Poissonni\u00e8re", 
          "street_numbers": [
            "15"
          ]
        }
      ], 
      "box": [
        1036, 
        2048, 
        662, 
        38
      ], 
      "checked": false, 
      "id": 462, 
      "ner_xml": "<PER>Davillier ain\u00e9 %</PER>e,<LOC>boul. Poissonni\u00e8re</LOC>,<CARDINAL>15</CARDINAL>.\n", 
      "origin": "computer", 
      "parent": 381, 
      "persons": [
        "Davillier ain\u00e9 %"
      ], 
      "text_ocr": "Davillier ain\u00e9 %e, boul. Poissonni\u00e8re, 15.\n", 
      "type": "ENTRY"
    }, 
    {
      "EOL": false, 
      "box": [
        1040, 
        2084, 
        846, 
        36
      ], 
      "id": 465, 
      "indented": true, 
      "parent": 464, 
      "text": "", 
      "type": "LINE"
    }, 
    {
      "EOL": false, 
      "box": [
        1056, 
        2118, 
        830, 
        40
      ], 
      "id": 466, 
      "indented": false, 
      "parent": 464, 
      "text": "", 
      "type": "LINE"
    }, 
    {
      "EOL": false, 
      "box": [
        1056, 
        2152, 
        832, 
        42
      ], 
      "id": 467, 
      "indented": false, 
      "parent": 464, 
      "text": "", 
      "type": "LINE"
    }, 
    {
      "EOL": false, 
      "box": [
        1058, 
        2190, 
        698, 
        40
      ], 
      "id": 468, 
      "indented": false, 
      "parent": 464, 
      "text": "", 
      "type": "LINE"
    }, 
    {
      "addresses": [
        {
          "street_name": "r. Basse-\ndu-Rempa\u00f1t", 
          "street_numbers": [
            "16"
          ]
        }, 
        {
          "street_name": "d\u00e9p. de la fil\u00e4t. hyd. de. coton", 
          "street_numbers": []
        }
      ], 
      "box": [
        1040, 
        2084, 
        848, 
        146
      ], 
      "checked": false, 
      "id": 464, 
      "ner_xml": "<PER>Davillier (J\"-Ch.) et co. (maison</PER>\u00e0 Rouen),<LOC>r. Basse-\ndu-Rempa\u00f1t</LOC>,<CARDINAL>16</CARDINAL>,<LOC>d\u00e9p. de la fil\u00e4t. hyd. de. coton</LOC>,\nblanchiss. de calicots et appr\u00e9ts de tout genre.de\nDavillier-Lombard et<TITRE>co:;</TITRE>&amp;<PER>Gisors (Eure).</PER>de.\n", 
      "origin": "computer", 
      "parent": 381, 
      "persons": [
        "Davillier (J\"-Ch.) et co. (maison", 
        "Gisors (Eure)."
      ], 
      "text_ocr": "Davillier (J\"-Ch.) et co. (maison \u00e0 Rouen), r. Basse-\ndu-Rempa\u00f1t, 16, d\u00e9p. de la fil\u00e4t. hyd. de. coton,\nblanchiss. de calicots et appr\u00e9ts de tout genre.de\nDavillier-Lombard et co:; & Gisors (Eure). de.\n", 
      "type": "ENTRY"
    }, 
    {
      "EOL": false, 
      "box": [
        1044, 
        2230, 
        476, 
        36
      ], 
      "id": 470, 
      "indented": true, 
      "parent": 469, 
      "text": "", 
      "type": "LINE"
    }, 
    {
      "addresses": [], 
      "box": [
        1044, 
        2230, 
        476, 
        36
      ], 
      "checked": false, 
      "id": 469, 
      "ner_xml": "<PER>Debacourt (C.)</PER>,<CARDINAL>1</CARDINAL>.<PER>d'Artois</PER>,<CARDINAL>0</CARDINAL>.\n", 
      "origin": "computer", 
      "parent": 381, 
      "persons": [
        "Debacourt (C.)", 
        "d'Artois"
      ], 
      "text_ocr": "Debacourt (C.), 1. d'Artois, 0.\n", 
      "type": "ENTRY"
    }, 
    {
      "EOL": false, 
      "box": [
        1040, 
        2248, 
        850, 
        54
      ], 
      "id": 472, 
      "indented": true, 
      "parent": 471, 
      "text": "", 
      "type": "LINE"
    }, 
    {
      "EOL": false, 
      "box": [
        1058, 
        2302, 
        464, 
        32
      ], 
      "id": 473, 
      "indented": false, 
      "parent": 471, 
      "text": "", 
      "type": "LINE"
    }, 
    {
      "addresses": [], 
      "box": [
        1040, 
        2248, 
        850, 
        86
      ], 
      "checked": false, 
      "id": 471, 
      "ner_xml": "<CARDINAL>EU EU DL 7</CARDINAL>%<PER>CEULT Ph LS LR PTS. D!</PER>.<PER>V'Pad\n</PER>De Bellerive (<PER>Charles)</PER>,<ACT>commiss. en bang. et march.</ACT>,\nr. des Foss\u00e9s-Montmattre,<CARDINAL>3</CARDINAL>. \u00eb\n", 
      "origin": "computer", 
      "parent": 381, 
      "persons": [
        "CEULT Ph LS LR PTS. D!", 
        "V'Pad\n", 
        "Charles)"
      ], 
      "text_ocr": "EU EU DL 7% CEULT Ph LS LR PTS. D! . V'Pad\nDe Bellerive (Charles), commiss. en bang. et march.,\nr. des Foss\u00e9s-Montmattre, 3. \u00eb\n", 
      "type": "ENTRY"
    }, 
    {
      "EOL": false, 
      "box": [
        1042, 
        2332, 
        850, 
        40
      ], 
      "id": 475, 
      "indented": true, 
      "parent": 474, 
      "text": "", 
      "type": "LINE"
    }, 
    {
      "EOL": false, 
      "box": [
        1060, 
        2370, 
        812, 
        40
      ], 
      "id": 476, 
      "indented": false, 
      "parent": 474, 
      "text": "", 
      "type": "LINE"
    }, 
    {
      "addresses": [
        {
          "street_name": "r. S.-Ge\u00e9rvais", 
          "street_numbers": [
            "4"
          ]
        }
      ], 
      "box": [
        1042, 
        2332, 
        850, 
        78
      ], 
      "checked": false, 
      "id": 474, 
      "ner_xml": "<PER>Dcberly fr\u00e8res</PER>,<ACT>art. des fab. de Paris, ferblantertes</ACT>,\nquinca\u00efll.,<ACT>garde-vues de cristal</ACT>,<LOC>r. S.-Ge\u00e9rvais</LOC>,<CARDINAL>4</CARDINAL>:\n", 
      "origin": "computer", 
      "parent": 381, 
      "persons": [
        "Dcberly fr\u00e8res"
      ], 
      "text_ocr": "Dcberly fr\u00e8res, art. des fab. de Paris, ferblantertes,\nquinca\u00efll., garde-vues de cristal, r. S.-Ge\u00e9rvais, 4:\n", 
      "type": "ENTRY"
    }, 
    {
      "EOL": false, 
      "box": [
        1044, 
        2404, 
        850, 
        72
      ], 
      "id": 478, 
      "indented": true, 
      "parent": 477, 
      "text": "", 
      "type": "LINE"
    }, 
    {
      "EOL": false, 
      "box": [
        1062, 
        2446, 
        182, 
        36
      ], 
      "id": 479, 
      "indented": false, 
      "parent": 477, 
      "text": "", 
      "type": "LINE"
    }, 
    {
      "addresses": [], 
      "box": [
        1044, 
        2404, 
        850, 
        78
      ], 
      "checked": false, 
      "id": 477, 
      "ner_xml": "<PER>Debladis et Auriacombe</PER>;<PER>M\u00e9laux</PER>,<ACT>r. du Parc-Ro\u00ffal</ACT>,\n\u2018<CARDINAL>4</CARDINAL>,<CARDINAL>0</CARDINAL>1833: | e LA<CARDINAL>4</CARDINAL>\n", 
      "origin": "computer", 
      "parent": 381, 
      "persons": [
        "Debladis et Auriacombe", 
        "M\u00e9laux"
      ], 
      "text_ocr": "Debladis et Auriacombe ; M\u00e9laux,r. du Parc-Ro\u00ffal,\n\u20184, 0 1833: | e LA 4\n", 
      "type": "ENTRY"
    }, 
    {
      "EOL": false, 
      "box": [
        1044, 
        2476, 
        608, 
        42
      ], 
      "id": 481, 
      "indented": true, 
      "parent": 480, 
      "text": "", 
      "type": "LINE"
    }, 
    {
      "addresses": [
        {
          "street_name": "r. de Bondy", 
          "street_numbers": [
            "6"
          ]
        }
      ], 
      "box": [
        1044, 
        2476, 
        608, 
        42
      ], 
      "checked": false, 
      "id": 480, 
      "ner_xml": "<PER>Dehourges (Ch.}</PER>,<LOC>r. de Bondy</LOC>,<CARDINAL>6</CARDINAL>.\n", 
      "origin": "computer", 
      "parent": 381, 
      "persons": [
        "Dehourges (Ch.}"
      ], 
      "text_ocr": "Dehourges (Ch.}, r. de Bondy, 6.\n", 
      "type": "ENTRY"
    }, 
    {
      "EOL": false, 
      "box": [
        1044, 
        2512, 
        852, 
        40
      ], 
      "id": 483, 
      "indented": true, 
      "parent": 482, 
      "text": "", 
      "type": "LINE"
    }, 
    {
      "addresses": [], 
      "box": [
        1044, 
        2512, 
        852, 
        40
      ], 
      "checked": false, 
      "id": 482, 
      "ner_xml": "<PER>DeConinck</PER>,<PER>Joly et co.</PER>,<ACT>bang.et march.,r.Martel</ACT>,<CARDINAL>10</CARDINAL>.\n", 
      "origin": "computer", 
      "parent": 381, 
      "persons": [
        "DeConinck", 
        "Joly et co."
      ], 
      "text_ocr": "DeConinck, Joly et co., bang.et march.,r.Martel, 10.\n", 
      "type": "ENTRY"
    }, 
    {
      "EOL": false, 
      "box": [
        1046, 
        2548, 
        850, 
        40
      ], 
      "id": 485, 
      "indented": true, 
      "parent": 484, 
      "text": "", 
      "type": "LINE"
    }, 
    {
      "EOL": false, 
      "box": [
        1062, 
        2584, 
        834, 
        42
      ], 
      "id": 486, 
      "indented": false, 
      "parent": 484, 
      "text": "", 
      "type": "LINE"
    }, 
    {
      "EOL": false, 
      "box": [
        1046, 
        2622, 
        810, 
        38
      ], 
      "id": 487, 
      "indented": false, 
      "parent": 484, 
      "text": "", 
      "type": "LINE"
    }, 
    {
      "EOL": false, 
      "box": [
        1046, 
        2656, 
        850, 
        42
      ], 
      "id": 488, 
      "indented": false, 
      "parent": 484, 
      "text": "", 
      "type": "LINE"
    }, 
    {
      "EOL": false, 
      "box": [
        1048, 
        2694, 
        738, 
        38
      ], 
      "id": 489, 
      "indented": false, 
      "parent": 484, 
      "text": "", 
      "type": "LINE"
    }, 
    {
      "EOL": false, 
      "box": [
        1048, 
        2730, 
        848, 
        58
      ], 
      "id": 490, 
      "indented": false, 
      "parent": 484, 
      "text": "", 
      "type": "LINE"
    }, 
    {
      "addresses": [
        {
          "street_name": "pl. d\u00e9s Victoires", 
          "street_numbers": [
            "5", 
            "65"
          ]
        }, 
        {
          "street_name": "q. des Otf\u00e8vres", 
          "street_numbers": [
            "54", 
            "7"
          ]
        }
      ], 
      "box": [
        1046, 
        2548, 
        850, 
        240
      ], 
      "checked": false, 
      "id": 484, 
      "ner_xml": "<PER>Defontaine</PER>,<PER>Birthe</PER>,<ACT>Lamothe et co.</ACT>,<ACT>Lg ph \u00e9xploit.\nmines de houille et n\u00e9g.;r. des Petit\u00e9s-\u00c9curies</ACT>,<CARDINAL>41</CARDINAL>.\n\nD'<PER>Eichthal (Louis)</PER>,<ACT>et banq.</ACT>,<LOC>pl. d\u00e9s Victoires</LOC>,<CARDINAL>5</CARDINAL>:,\n\nDe Jonqui\u00e8res h\u00e9 et Aug\u00e9,<ACT>r. N\u00b0-d\u00e9s-Pet.-Champs</ACT>,<CARDINAL>65</CARDINAL>.\n\nDelach\u00e9nal-Villars,<ACT>vins</ACT>,<LOC>q. des Otf\u00e8vres</LOC>,<CARDINAL>54</CARDINAL>.\n\n<PER>Delamre (3,-B.) \u00e9t co., b'jout.</PER>,<ACT>nouv.</ACT>, r. Ste\u2019 Anas-\nAR POI M Et<CARDINAL>7</CARDINAL>2 ?\n", 
      "origin": "computer", 
      "parent": 381, 
      "persons": [
        "Defontaine", 
        "Birthe", 
        "Eichthal (Louis)", 
        "Delamre (3,-B.) \u00e9t co., b'jout."
      ], 
      "text_ocr": "Defontaine, Birthe, Lamothe et co., Lg ph \u00e9xploit.\nmines de houille et n\u00e9g.;r. des Petit\u00e9s-\u00c9curies, 41.\n\nD'Eichthal (Louis), et banq., pl. d\u00e9s Victoires, 5:,\n\nDe Jonqui\u00e8res h\u00e9 et Aug\u00e9, r. N\u00b0-d\u00e9s-Pet.-Champs, 65.\n\nDelach\u00e9nal-Villars, vins, q. des Otf\u00e8vres, 54.\n\nDelamre (3,-B.) \u00e9t co., b'jout., nouv., r. Ste\u2019 Anas-\nAR POI M Et 7 2 ?\n", 
      "type": "ENTRY"
    }, 
    {
      "EOL": false, 
      "box": [
        1070, 
        2770, 
        298, 
        36
      ], 
      "id": 492, 
      "indented": true, 
      "parent": 491, 
      "text": "", 
      "type": "LINE"
    }, 
    {
      "addresses": [], 
      "box": [
        1070, 
        2770, 
        298, 
        36
      ], 
      "checked": false, 
      "id": 491, 
      "ner_xml": "<ACT>tase, au Marais</ACT>,<CARDINAL>7</CARDINAL>.\n", 
      "origin": "computer", 
      "parent": 381, 
      "persons": [], 
      "text_ocr": "tase, au Marais, 7.\n", 
      "type": "ENTRY"
    }, 
    {
      "EOL": false, 
      "box": [
        1056, 
        2802, 
        738, 
        40
      ], 
      "id": 494, 
      "indented": true, 
      "parent": 493, 
      "text": "", 
      "type": "LINE"
    }, 
    {
      "addresses": [], 
      "box": [
        1056, 
        2802, 
        738, 
        40
      ], 
      "checked": false, 
      "id": 493, 
      "ner_xml": "<PER>Delamour</PER>,<ACT>grains, farines, r. d\u00e9s Barres</ACT>,<CARDINAL>44</CARDINAL>.\n", 
      "origin": "computer", 
      "parent": 381, 
      "persons": [
        "Delamour"
      ], 
      "text_ocr": "Delamour, grains, farines, r. d\u00e9s Barres, 44.\n", 
      "type": "ENTRY"
    }, 
    {
      "EOL": false, 
      "box": [
        1052, 
        2840, 
        844, 
        40
      ], 
      "id": 496, 
      "indented": true, 
      "parent": 495, 
      "text": "", 
      "type": "LINE"
    }, 
    {
      "addresses": [], 
      "box": [
        1052, 
        2840, 
        844, 
        40
      ], 
      "checked": false, 
      "id": 495, 
      "ner_xml": "<PER>Delandre fr\u00e8res</PER>,<ACT>r. S.-Louis, au Marais</ACT>,<CARDINAL>07</CARDINAL>, maison (\n", 
      "origin": "computer", 
      "parent": 381, 
      "persons": [
        "Delandre fr\u00e8res"
      ], 
      "text_ocr": "Delandre fr\u00e8res, r. S.-Louis, au Marais, 07, maison (\n", 
      "type": "ENTRY"
    }, 
    {
      "box": [
        1028, 
        210, 
        868, 
        2670
      ], 
      "id": 381, 
      "parent": 380, 
      "type": "COLUMN_LEVEL_2"
    }, 
    {
      "box": [
        1028, 
        210, 
        868, 
        2670
      ], 
      "id": 380, 
      "parent": 379, 
      "type": "SECTION_LEVEL_2"
    }, 
    {
      "box": [
        1028, 
        210, 
        868, 
        2676
      ], 
      "id": 379, 
      "parent": 259, 
      "type": "COLUMN_LEVEL_1"
    }, 
    {
      "box": [
        154, 
        210, 
        1750, 
        2676
      ], 
      "id": 259, 
      "parent": 256, 
      "type": "SECTION_LEVEL_1"
    }, 
    {
      "box": [
        154, 
        64, 
        1750, 
        2962
      ], 
      "id": 256, 
      "type": "PAGE"
    }
  ], 
  "mode": "cached"
}
