[
  {
    "box": [
      136,
      30,
      1706,
      14
    ],
    "checked": false,
    "id": 257,
    "origin": "computer",
    "parent": 256,
    "text": "peymenne-e - _ _— CR EEE © de eg ERE SAR EP DEP EP RER ES ER ER ENERRS 4H à 7 RE\" PU\n",
    "type": "TITLE_LEVEL_1"
  },
  {
    "box": [
      136,
      92,
      1706,
      32
    ],
    "checked": false,
    "id": 258,
    "origin": "computer",
    "parent": 256,
    "text": "DES ADRESSES DE PARIS. LXXIII\n",
    "type": "TITLE_LEVEL_1"
  },
  {
    "EOL": false,
    "box": [
      136,
      146,
      786,
      50
    ],
    "id": 264,
    "indented": true,
    "parent": 263,
    "text": "",
    "type": "LINE"
  },
  {
    "addresses": [
      {
        "street_name": "Varennes",
        "street_numbers": [
          "22"
        ]
      }
    ],
    "box": [
      136,
      146,
      786,
      50
    ],
    "checked": true,
    "id": 263,
    "origin": "human",
    "parent": 262,
    "persons": [
      "Castries (Mis de) C."
    ],
    "score": 0.9375,
    "text_ocr": "##Castries (Mis de) C.## µµ::LH::µµ, ££mar. de camp££, @@Varennes@@, $$22$$.\n",
    "type": "ENTRY"
  },
  {
    "EOL": false,
    "box": [
      140,
      184,
      460,
      34
    ],
    "id": 266,
    "indented": true,
    "parent": 265,
    "text": "",
    "type": "LINE"
  },
  {
    "addresses": [
      {
        "street_name": "Varennes",
        "street_numbers": [
          "22"
        ]
      }
    ],
    "box": [
      140,
      184,
      460,
      34
    ],
    "checked": true,
    "id": 265,
    "origin": "human",
    "parent": 262,
    "persons": [
      "Castries (Cte de)"
    ],
    "score": 0.9375,
    "text_ocr": "##Castries (Cte de)##, @@Varennes@@, $$22$$.\n",
    "type": "ENTRY"
  },
  {
    "EOL": false,
    "box": [
      140,
      218,
      668,
      34
    ],
    "id": 268,
    "indented": true,
    "parent": 267,
    "text": "",
    "type": "LINE"
  },
  {
    "addresses": [
      {
        "street_name": "boulev. du Temple",
        "street_numbers": [
          "47"
        ]
      }
    ],
    "box": [
      140,
      218,
      668,
      34
    ],
    "checked": true,
    "id": 267,
    "origin": "human",
    "parent": 262,
    "persons": [
      "Castro et co."
    ],
    "score": 1,
    "text_ocr": "##Castro et co.##, ££rubans££, @@boulev. du Temple@@, $$47$$.\n",
    "type": "ENTRY"
  },
  {
    "EOL": false,
    "box": [
      140,
      254,
      568,
      34
    ],
    "id": 270,
    "indented": true,
    "parent": 269,
    "text": "",
    "type": "LINE"
  },
  {
    "addresses": [
      {
        "street_name": "Lombards",
        "street_numbers": [
          "37"
        ]
      }
    ],
    "box": [
      140,
      254,
      568,
      34
    ],
    "checked": true,
    "id": 269,
    "origin": "human",
    "parent": 262,
    "persons": [
      "Caszalot"
    ],
    "score": 1,
    "text_ocr": "##Caszalot##, ££passementier££, @@Lombards@@, $$37$$.\n",
    "type": "ENTRY"
  },
  {
    "EOL": false,
    "box": [
      138,
      290,
      486,
      32
    ],
    "id": 272,
    "indented": true,
    "parent": 271,
    "text": "",
    "type": "LINE"
  },
  {
    "addresses": [
      {
        "street_name": "St-Germain-des-Prés",
        "street_numbers": [
          "5"
        ]
      }
    ],
    "box": [
      138,
      290,
      486,
      32
    ],
    "checked": true,
    "id": 271,
    "origin": "human",
    "parent": 262,
    "persons": [
      "Catalan"
    ],
    "score": 1,
    "text_ocr": "##Catalan##, @@St-Germain-des-Prés@@, $$5$$.\n",
    "type": "ENTRY"
  },
  {
    "EOL": false,
    "box": [
      140,
      322,
      594,
      34
    ],
    "id": 274,
    "indented": true,
    "parent": 273,
    "text": "",
    "type": "LINE"
  },
  {
    "addresses": [
      {
        "street_name": "Pont-aux-Choux",
        "street_numbers": [
          "21"
        ]
      }
    ],
    "box": [
      140,
      322,
      594,
      34
    ],
    "checked": true,
    "id": 273,
    "origin": "human",
    "parent": 262,
    "persons": [
      "Catalan"
    ],
    "score": 1,
    "text_ocr": "##Catalan##, ££architecte££, @@Pont-aux-Choux@@, $$21$$.\n",
    "type": "ENTRY"
  },
  {
    "EOL": false,
    "box": [
      140,
      360,
      480,
      32
    ],
    "id": 276,
    "indented": true,
    "parent": 275,
    "text": "",
    "type": "LINE"
  },
  {
    "addresses": [
      {
        "street_name": "Dauphine",
        "street_numbers": [
          "35"
        ]
      }
    ],
    "box": [
      140,
      360,
      480,
      32
    ],
    "checked": true,
    "id": 275,
    "origin": "human",
    "parent": 262,
    "persons": [
      "Catalan"
    ],
    "score": 1,
    "text_ocr": "##Catalan##, ££dentiste££, @@Dauphine@@, $$35$$.\n",
    "type": "ENTRY"
  },
  {
    "EOL": false,
    "box": [
      140,
      394,
      580,
      36
    ],
    "id": 278,
    "indented": true,
    "parent": 277,
    "text": "",
    "type": "LINE"
  },
  {
    "addresses": [
      {
        "street_name": "Caire",
        "street_numbers": [
          "10"
        ]
      }
    ],
    "box": [
      140,
      394,
      580,
      36
    ],
    "checked": true,
    "id": 277,
    "origin": "human",
    "parent": 262,
    "persons": [
      "Catat (Alex.)"
    ],
    "score": 1,
    "text_ocr": "##Catat (Alex.)##, ££f. parapluies££, @@Caire@@, $$10$$.\n",
    "type": "ENTRY"
  },
  {
    "EOL": false,
    "box": [
      140,
      430,
      572,
      32
    ],
    "id": 280,
    "indented": true,
    "parent": 279,
    "text": "",
    "type": "LINE"
  },
  {
    "addresses": [
      {
        "street_name": "Tonnellerie",
        "street_numbers": [
          "109"
        ]
      }
    ],
    "box": [
      140,
      430,
      572,
      32
    ],
    "checked": true,
    "id": 279,
    "origin": "human",
    "parent": 262,
    "persons": [
      "Catel"
    ],
    "score": 0.5,
    "text_ocr": "##Catel##, ££md de paniers££, @@Tonnellerie@@, $$109$$.\n",
    "type": "ENTRY"
  },
  {
    "EOL": false,
    "box": [
      142,
      464,
      620,
      32
    ],
    "id": 282,
    "indented": true,
    "parent": 281,
    "text": "",
    "type": "LINE"
  },
  {
    "addresses": [
      {
        "street_name": "Oratoire-du-Louvre",
        "street_numbers": [
          "6"
        ]
      }
    ],
    "box": [
      142,
      464,
      620,
      32
    ],
    "checked": true,
    "id": 281,
    "origin": "human",
    "parent": 262,
    "persons": [
      "Catelain"
    ],
    "score": 0.5,
    "text_ocr": "##Catelain##, ££tailleur££, @@Oratoire-du-Louvre@@, $$6$$.\n",
    "type": "ENTRY"
  },
  {
    "EOL": false,
    "box": [
      142,
      500,
      532,
      32
    ],
    "id": 284,
    "indented": true,
    "parent": 283,
    "text": "",
    "type": "LINE"
  },
  {
    "addresses": [
      {
        "street_name": "Mauconseil",
        "street_numbers": [
          "37"
        ]
      }
    ],
    "box": [
      142,
      500,
      532,
      32
    ],
    "checked": true,
    "id": 283,
    "origin": "human",
    "parent": 262,
    "persons": [
      "Catelin"
    ],
    "score": 1,
    "text_ocr": "##Catelin##, ££hôtel garni££, @@Mauconseil@@, $$37$$.\n",
    "type": "ENTRY"
  },
  {
    "EOL": false,
    "box": [
      142,
      534,
      718,
      34
    ],
    "id": 286,
    "indented": true,
    "parent": 285,
    "text": "",
    "type": "LINE"
  },
  {
    "addresses": [
      {
        "street_name": "faub. Montmartre",
        "street_numbers": [
          "42"
        ]
      }
    ],
    "box": [
      142,
      534,
      718,
      34
    ],
    "checked": true,
    "id": 285,
    "origin": "human",
    "parent": 262,
    "persons": [
      "Catelin"
    ],
    "score": 1,
    "text_ocr": "##Catelin##, ££chef d'institution££, @@faub. Montmartre@@, $$42$$.\n",
    "type": "ENTRY"
  },
  {
    "EOL": false,
    "box": [
      142,
      570,
      820,
      34
    ],
    "id": 288,
    "indented": true,
    "parent": 287,
    "text": "",
    "type": "LINE"
  },
  {
    "addresses": [
      {
        "street_name": "faub. Montmartre",
        "street_numbers": [
          "42"
        ]
      }
    ],
    "box": [
      142,
      570,
      820,
      34
    ],
    "checked": true,
    "id": 287,
    "origin": "human",
    "parent": 262,
    "persons": [
      "Catelin (Mad)"
    ],
    "score": 1,
    "text_ocr": "##Catelin (Mad)##, ££grav. en musique££, @@faub. Montmartre@@, $$42$$.\n",
    "type": "ENTRY"
  },
  {
    "EOL": false,
    "box": [
      146,
      606,
      578,
      32
    ],
    "id": 290,
    "indented": true,
    "parent": 289,
    "text": "",
    "type": "LINE"
  },
  {
    "addresses": [
      {
        "street_name": "Richepance",
        "street_numbers": [
          "7"
        ]
      }
    ],
    "box": [
      146,
      606,
      578,
      32
    ],
    "checked": true,
    "id": 289,
    "origin": "human",
    "parent": 262,
    "persons": [
      "Catellan (Mis de)"
    ],
    "score": 0.5,
    "text_ocr": "##Catellan (Mis de)##, µµpairµµ, @@Richepance@@, $$7$$.\n",
    "type": "ENTRY"
  },
  {
    "EOL": false,
    "box": [
      142,
      640,
      524,
      32
    ],
    "id": 292,
    "indented": true,
    "parent": 291,
    "text": "",
    "type": "LINE"
  },
  {
    "addresses": [
      {
        "street_name": "St-Germain-l'Auxerrois",
        "street_numbers": [
          "39"
        ]
      }
    ],
    "box": [
      142,
      640,
      524,
      32
    ],
    "checked": true,
    "id": 291,
    "origin": "human",
    "parent": 262,
    "persons": [
      "Catelle"
    ],
    "score": 1,
    "text_ocr": "##Catelle##, @@St-Germain-l'Auxerrois@@, $$39$$.\n",
    "type": "ENTRY"
  },
  {
    "EOL": false,
    "box": [
      142,
      674,
      820,
      36
    ],
    "id": 294,
    "indented": true,
    "parent": 293,
    "text": "",
    "type": "LINE"
  },
  {
    "EOL": false,
    "box": [
      162,
      710,
      270,
      32
    ],
    "id": 295,
    "indented": false,
    "parent": 293,
    "text": "",
    "type": "LINE"
  },
  {
    "addresses": [
      {
        "street_name": "Ste-Croix-de-\nla-Bretonnerie",
        "street_numbers": [
          "23"
        ]
      }
    ],
    "box": [
      142,
      674,
      820,
      68
    ],
    "checked": true,
    "id": 293,
    "origin": "human",
    "parent": 262,
    "persons": [
      "Catelle (Alphonse)"
    ],
    "score": 1,
    "text_ocr": "##Catelle (Alphonse)##, ££quincaill. commiss.££, @@Ste-Croix-de-\nla-Bretonnerie@@, $$23$$.\n",
    "type": "ENTRY"
  },
  {
    "EOL": false,
    "box": [
      144,
      744,
      638,
      36
    ],
    "id": 297,
    "indented": true,
    "parent": 296,
    "text": "",
    "type": "LINE"
  },
  {
    "addresses": [
      {
        "street_name": "Chabannais",
        "street_numbers": [
          "16"
        ]
      }
    ],
    "box": [
      144,
      744,
      638,
      36
    ],
    "checked": true,
    "id": 296,
    "origin": "human",
    "parent": 262,
    "persons": [
      "Catelle (Aug.) fils"
    ],
    "score": 0.75,
    "text_ocr": "##Catelle (Aug.) fils##, ££tailleur££, @@Chabannais@@, $$16$$.\n",
    "type": "ENTRY"
  },
  {
    "EOL": false,
    "box": [
      144,
      782,
      644,
      32
    ],
    "id": 299,
    "indented": true,
    "parent": 298,
    "text": "",
    "type": "LINE"
  },
  {
    "addresses": [
      {
        "street_name": "St-André-des-Arcs",
        "street_numbers": [
          "55"
        ]
      }
    ],
    "box": [
      144,
      782,
      644,
      32
    ],
    "checked": true,
    "id": 298,
    "origin": "human",
    "parent": 262,
    "persons": [
      "Catelouze"
    ],
    "score": 0.9523809523809523,
    "text_ocr": "##Catelouze##, ££layetier££, @@St-André-des-Arcs@@, $$55$$.\n",
    "type": "ENTRY"
  },
  {
    "EOL": false,
    "box": [
      144,
      816,
      542,
      32
    ],
    "id": 301,
    "indented": true,
    "parent": 300,
    "text": "",
    "type": "LINE"
  },
  {
    "addresses": [
      {
        "street_name": "Montmorency",
        "street_numbers": [
          "3"
        ]
      }
    ],
    "box": [
      144,
      816,
      542,
      32
    ],
    "checked": true,
    "id": 300,
    "origin": "human",
    "parent": 262,
    "persons": [
      "Cathala"
    ],
    "score": 1,
    "text_ocr": "##Cathala##, ££architecte££, @@Montmorency@@, $$3$$.\n",
    "type": "ENTRY"
  },
  {
    "EOL": false,
    "box": [
      148,
      848,
      578,
      36
    ],
    "id": 303,
    "indented": true,
    "parent": 302,
    "text": "",
    "type": "LINE"
  },
  {
    "addresses": [
      {
        "street_name": "Parvis N.-D",
        "street_numbers": []
      }
    ],
    "box": [
      148,
      848,
      578,
      36
    ],
    "checked": true,
    "id": 302,
    "origin": "human",
    "parent": 262,
    "persons": [
      "Cathédrale (Eglise N.-D.)"
    ],
    "score": 0.25,
    "street_number": "",
    "text_ocr": "##Cathédrale (Eglise N.-D.)##, @@Parvis N.-D@@.\n",
    "type": "ENTRY"
  },
  {
    "EOL": false,
    "box": [
      144,
      886,
      818,
      32
    ],
    "id": 305,
    "indented": true,
    "parent": 304,
    "text": "",
    "type": "LINE"
  },
  {
    "addresses": [
      {
        "street_name": "Ne-St-Eustache",
        "street_numbers": [
          "30"
        ]
      }
    ],
    "box": [
      144,
      886,
      818,
      32
    ],
    "checked": true,
    "id": 304,
    "origin": "human",
    "parent": 262,
    "persons": [
      "Cathelineau Vallée et co."
    ],
    "score": 0.5,
    "text_ocr": "##Cathelineau Vallée et co.##, ££f. châles££, @@Ne-St-Eustache@@, $$30$$.\n",
    "type": "ENTRY"
  },
  {
    "EOL": false,
    "box": [
      144,
      922,
      496,
      30
    ],
    "id": 307,
    "indented": true,
    "parent": 306,
    "text": "",
    "type": "LINE"
  },
  {
    "addresses": [
      {
        "street_name": "St-Antoine",
        "street_numbers": [
          "62"
        ]
      }
    ],
    "box": [
      144,
      922,
      496,
      30
    ],
    "checked": true,
    "id": 306,
    "origin": "human",
    "parent": 262,
    "persons": [
      "Cathelot"
    ],
    "score": 1,
    "text_ocr": "##Cathelot##, ££médecin££, @@St-Antoine@@, $$62$$.\n",
    "type": "ENTRY"
  },
  {
    "EOL": false,
    "box": [
      146,
      956,
      502,
      34
    ],
    "id": 309,
    "indented": true,
    "parent": 308,
    "text": "",
    "type": "LINE"
  },
  {
    "addresses": [
      {
        "street_name": "Ormesson",
        "street_numbers": []
      }
    ],
    "box": [
      146,
      956,
      502,
      34
    ],
    "checked": true,
    "id": 308,
    "origin": "human",
    "parent": 262,
    "persons": [
      "Catherine (Marché Ste)"
    ],
    "score": 0.5,
    "street_number": "",
    "text_ocr": "##Catherine (Marché Ste)##, @@Ormesson@@.\n",
    "type": "ENTRY"
  },
  {
    "EOL": false,
    "box": [
      144,
      992,
      492,
      32
    ],
    "id": 311,
    "indented": true,
    "parent": 310,
    "text": "",
    "type": "LINE"
  },
  {
    "addresses": [
      {
        "street_name": "Harpe",
        "street_numbers": [
          "99"
        ]
      }
    ],
    "box": [
      144,
      992,
      492,
      32
    ],
    "checked": true,
    "id": 310,
    "origin": "human",
    "parent": 262,
    "persons": [
      "Catherinet"
    ],
    "score": 1,
    "text_ocr": "##Catherinet##, ££menuisier££, @@Harpe@@, $$99$$.\n",
    "type": "ENTRY"
  },
  {
    "EOL": false,
    "box": [
      144,
      1024,
      748,
      36
    ],
    "id": 313,
    "indented": true,
    "parent": 312,
    "text": "",
    "type": "LINE"
  },
  {
    "addresses": [
      {
        "street_name": "pl. Hôtel-de-Ville",
        "street_numbers": [
          "8"
        ]
      }
    ],
    "box": [
      144,
      1024,
      748,
      36
    ],
    "checked": true,
    "id": 312,
    "origin": "human",
    "parent": 262,
    "persons": [
      "Catherinet"
    ],
    "score": 1,
    "text_ocr": "##Catherinet##, ££greffier C. royale££, @@pl. Hôtel-de-Ville@@, $$8$$.\n",
    "type": "ENTRY"
  },
  {
    "EOL": false,
    "box": [
      146,
      1062,
      640,
      32
    ],
    "id": 315,
    "indented": true,
    "parent": 314,
    "text": "",
    "type": "LINE"
  },
  {
    "addresses": [
      {
        "street_name": "Ne-Bons-Enfans",
        "street_numbers": [
          "17"
        ]
      }
    ],
    "box": [
      146,
      1062,
      640,
      32
    ],
    "checked": true,
    "id": 314,
    "origin": "human",
    "parent": 262,
    "persons": [
      "Catherinet de Rancey"
    ],
    "score": 0.5,
    "text_ocr": "##Catherinet de Rancey##, @@Ne-Bons-Enfans@@, $$17$$.\n",
    "type": "ENTRY"
  },
  {
    "EOL": false,
    "box": [
      144,
      1094,
      398,
      36
    ],
    "id": 317,
    "indented": true,
    "parent": 316,
    "text": "",
    "type": "LINE"
  },
  {
    "addresses": [
      {
        "street_name": "Bleue",
        "street_numbers": [
          "27"
        ]
      }
    ],
    "box": [
      144,
      1094,
      398,
      36
    ],
    "checked": true,
    "id": 316,
    "origin": "human",
    "parent": 262,
    "persons": [
      "Cathrein"
    ],
    "score": 1,
    "text_ocr": "##Cathrein##, µµprop.µµ, @@Bleue@@, $$27$$.\n",
    "type": "ENTRY"
  },
  {
    "EOL": false,
    "box": [
      144,
      1132,
      562,
      32
    ],
    "id": 319,
    "indented": true,
    "parent": 318,
    "text": "",
    "type": "LINE"
  },
  {
    "addresses": [
      {
        "street_name": "Ponthieu",
        "street_numbers": [
          "20"
        ]
      }
    ],
    "box": [
      144,
      1132,
      562,
      32
    ],
    "checked": true,
    "id": 318,
    "origin": "human",
    "parent": 262,
    "persons": [
      "Cathrein neveu"
    ],
    "score": 1,
    "text_ocr": "##Cathrein neveu##, ££sellier££, @@Ponthieu@@, $$20$$.\n",
    "type": "ENTRY"
  },
  {
    "EOL": false,
    "box": [
      144,
      1166,
      436,
      32
    ],
    "id": 321,
    "indented": true,
    "parent": 320,
    "text": "",
    "type": "LINE"
  },
  {
    "addresses": [
      {
        "street_name": "cloître N.-Dame",
        "street_numbers": [
          "20"
        ]
      }
    ],
    "box": [
      144,
      1166,
      436,
      32
    ],
    "checked": true,
    "id": 320,
    "origin": "human",
    "parent": 262,
    "persons": [
      "Catillon"
    ],
    "score": 0.5,
    "text_ocr": "##Catillon##, @@cloître N.-Dame@@, $$20$$.\n",
    "type": "ENTRY"
  },
  {
    "EOL": false,
    "box": [
      144,
      1202,
      462,
      34
    ],
    "id": 323,
    "indented": true,
    "parent": 322,
    "text": "",
    "type": "LINE"
  },
  {
    "addresses": [
      {
        "street_name": "Chapon",
        "street_numbers": [
          "1"
        ]
      }
    ],
    "box": [
      144,
      1202,
      462,
      34
    ],
    "checked": true,
    "id": 322,
    "origin": "human",
    "parent": 262,
    "persons": [
      "Catillon"
    ],
    "score": 1,
    "text_ocr": "##Catillon##, ££f. boutons££, @@Chapon@@, $$1$$.\n",
    "type": "ENTRY"
  },
  {
    "EOL": false,
    "box": [
      144,
      1236,
      718,
      36
    ],
    "id": 325,
    "indented": true,
    "parent": 324,
    "text": "",
    "type": "LINE"
  },
  {
    "addresses": [
      {
        "street_name": "Quincampoix",
        "street_numbers": [
          "89"
        ]
      }
    ],
    "box": [
      144,
      1236,
      718,
      36
    ],
    "checked": true,
    "id": 324,
    "origin": "human",
    "parent": 262,
    "persons": [
      "Catillon (Louis)"
    ],
    "score": 1,
    "text_ocr": "##Catillon (Louis)##, ££passementier££, @@Quincampoix@@, $$89$$.\n",
    "type": "ENTRY"
  },
  {
    "EOL": false,
    "box": [
      144,
      1272,
      580,
      34
    ],
    "id": 327,
    "indented": true,
    "parent": 326,
    "text": "",
    "type": "LINE"
  },
  {
    "addresses": [
      {
        "street_name": "Cléry",
        "street_numbers": [
          "61"
        ]
      }
    ],
    "box": [
      144,
      1272,
      580,
      34
    ],
    "checked": true,
    "id": 326,
    "origin": "human",
    "parent": 262,
    "persons": [
      "Catillon jeune"
    ],
    "score": 1,
    "text_ocr": "##Catillon jeune##, ££passementier££, @@Cléry@@, $$61$$.\n",
    "type": "ENTRY"
  },
  {
    "EOL": false,
    "box": [
      144,
      1306,
      632,
      34
    ],
    "id": 329,
    "indented": true,
    "parent": 328,
    "text": "",
    "type": "LINE"
  },
  {
    "addresses": [
      {
        "street_name": "Roule",
        "street_numbers": [
          "5"
        ]
      }
    ],
    "box": [
      144,
      1306,
      632,
      34
    ],
    "checked": true,
    "id": 328,
    "origin": "human",
    "parent": 262,
    "persons": [
      "Catoire Delaporte (Mad.)"
    ],
    "score": 1,
    "text_ocr": "##Catoire Delaporte (Mad.)##, ££modes££, @@Roule@@, $$5$$.\n",
    "type": "ENTRY"
  },
  {
    "EOL": false,
    "box": [
      146,
      1344,
      484,
      32
    ],
    "id": 331,
    "indented": true,
    "parent": 330,
    "text": "",
    "type": "LINE"
  },
  {
    "addresses": [
      {
        "street_name": "Ferme",
        "street_numbers": [
          "19"
        ]
      }
    ],
    "box": [
      146,
      1344,
      484,
      32
    ],
    "checked": true,
    "id": 330,
    "origin": "human",
    "parent": 262,
    "persons": [
      "Catrufo"
    ],
    "score": 1,
    "text_ocr": "##Catrufo##, ££lithographe££, @@Ferme@@, $$19$$.\n",
    "type": "ENTRY"
  },
  {
    "EOL": false,
    "box": [
      144,
      1362,
      624,
      48
    ],
    "id": 333,
    "indented": true,
    "parent": 332,
    "text": "",
    "type": "LINE"
  },
  {
    "addresses": [
      {
        "street_name": "Royale-St-Honoré",
        "street_numbers": [
          "8"
        ]
      }
    ],
    "box": [
      144,
      1362,
      624,
      48
    ],
    "checked": true,
    "id": 332,
    "origin": "human",
    "parent": 262,
    "persons": [
      "Catrufo"
    ],
    "score": 0.5,
    "text_ocr": "##Catrufo## µµ::LH::µµ, ££musicien££, @@Royale-St-Honoré@@, $$8$$.\n",
    "type": "ENTRY"
  },
  {
    "EOL": false,
    "box": [
      146,
      1410,
      816,
      38
    ],
    "id": 335,
    "indented": true,
    "parent": 334,
    "text": "",
    "type": "LINE"
  },
  {
    "EOL": false,
    "box": [
      162,
      1448,
      156,
      32
    ],
    "id": 336,
    "indented": false,
    "parent": 334,
    "text": "",
    "type": "LINE"
  },
  {
    "addresses": [
      {
        "street_name": "faub. St-\nDenis",
        "street_numbers": [
          "45"
        ]
      }
    ],
    "box": [
      146,
      1410,
      816,
      70
    ],
    "checked": true,
    "id": 334,
    "origin": "human",
    "parent": 262,
    "persons": [
      "Cattaert (Thes) ainé"
    ],
    "score": 1,
    "text_ocr": "##Cattaert (Thes) ainé##, ££f. bronzes et cristaux££, @@faub. St-\nDenis@@, $$45$$.\n",
    "type": "ENTRY"
  },
  {
    "EOL": false,
    "box": [
      144,
      1480,
      776,
      36
    ],
    "id": 338,
    "indented": true,
    "parent": 337,
    "text": "",
    "type": "LINE"
  },
  {
    "addresses": [
      {
        "street_name": "Fg-St-Denis",
        "street_numbers": [
          "25"
        ]
      }
    ],
    "box": [
      144,
      1480,
      776,
      36
    ],
    "checked": true,
    "id": 337,
    "origin": "human",
    "parent": 262,
    "persons": [
      "Cattaert frères"
    ],
    "score": 0.5,
    "text_ocr": "##Cattaert frères##, ££cristaux et bronzes££, @@Fg-St-Denis@@, $$25$$.\n",
    "type": "ENTRY"
  },
  {
    "EOL": false,
    "box": [
      146,
      1518,
      490,
      32
    ],
    "id": 340,
    "indented": true,
    "parent": 339,
    "text": "",
    "type": "LINE"
  },
  {
    "addresses": [
      {
        "street_name": "Cossonnerie",
        "street_numbers": [
          "22"
        ]
      }
    ],
    "box": [
      146,
      1518,
      490,
      32
    ],
    "checked": true,
    "id": 339,
    "origin": "human",
    "parent": 262,
    "persons": [
      "Catteau"
    ],
    "score": 1,
    "text_ocr": "##Catteau##, ££beurre££, @@Cossonnerie@@, $$22$$.\n",
    "type": "ENTRY"
  },
  {
    "EOL": false,
    "box": [
      138,
      1554,
      412,
      32
    ],
    "id": 342,
    "indented": true,
    "parent": 341,
    "text": "",
    "type": "LINE"
  },
  {
    "addresses": [
      {
        "street_name": "Eperon",
        "street_numbers": [
          "8"
        ]
      }
    ],
    "box": [
      138,
      1554,
      412,
      32
    ],
    "checked": true,
    "id": 341,
    "origin": "human",
    "parent": 262,
    "persons": [
      "Cattel"
    ],
    "score": 1,
    "text_ocr": "##Cattel##, ££médecin££, @@Eperon@@, $$8$$.\n",
    "type": "ENTRY"
  },
  {
    "EOL": false,
    "box": [
      144,
      1586,
      588,
      36
    ],
    "id": 344,
    "indented": true,
    "parent": 343,
    "text": "",
    "type": "LINE"
  },
  {
    "addresses": [
      {
        "street_name": "Coquillière",
        "street_numbers": [
          "31"
        ]
      }
    ],
    "box": [
      144,
      1586,
      588,
      36
    ],
    "checked": true,
    "id": 343,
    "origin": "human",
    "parent": 262,
    "persons": [
      "Cattier (J.-B.)"
    ],
    "score": 1,
    "text_ocr": "##Cattier (J.-B.)##, ££tailleur££, @@Coquillière@@, $$31$$.\n",
    "type": "ENTRY"
  },
  {
    "EOL": false,
    "box": [
      144,
      1624,
      480,
      34
    ],
    "id": 346,
    "indented": true,
    "parent": 345,
    "text": "",
    "type": "LINE"
  },
  {
    "addresses": [
      {
        "street_name": "Bretagne",
        "street_numbers": [
          "46"
        ]
      }
    ],
    "box": [
      144,
      1624,
      480,
      34
    ],
    "checked": true,
    "id": 345,
    "origin": "human",
    "parent": 262,
    "persons": [
      "Cattois"
    ],
    "score": 1,
    "text_ocr": "##Cattois##, ££pharmac.££, @@Bretagne@@, $$46$$.\n",
    "type": "ENTRY"
  },
  {
    "EOL": false,
    "box": [
      146,
      1658,
      574,
      34
    ],
    "id": 348,
    "indented": true,
    "parent": 347,
    "text": "",
    "type": "LINE"
  },
  {
    "addresses": [
      {
        "street_name": "Grenier-St-Lazare",
        "street_numbers": [
          "14"
        ]
      }
    ],
    "box": [
      146,
      1658,
      574,
      34
    ],
    "checked": true,
    "id": 347,
    "origin": "human",
    "parent": 262,
    "persons": [
      "Cattois"
    ],
    "score": 0.975,
    "text_ocr": "##Cattois##, ££serrur.££, @@Grenier-St-Lazare@@, $$14$$.\n",
    "type": "ENTRY"
  },
  {
    "EOL": false,
    "box": [
      146,
      1690,
      792,
      34
    ],
    "id": 350,
    "indented": true,
    "parent": 349,
    "text": "",
    "type": "LINE"
  },
  {
    "addresses": [
      {
        "street_name": "Pélerins",
        "street_numbers": [
          "6"
        ]
      }
    ],
    "box": [
      146,
      1690,
      792,
      34
    ],
    "checked": true,
    "id": 349,
    "origin": "human",
    "parent": 262,
    "persons": [
      "Cattreux, de La maison d'Ortho Cattreux"
    ],
    "score": 0.9375,
    "text_ocr": "##Cattreux, de La maison d'Ortho Cattreux##, @@Pélerins@@, $$6$$.\n",
    "type": "ENTRY"
  },
  {
    "EOL": false,
    "box": [
      146,
      1728,
      486,
      34
    ],
    "id": 352,
    "indented": true,
    "parent": 351,
    "text": "",
    "type": "LINE"
  },
  {
    "addresses": [
      {
        "street_name": "Harpe",
        "street_numbers": [
          "26"
        ]
      }
    ],
    "box": [
      146,
      1728,
      486,
      34
    ],
    "checked": true,
    "id": 351,
    "origin": "human",
    "parent": 262,
    "persons": [
      "Catu (Mad. J.)"
    ],
    "score": 1,
    "text_ocr": "##Catu (Mad. J.)##, µµprop.µµ, @@Harpe@@, $$26$$.\n",
    "type": "ENTRY"
  },
  {
    "EOL": false,
    "box": [
      146,
      1762,
      766,
      48
    ],
    "id": 354,
    "indented": true,
    "parent": 353,
    "text": "",
    "type": "LINE"
  },
  {
    "addresses": [
      {
        "street_name": "Grands-Augustins",
        "street_numbers": [
          "19"
        ]
      }
    ],
    "box": [
      146,
      1762,
      766,
      48
    ],
    "checked": true,
    "id": 353,
    "origin": "human",
    "parent": 262,
    "persons": [
      "Catu jeune"
    ],
    "score": 1,
    "text_ocr": "##Catu jeune##, ££fact. à la Vallée££, @@Grands-Augustins@@, $$19$$.\n\n",
    "type": "ENTRY"
  },
  {
    "EOL": false,
    "box": [
      144,
      1798,
      564,
      34
    ],
    "id": 356,
    "indented": true,
    "parent": 355,
    "text": "",
    "type": "LINE"
  },
  {
    "addresses": [
      {
        "street_name": "Meslay",
        "street_numbers": [
          "16"
        ]
      }
    ],
    "box": [
      144,
      1798,
      564,
      34
    ],
    "checked": true,
    "id": 355,
    "origin": "human",
    "parent": 262,
    "persons": [
      "Caubert Silvain"
    ],
    "score": 1,
    "text_ocr": "##Caubert Silvain## µµ::LH::, prop.µµ, @@Meslay@@, $$16$$.\n",
    "type": "ENTRY"
  },
  {
    "EOL": false,
    "box": [
      146,
      1834,
      404,
      32
    ],
    "id": 358,
    "indented": true,
    "parent": 357,
    "text": "",
    "type": "LINE"
  },
  {
    "addresses": [
      {
        "street_name": "Meslay",
        "street_numbers": [
          "9"
        ]
      }
    ],
    "box": [
      146,
      1834,
      404,
      32
    ],
    "checked": true,
    "id": 357,
    "origin": "human",
    "parent": 262,
    "persons": [
      "Caubert"
    ],
    "score": 1,
    "text_ocr": "##Caubert##, ££avocat££, @@Meslay@@, $$9$$.\n",
    "type": "ENTRY"
  },
  {
    "EOL": false,
    "box": [
      144,
      1868,
      442,
      34
    ],
    "id": 360,
    "indented": true,
    "parent": 359,
    "text": "",
    "type": "LINE"
  },
  {
    "addresses": [
      {
        "street_name": "Meslay",
        "street_numbers": [
          "9"
        ]
      }
    ],
    "box": [
      144,
      1868,
      442,
      34
    ],
    "checked": true,
    "id": 359,
    "origin": "human",
    "parent": 262,
    "persons": [
      "Caubert"
    ],
    "score": 1,
    "text_ocr": "##Caubert##, ££architecte££, @@Meslay@@, $$9$$.\n",
    "type": "ENTRY"
  },
  {
    "EOL": false,
    "box": [
      144,
      1904,
      472,
      32
    ],
    "id": 362,
    "indented": true,
    "parent": 361,
    "text": "",
    "type": "LINE"
  },
  {
    "addresses": [
      {
        "street_name": "M.-le-Prince",
        "street_numbers": [
          "18"
        ]
      }
    ],
    "box": [
      144,
      1904,
      472,
      32
    ],
    "checked": true,
    "id": 361,
    "origin": "human",
    "parent": 262,
    "persons": [
      "Cauche"
    ],
    "score": 0.5,
    "text_ocr": "##Cauche##, µµprop.µµ, @@M.-le-Prince@@, $$18$$.\n",
    "type": "ENTRY"
  },
  {
    "EOL": false,
    "box": [
      146,
      1940,
      458,
      30
    ],
    "id": 364,
    "indented": true,
    "parent": 363,
    "text": "",
    "type": "LINE"
  },
  {
    "addresses": [
      {
        "street_name": "St-Martin",
        "street_numbers": [
          "163"
        ]
      }
    ],
    "box": [
      146,
      1940,
      458,
      30
    ],
    "checked": true,
    "id": 363,
    "origin": "human",
    "parent": 262,
    "persons": [
      "Cauche"
    ],
    "score": 1,
    "text_ocr": "##Cauche##, ££optic.££, @@St-Martin@@, $$163$$.\n",
    "type": "ENTRY"
  },
  {
    "EOL": false,
    "box": [
      144,
      1972,
      624,
      32
    ],
    "id": 366,
    "indented": true,
    "parent": 365,
    "text": "",
    "type": "LINE"
  },
  {
    "addresses": [
      {
        "street_name": "Ancienne-Comédie",
        "street_numbers": [
          "3"
        ]
      }
    ],
    "box": [
      144,
      1972,
      624,
      32
    ],
    "checked": true,
    "id": 365,
    "origin": "human",
    "parent": 262,
    "persons": [
      "Cauchemez"
    ],
    "score": 1,
    "text_ocr": "##Cauchemez##, ££épicier££, @@Ancienne-Comédie@@, $$3$$.\n",
    "type": "ENTRY"
  },
  {
    "EOL": false,
    "box": [
      144,
      1992,
      802,
      50
    ],
    "id": 368,
    "indented": true,
    "parent": 367,
    "text": "",
    "type": "LINE"
  },
  {
    "addresses": [
      {
        "street_name": "Grésillons",
        "street_numbers": [
          "22 bis"
        ]
      }
    ],
    "box": [
      144,
      1992,
      802,
      50
    ],
    "checked": true,
    "id": 367,
    "origin": "human",
    "parent": 262,
    "persons": [
      "Cauchetier jeune"
    ],
    "score": 0.5,
    "text_ocr": "##Cauchetier jeune##, ££prod. chimiques££, @@Grésillons@@, $$22 bis$$.\n",
    "type": "ENTRY"
  },
  {
    "EOL": false,
    "box": [
      144,
      2044,
      522,
      32
    ],
    "id": 370,
    "indented": true,
    "parent": 369,
    "text": "",
    "type": "LINE"
  },
  {
    "addresses": [
      {
        "street_name": "St-Bon",
        "street_numbers": [
          "4"
        ]
      }
    ],
    "box": [
      144,
      2044,
      522,
      32
    ],
    "checked": true,
    "id": 369,
    "origin": "human",
    "parent": 262,
    "persons": [
      "Cauchetier"
    ],
    "score": 1,
    "text_ocr": "##Cauchetier##, ££prod. chim.££, @@St-Bon@@, $$4$$.\n",
    "type": "ENTRY"
  },
  {
    "EOL": false,
    "box": [
      144,
      2078,
      504,
      32
    ],
    "id": 372,
    "indented": true,
    "parent": 371,
    "text": "",
    "type": "LINE"
  },
  {
    "addresses": [
      {
        "street_name": "Viarmes",
        "street_numbers": [
          "12"
        ]
      }
    ],
    "box": [
      144,
      2078,
      504,
      32
    ],
    "checked": true,
    "id": 371,
    "origin": "human",
    "parent": 262,
    "persons": [
      "Cauchie"
    ],
    "score": 1,
    "text_ocr": "##Cauchie##, ££limonadier££, @@Viarmes@@, $$12$$.\n",
    "type": "ENTRY"
  },
  {
    "EOL": false,
    "box": [
      144,
      2114,
      546,
      34
    ],
    "id": 374,
    "indented": true,
    "parent": 373,
    "text": "",
    "type": "LINE"
  },
  {
    "addresses": [
      {
        "street_name": "Fg-St-Antoine",
        "street_numbers": [
          "264"
        ]
      }
    ],
    "box": [
      144,
      2114,
      546,
      34
    ],
    "checked": true,
    "id": 373,
    "origin": "human",
    "parent": 262,
    "persons": [
      "Cauchois"
    ],
    "score": 0.5,
    "text_ocr": "##Cauchois##, µµprop.µµ, @@Fg-St-Antoine@@, $$264$$.\n",
    "type": "ENTRY"
  },
  {
    "EOL": false,
    "box": [
      142,
      2148,
      498,
      34
    ],
    "id": 376,
    "indented": true,
    "parent": 375,
    "text": "",
    "type": "LINE"
  },
  {
    "addresses": [
      {
        "street_name": "St-Antoine",
        "street_numbers": [
          "183"
        ]
      }
    ],
    "box": [
      142,
      2148,
      498,
      34
    ],
    "checked": true,
    "id": 375,
    "origin": "human",
    "parent": 262,
    "persons": [
      "Cauchois"
    ],
    "score": 1,
    "text_ocr": "##Cauchois##, µµprop.µµ, @@St-Antoine@@, $$183$$.\n",
    "type": "ENTRY"
  },
  {
    "EOL": false,
    "box": [
      142,
      2184,
      374,
      32
    ],
    "id": 378,
    "indented": true,
    "parent": 377,
    "text": "",
    "type": "LINE"
  },
  {
    "addresses": [],
    "box": [
      142,
      2184,
      374,
      32
    ],
    "checked": true,
    "id": 377,
    "origin": "human",
    "parent": 262,
    "persons": [
      "Cauchois"
    ],
    "score": 0,
    "street": "",
    "street_number": "",
    "text_ocr": "##Cauchois##, ££avocat££, ibidem.\n",
    "type": "ENTRY"
  },
  {
    "EOL": false,
    "box": [
      140,
      2216,
      754,
      38
    ],
    "id": 380,
    "indented": true,
    "parent": 379,
    "text": "",
    "type": "LINE"
  },
  {
    "addresses": [
      {
        "street_name": "Montholon",
        "street_numbers": [
          "12"
        ]
      }
    ],
    "box": [
      140,
      2216,
      754,
      38
    ],
    "checked": true,
    "id": 379,
    "origin": "human",
    "parent": 262,
    "persons": [
      "Cauchois-Lemaire"
    ],
    "score": 1,
    "text_ocr": "##Cauchois-Lemaire## µµ::CJ::µµ ££h. de lettres££, @@Montholon@@, $$12$$.\n",
    "type": "ENTRY"
  },
  {
    "EOL": false,
    "box": [
      142,
      2254,
      422,
      34
    ],
    "id": 382,
    "indented": true,
    "parent": 381,
    "text": "",
    "type": "LINE"
  },
  {
    "addresses": [
      {
        "street_name": "Bac",
        "street_numbers": [
          "1"
        ]
      }
    ],
    "box": [
      142,
      2254,
      422,
      34
    ],
    "checked": true,
    "id": 381,
    "origin": "human",
    "parent": 262,
    "persons": [
      "Cauchoix"
    ],
    "score": 1,
    "text_ocr": "##Cauchoix## µµ::LH::µµ, ££optic.££, @@Bac@@, $$1$$.\n",
    "type": "ENTRY"
  },
  {
    "EOL": false,
    "box": [
      142,
      2290,
      660,
      32
    ],
    "id": 384,
    "indented": true,
    "parent": 383,
    "text": "",
    "type": "LINE"
  },
  {
    "addresses": [
      {
        "street_name": "au Luxembourg",
        "street_numbers": []
      }
    ],
    "box": [
      142,
      2290,
      660,
      32
    ],
    "checked": true,
    "id": 383,
    "origin": "human",
    "parent": 262,
    "persons": [
      "Cauchy père (chev.)"
    ],
    "score": 0,
    "street_number": "",
    "text_ocr": "##Cauchy père (chev.)## µµO. ::LH::µµ @@au Luxembourg@@.\n",
    "type": "ENTRY"
  },
  {
    "EOL": false,
    "box": [
      142,
      2324,
      686,
      34
    ],
    "id": 386,
    "indented": true,
    "parent": 385,
    "text": "",
    "type": "LINE"
  },
  {
    "addresses": [
      {
        "street_name": "Tournon",
        "street_numbers": [
          "12"
        ]
      }
    ],
    "box": [
      142,
      2324,
      686,
      34
    ],
    "checked": true,
    "id": 385,
    "origin": "human",
    "parent": 262,
    "persons": [
      "Cauchy fils"
    ],
    "score": 0.9285714285714286,
    "text_ocr": "##Cauchy fils## µµ::LH::µµ, ££cons. Cour roy.££, @@Tournon@@, $$12$$.\n",
    "type": "ENTRY"
  },
  {
    "EOL": false,
    "box": [
      140,
      2356,
      822,
      38
    ],
    "id": 388,
    "indented": true,
    "parent": 387,
    "text": "",
    "type": "LINE"
  },
  {
    "EOL": false,
    "box": [
      156,
      2396,
      232,
      30
    ],
    "id": 389,
    "indented": false,
    "parent": 387,
    "text": "",
    "type": "LINE"
  },
  {
    "addresses": [
      {
        "street_name": "au Luxembourg",
        "street_numbers": []
      }
    ],
    "box": [
      140,
      2356,
      822,
      70
    ],
    "checked": true,
    "id": 387,
    "origin": "human",
    "parent": 262,
    "persons": [
      "Cauchy (Eugène)"
    ],
    "score": 0.15,
    "street_number": "",
    "text_ocr": "##Cauchy (Eugène)## µµ::LH::µµ, ££garde des registres Ch. des Pairs££,\n@@au Luxembourg@@.\n",
    "type": "ENTRY"
  },
  {
    "EOL": false,
    "box": [
      138,
      2430,
      548,
      34
    ],
    "id": 391,
    "indented": true,
    "parent": 390,
    "text": "",
    "type": "LINE"
  },
  {
    "addresses": [
      {
        "street_name": "Serpente",
        "street_numbers": [
          "7"
        ]
      }
    ],
    "box": [
      138,
      2430,
      548,
      34
    ],
    "checked": true,
    "id": 390,
    "origin": "human",
    "parent": 262,
    "persons": [
      "Cauchy"
    ],
    "score": 1,
    "text_ocr": "##Cauchy## µµ::LH::µµ, ££de l’Institut££, @@Serpente@@, $$7$$.\n",
    "type": "ENTRY"
  },
  {
    "EOL": false,
    "box": [
      140,
      2464,
      486,
      34
    ],
    "id": 393,
    "indented": true,
    "parent": 392,
    "text": "",
    "type": "LINE"
  },
  {
    "addresses": [
      {
        "street_name": "Montholon",
        "street_numbers": [
          "24"
        ]
      }
    ],
    "box": [
      140,
      2464,
      486,
      34
    ],
    "checked": true,
    "id": 392,
    "origin": "human",
    "parent": 262,
    "persons": [
      "Cauchy"
    ],
    "score": 1,
    "text_ocr": "##Cauchy##, ££boucher££, @@Montholon@@, $$24$$.\n",
    "type": "ENTRY"
  },
  {
    "EOL": false,
    "box": [
      140,
      2500,
      572,
      34
    ],
    "id": 395,
    "indented": true,
    "parent": 394,
    "text": "",
    "type": "LINE"
  },
  {
    "addresses": [
      {
        "street_name": "Provence",
        "street_numbers": [
          "54"
        ]
      }
    ],
    "box": [
      140,
      2500,
      572,
      34
    ],
    "checked": true,
    "id": 394,
    "origin": "human",
    "parent": 262,
    "persons": [
      "Caudecoste (de)"
    ],
    "score": 1,
    "text_ocr": "##Caudecoste (de)##, ££avocat££, @@Provence@@, $$54$$.\n",
    "type": "ENTRY"
  },
  {
    "EOL": false,
    "box": [
      140,
      2534,
      822,
      64
    ],
    "id": 397,
    "indented": true,
    "parent": 396,
    "text": "",
    "type": "LINE"
  },
  {
    "EOL": false,
    "box": [
      158,
      2570,
      218,
      30
    ],
    "id": 398,
    "indented": false,
    "parent": 396,
    "text": "",
    "type": "LINE"
  },
  {
    "addresses": [
      {
        "street_name": "faub. St-Jacques",
        "street_numbers": [
          "59"
        ]
      }
    ],
    "box": [
      140,
      2534,
      822,
      66
    ],
    "checked": true,
    "id": 396,
    "origin": "human",
    "parent": 262,
    "persons": [
      "Caudran"
    ],
    "score": 1,
    "text_ocr": "##Caudran##, ££charpentier££, @@faub. St-Jacques@@, $$59$$, et @@boulev.\nSt-Jacques@@, $$10$$.\n",
    "type": "ENTRY"
  },
  {
    "EOL": false,
    "box": [
      138,
      2602,
      448,
      34
    ],
    "id": 400,
    "indented": true,
    "parent": 399,
    "text": "",
    "type": "LINE"
  },
  {
    "addresses": [
      {
        "street_name": "Fidélité",
        "street_numbers": [
          "9"
        ]
      }
    ],
    "box": [
      138,
      2602,
      448,
      34
    ],
    "checked": true,
    "id": 399,
    "origin": "human",
    "parent": 262,
    "persons": [
      "Caudriller"
    ],
    "score": 1,
    "text_ocr": "##Caudriller##, ££épicier££, @@Fidélité@@, $$9$$.\n",
    "type": "ENTRY"
  },
  {
    "EOL": false,
    "box": [
      138,
      2638,
      722,
      34
    ],
    "id": 402,
    "indented": true,
    "parent": 401,
    "text": "",
    "type": "LINE"
  },
  {
    "addresses": [
      {
        "street_name": "pass. Beaufort",
        "street_numbers": []
      }
    ],
    "box": [
      138,
      2638,
      722,
      34
    ],
    "checked": true,
    "id": 401,
    "origin": "human",
    "parent": 262,
    "persons": [
      "Caudrillier et Chachoin"
    ],
    "score": 0.375,
    "street_number": "",
    "text_ocr": "##Caudrillier et Chachoin##, ££f. bijoux££, @@pass. Beaufort@@.\n",
    "type": "ENTRY"
  },
  {
    "EOL": false,
    "box": [
      138,
      2674,
      556,
      36
    ],
    "id": 404,
    "indented": true,
    "parent": 403,
    "text": "",
    "type": "LINE"
  },
  {
    "addresses": [
      {
        "street_name": "Fg-St Denis",
        "street_numbers": [
          "154"
        ]
      }
    ],
    "box": [
      138,
      2674,
      556,
      36
    ],
    "checked": true,
    "id": 403,
    "origin": "human",
    "parent": 262,
    "persons": [
      "Caudron"
    ],
    "score": 0.5,
    "text_ocr": "##Caudron##, ££statuaire££, @@Fg-St Denis@@, $$154$$.\n",
    "type": "ENTRY"
  },
  {
    "EOL": false,
    "box": [
      138,
      2710,
      796,
      34
    ],
    "id": 406,
    "indented": true,
    "parent": 405,
    "text": "",
    "type": "LINE"
  },
  {
    "addresses": [
      {
        "street_name": "St-Honoré",
        "street_numbers": [
          "290 bis"
        ]
      }
    ],
    "box": [
      138,
      2710,
      796,
      34
    ],
    "checked": true,
    "id": 405,
    "origin": "human",
    "parent": 262,
    "persons": [
      "Caudron Antheaume"
    ],
    "score": 1,
    "text_ocr": "##Caudron Antheaume##, ££nouveautés££, @@St-Honoré@@; $$290 bis$$.\n",
    "type": "ENTRY"
  },
  {
    "EOL": false,
    "box": [
      136,
      2744,
      538,
      32
    ],
    "id": 408,
    "indented": true,
    "parent": 407,
    "text": "",
    "type": "LINE"
  },
  {
    "addresses": [
      {
        "street_name": "Hautefeuille",
        "street_numbers": [
          "10"
        ]
      }
    ],
    "box": [
      136,
      2744,
      538,
      32
    ],
    "checked": true,
    "id": 407,
    "origin": "human",
    "parent": 262,
    "persons": [
      "Cauet père"
    ],
    "score": 1,
    "text_ocr": "##Cauet père##, ££huiss.££, @@Hautefeuille@@, $$10$$.\n",
    "type": "ENTRY"
  },
  {
    "EOL": false,
    "box": [
      138,
      2780,
      588,
      32
    ],
    "id": 410,
    "indented": true,
    "parent": 409,
    "text": "",
    "type": "LINE"
  },
  {
    "addresses": [
      {
        "street_name": "St-André-des-Arcs",
        "street_numbers": [
          "48"
        ]
      }
    ],
    "box": [
      138,
      2780,
      588,
      32
    ],
    "checked": true,
    "id": 409,
    "origin": "human",
    "parent": 262,
    "persons": [
      "Cauet fils"
    ],
    "score": 0.975,
    "text_ocr": "##Cauet fils##, ££huiss.££, @@St-André-des-Arcs@@, $$48$$.\n",
    "type": "ENTRY"
  },
  {
    "box": [
      136,
      144,
      826,
      2668
    ],
    "id": 262,
    "parent": 261,
    "type": "COLUMN_LEVEL_2"
  },
  {
    "box": [
      136,
      144,
      826,
      2668
    ],
    "id": 261,
    "parent": 260,
    "type": "SECTION_LEVEL_2"
  },
  {
    "box": [
      136,
      144,
      826,
      2668
    ],
    "id": 260,
    "parent": 259,
    "type": "COLUMN_LEVEL_1"
  },
  {
    "addresses": [
      {
        "street_name": "St-André-des-Arcs",
        "street_numbers": [
          "48"
        ]
      }
    ],
    "box": [
      988,
      146,
      628,
      34
    ],
    "checked": true,
    "id": 560,
    "origin": "human",
    "parent": 413,
    "persons": [
      "Cauet ainé"
    ],
    "text_ocr": "##Cauet ainé##, ££avocat££, @@St-André-des-Arcs@@, $$48$$.",
    "type": "ENTRY"
  },
  {
    "EOL": false,
    "box": [
      988,
      146,
      628,
      34
    ],
    "id": 415,
    "indented": false,
    "parent": 560,
    "text": "",
    "type": "LINE"
  },
  {
    "addresses": [
      {
        "street_name": "Cossonnerie",
        "street_numbers": [
          "19"
        ]
      }
    ],
    "box": [
      988,
      182,
      478,
      32
    ],
    "checked": true,
    "id": 561,
    "origin": "human",
    "parent": 413,
    "persons": [
      "Cauët"
    ],
    "text_ocr": "##Cauët##, ££menuis.££, @@Cossonnerie@@, $$19$$.",
    "type": "ENTRY"
  },
  {
    "EOL": false,
    "box": [
      988,
      182,
      478,
      32
    ],
    "id": 417,
    "indented": true,
    "parent": 561,
    "text": "",
    "type": "LINE"
  },
  {
    "addresses": [
      {
        "street_name": "Charenton",
        "street_numbers": [
          "60"
        ]
      }
    ],
    "box": [
      990,
      216,
      488,
      32
    ],
    "checked": true,
    "id": 562,
    "origin": "human",
    "parent": 413,
    "persons": [
      "Caujole"
    ],
    "text_ocr": "##Caujole##, ££médecin££, @@Charenton@@, $$60$$.",
    "type": "ENTRY"
  },
  {
    "EOL": false,
    "box": [
      990,
      216,
      488,
      32
    ],
    "id": 419,
    "indented": true,
    "parent": 562,
    "text": "",
    "type": "LINE"
  },
  {
    "addresses": [
      {
        "street_name": "Verte",
        "street_numbers": [
          "30"
        ]
      }
    ],
    "box": [
      990,
      252,
      362,
      32
    ],
    "checked": true,
    "id": 563,
    "origin": "human",
    "parent": 413,
    "persons": [
      "Caulet"
    ],
    "text_ocr": "##Caulet##, ££bains££, @@Verte@@, $$30$$.",
    "type": "ENTRY"
  },
  {
    "EOL": false,
    "box": [
      990,
      252,
      362,
      32
    ],
    "id": 421,
    "indented": true,
    "parent": 563,
    "text": "",
    "type": "LINE"
  },
  {
    "addresses": [
      {
        "street_name": "St-Honoré",
        "street_numbers": [
          "124"
        ]
      }
    ],
    "box": [
      990,
      286,
      492,
      32
    ],
    "checked": true,
    "id": 564,
    "origin": "human",
    "parent": 413,
    "persons": [
      "Caulier"
    ],
    "text_ocr": "##Caulier##, ££chapel.££, @@St-Honoré@@, $$124$$",
    "type": "ENTRY"
  },
  {
    "EOL": false,
    "box": [
      990,
      286,
      492,
      32
    ],
    "id": 423,
    "indented": true,
    "parent": 564,
    "text": "",
    "type": "LINE"
  },
  {
    "addresses": [
      {
        "street_name": "St-Guillaume",
        "street_numbers": [
          "24"
        ]
      }
    ],
    "box": [
      990,
      322,
      580,
      34
    ],
    "checked": true,
    "id": 565,
    "origin": "human",
    "parent": 413,
    "persons": [
      "Caulincourt (Csse de)"
    ],
    "text_ocr": "##Caulincourt (Csse de)##, @@St-Guillaume@@, $$24$$.",
    "type": "ENTRY"
  },
  {
    "EOL": false,
    "box": [
      990,
      322,
      580,
      34
    ],
    "id": 425,
    "indented": true,
    "parent": 565,
    "text": "",
    "type": "LINE"
  },
  {
    "addresses": [],
    "box": [
      990,
      144,
      828,
      276
    ],
    "checked": true,
    "id": 566,
    "origin": "human",
    "parent": 413,
    "persons": [
      "Caulle et co"
    ],
    "street": "",
    "street_number": "",
    "text_ocr": "##Caulle et co##., ££f. chicorée££, Voyez Jules Regnier, son successeur.\n",
    "type": "ENTRY"
  },
  {
    "EOL": false,
    "box": [
      990,
      144,
      828,
      250
    ],
    "id": 427,
    "indented": true,
    "parent": 566,
    "text": "",
    "type": "LINE"
  },
  {
    "EOL": false,
    "box": [
      1010,
      400,
      118,
      20
    ],
    "id": 428,
    "indented": false,
    "parent": 566,
    "text": "",
    "type": "LINE"
  },
  {
    "EOL": false,
    "box": [
      992,
      426,
      664,
      38
    ],
    "id": 430,
    "indented": true,
    "parent": 429,
    "text": "",
    "type": "LINE"
  },
  {
    "addresses": [
      {
        "street_name": "Echiquier",
        "street_numbers": [
          "26"
        ]
      }
    ],
    "box": [
      992,
      426,
      664,
      38
    ],
    "checked": true,
    "id": 429,
    "origin": "human",
    "parent": 413,
    "persons": [
      "Caulle (P.)"
    ],
    "score": 1,
    "text_ocr": "##Caulle (P.)##, ££commissionnaire££, @@Echiquier@@, $$26$$.\n",
    "type": "ENTRY"
  },
  {
    "EOL": false,
    "box": [
      992,
      462,
      562,
      34
    ],
    "id": 432,
    "indented": true,
    "parent": 431,
    "text": "",
    "type": "LINE"
  },
  {
    "addresses": [
      {
        "street_name": "Paradis-Poissonnière",
        "street_numbers": [
          "48"
        ]
      }
    ],
    "box": [
      992,
      462,
      562,
      34
    ],
    "checked": true,
    "id": 431,
    "origin": "human",
    "parent": 413,
    "persons": [
      "Caumartin"
    ],
    "score": 0.5,
    "text_ocr": "##Caumartin##, @@Paradis-Poissonnière@@, $$48$$.\n",
    "type": "ENTRY"
  },
  {
    "EOL": false,
    "box": [
      992,
      498,
      540,
      36
    ],
    "id": 434,
    "indented": true,
    "parent": 433,
    "text": "",
    "type": "LINE"
  },
  {
    "addresses": [
      {
        "street_name": "Bourgogne",
        "street_numbers": [
          "38"
        ]
      }
    ],
    "box": [
      992,
      498,
      540,
      36
    ],
    "checked": true,
    "id": 433,
    "origin": "human",
    "parent": 413,
    "persons": [
      "Caumont (Cte de)"
    ],
    "score": 1,
    "text_ocr": "##Caumont (Cte de)## µµ::LH::µµ, @@Bourgogne@@, $$38$$.\n",
    "type": "ENTRY"
  },
  {
    "EOL": false,
    "box": [
      992,
      510,
      804,
      60
    ],
    "id": 436,
    "indented": true,
    "parent": 435,
    "text": "",
    "type": "LINE"
  },
  {
    "addresses": [
      {
        "street_name": "Grenelle-St-G.",
        "street_numbers": [
          "105"
        ]
      }
    ],
    "box": [
      992,
      510,
      804,
      60
    ],
    "checked": true,
    "id": 435,
    "origin": "human",
    "parent": 413,
    "persons": [
      "Caumont-Laforce (Cte de)"
    ],
    "score": 0.5,
    "text_ocr": "##Caumont-Laforce (Cte de)## µµO. ::LH::µµ , @@Grenelle-St-G.@@, $$105$$.\n",
    "type": "ENTRY"
  },
  {
    "EOL": false,
    "box": [
      992,
      568,
      640,
      36
    ],
    "id": 438,
    "indented": true,
    "parent": 437,
    "text": "",
    "type": "LINE"
  },
  {
    "addresses": [
      {
        "street_name": "Jardin-du-Roi",
        "street_numbers": [
          "6"
        ]
      }
    ],
    "box": [
      992,
      568,
      640,
      36
    ],
    "checked": true,
    "id": 437,
    "origin": "human",
    "parent": 413,
    "persons": [
      "Caumont (Ve)"
    ],
    "score": 0.8333333333333334,
    "text_ocr": "##Caumont (Ve)##, ££serrurier££, @@Jardin-du-Roi@@, $$6$$.\n",
    "type": "ENTRY"
  },
  {
    "EOL": false,
    "box": [
      992,
      604,
      824,
      32
    ],
    "id": 440,
    "indented": true,
    "parent": 439,
    "text": "",
    "type": "LINE"
  },
  {
    "addresses": [
      {
        "street_name": "Enfer, au Château-d’Eau",
        "street_numbers": []
      }
    ],
    "box": [
      992,
      604,
      824,
      32
    ],
    "checked": true,
    "id": 439,
    "origin": "human",
    "parent": 413,
    "persons": [
      "Caunes"
    ],
    "score": 0.5,
    "street_number": "",
    "text_ocr": "##Caunes##, ££inspecteur des eaux££, @@Enfer, au Château-d’Eau@@.\n",
    "type": "ENTRY"
  },
  {
    "EOL": false,
    "box": [
      992,
      640,
      572,
      34
    ],
    "id": 442,
    "indented": true,
    "parent": 441,
    "text": "",
    "type": "LINE"
  },
  {
    "addresses": [
      {
        "street_name": "Four-St-Germ",
        "street_numbers": [
          "37"
        ]
      }
    ],
    "box": [
      992,
      640,
      572,
      34
    ],
    "checked": true,
    "id": 441,
    "origin": "human",
    "parent": 413,
    "persons": [
      "Caunois"
    ],
    "score": 0.5,
    "text_ocr": "##Caunois##, ££statuaire££, @@Four-St-Germ@@., $$37$$.\n",
    "type": "ENTRY"
  },
  {
    "EOL": false,
    "box": [
      992,
      674,
      442,
      32
    ],
    "id": 444,
    "indented": true,
    "parent": 443,
    "text": "",
    "type": "LINE"
  },
  {
    "addresses": [
      {
        "street_name": "Savoie",
        "street_numbers": [
          "15"
        ]
      }
    ],
    "box": [
      992,
      674,
      442,
      32
    ],
    "checked": true,
    "id": 443,
    "origin": "human",
    "parent": 413,
    "persons": [
      "Causette"
    ],
    "score": 1,
    "text_ocr": "##Causette##, ££libraire££, @@Savoie@@, $$15$$.\n",
    "type": "ENTRY"
  },
  {
    "EOL": false,
    "box": [
      994,
      710,
      712,
      34
    ],
    "id": 446,
    "indented": true,
    "parent": 445,
    "text": "",
    "type": "LINE"
  },
  {
    "addresses": [
      {
        "street_name": "N.-D.-de-Bonne-Nouvelle",
        "street_numbers": [
          "9"
        ]
      }
    ],
    "box": [
      994,
      710,
      712,
      34
    ],
    "checked": true,
    "id": 445,
    "origin": "human",
    "parent": 413,
    "persons": [
      "Causse (P.)"
    ],
    "score": 0.5,
    "text_ocr": "##Causse (P.)##, µµprop.µµ, @@N.-D.-de-Bonne-Nouvelle@@, $$9$$.\n",
    "type": "ENTRY"
  },
  {
    "EOL": false,
    "box": [
      992,
      744,
      508,
      32
    ],
    "id": 448,
    "indented": true,
    "parent": 447,
    "text": "",
    "type": "LINE"
  },
  {
    "addresses": [
      {
        "street_name": "St Denis",
        "street_numbers": [
          "307"
        ]
      }
    ],
    "box": [
      992,
      744,
      508,
      32
    ],
    "checked": true,
    "id": 447,
    "origin": "human",
    "parent": 413,
    "persons": [
      "Caussin"
    ],
    "score": 0.5,
    "text_ocr": "##Caussin##, ££cartonnier££, @@St Denis@@, $$307$$.\n",
    "type": "ENTRY"
  },
  {
    "EOL": false,
    "box": [
      992,
      778,
      514,
      34
    ],
    "id": 450,
    "indented": true,
    "parent": 449,
    "text": "",
    "type": "LINE"
  },
  {
    "addresses": [
      {
        "street_name": "Barillerie",
        "street_numbers": [
          "16"
        ]
      }
    ],
    "box": [
      992,
      778,
      514,
      34
    ],
    "checked": true,
    "id": 449,
    "origin": "human",
    "parent": 413,
    "persons": [
      "Caussin"
    ],
    "score": 0.5,
    "text_ocr": "##Caussin##, ££ferblantier££, @@Barillerie@@, $$16$$.\n",
    "type": "ENTRY"
  },
  {
    "EOL": false,
    "box": [
      992,
      814,
      462,
      36
    ],
    "id": 452,
    "indented": true,
    "parent": 451,
    "text": "",
    "type": "LINE"
  },
  {
    "addresses": [
      {
        "street_name": "Meslay",
        "street_numbers": [
          "67"
        ]
      }
    ],
    "box": [
      992,
      814,
      462,
      36
    ],
    "checked": true,
    "id": 451,
    "origin": "human",
    "parent": 413,
    "persons": [
      "Caussin"
    ],
    "score": 1,
    "text_ocr": "##Caussin##, ££tonnelier££, @@Meslay@@, $$67$$.\n",
    "type": "ENTRY"
  },
  {
    "EOL": false,
    "box": [
      992,
      848,
      714,
      36
    ],
    "id": 454,
    "indented": true,
    "parent": 453,
    "text": "",
    "type": "LINE"
  },
  {
    "addresses": [
      {
        "street_name": "Hautefeuille",
        "street_numbers": [
          "13"
        ]
      }
    ],
    "box": [
      992,
      848,
      714,
      36
    ],
    "checked": true,
    "id": 453,
    "origin": "human",
    "parent": 413,
    "persons": [
      "Caussin de Perceval"
    ],
    "score": 1,
    "text_ocr": "##Caussin de Perceval##, ££oriental.££, @@Hautefeuille@@, $$13$$.\n",
    "type": "ENTRY"
  },
  {
    "EOL": false,
    "box": [
      992,
      884,
      476,
      34
    ],
    "id": 456,
    "indented": true,
    "parent": 455,
    "text": "",
    "type": "LINE"
  },
  {
    "addresses": [
      {
        "street_name": "Temple",
        "street_numbers": [
          "48"
        ]
      }
    ],
    "box": [
      992,
      884,
      476,
      34
    ],
    "checked": true,
    "id": 455,
    "origin": "human",
    "parent": 413,
    "persons": [
      "Caussin Yvon"
    ],
    "score": 1,
    "text_ocr": "##Caussin Yvon##, ££vins££, @@Temple@@, $$48$$.\n",
    "type": "ENTRY"
  },
  {
    "EOL": false,
    "box": [
      994,
      920,
      686,
      34
    ],
    "id": 458,
    "indented": true,
    "parent": 457,
    "text": "",
    "type": "LINE"
  },
  {
    "addresses": [
      {
        "street_name": "N.-D -des-Victoires",
        "street_numbers": [
          "36"
        ]
      }
    ],
    "box": [
      994,
      920,
      686,
      34
    ],
    "checked": true,
    "id": 457,
    "origin": "human",
    "parent": 413,
    "persons": [
      "Caustier"
    ],
    "score": 0.5,
    "text_ocr": "##Caustier##, ££hôtel garni££, @@N.-D -des-Victoires@@, $$36$$.\n",
    "type": "ENTRY"
  },
  {
    "EOL": false,
    "box": [
      994,
      956,
      438,
      32
    ],
    "id": 460,
    "indented": true,
    "parent": 459,
    "text": "",
    "type": "LINE"
  },
  {
    "addresses": [
      {
        "street_name": "Richer",
        "street_numbers": [
          "23"
        ]
      }
    ],
    "box": [
      994,
      956,
      438,
      32
    ],
    "checked": true,
    "id": 459,
    "origin": "human",
    "parent": 413,
    "persons": [
      "Caut"
    ],
    "score": 1,
    "text_ocr": "##Caut##, ££architecte££, @@Richer@@, $$23$$.\n",
    "type": "ENTRY"
  },
  {
    "EOL": false,
    "box": [
      994,
      990,
      658,
      32
    ],
    "id": 462,
    "indented": true,
    "parent": 461,
    "text": "",
    "type": "LINE"
  },
  {
    "addresses": [
      {
        "street_name": "Arbre-Sec",
        "street_numbers": [
          "48"
        ]
      }
    ],
    "box": [
      994,
      990,
      658,
      32
    ],
    "checked": true,
    "id": 461,
    "origin": "human",
    "parent": 413,
    "persons": [
      "Cauthion"
    ],
    "score": 1,
    "text_ocr": "##Cauthion##, ££avoué 1re instance££, @@Arbre-Sec@@, $$48$$.\n",
    "type": "ENTRY"
  },
  {
    "EOL": false,
    "box": [
      994,
      1024,
      596,
      34
    ],
    "id": 464,
    "indented": true,
    "parent": 463,
    "text": "",
    "type": "LINE"
  },
  {
    "addresses": [
      {
        "street_name": "Lions-St-Paul",
        "street_numbers": [
          "12"
        ]
      }
    ],
    "box": [
      994,
      1024,
      596,
      34
    ],
    "checked": true,
    "id": 463,
    "origin": "human",
    "parent": 413,
    "persons": [
      "Cautin"
    ],
    "score": 1,
    "text_ocr": "##Cautin##, ££bois à brûler££, @@Lions-St-Paul@@, $$12$$.\n",
    "type": "ENTRY"
  },
  {
    "EOL": false,
    "box": [
      994,
      1062,
      654,
      32
    ],
    "id": 466,
    "indented": true,
    "parent": 465,
    "text": "",
    "type": "LINE"
  },
  {
    "addresses": [
      {
        "street_name": "Geoffroy-l'Asnier",
        "street_numbers": [
          "40"
        ]
      }
    ],
    "box": [
      994,
      1062,
      654,
      32
    ],
    "checked": true,
    "id": 465,
    "origin": "human",
    "parent": 413,
    "persons": [
      "Cautte"
    ],
    "score": 1,
    "text_ocr": "##Cautte##, ££chaudronnier££, @@Geoffroy-l'Asnier@@, $$40$$.\n",
    "type": "ENTRY"
  },
  {
    "EOL": false,
    "box": [
      994,
      1096,
      768,
      32
    ],
    "id": 468,
    "indented": true,
    "parent": 467,
    "text": "",
    "type": "LINE"
  },
  {
    "addresses": [
      {
        "street_name": "Boucheries St-Germain",
        "street_numbers": [
          "60"
        ]
      }
    ],
    "box": [
      994,
      1096,
      768,
      32
    ],
    "checked": true,
    "id": 467,
    "origin": "human",
    "parent": 413,
    "persons": [
      "Cauvain fils"
    ],
    "score": 0.5,
    "text_ocr": "##Cauvain fils##, ££boulanger££, @@Boucheries St-Germain@@, $$60$$.\n",
    "type": "ENTRY"
  },
  {
    "EOL": false,
    "box": [
      994,
      1130,
      514,
      34
    ],
    "id": 470,
    "indented": true,
    "parent": 469,
    "text": "",
    "type": "LINE"
  },
  {
    "addresses": [
      {
        "street_name": "St-Denis",
        "street_numbers": [
          "211"
        ]
      }
    ],
    "box": [
      994,
      1130,
      514,
      34
    ],
    "checked": true,
    "id": 469,
    "origin": "human",
    "parent": 413,
    "persons": [
      "Cauvard"
    ],
    "score": 1,
    "text_ocr": "##Cauvard##, ££f. peignes££, @@St-Denis@@, $$211$$.\n",
    "type": "ENTRY"
  },
  {
    "EOL": false,
    "box": [
      996,
      1166,
      592,
      34
    ],
    "id": 472,
    "indented": true,
    "parent": 471,
    "text": "",
    "type": "LINE"
  },
  {
    "addresses": [
      {
        "street_name": "quai St-Paul",
        "street_numbers": [
          "12"
        ]
      }
    ],
    "box": [
      996,
      1166,
      592,
      34
    ],
    "checked": true,
    "id": 471,
    "origin": "human",
    "parent": 413,
    "persons": [
      "Cauvard"
    ],
    "score": 1,
    "text_ocr": "##Cauvard##, ££vins en gros££, @@quai St-Paul@@, $$12$$.\n",
    "type": "ENTRY"
  },
  {
    "EOL": false,
    "box": [
      996,
      1200,
      460,
      32
    ],
    "id": 474,
    "indented": true,
    "parent": 473,
    "text": "",
    "type": "LINE"
  },
  {
    "addresses": [
      {
        "street_name": "Tixeranderie",
        "street_numbers": [
          "1er"
        ]
      }
    ],
    "box": [
      996,
      1200,
      460,
      32
    ],
    "checked": true,
    "id": 473,
    "origin": "human",
    "parent": 413,
    "persons": [
      "Cauvé"
    ],
    "score": 0.375,
    "text_ocr": "##Cauvé##, ££vins££, @@Tixeranderie@@, $$1er$$,\n",
    "type": "ENTRY"
  },
  {
    "EOL": false,
    "box": [
      996,
      1236,
      456,
      32
    ],
    "id": 476,
    "indented": true,
    "parent": 475,
    "text": "",
    "type": "LINE"
  },
  {
    "addresses": [
      {
        "street_name": "Bleue",
        "street_numbers": [
          "13"
        ]
      }
    ],
    "box": [
      996,
      1236,
      456,
      32
    ],
    "checked": true,
    "id": 475,
    "origin": "human",
    "parent": 413,
    "persons": [
      "Cauvet"
    ],
    "score": 1,
    "text_ocr": "##Cauvet## µµ::LH::µµ, ££courtier££, @@Bleue@@, $$13$$.\n",
    "type": "ENTRY"
  },
  {
    "EOL": false,
    "box": [
      996,
      1270,
      526,
      34
    ],
    "id": 478,
    "indented": true,
    "parent": 477,
    "text": "",
    "type": "LINE"
  },
  {
    "addresses": [
      {
        "street_name": "q. Voltaire",
        "street_numbers": [
          "13"
        ]
      }
    ],
    "box": [
      996,
      1270,
      526,
      34
    ],
    "checked": true,
    "id": 477,
    "origin": "human",
    "parent": 413,
    "persons": [
      "Cauvigny (Bne de)"
    ],
    "score": 0.5,
    "text_ocr": "##Cauvigny (Bne de)##, @@q. Voltaire@@, $$13$$.\n",
    "type": "ENTRY"
  },
  {
    "EOL": false,
    "box": [
      996,
      1306,
      786,
      32
    ],
    "id": 480,
    "indented": true,
    "parent": 479,
    "text": "",
    "type": "LINE"
  },
  {
    "addresses": [
      {
        "street_name": "Marché-Neuf",
        "street_numbers": [
          "48"
        ]
      }
    ],
    "box": [
      996,
      1306,
      786,
      32
    ],
    "checked": true,
    "id": 479,
    "origin": "human",
    "parent": 413,
    "persons": [
      "Cauvin"
    ],
    "score": 0.5,
    "text_ocr": "##Cauvin##, ££insp. de l'école de dessin££, @@Marché-Neuf@@, $$48$$.\n",
    "type": "ENTRY"
  },
  {
    "EOL": false,
    "box": [
      996,
      1342,
      556,
      34
    ],
    "id": 482,
    "indented": true,
    "parent": 481,
    "text": "",
    "type": "LINE"
  },
  {
    "addresses": [
      {
        "street_name": "Montgolfier",
        "street_numbers": [
          "10"
        ]
      }
    ],
    "box": [
      996,
      1342,
      556,
      34
    ],
    "checked": true,
    "id": 481,
    "origin": "human",
    "parent": 413,
    "persons": [
      "Cauvin"
    ],
    "score": 0.95,
    "text_ocr": "##Cauvin##, ££bonnetier££, @@Montgolfier@@, $$10$$.\n",
    "type": "ENTRY"
  },
  {
    "EOL": false,
    "box": [
      996,
      1376,
      586,
      34
    ],
    "id": 484,
    "indented": true,
    "parent": 483,
    "text": "",
    "type": "LINE"
  },
  {
    "addresses": [
      {
        "street_name": "q. des Augustins",
        "street_numbers": [
          "17"
        ]
      }
    ],
    "box": [
      996,
      1376,
      586,
      34
    ],
    "checked": true,
    "id": 483,
    "origin": "human",
    "parent": 413,
    "persons": [
      "Cauvin"
    ],
    "score": 0.5,
    "text_ocr": "##Cauvin##, ££brocheur££, @@q. des Augustins@@, $$17$$.\n",
    "type": "ENTRY"
  },
  {
    "EOL": false,
    "box": [
      996,
      1412,
      600,
      30
    ],
    "id": 486,
    "indented": true,
    "parent": 485,
    "text": "",
    "type": "LINE"
  },
  {
    "addresses": [
      {
        "street_name": "Battoir-St-André",
        "street_numbers": [
          "17"
        ]
      }
    ],
    "box": [
      996,
      1412,
      600,
      30
    ],
    "checked": true,
    "id": 485,
    "origin": "human",
    "parent": 413,
    "persons": [
      "Cauvin"
    ],
    "score": 0.5,
    "text_ocr": "##Cauvin##, ££brocheur££, @@Battoir-St-André@@, $$17$$.\n",
    "type": "ENTRY"
  },
  {
    "EOL": false,
    "box": [
      996,
      1446,
      722,
      32
    ],
    "id": 488,
    "indented": true,
    "parent": 487,
    "text": "",
    "type": "LINE"
  },
  {
    "addresses": [
      {
        "street_name": "Ste-Anne",
        "street_numbers": [
          "3"
        ]
      }
    ],
    "box": [
      996,
      1446,
      722,
      32
    ],
    "checked": true,
    "id": 487,
    "origin": "human",
    "parent": 413,
    "persons": [
      "Cauvin"
    ],
    "score": 1,
    "text_ocr": "##Cauvin##, ££distillateur££, @@Ste-Anne@@, $$3$$, ou @@Evêque@@, $$4$$.\n",
    "type": "ENTRY"
  },
  {
    "EOL": false,
    "box": [
      996,
      1482,
      738,
      32
    ],
    "id": 490,
    "indented": true,
    "parent": 489,
    "text": "",
    "type": "LINE"
  },
  {
    "addresses": [
      {
        "street_name": "Paradis-Poissonnière",
        "street_numbers": [
          "14"
        ]
      }
    ],
    "box": [
      996,
      1482,
      738,
      32
    ],
    "checked": true,
    "id": 489,
    "origin": "human",
    "parent": 413,
    "persons": [
      "Gauvin (Ve)"
    ],
    "score": 0.5,
    "text_ocr": "##Gauvin (Ve)##, ££f. calicots££, @@Paradis-Poissonnière@@, $$14$$.\n",
    "type": "ENTRY"
  },
  {
    "EOL": false,
    "box": [
      996,
      1514,
      734,
      36
    ],
    "id": 492,
    "indented": true,
    "parent": 491,
    "text": "",
    "type": "LINE"
  },
  {
    "addresses": [
      {
        "street_name": "pass. du Saumon",
        "street_numbers": [
          "76"
        ]
      }
    ],
    "box": [
      996,
      1514,
      734,
      36
    ],
    "checked": true,
    "id": 491,
    "origin": "human",
    "parent": 413,
    "persons": [
      "Cauvin (Mad.)"
    ],
    "score": 0.75,
    "text_ocr": "##Cauvin (Mad.)##, ££nouveautés££, @@pass. du Saumon@@, $$76$$.\n",
    "type": "ENTRY"
  },
  {
    "EOL": false,
    "box": [
      996,
      1550,
      824,
      36
    ],
    "id": 494,
    "indented": true,
    "parent": 493,
    "text": "",
    "type": "LINE"
  },
  {
    "addresses": [
      {
        "street_name": "Bourg-l' Abbé",
        "street_numbers": [
          "5"
        ]
      }
    ],
    "box": [
      996,
      1550,
      824,
      36
    ],
    "checked": true,
    "id": 493,
    "origin": "human",
    "parent": 413,
    "persons": [
      "Cauvin-Delorme"
    ],
    "score": 0.9615384615384616,
    "text_ocr": "##Cauvin-Delorme##, ££dentelles, bonneterie££, @@Bourg-l' Abbé@@, $$5$$.\n",
    "type": "ENTRY"
  },
  {
    "EOL": false,
    "box": [
      996,
      1588,
      448,
      32
    ],
    "id": 496,
    "indented": true,
    "parent": 495,
    "text": "",
    "type": "LINE"
  },
  {
    "addresses": [
      {
        "street_name": "Taitbout",
        "street_numbers": [
          "12"
        ]
      }
    ],
    "box": [
      996,
      1588,
      448,
      32
    ],
    "checked": true,
    "id": 495,
    "origin": "human",
    "parent": 413,
    "persons": [
      "Cauvy"
    ],
    "score": 1,
    "text_ocr": "##Cauvy##, ££médecin££, @@Taitbout@@, $$12$$.\n",
    "type": "ENTRY"
  },
  {
    "EOL": false,
    "box": [
      996,
      1622,
      534,
      36
    ],
    "id": 498,
    "indented": true,
    "parent": 497,
    "text": "",
    "type": "LINE"
  },
  {
    "addresses": [
      {
        "street_name": "Vivienne",
        "street_numbers": [
          "9"
        ]
      }
    ],
    "box": [
      996,
      1622,
      534,
      36
    ],
    "checked": true,
    "id": 497,
    "origin": "human",
    "parent": 413,
    "persons": [
      "Cauvy et co."
    ],
    "score": 1,
    "text_ocr": "##Cauvy et co.##, ££tailleurs££, @@Vivienne@@, $$9$$.\n",
    "type": "ENTRY"
  },
  {
    "EOL": false,
    "box": [
      996,
      1658,
      652,
      30
    ],
    "id": 500,
    "indented": true,
    "parent": 499,
    "text": "",
    "type": "LINE"
  },
  {
    "addresses": [
      {
        "street_name": "faub. St-Antoine",
        "street_numbers": [
          "63"
        ]
      }
    ],
    "box": [
      996,
      1658,
      652,
      30
    ],
    "checked": true,
    "id": 499,
    "origin": "human",
    "parent": 413,
    "persons": [
      "Cauwenberg"
    ],
    "score": 1,
    "text_ocr": "##Cauwenberg##, ££ébéniste££, @@faub. St-Antoine@@, $$63$$.\n",
    "type": "ENTRY"
  },
  {
    "EOL": false,
    "box": [
      996,
      1690,
      628,
      36
    ],
    "id": 502,
    "indented": true,
    "parent": 501,
    "text": "",
    "type": "LINE"
  },
  {
    "addresses": [
      {
        "street_name": "Choiseul",
        "street_numbers": [
          "23"
        ]
      }
    ],
    "box": [
      996,
      1690,
      628,
      36
    ],
    "checked": true,
    "id": 501,
    "origin": "human",
    "parent": 413,
    "persons": [
      "Caux (Vte de)"
    ],
    "score": 1,
    "text_ocr": "##Caux (Vte de)## µµG. O. ::LH::, pairµµ, @@Choiseul@@, $$23$$.\n",
    "type": "ENTRY"
  },
  {
    "EOL": false,
    "box": [
      996,
      1724,
      362,
      38
    ],
    "id": 504,
    "indented": true,
    "parent": 503,
    "text": "",
    "type": "LINE"
  },
  {
    "addresses": [
      {
        "street_name": "Sèvres",
        "street_numbers": [
          "16"
        ]
      }
    ],
    "box": [
      996,
      1724,
      362,
      38
    ],
    "checked": true,
    "id": 503,
    "origin": "human",
    "parent": 413,
    "persons": [
      "Caux (Mad.)"
    ],
    "score": 1,
    "text_ocr": "##Caux (Mad.)##, @@Sèvres@@, $$16$$.\n",
    "type": "ENTRY"
  },
  {
    "EOL": false,
    "box": [
      996,
      1762,
      622,
      34
    ],
    "id": 506,
    "indented": true,
    "parent": 505,
    "text": "",
    "type": "LINE"
  },
  {
    "addresses": [
      {
        "street_name": "boulev. des Italiens",
        "street_numbers": [
          "11"
        ]
      }
    ],
    "box": [
      996,
      1762,
      622,
      34
    ],
    "checked": true,
    "id": 505,
    "origin": "human",
    "parent": 413,
    "persons": [
      "Caux"
    ],
    "score": 1,
    "text_ocr": "##Caux##, ££cordonnier££, @@boulev. des Italiens@@, $$11$$.\n",
    "type": "ENTRY"
  },
  {
    "EOL": false,
    "box": [
      996,
      1798,
      436,
      30
    ],
    "id": 508,
    "indented": true,
    "parent": 507,
    "text": "",
    "type": "LINE"
  },
  {
    "addresses": [
      {
        "street_name": "Richelieu",
        "street_numbers": [
          "18"
        ]
      }
    ],
    "box": [
      996,
      1798,
      436,
      30
    ],
    "checked": true,
    "id": 507,
    "origin": "human",
    "parent": 413,
    "persons": [
      "Caux"
    ],
    "score": 1,
    "text_ocr": "##Caux##, ££tailleur££, @@Richelieu@@, $$18$$.\n",
    "type": "ENTRY"
  },
  {
    "EOL": false,
    "box": [
      996,
      1830,
      824,
      38
    ],
    "id": 510,
    "indented": true,
    "parent": 509,
    "text": "",
    "type": "LINE"
  },
  {
    "EOL": false,
    "box": [
      1014,
      1866,
      76,
      28
    ],
    "id": 511,
    "indented": false,
    "parent": 509,
    "text": "",
    "type": "LINE"
  },
  {
    "addresses": [
      {
        "street_name": "Saint-Dominique",
        "street_numbers": [
          "161"
        ]
      }
    ],
    "box": [
      996,
      1830,
      824,
      64
    ],
    "checked": true,
    "id": 509,
    "origin": "human",
    "parent": 413,
    "persons": [
      "Caux (J.) et frère"
    ],
    "score": 1,
    "text_ocr": "##Caux (J.) et frère##, ££charbons de bois££, @@Saint-Dominique@@,\n$$161$$.\n",
    "type": "ENTRY"
  },
  {
    "EOL": false,
    "box": [
      996,
      1904,
      352,
      32
    ],
    "id": 513,
    "indented": true,
    "parent": 512,
    "text": "",
    "type": "LINE"
  },
  {
    "addresses": [
      {
        "street_name": "Taitbout",
        "street_numbers": [
          "36"
        ]
      }
    ],
    "box": [
      996,
      1904,
      352,
      32
    ],
    "checked": true,
    "id": 512,
    "origin": "human",
    "parent": 413,
    "persons": [
      "Cauyette"
    ],
    "score": 1,
    "text_ocr": "##Cauyette##, @@Taitbout@@, $$36$$.\n",
    "type": "ENTRY"
  },
  {
    "EOL": false,
    "box": [
      996,
      1938,
      826,
      36
    ],
    "id": 515,
    "indented": true,
    "parent": 514,
    "text": "",
    "type": "LINE"
  },
  {
    "EOL": false,
    "box": [
      1012,
      1972,
      94,
      34
    ],
    "id": 516,
    "indented": false,
    "parent": 514,
    "text": "",
    "type": "LINE"
  },
  {
    "addresses": [
      {
        "street_name": "Jean-Goujon",
        "street_numbers": [
          "9"
        ]
      }
    ],
    "box": [
      996,
      1938,
      826,
      68
    ],
    "checked": true,
    "id": 514,
    "origin": "human",
    "parent": 413,
    "persons": [
      "Cavaignac (Vte de)"
    ],
    "score": 0.9583333333333333,
    "text_ocr": "##Cavaignac (Vte de)## µµG. O. ::LH::, lieutenant-gén.µµ, @@Jean-Gou-\njon@@, $$9$$.\n",
    "type": "ENTRY"
  },
  {
    "EOL": false,
    "box": [
      996,
      2008,
      620,
      34
    ],
    "id": 518,
    "indented": true,
    "parent": 517,
    "text": "",
    "type": "LINE"
  },
  {
    "addresses": [
      {
        "street_name": "Anjou-St-Honoré",
        "street_numbers": [
          "35"
        ]
      }
    ],
    "box": [
      996,
      2008,
      620,
      34
    ],
    "checked": true,
    "id": 517,
    "origin": "human",
    "parent": 413,
    "persons": [
      "Cavailler (F.)"
    ],
    "score": 0.5,
    "text_ocr": "##Cavailler (F.)##, ££nég.££, @@Anjou-St-Honoré@@, $$35$$.\n",
    "type": "ENTRY"
  },
  {
    "EOL": false,
    "box": [
      996,
      2044,
      330,
      32
    ],
    "id": 520,
    "indented": true,
    "parent": 519,
    "text": "",
    "type": "LINE"
  },
  {
    "addresses": [
      {
        "street_name": "Martyrs",
        "street_numbers": [
          "25"
        ]
      }
    ],
    "box": [
      996,
      2044,
      330,
      32
    ],
    "checked": true,
    "id": 519,
    "origin": "human",
    "parent": 413,
    "persons": [
      "Cavalier"
    ],
    "score": 1,
    "text_ocr": "##Cavalier##, @@Martyrs@@, $$25$$.\n",
    "type": "ENTRY"
  },
  {
    "EOL": false,
    "box": [
      996,
      2080,
      508,
      30
    ],
    "id": 522,
    "indented": true,
    "parent": 521,
    "text": "",
    "type": "LINE"
  },
  {
    "addresses": [
      {
        "street_name": "Provence",
        "street_numbers": [
          "10"
        ]
      }
    ],
    "box": [
      996,
      2080,
      508,
      30
    ],
    "checked": true,
    "id": 521,
    "origin": "human",
    "parent": 413,
    "persons": [
      "Cavalier ainé"
    ],
    "score": 1,
    "text_ocr": "##Cavalier ainé##, ££vins££, @@Provence@@, $$10$$.\n",
    "type": "ENTRY"
  },
  {
    "EOL": false,
    "box": [
      996,
      2114,
      592,
      32
    ],
    "id": 524,
    "indented": true,
    "parent": 523,
    "text": "",
    "type": "LINE"
  },
  {
    "addresses": [
      {
        "street_name": "Laffitte",
        "street_numbers": [
          "42"
        ]
      }
    ],
    "box": [
      996,
      2114,
      592,
      32
    ],
    "checked": true,
    "id": 523,
    "origin": "human",
    "parent": 413,
    "persons": [
      "Cavalier"
    ],
    "score": 0.875,
    "text_ocr": "##Cavalier##, ££vérif. de l'enreg.££, @@Laffitte@@, $$42$$.\n",
    "type": "ENTRY"
  },
  {
    "EOL": false,
    "box": [
      996,
      2146,
      822,
      36
    ],
    "id": 526,
    "indented": true,
    "parent": 525,
    "text": "",
    "type": "LINE"
  },
  {
    "addresses": [
      {
        "street_name": "Verrerie",
        "street_numbers": [
          "60"
        ]
      }
    ],
    "box": [
      996,
      2146,
      822,
      36
    ],
    "checked": true,
    "id": 525,
    "origin": "human",
    "parent": 413,
    "persons": [
      "Cavallier"
    ],
    "score": 1,
    "text_ocr": "##Cavallier##, ££huile, savons et commission, nég.££, @@Verrerie@@, $$60$$.\n",
    "type": "ENTRY"
  },
  {
    "EOL": false,
    "box": [
      996,
      2182,
      822,
      34
    ],
    "id": 528,
    "indented": true,
    "parent": 527,
    "text": "",
    "type": "LINE"
  },
  {
    "addresses": [
      {
        "street_name": "Verrerie",
        "street_numbers": [
          "60"
        ]
      }
    ],
    "box": [
      996,
      2182,
      822,
      34
    ],
    "checked": true,
    "id": 527,
    "origin": "human",
    "parent": 413,
    "persons": [
      "Cavallier, Frère et co."
    ],
    "score": 1,
    "text_ocr": "##Cavallier, Frère et co.##, ££pétrisseur mécanique££, @@Verrerie@@, $$60$$.\n",
    "type": "ENTRY"
  },
  {
    "EOL": false,
    "box": [
      996,
      2218,
      674,
      32
    ],
    "id": 530,
    "indented": true,
    "parent": 529,
    "text": "",
    "type": "LINE"
  },
  {
    "addresses": [
      {
        "street_name": "Bourdonnais",
        "street_numbers": [
          "2"
        ]
      }
    ],
    "box": [
      996,
      2218,
      674,
      32
    ],
    "checked": true,
    "id": 529,
    "origin": "human",
    "parent": 413,
    "persons": [
      "Cavaré et Anceau"
    ],
    "score": 1,
    "text_ocr": "##Cavaré et Anceau##, ££draperie££, @@Bourdonnais@@, $$2$$.\n",
    "type": "ENTRY"
  },
  {
    "EOL": false,
    "box": [
      996,
      2256,
      472,
      32
    ],
    "id": 532,
    "indented": true,
    "parent": 531,
    "text": "",
    "type": "LINE"
  },
  {
    "addresses": [
      {
        "street_name": "Bac",
        "street_numbers": [
          "33"
        ]
      }
    ],
    "box": [
      996,
      2256,
      472,
      32
    ],
    "checked": true,
    "id": 531,
    "origin": "human",
    "parent": 413,
    "persons": [
      "Cavaroc"
    ],
    "score": 1,
    "text_ocr": "##Cavaroc##, ££f. parapluies££, @@Bac@@, $$33$$.\n",
    "type": "ENTRY"
  },
  {
    "EOL": false,
    "box": [
      996,
      2288,
      658,
      34
    ],
    "id": 534,
    "indented": true,
    "parent": 533,
    "text": "",
    "type": "LINE"
  },
  {
    "addresses": [
      {
        "street_name": "Ne-N. -Dame",
        "street_numbers": [
          "2"
        ]
      }
    ],
    "box": [
      996,
      2288,
      658,
      34
    ],
    "checked": true,
    "id": 533,
    "origin": "human",
    "parent": 413,
    "persons": [
      "Cave générale des hospices"
    ],
    "score": 0.5,
    "text_ocr": "##Cave générale des hospices##, @@Ne-N. -Dame@@, $$2$$.\n",
    "type": "ENTRY"
  },
  {
    "EOL": false,
    "box": [
      994,
      2296,
      824,
      62
    ],
    "id": 536,
    "indented": true,
    "parent": 535,
    "text": "",
    "type": "LINE"
  },
  {
    "EOL": false,
    "box": [
      1012,
      2360,
      144,
      26
    ],
    "id": 537,
    "indented": false,
    "parent": 535,
    "text": "",
    "type": "LINE"
  },
  {
    "addresses": [
      {
        "street_name": "au\nministère",
        "street_numbers": []
      }
    ],
    "box": [
      994,
      2296,
      824,
      90
    ],
    "checked": true,
    "id": 535,
    "origin": "human",
    "parent": 413,
    "persons": [
      "Cavé"
    ],
    "score": 0.33333333333333337,
    "street_number": "",
    "text_ocr": "##Cavé## µµ::LH::µµ, ££chef de div. au ministère du commerce££, @@au\nministère@@.\n",
    "type": "ENTRY"
  },
  {
    "EOL": false,
    "box": [
      994,
      2394,
      398,
      32
    ],
    "id": 539,
    "indented": true,
    "parent": 538,
    "text": "",
    "type": "LINE"
  },
  {
    "addresses": [
      {
        "street_name": "Galande",
        "street_numbers": [
          "19"
        ]
      }
    ],
    "box": [
      994,
      2394,
      398,
      32
    ],
    "checked": true,
    "id": 538,
    "origin": "human",
    "parent": 413,
    "persons": [
      "Cavé"
    ],
    "score": 1,
    "text_ocr": "##Cavé##, ££épicier££, @@Galande@@, $$19$$.\n",
    "type": "ENTRY"
  },
  {
    "EOL": false,
    "box": [
      994,
      2414,
      692,
      50
    ],
    "id": 541,
    "indented": true,
    "parent": 540,
    "text": "",
    "type": "LINE"
  },
  {
    "addresses": [
      {
        "street_name": "Fg-St-Denis",
        "street_numbers": [
          "214 et 216"
        ]
      }
    ],
    "box": [
      994,
      2414,
      692,
      50
    ],
    "checked": true,
    "id": 540,
    "origin": "human",
    "parent": 413,
    "persons": [
      "Cavé"
    ],
    "score": 0.5,
    "text_ocr": "##Cavé## µµ::LH::µµ, ££mécanicien££, @@Fg-St-Denis@@, $$214 et 216$$.\n",
    "type": "ENTRY"
  },
  {
    "EOL": false,
    "box": [
      994,
      2466,
      458,
      32
    ],
    "id": 543,
    "indented": true,
    "parent": 542,
    "text": "",
    "type": "LINE"
  },
  {
    "addresses": [
      {
        "street_name": "St-Denis",
        "street_numbers": [
          "279"
        ]
      }
    ],
    "box": [
      994,
      2466,
      458,
      32
    ],
    "checked": true,
    "id": 542,
    "origin": "human",
    "parent": 413,
    "persons": [
      "Cavel"
    ],
    "score": 1,
    "text_ocr": "##Cavel##, ££fleuriste££, @@St-Denis@@, $$279$$.\n",
    "type": "ENTRY"
  },
  {
    "EOL": false,
    "box": [
      994,
      2500,
      750,
      34
    ],
    "id": 545,
    "indented": true,
    "parent": 544,
    "text": "",
    "type": "LINE"
  },
  {
    "addresses": [
      {
        "street_name": "Hauteville",
        "street_numbers": [
          "2 bis"
        ]
      }
    ],
    "box": [
      994,
      2500,
      750,
      34
    ],
    "checked": true,
    "id": 544,
    "origin": "human",
    "parent": 413,
    "persons": [
      "Cavelan Schmidt et co."
    ],
    "score": 0.5,
    "text_ocr": "##Cavelan Schmidt et co.##, ££banque££, @@Hauteville@@, $$2 bis$$.\n",
    "type": "ENTRY"
  },
  {
    "EOL": false,
    "box": [
      994,
      2532,
      822,
      40
    ],
    "id": 547,
    "indented": true,
    "parent": 546,
    "text": "",
    "type": "LINE"
  },
  {
    "EOL": false,
    "box": [
      1014,
      2572,
      190,
      28
    ],
    "id": 548,
    "indented": false,
    "parent": 546,
    "text": "",
    "type": "LINE"
  },
  {
    "addresses": [
      {
        "street_name": "Faub.-\nPoissonn.",
        "street_numbers": [
          "8"
        ]
      }
    ],
    "box": [
      994,
      2532,
      822,
      68
    ],
    "checked": true,
    "id": 546,
    "origin": "human",
    "parent": 413,
    "persons": [
      "Cavelan neveu et Dantier"
    ],
    "score": 0.5,
    "text_ocr": "##Cavelan neveu et Dantier## , ££nég. charb. de terre££, @@Faub.-\nPoissonn.@@, $$8$$. \n",
    "type": "ENTRY"
  },
  {
    "EOL": false,
    "box": [
      994,
      2604,
      822,
      34
    ],
    "id": 550,
    "indented": true,
    "parent": 549,
    "text": "",
    "type": "LINE"
  },
  {
    "addresses": [
      {
        "street_name": "Boucherat",
        "street_numbers": [
          "11"
        ]
      }
    ],
    "box": [
      994,
      2604,
      822,
      34
    ],
    "checked": true,
    "id": 549,
    "origin": "human",
    "parent": 413,
    "persons": [
      "Cavelier"
    ],
    "score": 0.8888888888888888,
    "text_ocr": "##Cavelier##, ££dessinateur pour orfèv., etc.££, @@Boucherat@@, $$11$$.\n",
    "type": "ENTRY"
  },
  {
    "EOL": false,
    "box": [
      994,
      2640,
      542,
      36
    ],
    "id": 552,
    "indented": true,
    "parent": 551,
    "text": "",
    "type": "LINE"
  },
  {
    "addresses": [
      {
        "street_name": "Caire",
        "street_numbers": [
          "28"
        ]
      }
    ],
    "box": [
      994,
      2640,
      542,
      36
    ],
    "checked": true,
    "id": 551,
    "origin": "human",
    "parent": 413,
    "persons": [
      "Cavelier (Mad.)"
    ],
    "score": 1,
    "text_ocr": "##Cavelier (Mad.)##, ££mercière££, @@Caire@@, $$28$$.\n",
    "type": "ENTRY"
  },
  {
    "EOL": false,
    "box": [
      994,
      2676,
      644,
      32
    ],
    "id": 554,
    "indented": true,
    "parent": 553,
    "text": "",
    "type": "LINE"
  },
  {
    "addresses": [
      {
        "street_name": "Charlot",
        "street_numbers": [
          "20"
        ]
      }
    ],
    "box": [
      994,
      2676,
      644,
      32
    ],
    "checked": true,
    "id": 553,
    "origin": "human",
    "parent": 413,
    "persons": [
      "Cavelier"
    ],
    "score": 1,
    "text_ocr": "##Cavelier##, ££vins en gros et détail££, @@Charlot@@, $$20$$.\n",
    "type": "ENTRY"
  },
  {
    "EOL": false,
    "box": [
      994,
      2710,
      766,
      34
    ],
    "id": 556,
    "indented": true,
    "parent": 555,
    "text": "",
    "type": "LINE"
  },
  {
    "addresses": [
      {
        "street_name": "Ne-des-Bons-Enfans",
        "street_numbers": [
          "35"
        ]
      }
    ],
    "box": [
      994,
      2710,
      766,
      34
    ],
    "checked": true,
    "id": 555,
    "origin": "human",
    "parent": 413,
    "persons": [
      "Cavenas (Ve)"
    ],
    "score": 0.5,
    "text_ocr": "##Cavenas (Ve)##, ££quincaillière££, @@Ne-des-Bons-Enfans@@, $$35$$.\n",
    "type": "ENTRY"
  },
  {
    "EOL": false,
    "box": [
      992,
      2744,
      824,
      38
    ],
    "id": 558,
    "indented": true,
    "parent": 557,
    "text": "",
    "type": "LINE"
  },
  {
    "EOL": false,
    "box": [
      1010,
      2784,
      94,
      28
    ],
    "id": 559,
    "indented": false,
    "parent": 557,
    "text": "",
    "type": "LINE"
  },
  {
    "addresses": [
      {
        "street_name": "Limo-\nges",
        "street_numbers": [
          "4"
        ]
      }
    ],
    "box": [
      992,
      2744,
      824,
      68
    ],
    "checked": true,
    "id": 557,
    "origin": "human",
    "parent": 413,
    "persons": [
      "Cavenne"
    ],
    "score": 0.5,
    "text_ocr": "##Cavenne## µµO. ::LH::µµ, ££inspect. gén. ponts et chaussées££, @@Limo-\nges@@, $$4$$.\n",
    "type": "ENTRY"
  },
  {
    "box": [
      982,
      144,
      844,
      2668
    ],
    "id": 413,
    "parent": 412,
    "type": "COLUMN_LEVEL_2"
  },
  {
    "box": [
      982,
      144,
      844,
      2668
    ],
    "id": 412,
    "parent": 411,
    "type": "SECTION_LEVEL_2"
  },
  {
    "box": [
      982,
      144,
      844,
      2668
    ],
    "id": 411,
    "parent": 259,
    "type": "COLUMN_LEVEL_1"
  },
  {
    "box": [
      136,
      144,
      1706,
      2668
    ],
    "id": 259,
    "parent": 256,
    "type": "SECTION_LEVEL_1"
  },
  {
    "box": [
      136,
      0,
      1706,
      2850
    ],
    "id": 256,
    "type": "PAGE"
  }
]
