[
  {
    "box": [
      128,
      38,
      1662,
      36
    ],
    "checked": true,
    "id": 257,
    "origin": "computer",
    "parent": 256,
    "text": "re se = CR Rte gg ne PRET TS OT PR OL TS 07 PPS QU SR SRE TIR PT ES ER\nRSS De ee NT A TR TE NÉS Trot mdtimenheeehinbemiens émis 1 mi rs\nrues TT RTS nine RE sert ia mé ne ne es D PE PP EL TE sertie et AR SES ue CA\n",
    "type": "TITLE_LEVEL_1"
  },
  {
    "box": [
      128,
      124,
      1662,
      32
    ],
    "checked": false,
    "id": 258,
    "origin": "computer",
    "parent": 256,
    "text": "DES ADRESSES DE PARIS. BVII\n",
    "type": "TITLE_LEVEL_1"
  },
  {
    "EOL": false,
    "box": [
      134,
      180,
      652,
      34
    ],
    "id": 264,
    "indented": false,
    "parent": 263,
    "text": "",
    "type": "LINE"
  },
  {
    "addresses": [
      {
        "street_name": "St-Honoré",
        "street_numbers": [
          "353 bis"
        ]
      }
    ],
    "box": [
      134,
      180,
      652,
      34
    ],
    "checked": true,
    "id": 263,
    "origin": "human",
    "parent": 262,
    "persons": [
      "Delanglard (E.)"
    ],
    "score": 1,
    "text_ocr": "##Delanglard (E.)##, ££médecin££, @@St-Honoré@@, $$353 bis$$.\n",
    "type": "ENTRY"
  },
  {
    "EOL": false,
    "box": [
      134,
      214,
      518,
      36
    ],
    "id": 266,
    "indented": true,
    "parent": 265,
    "text": "",
    "type": "LINE"
  },
  {
    "addresses": [
      {
        "street_name": "Choiseul",
        "street_numbers": [
          "2 bis"
        ]
      }
    ],
    "box": [
      134,
      214,
      518,
      36
    ],
    "checked": true,
    "id": 265,
    "origin": "human",
    "parent": 262,
    "persons": [
      "Delangle"
    ],
    "score": 1,
    "text_ocr": "##Delangle## µµ::LH::µµ, ££avocat££, @@Choiseul@@, $$2 bis$$.\n",
    "type": "ENTRY"
  },
  {
    "EOL": false,
    "box": [
      136,
      250,
      452,
      34
    ],
    "id": 268,
    "indented": true,
    "parent": 267,
    "text": "",
    "type": "LINE"
  },
  {
    "addresses": [
      {
        "street_name": "Thérèse",
        "street_numbers": [
          "1"
        ]
      }
    ],
    "box": [
      136,
      250,
      452,
      34
    ],
    "checked": true,
    "id": 267,
    "origin": "human",
    "parent": 262,
    "persons": [
      "Delangle"
    ],
    "score": 1,
    "text_ocr": "##Delangle##, ££coiffeur££, @@Thérèse@@, $$1$$.\n",
    "type": "ENTRY"
  },
  {
    "EOL": false,
    "box": [
      136,
      282,
      740,
      36
    ],
    "id": 270,
    "indented": true,
    "parent": 269,
    "text": "",
    "type": "LINE"
  },
  {
    "addresses": [
      {
        "street_name": "q. d'Anjou",
        "street_numbers": [
          "7"
        ]
      }
    ],
    "box": [
      136,
      282,
      740,
      36
    ],
    "checked": true,
    "id": 269,
    "origin": "human",
    "parent": 262,
    "persons": [
      "Delangre"
    ],
    "score": 0.8571428571428572,
    "text_ocr": "##Delangre##, ££fab. anticrottes££, page 310, @@q. d'Anjou@@, $$7$$.\n",
    "type": "ENTRY"
  },
  {
    "EOL": false,
    "box": [
      136,
      320,
      576,
      32
    ],
    "id": 272,
    "indented": true,
    "parent": 271,
    "text": "",
    "type": "LINE"
  },
  {
    "addresses": [
      {
        "street_name": "Richelieu",
        "street_numbers": [
          "26"
        ]
      }
    ],
    "box": [
      136,
      320,
      576,
      32
    ],
    "checked": true,
    "id": 271,
    "origin": "human",
    "parent": 262,
    "persons": [
      "De Langrenier"
    ],
    "score": 1,
    "text_ocr": "##De Langrenier##, ££racahout££, @@Richelieu@@, $$26$$.\n",
    "type": "ENTRY"
  },
  {
    "EOL": false,
    "box": [
      136,
      354,
      502,
      34
    ],
    "id": 274,
    "indented": true,
    "parent": 273,
    "text": "",
    "type": "LINE"
  },
  {
    "addresses": [
      {
        "street_name": "St-Denis",
        "street_numbers": [
          "362"
        ]
      }
    ],
    "box": [
      136,
      354,
      502,
      34
    ],
    "checked": true,
    "id": 273,
    "origin": "human",
    "parent": 262,
    "persons": [
      "Delannay"
    ],
    "score": 1,
    "text_ocr": "##Delannay##, ££boucher££, @@St-Denis@@, $$362$$.\n",
    "type": "ENTRY"
  },
  {
    "EOL": false,
    "box": [
      134,
      388,
      720,
      34
    ],
    "id": 276,
    "indented": true,
    "parent": 275,
    "text": "",
    "type": "LINE"
  },
  {
    "addresses": [
      {
        "street_name": "Vivienne",
        "street_numbers": [
          "18"
        ]
      }
    ],
    "box": [
      134,
      388,
      720,
      34
    ],
    "checked": true,
    "id": 275,
    "origin": "human",
    "parent": 262,
    "persons": [
      "Delannay et Clouet"
    ],
    "score": 1,
    "text_ocr": "##Delannay et Clouet##, ££étoffes de soie££, @@Vivienne@@, $$18$$.\n",
    "type": "ENTRY"
  },
  {
    "EOL": false,
    "box": [
      136,
      422,
      540,
      34
    ],
    "id": 278,
    "indented": true,
    "parent": 277,
    "text": "",
    "type": "LINE"
  },
  {
    "addresses": [],
    "box": [
      136,
      422,
      540,
      34
    ],
    "checked": true,
    "id": 277,
    "origin": "human",
    "parent": 262,
    "persons": [
      "De Lanneau fils"
    ],
    "score": 0,
    "street": "",
    "street_number": "",
    "text_ocr": "##De Lanneau fils## µµ::LH::::CJ::µµ, voyez Lanneau.\n",
    "type": "ENTRY"
  },
  {
    "EOL": false,
    "box": [
      136,
      456,
      674,
      32
    ],
    "id": 280,
    "indented": true,
    "parent": 279,
    "text": "",
    "type": "LINE"
  },
  {
    "addresses": [
      {
        "street_name": "Trois-Pavillons",
        "street_numbers": [
          "7"
        ]
      }
    ],
    "box": [
      136,
      456,
      674,
      32
    ],
    "checked": true,
    "id": 279,
    "origin": "human",
    "parent": 262,
    "persons": [
      "Delanneau (F.)"
    ],
    "score": 0.5,
    "text_ocr": "##Delanneau (F.)##, ££architecte££, @@Trois-Pavillons@@, $$7$$.\n",
    "type": "ENTRY"
  },
  {
    "EOL": false,
    "box": [
      136,
      492,
      780,
      34
    ],
    "id": 282,
    "indented": true,
    "parent": 281,
    "text": "",
    "type": "LINE"
  },
  {
    "addresses": [
      {
        "street_name": "Ollivier-St-Georges",
        "street_numbers": [
          "2"
        ]
      }
    ],
    "box": [
      136,
      492,
      780,
      34
    ],
    "checked": true,
    "id": 281,
    "origin": "human",
    "parent": 262,
    "persons": [
      "Delanneau (Eugène)"
    ],
    "score": 0.5,
    "text_ocr": "##Delanneau (Eugène)##, ££courtier££, @@Ollivier-St-Georges@@, $$2$$.\n",
    "type": "ENTRY"
  },
  {
    "EOL": false,
    "box": [
      136,
      526,
      606,
      34
    ],
    "id": 284,
    "indented": true,
    "parent": 283,
    "text": "",
    "type": "LINE"
  },
  {
    "addresses": [
      {
        "street_name": "St-Martin",
        "street_numbers": [
          "199"
        ]
      }
    ],
    "box": [
      136,
      526,
      606,
      34
    ],
    "checked": true,
    "id": 283,
    "origin": "human",
    "parent": 262,
    "persons": [
      "Delannoy (A.)"
    ],
    "score": 1,
    "text_ocr": "##Delannoy (A.)##, ££peaussier££, @@St-Martin@@, $$199$$.\n",
    "type": "ENTRY"
  },
  {
    "EOL": false,
    "box": [
      136,
      560,
      612,
      34
    ],
    "id": 286,
    "indented": true,
    "parent": 285,
    "text": "",
    "type": "LINE"
  },
  {
    "addresses": [
      {
        "street_name": "Hauteville",
        "street_numbers": [
          "2 ter"
        ]
      }
    ],
    "box": [
      136,
      560,
      612,
      34
    ],
    "checked": true,
    "id": 285,
    "origin": "human",
    "parent": 262,
    "persons": [
      "Delannoy (F.)"
    ],
    "score": 1,
    "text_ocr": "##Delannoy (F.)##, ££couleurs££, @@Hauteville@@, $$2 ter$$.\n",
    "type": "ENTRY"
  },
  {
    "EOL": false,
    "box": [
      136,
      594,
      804,
      34
    ],
    "id": 288,
    "indented": true,
    "parent": 287,
    "text": "",
    "type": "LINE"
  },
  {
    "EOL": false,
    "box": [
      152,
      630,
      204,
      30
    ],
    "id": 289,
    "indented": false,
    "parent": 287,
    "text": "",
    "type": "LINE"
  },
  {
    "addresses": [
      {
        "street_name": "Marais-\nSt-Martin",
        "street_numbers": [
          "37"
        ]
      }
    ],
    "box": [
      136,
      594,
      804,
      66
    ],
    "checked": true,
    "id": 287,
    "origin": "human",
    "parent": 262,
    "persons": [
      "Delanoë"
    ],
    "score": 0.5,
    "text_ocr": "##Delanoë##, ££sculpteur, ébénist. et scierie mécaniq.££, @@Marais-\nSt-Martin@@, $$37$$.\n",
    "type": "ENTRY"
  },
  {
    "EOL": false,
    "box": [
      136,
      648,
      628,
      48
    ],
    "id": 291,
    "indented": true,
    "parent": 290,
    "text": "",
    "type": "LINE"
  },
  {
    "addresses": [
      {
        "street_name": "Coutellerie",
        "street_numbers": [
          "1"
        ]
      }
    ],
    "box": [
      136,
      648,
      628,
      48
    ],
    "checked": true,
    "id": 290,
    "origin": "human",
    "parent": 262,
    "persons": [
      "Delanoë frères"
    ],
    "score": 1,
    "text_ocr": "##Delanoë frères##, ££épiciers, sels££, @@Coutellerie@@, $$1$$.\n",
    "type": "ENTRY"
  },
  {
    "EOL": false,
    "box": [
      134,
      698,
      686,
      32
    ],
    "id": 293,
    "indented": true,
    "parent": 292,
    "text": "",
    "type": "LINE"
  },
  {
    "addresses": [
      {
        "street_name": "Boucheries-St-Germain",
        "street_numbers": [
          "24"
        ]
      }
    ],
    "box": [
      134,
      698,
      686,
      32
    ],
    "checked": true,
    "id": 292,
    "origin": "human",
    "parent": 262,
    "persons": [
      "Delanoix"
    ],
    "score": 0.5,
    "text_ocr": "##Delanoix##, ££boucher££, @@Boucheries-St-Germain@@, $$24$$.\n",
    "type": "ENTRY"
  },
  {
    "EOL": false,
    "box": [
      136,
      732,
      628,
      32
    ],
    "id": 295,
    "indented": true,
    "parent": 294,
    "text": "",
    "type": "LINE"
  },
  {
    "addresses": [
      {
        "street_name": "Anjou-St-Honoré",
        "street_numbers": [
          "42"
        ]
      }
    ],
    "box": [
      136,
      732,
      628,
      32
    ],
    "checked": true,
    "id": 294,
    "origin": "human",
    "parent": 262,
    "persons": [
      "Delanoix"
    ],
    "score": 0.5,
    "text_ocr": "##Delanoix##, ££architecte££, @@Anjou-St-Honoré@@, $$42$$.\n",
    "type": "ENTRY"
  },
  {
    "EOL": false,
    "box": [
      136,
      768,
      490,
      32
    ],
    "id": 297,
    "indented": true,
    "parent": 296,
    "text": "",
    "type": "LINE"
  },
  {
    "addresses": [
      {
        "street_name": "Fg-St-Martin",
        "street_numbers": [
          "66"
        ]
      }
    ],
    "box": [
      136,
      768,
      490,
      32
    ],
    "checked": true,
    "id": 296,
    "origin": "human",
    "parent": 262,
    "persons": [
      "Delanos"
    ],
    "score": 0.5,
    "text_ocr": "##Delanos##, ££laiterie££, @@Fg-St-Martin@@, $$66$$.\n",
    "type": "ENTRY"
  },
  {
    "EOL": false,
    "box": [
      136,
      802,
      620,
      32
    ],
    "id": 299,
    "indented": true,
    "parent": 298,
    "text": "",
    "type": "LINE"
  },
  {
    "addresses": [
      {
        "street_name": "q. de la Râpée",
        "street_numbers": [
          "35"
        ]
      }
    ],
    "box": [
      136,
      802,
      620,
      32
    ],
    "checked": true,
    "id": 298,
    "origin": "human",
    "parent": 262,
    "persons": [
      "Delanoue"
    ],
    "score": 0.5,
    "text_ocr": "##Delanoue##, @@q. de la Râpée@@, $$35$$, @@intra muros@@.\n",
    "type": "ENTRY"
  },
  {
    "EOL": false,
    "box": [
      134,
      836,
      594,
      30
    ],
    "id": 301,
    "indented": true,
    "parent": 300,
    "text": "",
    "type": "LINE"
  },
  {
    "addresses": [
      {
        "street_name": "Arbre-Sec",
        "street_numbers": [
          "52"
        ]
      }
    ],
    "box": [
      134,
      836,
      594,
      30
    ],
    "checked": true,
    "id": 300,
    "origin": "human",
    "parent": 262,
    "persons": [
      "Delanoue"
    ],
    "score": 1,
    "text_ocr": "##Delanoue##, ££cab. de lecture££, @@Arbre-Sec@@, $$52$$.\n",
    "type": "ENTRY"
  },
  {
    "EOL": false,
    "box": [
      134,
      872,
      636,
      30
    ],
    "id": 303,
    "indented": true,
    "parent": 302,
    "text": "",
    "type": "LINE"
  },
  {
    "addresses": [
      {
        "street_name": "Petit-Bourbon",
        "street_numbers": [
          "16 bis"
        ]
      }
    ],
    "box": [
      134,
      872,
      636,
      30
    ],
    "checked": true,
    "id": 302,
    "origin": "human",
    "parent": 262,
    "persons": [
      "Delanoue"
    ],
    "score": 0.5,
    "text_ocr": "##Delanoue##, ££carrossier££, @@Petit-Bourbon@@, $$16 bis$$.\n",
    "type": "ENTRY"
  },
  {
    "EOL": false,
    "box": [
      134,
      904,
      470,
      32
    ],
    "id": 305,
    "indented": true,
    "parent": 304,
    "text": "",
    "type": "LINE"
  },
  {
    "addresses": [
      {
        "street_name": "Arcis",
        "street_numbers": [
          "64"
        ]
      }
    ],
    "box": [
      134,
      904,
      470,
      32
    ],
    "checked": true,
    "id": 304,
    "origin": "human",
    "parent": 262,
    "persons": [
      "Delanoue"
    ],
    "score": 0.625,
    "text_ocr": "##Delanoue##, ££limonadier££,  @@Arcis@@, $$64$$.\n",
    "type": "ENTRY"
  },
  {
    "EOL": false,
    "box": [
      132,
      940,
      544,
      34
    ],
    "id": 307,
    "indented": true,
    "parent": 306,
    "text": "",
    "type": "LINE"
  },
  {
    "addresses": [
      {
        "street_name": "Ville-l'Evèque",
        "street_numbers": [
          "5"
        ]
      }
    ],
    "box": [
      132,
      940,
      544,
      34
    ],
    "checked": true,
    "id": 306,
    "origin": "human",
    "parent": 262,
    "persons": [
      "Delanoue"
    ],
    "score": 1,
    "text_ocr": "##Delanoue##, ££papetier££, @@Ville-l'Evèque@@, $$5$$.\n",
    "type": "ENTRY"
  },
  {
    "EOL": false,
    "box": [
      134,
      974,
      474,
      34
    ],
    "id": 309,
    "indented": true,
    "parent": 308,
    "text": "",
    "type": "LINE"
  },
  {
    "addresses": [
      {
        "street_name": "Anjou-Marais",
        "street_numbers": [
          "4"
        ]
      }
    ],
    "box": [
      134,
      974,
      474,
      34
    ],
    "checked": true,
    "id": 308,
    "origin": "human",
    "parent": 262,
    "persons": [
      "Delanoy"
    ],
    "score": 0.5,
    "text_ocr": "##Delanoy##, µµprop.µµ, @@Anjou-Marais@@, $$4$$.\n",
    "type": "ENTRY"
  },
  {
    "EOL": false,
    "box": [
      132,
      1008,
      752,
      36
    ],
    "id": 311,
    "indented": true,
    "parent": 310,
    "text": "",
    "type": "LINE"
  },
  {
    "addresses": [
      {
        "street_name": "Angoulême-du-Temple",
        "street_numbers": [
          "15"
        ]
      }
    ],
    "box": [
      132,
      1008,
      752,
      36
    ],
    "checked": true,
    "id": 310,
    "origin": "human",
    "parent": 262,
    "persons": [
      "Delanoye"
    ],
    "score": 0.5,
    "text_ocr": "##Delanoye##, ££anc. courtier££, @@Angoulême-du-Temple@@, $$15$$.\n",
    "type": "ENTRY"
  },
  {
    "EOL": false,
    "box": [
      134,
      1042,
      750,
      34
    ],
    "id": 313,
    "indented": true,
    "parent": 312,
    "text": "",
    "type": "LINE"
  },
  {
    "addresses": [
      {
        "street_name": "St-Maur-Popincourt",
        "street_numbers": [
          "22"
        ]
      }
    ],
    "box": [
      134,
      1042,
      750,
      34
    ],
    "checked": true,
    "id": 312,
    "origin": "human",
    "parent": 262,
    "persons": [
      "Delanson"
    ],
    "score": 0.5,
    "text_ocr": "##Delanson##, ££peintre en voit.££, @@St-Maur-Popincourt@@, $$22$$.\n",
    "type": "ENTRY"
  },
  {
    "EOL": false,
    "box": [
      134,
      1078,
      806,
      34
    ],
    "id": 315,
    "indented": true,
    "parent": 314,
    "text": "",
    "type": "LINE"
  },
  {
    "addresses": [
      {
        "street_name": "St-Pierre-Montm.",
        "street_numbers": [
          "13"
        ]
      }
    ],
    "box": [
      134,
      1078,
      806,
      34
    ],
    "checked": true,
    "id": 314,
    "origin": "human",
    "parent": 262,
    "persons": [
      "Delapalme père"
    ],
    "score": 0.5,
    "text_ocr": "##Delapalme père##, ££cons. C. royale££, @@St-Pierre-Montm.@@, $$13$$.\n",
    "type": "ENTRY"
  },
  {
    "EOL": false,
    "box": [
      134,
      1110,
      806,
      36
    ],
    "id": 317,
    "indented": true,
    "parent": 316,
    "text": "",
    "type": "LINE"
  },
  {
    "addresses": [
      {
        "street_name": "Sourdière",
        "street_numbers": [
          "16"
        ]
      }
    ],
    "box": [
      134,
      1110,
      806,
      36
    ],
    "checked": true,
    "id": 316,
    "origin": "human",
    "parent": 262,
    "persons": [
      "Delapalme (Emile)"
    ],
    "score": 0.5,
    "text_ocr": "##Delapalme (Emile)##, ££avocat gén. cour roy.££, @@Sourdière@@,$$16$$.\n",
    "type": "ENTRY"
  },
  {
    "EOL": false,
    "box": [
      132,
      1144,
      808,
      36
    ],
    "id": 319,
    "indented": true,
    "parent": 318,
    "text": "",
    "type": "LINE"
  },
  {
    "EOL": false,
    "box": [
      150,
      1182,
      472,
      30
    ],
    "id": 320,
    "indented": false,
    "parent": 318,
    "text": "",
    "type": "LINE"
  },
  {
    "addresses": [
      {
        "street_name": "Provence",
        "street_numbers": [
          "46"
        ]
      }
    ],
    "box": [
      132,
      1144,
      808,
      68
    ],
    "checked": true,
    "id": 318,
    "origin": "human",
    "parent": 262,
    "persons": [
      "De la Piedra (Luis)"
    ],
    "score": 0.9375,
    "text_ocr": "##De la Piedra (Luis)##, ££commissaire de La caisse d'amortis-\nsement d'Espagne££, @@Provence@@, $$46$$.\n",
    "type": "ENTRY"
  },
  {
    "EOL": false,
    "box": [
      134,
      1216,
      612,
      30
    ],
    "id": 322,
    "indented": true,
    "parent": 321,
    "text": "",
    "type": "LINE"
  },
  {
    "addresses": [
      {
        "street_name": "Fg-St-Honoré",
        "street_numbers": [
          "34"
        ]
      }
    ],
    "box": [
      134,
      1216,
      612,
      30
    ],
    "checked": true,
    "id": 321,
    "origin": "human",
    "parent": 262,
    "persons": [
      "Delapierre"
    ],
    "score": 0.5,
    "text_ocr": "##Delapierre##, ££comestibles££, @@Fg-St-Honoré@@, $$34$$.\n",
    "type": "ENTRY"
  },
  {
    "EOL": false,
    "box": [
      134,
      1250,
      614,
      32
    ],
    "id": 324,
    "indented": true,
    "parent": 323,
    "text": "",
    "type": "LINE"
  },
  {
    "addresses": [
      {
        "street_name": "Anjou-St-Honoré",
        "street_numbers": [
          "7"
        ]
      }
    ],
    "box": [
      134,
      1250,
      614,
      32
    ],
    "checked": true,
    "id": 323,
    "origin": "human",
    "parent": 262,
    "persons": [
      "Delapierre"
    ],
    "score": 0.5,
    "text_ocr": "##Delapierre##, ££marbrier££,  @@Anjou-St-Honoré@@, $$7$$.\n",
    "type": "ENTRY"
  },
  {
    "EOL": false,
    "box": [
      136,
      1284,
      522,
      32
    ],
    "id": 326,
    "indented": true,
    "parent": 325,
    "text": "",
    "type": "LINE"
  },
  {
    "addresses": [
      {
        "street_name": "Louvois",
        "street_numbers": [
          "12"
        ]
      }
    ],
    "box": [
      136,
      1284,
      522,
      32
    ],
    "checked": true,
    "id": 325,
    "origin": "human",
    "parent": 262,
    "persons": [
      "Delapierre"
    ],
    "score": 1,
    "text_ocr": "##Delapierre##, ££teinturier££, @@Louvois@@, $$12$$.\n",
    "type": "ENTRY"
  },
  {
    "EOL": false,
    "box": [
      134,
      1316,
      486,
      34
    ],
    "id": 328,
    "indented": true,
    "parent": 327,
    "text": "",
    "type": "LINE"
  },
  {
    "addresses": [
      {
        "street_name": "Lille",
        "street_numbers": [
          "26"
        ]
      }
    ],
    "box": [
      134,
      1316,
      486,
      34
    ],
    "checked": true,
    "id": 327,
    "origin": "human",
    "parent": 262,
    "persons": [
      "Delapinsonnière"
    ],
    "score": 1,
    "text_ocr": "##Delapinsonnière## µµO. ::LH::µµ, @@Lille@@, $$26$$.\n",
    "type": "ENTRY"
  },
  {
    "EOL": false,
    "box": [
      134,
      1354,
      400,
      34
    ],
    "id": 330,
    "indented": true,
    "parent": 329,
    "text": "",
    "type": "LINE"
  },
  {
    "addresses": [
      {
        "street_name": "Lille",
        "street_numbers": [
          "97"
        ]
      }
    ],
    "box": [
      134,
      1354,
      400,
      34
    ],
    "checked": true,
    "id": 329,
    "origin": "human",
    "parent": 262,
    "persons": [
      "Delaplace (Mad.)"
    ],
    "score": 1,
    "text_ocr": "##Delaplace (Mad.)##, @@Lille@@, $$97$$.\n",
    "type": "ENTRY"
  },
  {
    "EOL": false,
    "box": [
      134,
      1388,
      454,
      30
    ],
    "id": 332,
    "indented": true,
    "parent": 331,
    "text": "",
    "type": "LINE"
  },
  {
    "addresses": [
      {
        "street_name": "Sèvres",
        "street_numbers": [
          "36"
        ]
      }
    ],
    "box": [
      134,
      1388,
      454,
      30
    ],
    "checked": true,
    "id": 331,
    "origin": "human",
    "parent": 262,
    "persons": [
      "Delaplace"
    ],
    "score": 1,
    "text_ocr": "##Delaplace##, ££épicier££, @@Sèvres@@, $$36$$.\n",
    "type": "ENTRY"
  },
  {
    "EOL": false,
    "box": [
      134,
      1420,
      588,
      36
    ],
    "id": 334,
    "indented": true,
    "parent": 333,
    "text": "",
    "type": "LINE"
  },
  {
    "addresses": [
      {
        "street_name": "gal. Montesquieu",
        "street_numbers": [
          "5"
        ]
      }
    ],
    "box": [
      134,
      1420,
      588,
      36
    ],
    "checked": true,
    "id": 333,
    "origin": "human",
    "parent": 262,
    "persons": [
      "Delaplace"
    ],
    "score": 1,
    "text_ocr": "##Delaplace##, ££restaur.££, @@gal. Montesquieu@@, $$5$$.\n",
    "type": "ENTRY"
  },
  {
    "EOL": false,
    "box": [
      132,
      1456,
      732,
      34
    ],
    "id": 336,
    "indented": true,
    "parent": 335,
    "text": "",
    "type": "LINE"
  },
  {
    "addresses": [
      {
        "street_name": "Poissonnière",
        "street_numbers": [
          "10"
        ]
      }
    ],
    "box": [
      132,
      1456,
      732,
      34
    ],
    "checked": true,
    "id": 335,
    "origin": "human",
    "parent": 262,
    "persons": [
      "Delaplace (Mad.)"
    ],
    "score": 1,
    "text_ocr": "##Delaplace (Mad.)##, ££prof. de piano££, @@Poissonnière@@, $$10$$.\n",
    "type": "ENTRY"
  },
  {
    "EOL": false,
    "box": [
      134,
      1492,
      592,
      32
    ],
    "id": 338,
    "indented": true,
    "parent": 337,
    "text": "",
    "type": "LINE"
  },
  {
    "addresses": [
      {
        "street_name": "Tournon",
        "street_numbers": [
          "29"
        ]
      }
    ],
    "box": [
      134,
      1492,
      592,
      32
    ],
    "checked": true,
    "id": 337,
    "origin": "human",
    "parent": 262,
    "persons": [
      "Delaplace (Mlle,)"
    ],
    "score": 1,
    "text_ocr": "##Delaplace (Mlle,)## ££merceries££, @@Tournon@@, $$29$$.\n",
    "type": "ENTRY"
  },
  {
    "EOL": false,
    "box": [
      134,
      1526,
      440,
      30
    ],
    "id": 340,
    "indented": true,
    "parent": 339,
    "text": "",
    "type": "LINE"
  },
  {
    "addresses": [
      {
        "street_name": "Sèvres",
        "street_numbers": [
          "88"
        ]
      }
    ],
    "box": [
      134,
      1526,
      440,
      30
    ],
    "checked": true,
    "id": 339,
    "origin": "human",
    "parent": 262,
    "persons": [
      "Delaplanche"
    ],
    "score": 1,
    "text_ocr": "##Delaplanche##, ££vins££, @@Sèvres@@, $$88$$.\n",
    "type": "ENTRY"
  },
  {
    "EOL": false,
    "box": [
      132,
      1560,
      606,
      32
    ],
    "id": 342,
    "indented": true,
    "parent": 341,
    "text": "",
    "type": "LINE"
  },
  {
    "addresses": [
      {
        "street_name": "Bourdonnais",
        "street_numbers": [
          "11"
        ]
      }
    ],
    "box": [
      132,
      1560,
      606,
      32
    ],
    "checked": true,
    "id": 341,
    "origin": "human",
    "parent": 262,
    "persons": [
      "Delaplanche (Ve)"
    ],
    "score": 1,
    "text_ocr": "##Delaplanche (Ve)##, ££toiles££, @@Bourdonnais@@, $$11$$.\n",
    "type": "ENTRY"
  },
  {
    "EOL": false,
    "box": [
      132,
      1594,
      646,
      34
    ],
    "id": 344,
    "indented": true,
    "parent": 343,
    "text": "",
    "type": "LINE"
  },
  {
    "addresses": [
      {
        "street_name": "Seine-St-Germain",
        "street_numbers": [
          "50"
        ]
      }
    ],
    "box": [
      132,
      1594,
      646,
      34
    ],
    "checked": true,
    "id": 343,
    "origin": "human",
    "parent": 262,
    "persons": [
      "De Laplante (Edard)"
    ],
    "score": 0.5,
    "text_ocr": "##De Laplante (Edard)##, @@Seine-St-Germain@@, $$50$$.\n",
    "type": "ENTRY"
  },
  {
    "EOL": false,
    "box": [
      134,
      1630,
      372,
      32
    ],
    "id": 346,
    "indented": true,
    "parent": 345,
    "text": "",
    "type": "LINE"
  },
  {
    "addresses": [
      {
        "street_name": "Garancière",
        "street_numbers": [
          "6"
        ]
      }
    ],
    "box": [
      134,
      1630,
      372,
      32
    ],
    "checked": true,
    "id": 345,
    "origin": "human",
    "parent": 262,
    "persons": [
      "Delaporte"
    ],
    "score": 1,
    "text_ocr": "##Delaporte##, @@Garancière@@, $$6$$.\n",
    "type": "ENTRY"
  },
  {
    "EOL": false,
    "box": [
      134,
      1662,
      652,
      34
    ],
    "id": 348,
    "indented": true,
    "parent": 347,
    "text": "",
    "type": "LINE"
  },
  {
    "addresses": [
      {
        "street_name": "pl. du Châtelet",
        "street_numbers": [
          "6"
        ]
      }
    ],
    "box": [
      134,
      1662,
      652,
      34
    ],
    "checked": true,
    "id": 347,
    "origin": "human",
    "parent": 262,
    "persons": [
      "Delaporte (Léon)"
    ],
    "score": 1,
    "text_ocr": "##Delaporte (Léon)##, ££avocat££, @@pl. du Châtelet@@, $$6$$.\n",
    "type": "ENTRY"
  },
  {
    "EOL": false,
    "box": [
      134,
      1696,
      576,
      34
    ],
    "id": 350,
    "indented": true,
    "parent": 349,
    "text": "",
    "type": "LINE"
  },
  {
    "addresses": [
      {
        "street_name": "Gravilliers",
        "street_numbers": [
          "28"
        ]
      }
    ],
    "box": [
      134,
      1696,
      576,
      34
    ],
    "checked": true,
    "id": 349,
    "origin": "human",
    "parent": 262,
    "persons": [
      "Delaporte"
    ],
    "score": 1,
    "text_ocr": "##Delaporte##, ££batteur d’or££, @@Gravilliers@@, $$28$$.\n",
    "type": "ENTRY"
  },
  {
    "EOL": false,
    "box": [
      134,
      1732,
      722,
      34
    ],
    "id": 352,
    "indented": true,
    "parent": 351,
    "text": "",
    "type": "LINE"
  },
  {
    "addresses": [
      {
        "street_name": "Fg-St-Antoine",
        "street_numbers": [
          "92"
        ]
      }
    ],
    "box": [
      134,
      1732,
      722,
      34
    ],
    "checked": true,
    "id": 351,
    "origin": "human",
    "parent": 262,
    "persons": [
      "Delaporte"
    ],
    "score": 0.5,
    "text_ocr": "##Delaporte##, ££f. bois de fauteuils££, @@Fg-St-Antoine@@, $$92$$.\n",
    "type": "ENTRY"
  },
  {
    "EOL": false,
    "box": [
      134,
      1766,
      650,
      34
    ],
    "id": 354,
    "indented": true,
    "parent": 353,
    "text": "",
    "type": "LINE"
  },
  {
    "addresses": [
      {
        "street_name": "Enfans-Rouges",
        "street_numbers": [
          "13"
        ]
      }
    ],
    "box": [
      134,
      1766,
      650,
      34
    ],
    "checked": true,
    "id": 353,
    "origin": "human",
    "parent": 262,
    "persons": [
      "Delaporte"
    ],
    "score": 0.5,
    "text_ocr": "##Delaporte##, ££f. chapeaux££, @@Enfans-Rouges@@, $$13$$.\n",
    "type": "ENTRY"
  },
  {
    "EOL": false,
    "box": [
      134,
      1800,
      586,
      34
    ],
    "id": 356,
    "indented": true,
    "parent": 355,
    "text": "",
    "type": "LINE"
  },
  {
    "addresses": [
      {
        "street_name": "pass. du Caire",
        "street_numbers": [
          "93"
        ]
      }
    ],
    "box": [
      134,
      1800,
      586,
      34
    ],
    "checked": true,
    "id": 355,
    "origin": "human",
    "parent": 262,
    "persons": [
      "Delaporte"
    ],
    "score": 1,
    "text_ocr": "##Delaporte##, ££lingerie££, @@pass. du Caire@@, $$93$$.\n",
    "type": "ENTRY"
  },
  {
    "EOL": false,
    "box": [
      132,
      1836,
      518,
      32
    ],
    "id": 358,
    "indented": true,
    "parent": 357,
    "text": "",
    "type": "LINE"
  },
  {
    "addresses": [
      {
        "street_name": "Montmartre",
        "street_numbers": [
          "140"
        ]
      }
    ],
    "box": [
      132,
      1836,
      518,
      32
    ],
    "checked": true,
    "id": 357,
    "origin": "human",
    "parent": 262,
    "persons": [
      "Delaporte"
    ],
    "score": 1,
    "text_ocr": "##Delaporte##, ££toiles££, @@Montmartre@@, $$140$$.\n",
    "type": "ENTRY"
  },
  {
    "EOL": false,
    "box": [
      134,
      1870,
      582,
      34
    ],
    "id": 360,
    "indented": true,
    "parent": 359,
    "text": "",
    "type": "LINE"
  },
  {
    "addresses": [
      {
        "street_name": "Ventadour",
        "street_numbers": [
          "5"
        ]
      }
    ],
    "box": [
      134,
      1870,
      582,
      34
    ],
    "checked": true,
    "id": 359,
    "origin": "human",
    "parent": 262,
    "persons": [
      "Delaporte (L.-S.)"
    ],
    "score": 1,
    "text_ocr": "##Delaporte (L.-S.)##, µµpropr.µµ, @@Ventadour@@, $$5$$.\n",
    "type": "ENTRY"
  },
  {
    "EOL": false,
    "box": [
      132,
      1902,
      676,
      36
    ],
    "id": 362,
    "indented": true,
    "parent": 361,
    "text": "",
    "type": "LINE"
  },
  {
    "addresses": [
      {
        "street_name": "Neuve-St-Laurent",
        "street_numbers": [
          "8"
        ]
      }
    ],
    "box": [
      132,
      1902,
      676,
      36
    ],
    "checked": true,
    "id": 361,
    "origin": "human",
    "parent": 262,
    "persons": [
      "Delaporte (Mlle)"
    ],
    "score": 0.5,
    "text_ocr": "##Delaporte (Mlle)##,  ££roulage££, @@Neuve-St-Laurent@@, $$8$$.\n",
    "type": "ENTRY"
  },
  {
    "EOL": false,
    "box": [
      132,
      1938,
      724,
      34
    ],
    "id": 364,
    "indented": true,
    "parent": 363,
    "text": "",
    "type": "LINE"
  },
  {
    "addresses": [
      {
        "street_name": "avenue de Neuilly",
        "street_numbers": [
          "9"
        ]
      }
    ],
    "box": [
      132,
      1938,
      724,
      34
    ],
    "checked": true,
    "id": 363,
    "origin": "human",
    "parent": 262,
    "persons": [
      "Delaporte fils"
    ],
    "score": 0.9705882352941176,
    "text_ocr": "##Delaporte fils##, ££passementier££, @@avenue de Neuilly@@, $$9$$.\n",
    "type": "ENTRY"
  },
  {
    "EOL": false,
    "box": [
      134,
      1972,
      598,
      34
    ],
    "id": 366,
    "indented": true,
    "parent": 365,
    "text": "",
    "type": "LINE"
  },
  {
    "addresses": [
      {
        "street_name": "q. de la Grève",
        "street_numbers": [
          "54"
        ]
      }
    ],
    "box": [
      134,
      1972,
      598,
      34
    ],
    "checked": true,
    "id": 365,
    "origin": "human",
    "parent": 262,
    "persons": [
      "Delaporte"
    ],
    "score": 0.5,
    "text_ocr": "##Delaporte##, ££md de sel££, @@q. de la Grève@@, $$54$$.\n",
    "type": "ENTRY"
  },
  {
    "EOL": false,
    "box": [
      134,
      2008,
      668,
      32
    ],
    "id": 368,
    "indented": true,
    "parent": 367,
    "text": "",
    "type": "LINE"
  },
  {
    "addresses": [
      {
        "street_name": "Prouvaires",
        "street_numbers": [
          "14"
        ]
      }
    ],
    "box": [
      134,
      2008,
      668,
      32
    ],
    "checked": true,
    "id": 367,
    "origin": "human",
    "parent": 262,
    "persons": [
      "Delaporte (Mlle)"
    ],
    "score": 1,
    "text_ocr": "##Delaporte (Mlle)##, ££grainetière££, @@Prouvaires@@, $$14$$.\n",
    "type": "ENTRY"
  },
  {
    "EOL": false,
    "box": [
      132,
      2040,
      688,
      36
    ],
    "id": 370,
    "indented": true,
    "parent": 369,
    "text": "",
    "type": "LINE"
  },
  {
    "addresses": [
      {
        "street_name": "Montorgueil",
        "street_numbers": [
          "25"
        ]
      }
    ],
    "box": [
      132,
      2040,
      688,
      36
    ],
    "checked": true,
    "id": 369,
    "origin": "human",
    "parent": 262,
    "persons": [
      "Delaporte (Mad.)"
    ],
    "score": 1,
    "text_ocr": "##Delaporte (Mad.)##, ££f. poupées££, @@Montorgueil@@, $$25$$.\n",
    "type": "ENTRY"
  },
  {
    "EOL": false,
    "box": [
      132,
      2076,
      682,
      32
    ],
    "id": 372,
    "indented": true,
    "parent": 371,
    "text": "",
    "type": "LINE"
  },
  {
    "addresses": [
      {
        "street_name": "Déchargeurs",
        "street_numbers": [
          "6"
        ]
      }
    ],
    "box": [
      132,
      2076,
      682,
      32
    ],
    "checked": true,
    "id": 371,
    "origin": "human",
    "parent": 262,
    "persons": [
      "Delaporte-Fournier"
    ],
    "score": 1,
    "text_ocr": "##Delaporte-Fournier##, ££lingeries££, @@Déchargeurs@@, $$6$$.\n",
    "type": "ENTRY"
  },
  {
    "EOL": false,
    "box": [
      132,
      2110,
      558,
      34
    ],
    "id": 374,
    "indented": true,
    "parent": 373,
    "text": "",
    "type": "LINE"
  },
  {
    "addresses": [
      {
        "street_name": "Quincampoix",
        "street_numbers": [
          "30"
        ]
      }
    ],
    "box": [
      132,
      2110,
      558,
      34
    ],
    "checked": true,
    "id": 373,
    "origin": "human",
    "parent": 262,
    "persons": [
      "Delar"
    ],
    "score": 1,
    "text_ocr": "##Delar##, ££fab. de fleurs££, @@Quincampoix@@, $$30$$.\n",
    "type": "ENTRY"
  },
  {
    "EOL": false,
    "box": [
      132,
      2144,
      510,
      32
    ],
    "id": 376,
    "indented": true,
    "parent": 375,
    "text": "",
    "type": "LINE"
  },
  {
    "addresses": [
      {
        "street_name": "Thiroux",
        "street_numbers": [
          "11"
        ]
      }
    ],
    "box": [
      132,
      2144,
      510,
      32
    ],
    "checked": true,
    "id": 375,
    "origin": "human",
    "parent": 262,
    "persons": [
      "Delarbre"
    ],
    "score": 0.5,
    "text_ocr": "##Delarbre##, ££cordonnier££, @@Thiroux@@, $$11$$.\n",
    "type": "ENTRY"
  },
  {
    "EOL": false,
    "box": [
      130,
      2178,
      654,
      34
    ],
    "id": 378,
    "indented": true,
    "parent": 377,
    "text": "",
    "type": "LINE"
  },
  {
    "addresses": [
      {
        "street_name": "Magasins",
        "street_numbers": [
          "12"
        ]
      }
    ],
    "box": [
      130,
      2178,
      654,
      34
    ],
    "checked": true,
    "id": 377,
    "origin": "human",
    "parent": 262,
    "persons": [
      "Delarbre"
    ],
    "score": 0.5,
    "text_ocr": "##Delarbre##, ££entrep. de bâtimens££, @@Magasins@@, $$12$$.\n",
    "type": "ENTRY"
  },
  {
    "EOL": false,
    "box": [
      132,
      2214,
      808,
      34
    ],
    "id": 380,
    "indented": true,
    "parent": 379,
    "text": "",
    "type": "LINE"
  },
  {
    "EOL": false,
    "box": [
      150,
      2248,
      146,
      28
    ],
    "id": 381,
    "indented": false,
    "parent": 379,
    "text": "",
    "type": "LINE"
  },
  {
    "addresses": [
      {
        "street_name": "Fg-St-\nDenis",
        "street_numbers": [
          "32"
        ]
      }
    ],
    "box": [
      132,
      2214,
      808,
      62
    ],
    "checked": true,
    "id": 379,
    "origin": "human",
    "parent": 262,
    "persons": [
      "Delarbre ainé et Russin jeune"
    ],
    "score": 0.5,
    "text_ocr": "##Delarbre ainé et Russin jeune##, ££f. chaussons££, @@Fg-St-\nDenis@@, $$32$$.\n",
    "type": "ENTRY"
  },
  {
    "EOL": false,
    "box": [
      132,
      2282,
      638,
      32
    ],
    "id": 383,
    "indented": true,
    "parent": 382,
    "text": "",
    "type": "LINE"
  },
  {
    "addresses": [
      {
        "street_name": "Touraine-au-Marais",
        "street_numbers": [
          "8"
        ]
      }
    ],
    "box": [
      132,
      2282,
      638,
      32
    ],
    "checked": true,
    "id": 382,
    "origin": "human",
    "parent": 262,
    "persons": [
      "Delarche"
    ],
    "score": 0.5,
    "text_ocr": "##Delarche##, ££anc. nég.££, @@Touraine-au-Marais@@, $$8$$.\n",
    "type": "ENTRY"
  },
  {
    "EOL": false,
    "box": [
      132,
      2316,
      652,
      34
    ],
    "id": 385,
    "indented": true,
    "parent": 384,
    "text": "",
    "type": "LINE"
  },
  {
    "addresses": [
      {
        "street_name": "Arbre-Sec",
        "street_numbers": [
          "44"
        ]
      }
    ],
    "box": [
      132,
      2316,
      652,
      34
    ],
    "checked": true,
    "id": 384,
    "origin": "human",
    "parent": 262,
    "persons": [
      "Delaruelle (J.) et co."
    ],
    "score": 1,
    "text_ocr": "##Delaruelle (J.) et co.##, ££draps££, @@Arbre-Sec@@, $$44$$.\n",
    "type": "ENTRY"
  },
  {
    "EOL": false,
    "box": [
      130,
      2350,
      536,
      34
    ],
    "id": 387,
    "indented": true,
    "parent": 386,
    "text": "",
    "type": "LINE"
  },
  {
    "addresses": [
      {
        "street_name": "Montmartre",
        "street_numbers": [
          "117"
        ]
      }
    ],
    "box": [
      130,
      2350,
      536,
      34
    ],
    "checked": true,
    "id": 386,
    "origin": "human",
    "parent": 262,
    "persons": [
      "Delarivière"
    ],
    "score": 1,
    "text_ocr": "##Delarivière##, µµprop.µµ, @@Montmartre@@, $$117$$.\n",
    "type": "ENTRY"
  },
  {
    "EOL": false,
    "box": [
      134,
      2386,
      596,
      30
    ],
    "id": 389,
    "indented": true,
    "parent": 388,
    "text": "",
    "type": "LINE"
  },
  {
    "addresses": [
      {
        "street_name": "St-Antoine",
        "street_numbers": [
          "28"
        ]
      }
    ],
    "box": [
      134,
      2386,
      596,
      30
    ],
    "checked": true,
    "id": 388,
    "origin": "human",
    "parent": 262,
    "persons": [
      "Delarivière"
    ],
    "score": 1,
    "text_ocr": "##Delarivière##, ££quincaillier££, @@St-Antoine@@, $$28$$.\n",
    "type": "ENTRY"
  },
  {
    "EOL": false,
    "box": [
      130,
      2418,
      598,
      34
    ],
    "id": 391,
    "indented": true,
    "parent": 390,
    "text": "",
    "type": "LINE"
  },
  {
    "addresses": [
      {
        "street_name": "Madeleine",
        "street_numbers": [
          "13"
        ]
      }
    ],
    "box": [
      130,
      2418,
      598,
      34
    ],
    "checked": true,
    "id": 390,
    "origin": "human",
    "parent": 262,
    "persons": [
      "Delarivière (H.)"
    ],
    "score": 1,
    "text_ocr": "##Delarivière (H.)##, ££épicier££, @@Madeleine@@, $$13$$.\n",
    "type": "ENTRY"
  },
  {
    "EOL": false,
    "box": [
      130,
      2452,
      688,
      36
    ],
    "id": 393,
    "indented": true,
    "parent": 392,
    "text": "",
    "type": "LINE"
  },
  {
    "addresses": [
      {
        "street_name": "Lombards",
        "street_numbers": [
          "8"
        ]
      }
    ],
    "box": [
      130,
      2452,
      688,
      36
    ],
    "checked": true,
    "id": 392,
    "origin": "human",
    "parent": 262,
    "persons": [
      "Delarivière (P.-F.)"
    ],
    "score": 1,
    "text_ocr": "##Delarivière (P.-F.)##, ££drog.-pharm.££, @@Lombards@@, $$8$$.\n",
    "type": "ENTRY"
  },
  {
    "EOL": false,
    "box": [
      130,
      2486,
      810,
      36
    ],
    "id": 395,
    "indented": true,
    "parent": 394,
    "text": "",
    "type": "LINE"
  },
  {
    "EOL": false,
    "box": [
      148,
      2522,
      46,
      24
    ],
    "id": 396,
    "indented": false,
    "parent": 394,
    "text": "",
    "type": "LINE"
  },
  {
    "addresses": [
      {
        "street_name": "Pet.-Augustins",
        "street_numbers": [
          "20"
        ]
      }
    ],
    "box": [
      130,
      2486,
      810,
      60
    ],
    "checked": true,
    "id": 394,
    "origin": "human",
    "parent": 262,
    "persons": [
      "Delaroche"
    ],
    "score": 0.5,
    "text_ocr": "##Delaroche## µµ::LH::µµ, ££sous-dir. du Mont-de-Piété££, @@Pet.-Augustins@@,\n$$20$$.\n",
    "type": "ENTRY"
  },
  {
    "EOL": false,
    "box": [
      132,
      2556,
      578,
      32
    ],
    "id": 398,
    "indented": true,
    "parent": 397,
    "text": "",
    "type": "LINE"
  },
  {
    "addresses": [
      {
        "street_name": "St-Honoré",
        "street_numbers": [
          "285"
        ]
      }
    ],
    "box": [
      132,
      2556,
      578,
      32
    ],
    "checked": true,
    "id": 397,
    "origin": "human",
    "parent": 262,
    "persons": [
      "Delaroche"
    ],
    "score": 1,
    "text_ocr": "##Delaroche## µµ::LH::µµ, ££médecin££, @@St-Honoré@@, $$285$$.\n",
    "type": "ENTRY"
  },
  {
    "EOL": false,
    "box": [
      132,
      2590,
      766,
      34
    ],
    "id": 400,
    "indented": true,
    "parent": 399,
    "text": "",
    "type": "LINE"
  },
  {
    "addresses": [
      {
        "street_name": "Tour-des-Dames",
        "street_numbers": [
          "7"
        ]
      }
    ],
    "box": [
      132,
      2590,
      766,
      34
    ],
    "checked": true,
    "id": 399,
    "origin": "human",
    "parent": 262,
    "persons": [
      "Delaroche (Paul)"
    ],
    "score": 1,
    "text_ocr": "##Delaroche (Paul)## µµO. ::LH::µµ, ££peintre££, @@Tour-des-Dames@@, $$7$$.\n",
    "type": "ENTRY"
  },
  {
    "EOL": false,
    "box": [
      130,
      2624,
      504,
      34
    ],
    "id": 402,
    "indented": true,
    "parent": 401,
    "text": "",
    "type": "LINE"
  },
  {
    "addresses": [
      {
        "street_name": "St-Jacques",
        "street_numbers": [
          "314"
        ]
      }
    ],
    "box": [
      130,
      2624,
      504,
      34
    ],
    "checked": true,
    "id": 401,
    "origin": "human",
    "parent": 262,
    "persons": [
      "Delaroche"
    ],
    "score": 0.9615384615384616,
    "text_ocr": "##Delaroche##, µµprop.µµ, @@St-Jacques@@, $$314$$.\n",
    "type": "ENTRY"
  },
  {
    "EOL": false,
    "box": [
      130,
      2658,
      624,
      34
    ],
    "id": 404,
    "indented": true,
    "parent": 403,
    "text": "",
    "type": "LINE"
  },
  {
    "addresses": [
      {
        "street_name": "Bac",
        "street_numbers": [
          "101"
        ]
      }
    ],
    "box": [
      130,
      2658,
      624,
      34
    ],
    "checked": true,
    "id": 403,
    "origin": "human",
    "parent": 262,
    "persons": [
      "Delaroche aîné"
    ],
    "score": 1,
    "text_ocr": "##Delaroche aîné##, ££f. tôle et chem.££, @@Bac@@, $$101$$.\n",
    "type": "ENTRY"
  },
  {
    "EOL": false,
    "box": [
      132,
      2692,
      692,
      34
    ],
    "id": 406,
    "indented": true,
    "parent": 405,
    "text": "",
    "type": "LINE"
  },
  {
    "addresses": [
      {
        "street_name": "Bac",
        "street_numbers": [
          "38"
        ]
      }
    ],
    "box": [
      132,
      2692,
      692,
      34
    ],
    "checked": true,
    "id": 405,
    "origin": "human",
    "parent": 262,
    "persons": [
      "Delaroche (J.-S.) fils"
    ],
    "score": 1,
    "text_ocr": "##Delaroche (J.-S.) fils##, ££f. tôle et poêlier££, @@Bac@@, $$38$$.\n",
    "type": "ENTRY"
  },
  {
    "EOL": false,
    "box": [
      130,
      2726,
      682,
      38
    ],
    "id": 408,
    "indented": true,
    "parent": 407,
    "text": "",
    "type": "LINE"
  },
  {
    "addresses": [
      {
        "street_name": "Fg Montmartre",
        "street_numbers": [
          "18"
        ]
      }
    ],
    "box": [
      130,
      2726,
      682,
      38
    ],
    "checked": true,
    "id": 407,
    "origin": "human",
    "parent": 262,
    "persons": [
      "Delaroche"
    ],
    "score": 0.5,
    "text_ocr": "##Delaroche##, ££poêlier-fumiste££, @@Fg Montmartre@@, $$18$$.\n",
    "type": "ENTRY"
  },
  {
    "EOL": false,
    "box": [
      130,
      2762,
      580,
      36
    ],
    "id": 410,
    "indented": true,
    "parent": 409,
    "text": "",
    "type": "LINE"
  },
  {
    "addresses": [
      {
        "street_name": "Paix",
        "street_numbers": [
          "13"
        ]
      }
    ],
    "box": [
      130,
      2762,
      580,
      36
    ],
    "checked": true,
    "id": 409,
    "origin": "human",
    "parent": 262,
    "persons": [
      "Delaroche-Daigremont"
    ],
    "score": 1,
    "text_ocr": "##Delaroche-Daigremont##, ££linger££, @@Paix@@, $$13$$.\n",
    "type": "ENTRY"
  },
  {
    "box": [
      128,
      178,
      812,
      2620
    ],
    "id": 262,
    "parent": 261,
    "type": "COLUMN_LEVEL_2"
  },
  {
    "box": [
      128,
      178,
      812,
      2620
    ],
    "id": 261,
    "parent": 260,
    "type": "SECTION_LEVEL_2"
  },
  {
    "box": [
      128,
      178,
      812,
      2620
    ],
    "id": 260,
    "parent": 259,
    "type": "COLUMN_LEVEL_1"
  },
  {
    "EOL": false,
    "box": [
      976,
      178,
      546,
      32
    ],
    "id": 415,
    "indented": false,
    "parent": 414,
    "text": "",
    "type": "LINE"
  },
  {
    "addresses": [
      {
        "street_name": "St-Marc",
        "street_numbers": [
          "21"
        ]
      }
    ],
    "box": [
      976,
      178,
      546,
      32
    ],
    "checked": true,
    "id": 414,
    "origin": "human",
    "parent": 413,
    "persons": [
      "Delaromanichère"
    ],
    "score": 0.5,
    "text_ocr": "##Delaromanichère##, µµprop.µµ, @@St-Marc@@, $$21$$.\n",
    "type": "ENTRY"
  },
  {
    "EOL": false,
    "box": [
      976,
      210,
      584,
      34
    ],
    "id": 417,
    "indented": true,
    "parent": 416,
    "text": "",
    "type": "LINE"
  },
  {
    "addresses": [
      {
        "street_name": "Cité-Bergère",
        "street_numbers": [
          "6"
        ]
      }
    ],
    "box": [
      976,
      210,
      584,
      34
    ],
    "checked": true,
    "id": 416,
    "origin": "human",
    "parent": 413,
    "persons": [
      "Delaroque"
    ],
    "score": 0.9583333333333333,
    "text_ocr": "##Delaroque## µµ::LH::µµ, ££médecin££, @@Cité-Bergère@@, $$6$$.\n",
    "type": "ENTRY"
  },
  {
    "EOL": false,
    "box": [
      976,
      246,
      628,
      32
    ],
    "id": 419,
    "indented": true,
    "parent": 418,
    "text": "",
    "type": "LINE"
  },
  {
    "addresses": [
      {
        "street_name": "quai Voltaire",
        "street_numbers": [
          "19"
        ]
      }
    ],
    "box": [
      976,
      246,
      628,
      32
    ],
    "checked": true,
    "id": 418,
    "origin": "human",
    "parent": 413,
    "persons": [
      "Delaroque aîné"
    ],
    "score": 1,
    "text_ocr": "##Delaroque aîné##, ££libraire££, @@quai Voltaire@@, $$19$$.\n",
    "type": "ENTRY"
  },
  {
    "EOL": false,
    "box": [
      976,
      280,
      742,
      34
    ],
    "id": 421,
    "indented": true,
    "parent": 420,
    "text": "",
    "type": "LINE"
  },
  {
    "addresses": [
      {
        "street_name": "boul. Poissonnière",
        "street_numbers": [
          "23"
        ]
      }
    ],
    "box": [
      976,
      280,
      742,
      34
    ],
    "checked": true,
    "id": 420,
    "origin": "human",
    "parent": 413,
    "persons": [
      "Delaroque (J.-M.)"
    ],
    "score": 1,
    "text_ocr": "##Delaroque (J.-M.)##, ££libraire££, @@boul. Poissonnière@@, $$23$$.\n",
    "type": "ENTRY"
  },
  {
    "EOL": false,
    "box": [
      976,
      314,
      726,
      34
    ],
    "id": 423,
    "indented": true,
    "parent": 422,
    "text": "",
    "type": "LINE"
  },
  {
    "addresses": [
      {
        "street_name": "boul. Poissonnière",
        "street_numbers": [
          "15"
        ]
      }
    ],
    "box": [
      976,
      314,
      726,
      34
    ],
    "checked": true,
    "id": 422,
    "origin": "human",
    "parent": 413,
    "persons": [
      "Delaroque jeune"
    ],
    "score": 1,
    "text_ocr": "##Delaroque jeune##, ££libraire££, @@boul. Poissonnière@@, $$15$$.\n",
    "type": "ENTRY"
  },
  {
    "EOL": false,
    "box": [
      976,
      348,
      674,
      34
    ],
    "id": 425,
    "indented": true,
    "parent": 424,
    "text": "",
    "type": "LINE"
  },
  {
    "addresses": [
      {
        "street_name": "galerie Colbert",
        "street_numbers": [
          "3"
        ]
      }
    ],
    "box": [
      976,
      348,
      674,
      34
    ],
    "checked": true,
    "id": 424,
    "origin": "human",
    "parent": 413,
    "persons": [
      "Delaroque (Emml)"
    ],
    "score": 1,
    "text_ocr": "##Delaroque (Emml)##, ££libraire££, @@galerie Colbert@@, $$3$$.\n",
    "type": "ENTRY"
  },
  {
    "EOL": false,
    "box": [
      976,
      384,
      774,
      32
    ],
    "id": 427,
    "indented": true,
    "parent": 426,
    "text": "",
    "type": "LINE"
  },
  {
    "addresses": [
      {
        "street_name": "Temple",
        "street_numbers": [
          "80"
        ]
      }
    ],
    "box": [
      976,
      384,
      774,
      32
    ],
    "checked": true,
    "id": 426,
    "origin": "human",
    "parent": 413,
    "persons": [
      "Delarosière (Mad.)"
    ],
    "score": 1,
    "text_ocr": "##Delarosière (Mad.)##, ££prieuré Bénédictines££, @@Temple@@, $$80$$.\n",
    "type": "ENTRY"
  },
  {
    "EOL": false,
    "box": [
      976,
      418,
      810,
      48
    ],
    "id": 429,
    "indented": true,
    "parent": 428,
    "text": "",
    "type": "LINE"
  },
  {
    "EOL": false,
    "box": [
      990,
      452,
      194,
      32
    ],
    "id": 430,
    "indented": false,
    "parent": 428,
    "text": "",
    "type": "LINE"
  },
  {
    "addresses": [
      {
        "street_name": "boul. Bonne-\nNouvelle",
        "street_numbers": [
          "32"
        ]
      }
    ],
    "box": [
      976,
      418,
      810,
      66
    ],
    "checked": true,
    "id": 428,
    "origin": "human",
    "parent": 413,
    "persons": [
      "Delarozerie"
    ],
    "score": 1,
    "text_ocr": "##Delarozerie##, ££insp. du mobil. de la couronne££, @@boul. Bonne-\nNouvelle@@, $$32$$.\n",
    "type": "ENTRY"
  },
  {
    "EOL": false,
    "box": [
      974,
      486,
      450,
      32
    ],
    "id": 432,
    "indented": true,
    "parent": 431,
    "text": "",
    "type": "LINE"
  },
  {
    "addresses": [
      {
        "street_name": "Houssaye",
        "street_numbers": [
          "2"
        ]
      }
    ],
    "box": [
      974,
      486,
      450,
      32
    ],
    "checked": true,
    "id": 431,
    "origin": "human",
    "parent": 413,
    "persons": [
      "Delarue"
    ],
    "score": 0.5,
    "text_ocr": "##Delarue##, µµprop.µµ, @@Houssaye@@, $$2$$.\n",
    "type": "ENTRY"
  },
  {
    "EOL": false,
    "box": [
      974,
      520,
      490,
      34
    ],
    "id": 434,
    "indented": true,
    "parent": 433,
    "text": "",
    "type": "LINE"
  },
  {
    "addresses": [
      {
        "street_name": "Blanche",
        "street_numbers": [
          "6"
        ]
      }
    ],
    "box": [
      974,
      520,
      490,
      34
    ],
    "checked": true,
    "id": 433,
    "origin": "human",
    "parent": 413,
    "persons": [
      "Delarue"
    ],
    "score": 1,
    "text_ocr": "##Delarue## µµO. ::LH::, prop.µµ, @@Blanche@@, $$6$$.\n",
    "type": "ENTRY"
  },
  {
    "EOL": false,
    "box": [
      976,
      556,
      414,
      30
    ],
    "id": 436,
    "indented": true,
    "parent": 435,
    "text": "",
    "type": "LINE"
  },
  {
    "addresses": [
      {
        "street_name": "Blanche",
        "street_numbers": [
          "6"
        ]
      }
    ],
    "box": [
      976,
      556,
      414,
      30
    ],
    "checked": true,
    "id": 435,
    "origin": "human",
    "parent": 413,
    "persons": [
      "Delarue"
    ],
    "score": 0.9285714285714286,
    "text_ocr": "##Delarue##, ££avocat££, @@Blanche@@, $$6$$.\n",
    "type": "ENTRY"
  },
  {
    "EOL": false,
    "box": [
      976,
      590,
      588,
      34
    ],
    "id": 438,
    "indented": true,
    "parent": 437,
    "text": "",
    "type": "LINE"
  },
  {
    "addresses": [
      {
        "street_name": "Blanche",
        "street_numbers": [
          "6"
        ]
      }
    ],
    "box": [
      976,
      590,
      588,
      34
    ],
    "checked": true,
    "id": 437,
    "origin": "human",
    "parent": 413,
    "persons": [
      "Delarue (Charles)"
    ],
    "score": 1,
    "text_ocr": "##Delarue (Charles)## µµ::LH::µµ, ££capit.££, @@Blanche@@, $$6$$.\n",
    "type": "ENTRY"
  },
  {
    "EOL": false,
    "box": [
      976,
      624,
      422,
      32
    ],
    "id": 440,
    "indented": true,
    "parent": 439,
    "text": "",
    "type": "LINE"
  },
  {
    "addresses": [
      {
        "street_name": "Gaillon",
        "street_numbers": [
          "2"
        ]
      }
    ],
    "box": [
      976,
      624,
      422,
      32
    ],
    "checked": true,
    "id": 439,
    "origin": "human",
    "parent": 413,
    "persons": [
      "Delarue"
    ],
    "score": 1,
    "text_ocr": "##Delarue##, ££médecin££, @@Gaillon@@, $$2$$.\n",
    "type": "ENTRY"
  },
  {
    "EOL": false,
    "box": [
      976,
      660,
      506,
      32
    ],
    "id": 442,
    "indented": true,
    "parent": 441,
    "text": "",
    "type": "LINE"
  },
  {
    "addresses": [
      {
        "street_name": "St-Antoine",
        "street_numbers": [
          "77"
        ]
      }
    ],
    "box": [
      976,
      660,
      506,
      32
    ],
    "checked": true,
    "id": 441,
    "origin": "human",
    "parent": 413,
    "persons": [
      "Delarue"
    ],
    "score": 1,
    "text_ocr": "##Delarue##, ££anc. nég.££, @@St-Antoine@@, $$77$$.\n",
    "type": "ENTRY"
  },
  {
    "EOL": false,
    "box": [
      974,
      692,
      632,
      34
    ],
    "id": 444,
    "indented": true,
    "parent": 443,
    "text": "",
    "type": "LINE"
  },
  {
    "addresses": [
      {
        "street_name": "aux Fèves",
        "street_numbers": [
          "21"
        ]
      }
    ],
    "box": [
      974,
      692,
      632,
      34
    ],
    "checked": true,
    "id": 443,
    "origin": "human",
    "parent": 413,
    "persons": [
      "Delarue"
    ],
    "score": 0.5,
    "text_ocr": "##Delarue##, ££fab. de chandelles££, @@aux Fèves@@, $$21$$.\n",
    "type": "ENTRY"
  },
  {
    "EOL": false,
    "box": [
      976,
      728,
      568,
      30
    ],
    "id": 446,
    "indented": true,
    "parent": 445,
    "text": "",
    "type": "LINE"
  },
  {
    "addresses": [
      {
        "street_name": "Froidmanteau",
        "street_numbers": [
          "30"
        ]
      }
    ],
    "box": [
      976,
      728,
      568,
      30
    ],
    "checked": true,
    "id": 445,
    "origin": "human",
    "parent": 413,
    "persons": [
      "Delarue"
    ],
    "score": 0.5,
    "text_ocr": "##Delarue##, ££charcutier££, @@Froidmanteau@@, $$30$$.\n",
    "type": "ENTRY"
  },
  {
    "EOL": false,
    "box": [
      974,
      762,
      528,
      34
    ],
    "id": 448,
    "indented": true,
    "parent": 447,
    "text": "",
    "type": "LINE"
  },
  {
    "addresses": [
      {
        "street_name": "Mouffetard",
        "street_numbers": [
          "1,3"
        ]
      }
    ],
    "box": [
      974,
      762,
      528,
      34
    ],
    "checked": true,
    "id": 447,
    "origin": "human",
    "parent": 413,
    "persons": [
      "Delarue"
    ],
    "score": 1,
    "text_ocr": "##Delarue##, ££épicier££, @@Mouffetard@@, @@1 et 3@@.\n",
    "type": "ENTRY"
  },
  {
    "EOL": false,
    "box": [
      974,
      768,
      814,
      64
    ],
    "id": 450,
    "indented": true,
    "parent": 449,
    "text": "",
    "type": "LINE"
  },
  {
    "addresses": [
      {
        "street_name": "Palais-Royal, péristyle Valois",
        "street_numbers": [
          "184"
        ]
      }
    ],
    "box": [
      974,
      768,
      814,
      64
    ],
    "checked": true,
    "id": 449,
    "origin": "human",
    "parent": 413,
    "persons": [
      "Delarue"
    ],
    "score": 1,
    "text_ocr": "##Delarue##, ££estampes££, @@Palais-Royal, péristyle Valois@@, $$184$$.\n",
    "type": "ENTRY"
  },
  {
    "EOL": false,
    "box": [
      974,
      832,
      570,
      32
    ],
    "id": 452,
    "indented": true,
    "parent": 451,
    "text": "",
    "type": "LINE"
  },
  {
    "addresses": [
      {
        "street_name": "q. des Augustins",
        "street_numbers": [
          "11"
        ]
      }
    ],
    "box": [
      974,
      832,
      570,
      32
    ],
    "checked": true,
    "id": 451,
    "origin": "human",
    "parent": 413,
    "persons": [
      "Delarue"
    ],
    "score": 0.5,
    "text_ocr": "##Delarue##, ££libraire££, @@q. des Augustins@@, $$11$$.\n",
    "type": "ENTRY"
  },
  {
    "EOL": false,
    "box": [
      976,
      864,
      570,
      34
    ],
    "id": 454,
    "indented": true,
    "parent": 453,
    "text": "",
    "type": "LINE"
  },
  {
    "addresses": [
      {
        "street_name": "faub. St-Honoré",
        "street_numbers": [
          "60"
        ]
      }
    ],
    "box": [
      976,
      864,
      570,
      34
    ],
    "checked": true,
    "id": 453,
    "origin": "human",
    "parent": 413,
    "persons": [
      "Delarue"
    ],
    "score": 1,
    "text_ocr": "##Delarue##, ££papetier££, @@faub. St-Honoré@@, $$60$$.\n",
    "type": "ENTRY"
  },
  {
    "EOL": false,
    "box": [
      974,
      900,
      690,
      32
    ],
    "id": 456,
    "indented": true,
    "parent": 455,
    "text": "",
    "type": "LINE"
  },
  {
    "addresses": [
      {
        "street_name": "Blancs-Manteaux",
        "street_numbers": [
          "12"
        ]
      }
    ],
    "box": [
      974,
      900,
      690,
      32
    ],
    "checked": true,
    "id": 455,
    "origin": "human",
    "parent": 413,
    "persons": [
      "Delarue"
    ],
    "score": 1,
    "text_ocr": "##Delarue##, ££pâte d'amandes££, @@Blancs-Manteaux@@, $$12$$.\n",
    "type": "ENTRY"
  },
  {
    "EOL": false,
    "box": [
      974,
      934,
      692,
      34
    ],
    "id": 458,
    "indented": true,
    "parent": 457,
    "text": "",
    "type": "LINE"
  },
  {
    "addresses": [
      {
        "street_name": "Monceau-St-Gerv.",
        "street_numbers": [
          "6"
        ]
      }
    ],
    "box": [
      974,
      934,
      692,
      34
    ],
    "checked": true,
    "id": 457,
    "origin": "human",
    "parent": 413,
    "persons": [
      "Delarue"
    ],
    "score": 0.5,
    "text_ocr": "##Delarue##, ££tailland. quinc.££, @@Monceau-St-Gerv.@@, $$6$$.\n",
    "type": "ENTRY"
  },
  {
    "EOL": false,
    "box": [
      974,
      968,
      678,
      32
    ],
    "id": 460,
    "indented": true,
    "parent": 459,
    "text": "",
    "type": "LINE"
  },
  {
    "addresses": [
      {
        "street_name": "faub. St-Martin",
        "street_numbers": [
          "82"
        ]
      }
    ],
    "box": [
      974,
      968,
      678,
      32
    ],
    "checked": true,
    "id": 459,
    "origin": "human",
    "parent": 413,
    "persons": [
      "Delarue"
    ],
    "score": 1,
    "text_ocr": "##Delarue##, ££teneur de livres££, @@faub. St-Martin@@, $$82$$.\n",
    "type": "ENTRY"
  },
  {
    "EOL": false,
    "box": [
      974,
      1002,
      536,
      34
    ],
    "id": 462,
    "indented": true,
    "parent": 461,
    "text": "",
    "type": "LINE"
  },
  {
    "addresses": [
      {
        "street_name": "Rosiers",
        "street_numbers": [
          "2"
        ]
      }
    ],
    "box": [
      974,
      1002,
      536,
      34
    ],
    "checked": true,
    "id": 461,
    "origin": "human",
    "parent": 413,
    "persons": [
      "Delarue (F.)"
    ],
    "score": 1,
    "text_ocr": "##Delarue (F.)##, ££ancien nég.££, @@Rosiers@@, $$2$$.\n",
    "type": "ENTRY"
  },
  {
    "EOL": false,
    "box": [
      974,
      1036,
      656,
      32
    ],
    "id": 464,
    "indented": true,
    "parent": 463,
    "text": "",
    "type": "LINE"
  },
  {
    "addresses": [
      {
        "street_name": "pass. Sandrié",
        "street_numbers": [
          "2"
        ]
      }
    ],
    "box": [
      974,
      1036,
      656,
      32
    ],
    "checked": true,
    "id": 463,
    "origin": "human",
    "parent": 413,
    "persons": [
      "Delarue (Mad.)"
    ],
    "score": 0.9333333333333333,
    "text_ocr": "##Delarue (Mad.)##, ££institution££, @@pass. Sandrié@@, $$2$$.\n",
    "type": "ENTRY"
  },
  {
    "EOL": false,
    "box": [
      974,
      1070,
      626,
      34
    ],
    "id": 466,
    "indented": true,
    "parent": 465,
    "text": "",
    "type": "LINE"
  },
  {
    "addresses": [
      {
        "street_name": "pl. du Carrousel",
        "street_numbers": [
          "10"
        ]
      }
    ],
    "box": [
      974,
      1070,
      626,
      34
    ],
    "checked": true,
    "id": 465,
    "origin": "human",
    "parent": 413,
    "persons": [
      "Delarue (J.-A.)"
    ],
    "score": 1,
    "text_ocr": "##Delarue (J.-A.)##, ££vins££, @@pl. du Carrousel@@, $$10$$.\n",
    "type": "ENTRY"
  },
  {
    "EOL": false,
    "box": [
      974,
      1106,
      570,
      32
    ],
    "id": 468,
    "indented": true,
    "parent": 467,
    "text": "",
    "type": "LINE"
  },
  {
    "addresses": [
      {
        "street_name": "Déchargeurs",
        "street_numbers": [
          "14"
        ]
      }
    ],
    "box": [
      974,
      1106,
      570,
      32
    ],
    "checked": true,
    "id": 467,
    "origin": "human",
    "parent": 413,
    "persons": [
      "Delarue (J.-N.)"
    ],
    "score": 1,
    "text_ocr": "##Delarue (J.-N.)##, ££vins££, @@Déchargeurs@@, $$14$$.\n",
    "type": "ENTRY"
  },
  {
    "EOL": false,
    "box": [
      972,
      1138,
      574,
      34
    ],
    "id": 470,
    "indented": true,
    "parent": 469,
    "text": "",
    "type": "LINE"
  },
  {
    "addresses": [
      {
        "street_name": "Richelieu",
        "street_numbers": [
          "64"
        ]
      }
    ],
    "box": [
      972,
      1138,
      574,
      34
    ],
    "checked": true,
    "id": 469,
    "origin": "human",
    "parent": 413,
    "persons": [
      "Delarue (Vor)"
    ],
    "score": 1,
    "text_ocr": "##Delarue (Vor)##, ££estampes££, @@Richelieu@@, $$64$$.\n",
    "type": "ENTRY"
  },
  {
    "EOL": false,
    "box": [
      974,
      1174,
      578,
      32
    ],
    "id": 472,
    "indented": true,
    "parent": 471,
    "text": "",
    "type": "LINE"
  },
  {
    "addresses": [
      {
        "street_name": "Bièvre",
        "street_numbers": [
          "31"
        ]
      }
    ],
    "box": [
      974,
      1174,
      578,
      32
    ],
    "checked": true,
    "id": 471,
    "origin": "human",
    "parent": 413,
    "persons": [
      "Delarue (Mlle)"
    ],
    "score": 1,
    "text_ocr": "##Delarue (Mlle)##, ££enlumineuse££, @@Bièvre@@, $$31$$.\n",
    "type": "ENTRY"
  },
  {
    "EOL": false,
    "box": [
      974,
      1208,
      592,
      36
    ],
    "id": 474,
    "indented": true,
    "parent": 473,
    "text": "",
    "type": "LINE"
  },
  {
    "addresses": [
      {
        "street_name": "Fg-St-Denis",
        "street_numbers": [
          "49"
        ]
      }
    ],
    "box": [
      974,
      1208,
      592,
      36
    ],
    "checked": true,
    "id": 473,
    "origin": "human",
    "parent": 413,
    "persons": [
      "Delarue (J.-P.-J.)"
    ],
    "score": 0.5,
    "text_ocr": "##Delarue (J.-P.-J.)##, ££vins££, @@Fg-St-Denis@@, $$49$$.\n",
    "type": "ENTRY"
  },
  {
    "EOL": false,
    "box": [
      976,
      1242,
      796,
      36
    ],
    "id": 476,
    "indented": true,
    "parent": 475,
    "text": "",
    "type": "LINE"
  },
  {
    "addresses": [
      {
        "street_name": "N.-D.-des-Victoires",
        "street_numbers": [
          "16"
        ]
      }
    ],
    "box": [
      976,
      1242,
      796,
      36
    ],
    "checked": true,
    "id": 475,
    "origin": "human",
    "parent": 413,
    "persons": [
      "Delarue (Thle)"
    ],
    "score": 0.5,
    "text_ocr": "##Delarue (Thle)##, ££impr. lithogr.££, @@N.-D.-des-Victoires@@, $$16$$.\n",
    "type": "ENTRY"
  },
  {
    "EOL": false,
    "box": [
      974,
      1276,
      750,
      34
    ],
    "id": 478,
    "indented": true,
    "parent": 477,
    "text": "",
    "type": "LINE"
  },
  {
    "addresses": [
      {
        "street_name": "Louvois",
        "street_numbers": [
          "5"
        ]
      }
    ],
    "box": [
      974,
      1276,
      750,
      34
    ],
    "checked": true,
    "id": 477,
    "origin": "human",
    "parent": 413,
    "persons": [
      "Delarue (H.) et co."
    ],
    "score": 1,
    "text_ocr": "##Delarue (H.) et co.##, ££agence universelle££, @@Louvois@@, $$5$$.\n",
    "type": "ENTRY"
  },
  {
    "EOL": false,
    "box": [
      974,
      1312,
      760,
      32
    ],
    "id": 480,
    "indented": true,
    "parent": 479,
    "text": "",
    "type": "LINE"
  },
  {
    "addresses": [
      {
        "street_name": "Sèvres",
        "street_numbers": [
          "125"
        ]
      }
    ],
    "box": [
      974,
      1312,
      760,
      32
    ],
    "checked": true,
    "id": 479,
    "origin": "human",
    "parent": 413,
    "persons": [
      "Delarue frères"
    ],
    "score": 1,
    "text_ocr": "##Delarue frères##, ££menuisiers en parquets££, @@Sèvres@@, $$125$$.\n",
    "type": "ENTRY"
  },
  {
    "EOL": false,
    "box": [
      974,
      1346,
      798,
      32
    ],
    "id": 482,
    "indented": true,
    "parent": 481,
    "text": "",
    "type": "LINE"
  },
  {
    "addresses": [
      {
        "street_name": "J.-J.-Rousseau",
        "street_numbers": [
          "3"
        ]
      }
    ],
    "box": [
      974,
      1346,
      798,
      32
    ],
    "checked": true,
    "id": 481,
    "origin": "human",
    "parent": 413,
    "persons": [
      "Delaruelle père"
    ],
    "score": 0.6666666666666666,
    "text_ocr": "##Delaruelle père##, ££avocat, anc. avoué££, @@J.-J.-Rousseau@@, $$3$$.\n",
    "type": "ENTRY"
  },
  {
    "EOL": false,
    "box": [
      974,
      1380,
      778,
      32
    ],
    "id": 484,
    "indented": true,
    "parent": 483,
    "text": "",
    "type": "LINE"
  },
  {
    "addresses": [
      {
        "street_name": "Fossés-Montmartre",
        "street_numbers": [
          "5"
        ]
      }
    ],
    "box": [
      974,
      1380,
      778,
      32
    ],
    "checked": true,
    "id": 483,
    "origin": "human",
    "parent": 413,
    "persons": [
      "Delaruelle fils"
    ],
    "score": 0.5,
    "text_ocr": "##Delaruelle fils##, ££avoué 1re inst.££, @@Fossés-Montmartre@@, $$5$$.\n",
    "type": "ENTRY"
  },
  {
    "EOL": false,
    "box": [
      976,
      1414,
      560,
      34
    ],
    "id": 486,
    "indented": true,
    "parent": 485,
    "text": "",
    "type": "LINE"
  },
  {
    "addresses": [
      {
        "street_name": "Sentier",
        "street_numbers": [
          "12"
        ]
      }
    ],
    "box": [
      976,
      1414,
      560,
      34
    ],
    "checked": true,
    "id": 485,
    "origin": "human",
    "parent": 413,
    "persons": [
      "Delaruelle"
    ],
    "score": 1,
    "text_ocr": "##Delaruelle##, ££avoué C. roy.££, @@Sentier@@, $$12$$.\n",
    "type": "ENTRY"
  },
  {
    "EOL": false,
    "box": [
      976,
      1448,
      764,
      34
    ],
    "id": 488,
    "indented": true,
    "parent": 487,
    "text": "",
    "type": "LINE"
  },
  {
    "addresses": [
      {
        "street_name": "Fossés-St-Germ.-l'Aux.",
        "street_numbers": [
          "26"
        ]
      }
    ],
    "box": [
      976,
      1448,
      764,
      34
    ],
    "checked": true,
    "id": 487,
    "origin": "human",
    "parent": 413,
    "persons": [
      "Delaruelle"
    ],
    "score": 0.5,
    "text_ocr": "##Delaruelle## µµ::CJ::µµ, ££médecin££, @@Fossés-St-Germ.-l'Aux.@@, $$26$$.\n",
    "type": "ENTRY"
  },
  {
    "EOL": false,
    "box": [
      976,
      1484,
      814,
      32
    ],
    "id": 490,
    "indented": true,
    "parent": 489,
    "text": "",
    "type": "LINE"
  },
  {
    "EOL": false,
    "box": [
      992,
      1514,
      798,
      38
    ],
    "id": 491,
    "indented": false,
    "parent": 489,
    "text": "",
    "type": "LINE"
  },
  {
    "EOL": false,
    "box": [
      992,
      1554,
      136,
      24
    ],
    "id": 492,
    "indented": false,
    "parent": 489,
    "text": "",
    "type": "LINE"
  },
  {
    "addresses": [
      {
        "street_name": "Du Petit-Thouars, enclos du Temple",
        "street_numbers": [
          "20"
        ]
      }
    ],
    "box": [
      976,
      1484,
      814,
      94
    ],
    "checked": true,
    "id": 489,
    "origin": "human",
    "parent": 413,
    "persons": [
      "Delaruelle (Ve) et Ledanseur"
    ],
    "score": 0.5,
    "text_ocr": "##Delaruelle (Ve) et Ledanseur##, ££fab. crayons et cou-\nleurs££, @@Du Petit-Thouars, enclos du Temple@@, $$20$$,@@ hôtel\nBoufflers@@.\n",
    "type": "ENTRY"
  },
  {
    "EOL": false,
    "box": [
      974,
      1588,
      530,
      32
    ],
    "id": 494,
    "indented": true,
    "parent": 493,
    "text": "",
    "type": "LINE"
  },
  {
    "addresses": [
      {
        "street_name": "Gindre",
        "street_numbers": [
          "6"
        ]
      }
    ],
    "box": [
      974,
      1588,
      530,
      32
    ],
    "checked": true,
    "id": 493,
    "origin": "human",
    "parent": 413,
    "persons": [
      "Delaruelle"
    ],
    "score": 0.9166666666666667,
    "text_ocr": "##Delaruelle## µµ::CJ::µµ, ££serrurier££, @@Gindre@@, $$6$$.\n",
    "type": "ENTRY"
  },
  {
    "EOL": false,
    "box": [
      976,
      1618,
      758,
      38
    ],
    "id": 496,
    "indented": true,
    "parent": 495,
    "text": "",
    "type": "LINE"
  },
  {
    "addresses": [
      {
        "street_name": "Bourg-l’Abbé",
        "street_numbers": [
          "22"
        ]
      }
    ],
    "box": [
      976,
      1618,
      758,
      38
    ],
    "checked": true,
    "id": 495,
    "origin": "human",
    "parent": 413,
    "persons": [
      "Delasalle et Chaulin"
    ],
    "score": 1,
    "text_ocr": "##Delasalle et Chaulin##, ££parfumeurs££, @@Bourg-l’Abbé@@, $$22$$.\n",
    "type": "ENTRY"
  },
  {
    "EOL": false,
    "box": [
      974,
      1654,
      762,
      36
    ],
    "id": 498,
    "indented": true,
    "parent": 497,
    "text": "",
    "type": "LINE"
  },
  {
    "addresses": [
      {
        "street_name": "St-Dominique",
        "street_numbers": [
          "83"
        ]
      }
    ],
    "box": [
      974,
      1654,
      762,
      36
    ],
    "checked": true,
    "id": 497,
    "origin": "human",
    "parent": 413,
    "persons": [
      "Delasalle"
    ],
    "score": 1,
    "text_ocr": "##Delasalle## µµ::LH::µµ, ££greff. cour comptes££, @@St-Dominique@@, $$83$$.\n",
    "type": "ENTRY"
  },
  {
    "EOL": false,
    "box": [
      976,
      1690,
      520,
      32
    ],
    "id": 500,
    "indented": true,
    "parent": 499,
    "text": "",
    "type": "LINE"
  },
  {
    "addresses": [
      {
        "street_name": "Richelieu",
        "street_numbers": [
          "93"
        ]
      }
    ],
    "box": [
      976,
      1690,
      520,
      32
    ],
    "checked": true,
    "id": 499,
    "origin": "human",
    "parent": 413,
    "persons": [
      "Delasalle"
    ],
    "score": 1,
    "text_ocr": "##Delasalle##, ££f. blondes££, @@Richelieu@@, $$93$$.\n",
    "type": "ENTRY"
  },
  {
    "EOL": false,
    "box": [
      976,
      1726,
      562,
      30
    ],
    "id": 502,
    "indented": true,
    "parent": 501,
    "text": "",
    "type": "LINE"
  },
  {
    "addresses": [
      {
        "street_name": "St Denis",
        "street_numbers": [
          "316"
        ]
      }
    ],
    "box": [
      976,
      1726,
      562,
      30
    ],
    "checked": true,
    "id": 501,
    "origin": "human",
    "parent": 413,
    "persons": [
      "Delasalle"
    ],
    "score": 0.5,
    "text_ocr": "##Delasalle##, ££passementier££, @@St Denis@@, $$316$$.\n",
    "type": "ENTRY"
  },
  {
    "EOL": false,
    "box": [
      976,
      1758,
      622,
      34
    ],
    "id": 504,
    "indented": true,
    "parent": 503,
    "text": "",
    "type": "LINE"
  },
  {
    "addresses": [
      {
        "street_name": "Vivienne",
        "street_numbers": [
          "2 bis"
        ]
      }
    ],
    "box": [
      976,
      1758,
      622,
      34
    ],
    "checked": true,
    "id": 503,
    "origin": "human",
    "parent": 413,
    "persons": [
      "Delasalle frères"
    ],
    "score": 0.5,
    "text_ocr": "##Delasalle frères##, ££draperies££, @@Vivienne@@, $$2 bis$$.\n",
    "type": "ENTRY"
  },
  {
    "EOL": false,
    "box": [
      976,
      1796,
      390,
      30
    ],
    "id": 506,
    "indented": true,
    "parent": 505,
    "text": "",
    "type": "LINE"
  },
  {
    "addresses": [
      {
        "street_name": "Beaux-Arts",
        "street_numbers": [
          "2"
        ]
      }
    ],
    "box": [
      976,
      1796,
      390,
      30
    ],
    "checked": true,
    "id": 505,
    "origin": "human",
    "parent": 413,
    "persons": [
      "Delasaulais"
    ],
    "score": 1,
    "text_ocr": "##Delasaulais##, @@Beaux-Arts@@, $$2$$.\n",
    "type": "ENTRY"
  },
  {
    "EOL": false,
    "box": [
      976,
      1828,
      654,
      32
    ],
    "id": 508,
    "indented": true,
    "parent": 507,
    "text": "",
    "type": "LINE"
  },
  {
    "addresses": [
      {
        "street_name": "St-Denis",
        "street_numbers": [
          "68 bis"
        ]
      }
    ],
    "box": [
      976,
      1828,
      654,
      32
    ],
    "checked": true,
    "id": 507,
    "origin": "human",
    "parent": 413,
    "persons": [
      "Delasnerie"
    ],
    "score": 0.5,
    "text_ocr": "##Delasnerie##, ££toiles, calicots££, @@St-Denis@@, $$68 bis$$.\n",
    "type": "ENTRY"
  },
  {
    "EOL": false,
    "box": [
      976,
      1864,
      596,
      32
    ],
    "id": 510,
    "indented": true,
    "parent": 509,
    "text": "",
    "type": "LINE"
  },
  {
    "addresses": [
      {
        "street_name": "Thérese",
        "street_numbers": [
          "11"
        ]
      }
    ],
    "box": [
      976,
      1864,
      596,
      32
    ],
    "checked": true,
    "id": 509,
    "origin": "human",
    "parent": 413,
    "persons": [
      "Delassault (Mlles)"
    ],
    "score": 1,
    "text_ocr": "##Delassault (Mlles)##, ££lingères££, @@Thérese@@, $$11$$.\n",
    "type": "ENTRY"
  },
  {
    "EOL": false,
    "box": [
      978,
      1896,
      638,
      36
    ],
    "id": 512,
    "indented": true,
    "parent": 511,
    "text": "",
    "type": "LINE"
  },
  {
    "addresses": [
      {
        "street_name": "Ne-Ste-Croix",
        "street_numbers": [
          "9"
        ]
      }
    ],
    "box": [
      978,
      1896,
      638,
      36
    ],
    "checked": true,
    "id": 511,
    "origin": "human",
    "parent": 413,
    "persons": [
      "Delassault (Mlle)"
    ],
    "score": 0.5,
    "text_ocr": "##Delassault (Mlle)##, ££mercière££, @@Ne-Ste-Croix@@, $$9$$.\n",
    "type": "ENTRY"
  },
  {
    "EOL": false,
    "box": [
      978,
      1936,
      692,
      32
    ],
    "id": 514,
    "indented": true,
    "parent": 513,
    "text": "",
    "type": "LINE"
  },
  {
    "addresses": [
      {
        "street_name": "Caumartin",
        "street_numbers": [
          "16"
        ]
      }
    ],
    "box": [
      978,
      1936,
      692,
      32
    ],
    "checked": true,
    "id": 513,
    "origin": "human",
    "parent": 413,
    "persons": [
      "Delassault (E. et A.)"
    ],
    "score": 0.9444444444444444,
    "text_ocr": "##Delassault (E. et A.)##, ££merceries££, @@Caumartin@@, $$16$$.\n",
    "type": "ENTRY"
  },
  {
    "EOL": false,
    "box": [
      978,
      1972,
      486,
      30
    ],
    "id": 516,
    "indented": true,
    "parent": 515,
    "text": "",
    "type": "LINE"
  },
  {
    "addresses": [
      {
        "street_name": "Richelieu",
        "street_numbers": [
          "72"
        ]
      }
    ],
    "box": [
      978,
      1972,
      486,
      30
    ],
    "checked": true,
    "id": 515,
    "origin": "human",
    "parent": 413,
    "persons": [
      "Delassaux"
    ],
    "score": 0.8333333333333334,
    "text_ocr": "##Delassaux##, ££épicier££, @@Richelieu@@, $$72$$.\n",
    "type": "ENTRY"
  },
  {
    "EOL": false,
    "box": [
      976,
      2006,
      550,
      30
    ],
    "id": 518,
    "indented": true,
    "parent": 517,
    "text": "",
    "type": "LINE"
  },
  {
    "addresses": [
      {
        "street_name": "Marmousets-Cité",
        "street_numbers": [
          "17"
        ]
      }
    ],
    "box": [
      976,
      2006,
      550,
      30
    ],
    "checked": true,
    "id": 517,
    "origin": "human",
    "parent": 413,
    "persons": [
      "Delassaux"
    ],
    "score": 0.5,
    "text_ocr": "##Delassaux##, ££vins££, @@Marmousets-Cité@@, $$17$$.\n",
    "type": "ENTRY"
  },
  {
    "EOL": false,
    "box": [
      978,
      2038,
      742,
      34
    ],
    "id": 520,
    "indented": true,
    "parent": 519,
    "text": "",
    "type": "LINE"
  },
  {
    "addresses": [
      {
        "street_name": "Arbre-Sec",
        "street_numbers": [
          "49"
        ]
      }
    ],
    "box": [
      978,
      2038,
      742,
      34
    ],
    "checked": true,
    "id": 519,
    "origin": "human",
    "parent": 413,
    "persons": [
      "Delassus"
    ],
    "score": 1,
    "text_ocr": "##Delassus##, ££agent gén. du Consistoire££, @@Arbre-Sec@@, $$49$$.\n",
    "type": "ENTRY"
  },
  {
    "EOL": false,
    "box": [
      976,
      2074,
      574,
      30
    ],
    "id": 522,
    "indented": true,
    "parent": 521,
    "text": "",
    "type": "LINE"
  },
  {
    "addresses": [
      {
        "street_name": "Trois-Pavillons",
        "street_numbers": [
          "4"
        ]
      }
    ],
    "box": [
      976,
      2074,
      574,
      30
    ],
    "checked": true,
    "id": 521,
    "origin": "human",
    "parent": 413,
    "persons": [
      "Delastre"
    ],
    "score": 0.5,
    "text_ocr": "##Delastre##, ££anc. nég.££, @@Trois-Pavillons@@, $$4$$.\n",
    "type": "ENTRY"
  },
  {
    "EOL": false,
    "box": [
      976,
      2106,
      714,
      36
    ],
    "id": 524,
    "indented": true,
    "parent": 523,
    "text": "",
    "type": "LINE"
  },
  {
    "addresses": [
      {
        "street_name": "Fg-du-Temple",
        "street_numbers": [
          "5"
        ]
      }
    ],
    "box": [
      976,
      2106,
      714,
      36
    ],
    "checked": true,
    "id": 523,
    "origin": "human",
    "parent": 413,
    "persons": [
      "Delatasse-Fieffé"
    ],
    "score": 0.5,
    "text_ocr": "##Delatasse-Fieffé##, ££fab. couleurs££, @@Fg-du-Temple@@, $$5$$.\n",
    "type": "ENTRY"
  },
  {
    "EOL": false,
    "box": [
      976,
      2138,
      814,
      38
    ],
    "id": 526,
    "indented": true,
    "parent": 525,
    "text": "",
    "type": "LINE"
  },
  {
    "EOL": false,
    "box": [
      994,
      2178,
      212,
      30
    ],
    "id": 527,
    "indented": false,
    "parent": 525,
    "text": "",
    "type": "LINE"
  },
  {
    "addresses": [
      {
        "street_name": "Ferme-des-\nMathurins",
        "street_numbers": [
          "21"
        ]
      }
    ],
    "box": [
      976,
      2138,
      814,
      70
    ],
    "checked": true,
    "id": 525,
    "origin": "human",
    "parent": 413,
    "persons": [
      "De la Tena"
    ],
    "score": 0.5,
    "text_ocr": "##De la Tena## µµ::LH::µµ, ££référend. cour des comptes££, @@Ferme-des-\nMathurins@@, $$21$$.\n",
    "type": "ENTRY"
  },
  {
    "EOL": false,
    "box": [
      976,
      2208,
      814,
      38
    ],
    "id": 529,
    "indented": true,
    "parent": 528,
    "text": "",
    "type": "LINE"
  },
  {
    "EOL": false,
    "box": [
      992,
      2246,
      402,
      30
    ],
    "id": 530,
    "indented": false,
    "parent": 528,
    "text": "",
    "type": "LINE"
  },
  {
    "addresses": [
      {
        "street_name": "Pont-de-Lodi",
        "street_numbers": [
          "3"
        ]
      }
    ],
    "box": [
      976,
      2208,
      814,
      68
    ],
    "checked": true,
    "id": 528,
    "origin": "human",
    "parent": 413,
    "persons": [
      "Delatouche"
    ],
    "score": 1,
    "text_ocr": "##Delatouche## µµ::LH::µµ ££dir. gén. société anony. des papeteries\ndu Marais££, @@Pont-de-Lodi@@, $$3$$.\n",
    "type": "ENTRY"
  },
  {
    "EOL": false,
    "box": [
      976,
      2280,
      598,
      34
    ],
    "id": 532,
    "indented": true,
    "parent": 531,
    "text": "",
    "type": "LINE"
  },
  {
    "addresses": [
      {
        "street_name": "Vivienne",
        "street_numbers": [
          "17"
        ]
      }
    ],
    "box": [
      976,
      2280,
      598,
      34
    ],
    "checked": true,
    "id": 531,
    "origin": "human",
    "parent": 413,
    "persons": [
      "Delatouche (Mlle)"
    ],
    "score": 1,
    "text_ocr": "##Delatouche (Mlle)##, ££lingerie££, @@Vivienne@@, $$17$$.\n",
    "type": "ENTRY"
  },
  {
    "EOL": false,
    "box": [
      976,
      2310,
      814,
      38
    ],
    "id": 534,
    "indented": true,
    "parent": 533,
    "text": "",
    "type": "LINE"
  },
  {
    "addresses": [
      {
        "street_name": "Grand-Chantier",
        "street_numbers": [
          "1"
        ]
      }
    ],
    "box": [
      976,
      2310,
      814,
      38
    ],
    "checked": true,
    "id": 533,
    "origin": "human",
    "parent": 413,
    "persons": [
      "Delatour"
    ],
    "score": 0.5,
    "text_ocr": "##Delatour##, ££caissier, caisse de Poissy££, @@Grand-Chantier@@, $$1$$.\n",
    "type": "ENTRY"
  },
  {
    "EOL": false,
    "box": [
      976,
      2348,
      548,
      32
    ],
    "id": 536,
    "indented": true,
    "parent": 535,
    "text": "",
    "type": "LINE"
  },
  {
    "addresses": [
      {
        "street_name": "Chaussée-d’Antin",
        "street_numbers": [
          "46"
        ]
      }
    ],
    "box": [
      976,
      2348,
      548,
      32
    ],
    "checked": true,
    "id": 535,
    "origin": "human",
    "parent": 413,
    "persons": [
      "Delatour"
    ],
    "score": 0.96875,
    "text_ocr": "##Delatour##, ££bains££, @@Chaussée-d’Antin@@, $$46$$.\n",
    "type": "ENTRY"
  },
  {
    "EOL": false,
    "box": [
      974,
      2382,
      816,
      36
    ],
    "id": 538,
    "indented": true,
    "parent": 537,
    "text": "",
    "type": "LINE"
  },
  {
    "EOL": false,
    "box": [
      992,
      2420,
      138,
      26
    ],
    "id": 539,
    "indented": false,
    "parent": 537,
    "text": "",
    "type": "LINE"
  },
  {
    "addresses": [
      {
        "street_name": "aux\nTuileries",
        "street_numbers": []
      }
    ],
    "box": [
      974,
      2382,
      816,
      64
    ],
    "checked": true,
    "id": 537,
    "origin": "human",
    "parent": 413,
    "persons": [
      "Delatour"
    ],
    "score": 0,
    "street_number": "",
    "text_ocr": "##Delatour## µµ::LH::µµ, ££précepteur du duc de Montpensier££, @@aux\nTuileries@@.\n",
    "type": "ENTRY"
  },
  {
    "EOL": false,
    "box": [
      974,
      2454,
      512,
      32
    ],
    "id": 541,
    "indented": true,
    "parent": 540,
    "text": "",
    "type": "LINE"
  },
  {
    "addresses": [
      {
        "street_name": "Quatre-Vents",
        "street_numbers": [
          "18"
        ]
      }
    ],
    "box": [
      974,
      2454,
      512,
      32
    ],
    "checked": true,
    "id": 540,
    "origin": "human",
    "parent": 413,
    "persons": [
      "Delatour"
    ],
    "score": 1,
    "text_ocr": "##Delatour##, ££bains££, @@Quatre-Vents@@, $$18$$.\n",
    "type": "ENTRY"
  },
  {
    "EOL": false,
    "box": [
      974,
      2486,
      542,
      36
    ],
    "id": 543,
    "indented": true,
    "parent": 542,
    "text": "",
    "type": "LINE"
  },
  {
    "addresses": [
      {
        "street_name": "Fg-Poissonnière",
        "street_numbers": [
          "28"
        ]
      }
    ],
    "box": [
      974,
      2486,
      542,
      36
    ],
    "checked": true,
    "id": 542,
    "origin": "human",
    "parent": 413,
    "persons": [
      "Delatour"
    ],
    "score": 0.5,
    "text_ocr": "##Delatour##, ££bains££, @@Fg-Poissonnière@@, $$28$$.\n",
    "type": "ENTRY"
  },
  {
    "EOL": false,
    "box": [
      974,
      2520,
      532,
      34
    ],
    "id": 545,
    "indented": true,
    "parent": 544,
    "text": "",
    "type": "LINE"
  },
  {
    "addresses": [
      {
        "street_name": "St-Severin",
        "street_numbers": [
          "16"
        ]
      }
    ],
    "box": [
      974,
      2520,
      532,
      34
    ],
    "checked": true,
    "id": 544,
    "origin": "human",
    "parent": 413,
    "persons": [
      "Delatour"
    ],
    "score": 1,
    "text_ocr": "##Delatour##, ££boulanger££, @@St-Severin@@, $$16$$.\n",
    "type": "ENTRY"
  },
  {
    "EOL": false,
    "box": [
      976,
      2554,
      582,
      34
    ],
    "id": 547,
    "indented": true,
    "parent": 546,
    "text": "",
    "type": "LINE"
  },
  {
    "addresses": [
      {
        "street_name": "Richelieu",
        "street_numbers": [
          "104"
        ]
      }
    ],
    "box": [
      976,
      2554,
      582,
      34
    ],
    "checked": true,
    "id": 546,
    "origin": "human",
    "parent": 413,
    "persons": [
      "Delatour sœurs"
    ],
    "score": 1,
    "text_ocr": "##Delatour sœurs##, ££rubans££, @@Richelieu@@, $$104$$.\n",
    "type": "ENTRY"
  },
  {
    "EOL": false,
    "box": [
      974,
      2588,
      776,
      36
    ],
    "id": 549,
    "indented": true,
    "parent": 548,
    "text": "",
    "type": "LINE"
  },
  {
    "addresses": [
      {
        "street_name": "boul. St-Martin",
        "street_numbers": [
          "4"
        ]
      }
    ],
    "box": [
      974,
      2588,
      776,
      36
    ],
    "checked": true,
    "id": 548,
    "origin": "human",
    "parent": 413,
    "persons": [
      "Delatourmignière"
    ],
    "score": 1,
    "text_ocr": "##Delatourmignière##, ££greff. 1re inst.££, @@boul. St-Martin@@, $$4$$.\n",
    "type": "ENTRY"
  },
  {
    "EOL": false,
    "box": [
      974,
      2624,
      520,
      32
    ],
    "id": 551,
    "indented": true,
    "parent": 550,
    "text": "",
    "type": "LINE"
  },
  {
    "addresses": [
      {
        "street_name": "q. d’Austerlitz",
        "street_numbers": [
          "1"
        ]
      }
    ],
    "box": [
      974,
      2624,
      520,
      32
    ],
    "checked": true,
    "id": 550,
    "origin": "human",
    "parent": 413,
    "persons": [
      "Delatre"
    ],
    "score": 0.9166666666666667,
    "text_ocr": "##Delatre##, ££charron££, @@q. d’Austerlitz@@, $$1$$.\n",
    "type": "ENTRY"
  },
  {
    "EOL": false,
    "box": [
      974,
      2656,
      576,
      34
    ],
    "id": 553,
    "indented": true,
    "parent": 552,
    "text": "",
    "type": "LINE"
  },
  {
    "addresses": [
      {
        "street_name": "Petits-Hôtels",
        "street_numbers": []
      }
    ],
    "box": [
      974,
      2656,
      576,
      34
    ],
    "checked": true,
    "id": 552,
    "origin": "human",
    "parent": 413,
    "persons": [
      "Delatre"
    ],
    "score": 0.5,
    "street_number": "",
    "text_ocr": "##Delatre##, ££pierres taillées££, @@Petits-Hôtels@@…\n",
    "type": "ENTRY"
  },
  {
    "EOL": false,
    "box": [
      974,
      2692,
      814,
      34
    ],
    "id": 555,
    "indented": true,
    "parent": 554,
    "text": "",
    "type": "LINE"
  },
  {
    "EOL": false,
    "box": [
      984,
      2730,
      296,
      30
    ],
    "id": 556,
    "indented": false,
    "parent": 554,
    "text": "",
    "type": "LINE"
  },
  {
    "addresses": [
      {
        "street_name": "Ste-Anne",
        "street_numbers": [
          "37"
        ]
      }
    ],
    "box": [
      974,
      2692,
      814,
      68
    ],
    "checked": true,
    "id": 554,
    "origin": "human",
    "parent": 413,
    "persons": [
      "Delatre (Ve), femme Hauduc"
    ],
    "score": 1,
    "text_ocr": "##Delatre (Ve), femme Hauduc##, ££papetière, fab. de cartes à\njouer££, @@Ste-Anne@@, $$37$$.\n",
    "type": "ENTRY"
  },
  {
    "EOL": false,
    "box": [
      974,
      2760,
      534,
      38
    ],
    "id": 558,
    "indented": true,
    "parent": 557,
    "text": "",
    "type": "LINE"
  },
  {
    "addresses": [
      {
        "street_name": "Taitbout",
        "street_numbers": [
          "23"
        ]
      }
    ],
    "box": [
      974,
      2760,
      534,
      38
    ],
    "checked": true,
    "id": 557,
    "origin": "human",
    "parent": 413,
    "persons": [
      "Delatte"
    ],
    "score": 1,
    "text_ocr": "##Delatte##, ££ag. de change££, @@Taitbout@@, $$23$$.\n",
    "type": "ENTRY"
  },
  {
    "box": [
      966,
      178,
      824,
      2620
    ],
    "id": 413,
    "parent": 412,
    "type": "COLUMN_LEVEL_2"
  },
  {
    "box": [
      966,
      178,
      824,
      2620
    ],
    "id": 412,
    "parent": 411,
    "type": "SECTION_LEVEL_2"
  },
  {
    "box": [
      966,
      178,
      824,
      2620
    ],
    "id": 411,
    "parent": 259,
    "type": "COLUMN_LEVEL_1"
  },
  {
    "box": [
      128,
      178,
      1662,
      2620
    ],
    "id": 259,
    "parent": 256,
    "type": "SECTION_LEVEL_1"
  },
  {
    "box": [
      128,
      38,
      1662,
      2760
    ],
    "id": 256,
    "type": "PAGE"
  }
]
