[
  {
    "box": [
      194,
      0,
      1630,
      40
    ],
    "checked": false,
    "id": 257,
    "origin": "computer",
    "parent": 256,
    "text": "Se SE\n",
    "type": "TITLE_LEVEL_1"
  },
  {
    "box": [
      194,
      62,
      1630,
      48
    ],
    "checked": false,
    "id": 258,
    "origin": "computer",
    "parent": 256,
    "text": "ner mn —— Cr ner 7e _—.\nms © | ||\nnt re er gr _\n",
    "type": "TITLE_LEVEL_1"
  },
  {
    "box": [
      194,
      136,
      1630,
      32
    ],
    "checked": false,
    "id": 259,
    "origin": "computer",
    "parent": 256,
    "text": "CXCVI LISTE GENERALE\n",
    "type": "TITLE_LEVEL_1"
  },
  {
    "EOL": false,
    "box": [
      208,
      188,
      534,
      34
    ],
    "id": 265,
    "indented": false,
    "parent": 264,
    "text": "",
    "type": "LINE"
  },
  {
    "addresses": [
      {
        "street_name": "gal. Boufflers",
        "street_numbers": []
      }
    ],
    "box": [
      208,
      188,
      534,
      34
    ],
    "checked": true,
    "id": 264,
    "origin": "human",
    "parent": 263,
    "persons": [
      "Laboureau"
    ],
    "score": 0.5,
    "street_number": "",
    "text_ocr": "##Laboureau##, ££cordonnier££, @@gal. Boufflers@@.\n",
    "type": "ENTRY"
  },
  {
    "EOL": false,
    "box": [
      208,
      222,
      650,
      34
    ],
    "id": 267,
    "indented": true,
    "parent": 266,
    "text": "",
    "type": "LINE"
  },
  {
    "addresses": [
      {
        "street_name": "Fg-St-Martin",
        "street_numbers": [
          "123"
        ]
      }
    ],
    "box": [
      208,
      222,
      650,
      34
    ],
    "checked": true,
    "id": 266,
    "origin": "human",
    "parent": 263,
    "persons": [
      "Laboureau"
    ],
    "score": 0.9333333333333333,
    "text_ocr": "##Laboureau##, ££prof. de chant££, @@Fg-St-Martin@@, $$123$$.\n",
    "type": "ENTRY"
  },
  {
    "EOL": false,
    "box": [
      208,
      256,
      790,
      36
    ],
    "id": 269,
    "indented": true,
    "parent": 268,
    "text": "",
    "type": "LINE"
  },
  {
    "addresses": [
      {
        "street_name": "q. Bourbon",
        "street_numbers": [
          "35"
        ]
      }
    ],
    "box": [
      208,
      256,
      790,
      36
    ],
    "checked": true,
    "id": 268,
    "origin": "human",
    "parent": 263,
    "persons": [
      "Labouret (Mad.)"
    ],
    "score": 1,
    "text_ocr": "##Labouret (Mad.)##, ££ag. comm. de charbon££, @@q. Bourbon@@, $$35$$.\n",
    "type": "ENTRY"
  },
  {
    "EOL": false,
    "box": [
      206,
      290,
      504,
      32
    ],
    "id": 271,
    "indented": true,
    "parent": 270,
    "text": "",
    "type": "LINE"
  },
  {
    "addresses": [
      {
        "street_name": "Cadet",
        "street_numbers": [
          "19"
        ]
      }
    ],
    "box": [
      206,
      290,
      504,
      32
    ],
    "checked": true,
    "id": 270,
    "origin": "human",
    "parent": 263,
    "persons": [
      "Labouret"
    ],
    "score": 1,
    "text_ocr": "##Labouret##, ££maître maçon££, @@Cadet@@, $$19$$.\n",
    "type": "ENTRY"
  },
  {
    "EOL": false,
    "box": [
      210,
      326,
      600,
      30
    ],
    "id": 273,
    "indented": true,
    "parent": 272,
    "text": "",
    "type": "LINE"
  },
  {
    "addresses": [
      {
        "street_name": "Christine",
        "street_numbers": [
          "10"
        ]
      }
    ],
    "box": [
      210,
      326,
      600,
      30
    ],
    "checked": true,
    "id": 272,
    "origin": "human",
    "parent": 263,
    "persons": [
      "Labouriau"
    ],
    "score": 1,
    "text_ocr": "##Labouriau##, ££fab. chaussures££, @@Christine@@, $$10$$.\n",
    "type": "ENTRY"
  },
  {
    "EOL": false,
    "box": [
      208,
      360,
      580,
      30
    ],
    "id": 275,
    "indented": true,
    "parent": 274,
    "text": "",
    "type": "LINE"
  },
  {
    "addresses": [
      {
        "street_name": "Four-St-Germ.",
        "street_numbers": [
          "38"
        ]
      }
    ],
    "box": [
      208,
      360,
      580,
      30
    ],
    "checked": true,
    "id": 274,
    "origin": "human",
    "parent": 263,
    "persons": [
      "Labourier"
    ],
    "score": 0.5,
    "text_ocr": "##Labourier##, ££bijoutier££, @@Four-St-Germ.@@, $$38$$.\n",
    "type": "ENTRY"
  },
  {
    "EOL": false,
    "box": [
      206,
      392,
      608,
      34
    ],
    "id": 277,
    "indented": true,
    "parent": 276,
    "text": "",
    "type": "LINE"
  },
  {
    "addresses": [
      {
        "street_name": "Rivoli",
        "street_numbers": [
          "32"
        ]
      }
    ],
    "box": [
      206,
      392,
      608,
      34
    ],
    "checked": true,
    "id": 276,
    "origin": "human",
    "parent": 263,
    "persons": [
      "Labourmène (L.)"
    ],
    "score": 1,
    "text_ocr": "##Labourmène (L.)##, ££vins en gros££, @@Rivoli@@, $$32$$.\n",
    "type": "ENTRY"
  },
  {
    "EOL": false,
    "box": [
      206,
      426,
      500,
      34
    ],
    "id": 279,
    "indented": true,
    "parent": 278,
    "text": "",
    "type": "LINE"
  },
  {
    "addresses": [
      {
        "street_name": "pass. de l'Ancre",
        "street_numbers": []
      }
    ],
    "box": [
      206,
      426,
      500,
      34
    ],
    "checked": true,
    "id": 278,
    "origin": "human",
    "parent": 263,
    "persons": [
      "Labourot"
    ],
    "score": 0.5,
    "street_number": "",
    "text_ocr": "##Labourot##, ££bottier££, @@pass. de l'Ancre@@.\n",
    "type": "ENTRY"
  },
  {
    "EOL": false,
    "box": [
      208,
      460,
      416,
      32
    ],
    "id": 281,
    "indented": true,
    "parent": 280,
    "text": "",
    "type": "LINE"
  },
  {
    "addresses": [
      {
        "street_name": "Houssaie",
        "street_numbers": [
          "3"
        ]
      }
    ],
    "box": [
      208,
      460,
      416,
      32
    ],
    "checked": true,
    "id": 280,
    "origin": "human",
    "parent": 263,
    "persons": [
      "Labourt"
    ],
    "score": 0.5,
    "text_ocr": "##Labourt##, ££avocat££, @@Houssaie@@, $$3$$.\n",
    "type": "ENTRY"
  },
  {
    "EOL": false,
    "box": [
      208,
      494,
      642,
      32
    ],
    "id": 283,
    "indented": true,
    "parent": 282,
    "text": "",
    "type": "LINE"
  },
  {
    "addresses": [
      {
        "street_name": "St-Jean-de-Beauvais",
        "street_numbers": [
          "24"
        ]
      }
    ],
    "box": [
      208,
      494,
      642,
      32
    ],
    "checked": true,
    "id": 282,
    "origin": "human",
    "parent": 263,
    "persons": [
      "Labreveux"
    ],
    "score": 0.5,
    "text_ocr": "##Labreveux##, ££relieur££, @@St-Jean-de-Beauvais@@, $$24$$.\n",
    "type": "ENTRY"
  },
  {
    "EOL": false,
    "box": [
      208,
      528,
      406,
      32
    ],
    "id": 285,
    "indented": true,
    "parent": 284,
    "text": "",
    "type": "LINE"
  },
  {
    "addresses": [
      {
        "street_name": "Chaise",
        "street_numbers": [
          "28"
        ]
      }
    ],
    "box": [
      208,
      528,
      406,
      32
    ],
    "checked": true,
    "id": 284,
    "origin": "human",
    "parent": 263,
    "persons": [
      "Labrie"
    ],
    "score": 1,
    "text_ocr": "##Labrie##, ££médecin££, @@Chaise@@, $$28$$.\n",
    "type": "ENTRY"
  },
  {
    "EOL": false,
    "box": [
      206,
      562,
      540,
      32
    ],
    "id": 287,
    "indented": true,
    "parent": 286,
    "text": "",
    "type": "LINE"
  },
  {
    "addresses": [
      {
        "street_name": "Ville-l'Evéque",
        "street_numbers": [
          "27"
        ]
      }
    ],
    "box": [
      206,
      562,
      540,
      32
    ],
    "checked": true,
    "id": 286,
    "origin": "human",
    "parent": 263,
    "persons": [
      "Labriche (Csse de)"
    ],
    "score": 1,
    "text_ocr": "##Labriche (Csse de)##, @@Ville-l'Evéque@@, $$27$$.\n",
    "type": "ENTRY"
  },
  {
    "EOL": false,
    "box": [
      206,
      594,
      556,
      34
    ],
    "id": 289,
    "indented": true,
    "parent": 288,
    "text": "",
    "type": "LINE"
  },
  {
    "addresses": [
      {
        "street_name": "Chaussée-d'Antin",
        "street_numbers": [
          "5"
        ]
      }
    ],
    "box": [
      206,
      594,
      556,
      34
    ],
    "checked": true,
    "id": 288,
    "origin": "human",
    "parent": 263,
    "persons": [
      "Labriffe (Mis de)"
    ],
    "score": 1,
    "text_ocr": "##Labriffe (Mis de)##, @@Chaussée-d'Antin@@, $$5$$.\n",
    "type": "ENTRY"
  },
  {
    "EOL": false,
    "box": [
      208,
      630,
      582,
      34
    ],
    "id": 291,
    "indented": true,
    "parent": 290,
    "text": "",
    "type": "LINE"
  },
  {
    "addresses": [
      {
        "street_name": "SS.-Pères",
        "street_numbers": [
          "58"
        ]
      }
    ],
    "box": [
      208,
      630,
      582,
      34
    ],
    "checked": true,
    "id": 290,
    "origin": "human",
    "parent": 263,
    "persons": [
      "Labriffe (Cte de)"
    ],
    "score": 0.9,
    "text_ocr": "##Labriffe (Cte de)## µµ::LH::, pairµµ, @@SS.-Pères@@, $$58$$.\n",
    "type": "ENTRY"
  },
  {
    "EOL": false,
    "box": [
      208,
      664,
      558,
      32
    ],
    "id": 293,
    "indented": true,
    "parent": 292,
    "text": "",
    "type": "LINE"
  },
  {
    "addresses": [
      {
        "street_name": "allée des Veuves",
        "street_numbers": [
          "17"
        ]
      }
    ],
    "box": [
      208,
      664,
      558,
      32
    ],
    "checked": true,
    "id": 292,
    "origin": "human",
    "parent": 263,
    "persons": [
      "Labrousse"
    ],
    "score": 0.9375,
    "text_ocr": "##Labrousse##, µµprop.µµ, @@allée des Veuves@@, $$17$$.\n",
    "type": "ENTRY"
  },
  {
    "EOL": false,
    "box": [
      206,
      698,
      462,
      32
    ],
    "id": 295,
    "indented": true,
    "parent": 294,
    "text": "",
    "type": "LINE"
  },
  {
    "addresses": [
      {
        "street_name": "Cléry",
        "street_numbers": [
          "9"
        ]
      }
    ],
    "box": [
      206,
      698,
      462,
      32
    ],
    "checked": true,
    "id": 294,
    "origin": "human",
    "parent": 263,
    "persons": [
      "Labrousse (E.)"
    ],
    "score": 1,
    "text_ocr": "##Labrousse (E.)##, ££châles££, @@Cléry@@, $$9$$.\n",
    "type": "ENTRY"
  },
  {
    "EOL": false,
    "box": [
      206,
      732,
      606,
      34
    ],
    "id": 297,
    "indented": true,
    "parent": 296,
    "text": "",
    "type": "LINE"
  },
  {
    "addresses": [
      {
        "street_name": "Hauteville",
        "street_numbers": [
          "29"
        ]
      }
    ],
    "box": [
      206,
      732,
      606,
      34
    ],
    "checked": true,
    "id": 296,
    "origin": "human",
    "parent": 263,
    "persons": [
      "Labrousse (Ch.)"
    ],
    "score": 1,
    "text_ocr": "##Labrousse (Ch.)##, ££nég. vins££, @@Hauteville@@, $$29$$.\n",
    "type": "ENTRY"
  },
  {
    "EOL": false,
    "box": [
      208,
      766,
      588,
      30
    ],
    "id": 299,
    "indented": true,
    "parent": 298,
    "text": "",
    "type": "LINE"
  },
  {
    "addresses": [
      {
        "street_name": "Bernardins",
        "street_numbers": [
          "19"
        ]
      }
    ],
    "box": [
      208,
      766,
      588,
      30
    ],
    "checked": true,
    "id": 298,
    "origin": "human",
    "parent": 263,
    "persons": [
      "Labrousse"
    ],
    "score": 1,
    "text_ocr": "##Labrousse##, ££vins en gros££, @@Bernardins@@, $$19$$.\n",
    "type": "ENTRY"
  },
  {
    "EOL": false,
    "box": [
      208,
      800,
      794,
      32
    ],
    "id": 301,
    "indented": true,
    "parent": 300,
    "text": "",
    "type": "LINE"
  },
  {
    "EOL": false,
    "box": [
      224,
      834,
      294,
      30
    ],
    "id": 302,
    "indented": false,
    "parent": 300,
    "text": "",
    "type": "LINE"
  },
  {
    "addresses": [
      {
        "street_name": "Jeûneurs",
        "street_numbers": [
          "4"
        ]
      }
    ],
    "box": [
      208,
      800,
      794,
      64
    ],
    "checked": true,
    "id": 300,
    "origin": "human",
    "parent": 263,
    "persons": [
      "Labrousse"
    ],
    "score": 1,
    "text_ocr": "##Labrousse## et ##F. Dollfus##, ££toiles peintes, commission, nou-\nveautés££, @@Jeûneurs@@, $$4$$.\n",
    "type": "ENTRY"
  },
  {
    "EOL": false,
    "box": [
      208,
      872,
      686,
      32
    ],
    "id": 304,
    "indented": true,
    "parent": 303,
    "text": "",
    "type": "LINE"
  },
  {
    "addresses": [
      {
        "street_name": "Cléry",
        "street_numbers": [
          "9"
        ]
      }
    ],
    "box": [
      208,
      872,
      686,
      32
    ],
    "checked": true,
    "id": 303,
    "origin": "human",
    "parent": 263,
    "persons": [
      "Labrousse (P.)"
    ],
    "score": 1,
    "text_ocr": "##Labrousse (P.)## et ##A. Laforest##, ££mérinos££, @@Cléry@@, $$9$$.\n",
    "type": "ENTRY"
  },
  {
    "EOL": false,
    "box": [
      208,
      904,
      746,
      32
    ],
    "id": 306,
    "indented": true,
    "parent": 305,
    "text": "",
    "type": "LINE"
  },
  {
    "addresses": [
      {
        "street_name": "Richelieu",
        "street_numbers": [
          "68"
        ]
      }
    ],
    "box": [
      208,
      904,
      746,
      32
    ],
    "checked": true,
    "id": 305,
    "origin": "human",
    "parent": 263,
    "persons": [
      "Labrousse-Lavoncourt"
    ],
    "score": 1,
    "text_ocr": "##Labrousse-Lavoncourt##, ££peintre-vitrier££, @@Richelieu@@, $$68$$.\n",
    "type": "ENTRY"
  },
  {
    "EOL": false,
    "box": [
      208,
      940,
      396,
      32
    ],
    "id": 308,
    "indented": true,
    "parent": 307,
    "text": "",
    "type": "LINE"
  },
  {
    "addresses": [
      {
        "street_name": "Juifs",
        "street_numbers": [
          "20"
        ]
      }
    ],
    "box": [
      208,
      940,
      396,
      32
    ],
    "checked": true,
    "id": 307,
    "origin": "human",
    "parent": 263,
    "persons": [
      "Labrouste"
    ],
    "score": 0.8,
    "text_ocr": "##Labrouste##, ££avocat££, @@Juifs@@, $$20$$.\n",
    "type": "ENTRY"
  },
  {
    "EOL": false,
    "box": [
      208,
      974,
      472,
      30
    ],
    "id": 310,
    "indented": true,
    "parent": 309,
    "text": "",
    "type": "LINE"
  },
  {
    "addresses": [
      {
        "street_name": "Lille",
        "street_numbers": [
          "3"
        ]
      }
    ],
    "box": [
      208,
      974,
      472,
      30
    ],
    "checked": true,
    "id": 309,
    "origin": "human",
    "parent": 263,
    "persons": [
      "Labrouste"
    ],
    "score": 1,
    "text_ocr": "##Labrouste##, ££ancien avoué££, @@Lille@@, $$3$$.\n",
    "type": "ENTRY"
  },
  {
    "EOL": false,
    "box": [
      208,
      1008,
      582,
      32
    ],
    "id": 312,
    "indented": true,
    "parent": 311,
    "text": "",
    "type": "LINE"
  },
  {
    "addresses": [
      {
        "street_name": "Juifs",
        "street_numbers": [
          "20"
        ]
      }
    ],
    "box": [
      208,
      1008,
      582,
      32
    ],
    "checked": true,
    "id": 311,
    "origin": "human",
    "parent": 263,
    "persons": [
      "Labrouste"
    ],
    "score": 0.8,
    "text_ocr": "##Labrouste##, ££recev. contrib. dir.££, @@Juifs@@, $$20$$.\n",
    "type": "ENTRY"
  },
  {
    "EOL": false,
    "box": [
      208,
      1040,
      434,
      32
    ],
    "id": 314,
    "indented": true,
    "parent": 313,
    "text": "",
    "type": "LINE"
  },
  {
    "addresses": [
      {
        "street_name": "St-Martin",
        "street_numbers": [
          "162"
        ]
      }
    ],
    "box": [
      208,
      1040,
      434,
      32
    ],
    "checked": true,
    "id": 313,
    "origin": "human",
    "parent": 263,
    "persons": [
      "Labrune"
    ],
    "score": 1,
    "text_ocr": "##Labrune##, ££vins££, @@St-Martin@@, $$162$$.\n",
    "type": "ENTRY"
  },
  {
    "EOL": false,
    "box": [
      208,
      1074,
      524,
      34
    ],
    "id": 316,
    "indented": true,
    "parent": 315,
    "text": "",
    "type": "LINE"
  },
  {
    "addresses": [
      {
        "street_name": "St-Martin",
        "street_numbers": [
          "72"
        ]
      }
    ],
    "box": [
      208,
      1074,
      524,
      34
    ],
    "checked": true,
    "id": 315,
    "origin": "human",
    "parent": 263,
    "persons": [
      "Labrunie"
    ],
    "score": 1,
    "text_ocr": "##Labrunie## µµ::LH::µµ, ££médecin££, @@St-Martin@@, $$72$$.\n",
    "type": "ENTRY"
  },
  {
    "EOL": false,
    "box": [
      208,
      1108,
      792,
      32
    ],
    "id": 318,
    "indented": true,
    "parent": 317,
    "text": "",
    "type": "LINE"
  },
  {
    "EOL": false,
    "box": [
      224,
      1146,
      132,
      28
    ],
    "id": 319,
    "indented": false,
    "parent": 317,
    "text": "",
    "type": "LINE"
  },
  {
    "addresses": [
      {
        "street_name": "St-Sau-\nveur",
        "street_numbers": [
          "45"
        ]
      }
    ],
    "box": [
      208,
      1108,
      792,
      66
    ],
    "checked": true,
    "id": 317,
    "origin": "human",
    "parent": 263,
    "persons": [
      "Labrunie neveu"
    ],
    "score": 0.9642857142857143,
    "text_ocr": "##Labrunie neveu##, ££fab. outils de maréchallerie££ , @@St-Sau-\nveur@@, $$45$$.\n",
    "type": "ENTRY"
  },
  {
    "EOL": false,
    "box": [
      208,
      1186,
      794,
      32
    ],
    "id": 321,
    "indented": true,
    "parent": 320,
    "text": "",
    "type": "LINE"
  },
  {
    "EOL": false,
    "box": [
      224,
      1220,
      300,
      32
    ],
    "id": 322,
    "indented": false,
    "parent": 320,
    "text": "",
    "type": "LINE"
  },
  {
    "addresses": [
      {
        "street_name": "Pontoise",
        "street_numbers": [
          "13"
        ]
      }
    ],
    "box": [
      208,
      1186,
      794,
      66
    ],
    "checked": true,
    "id": 320,
    "origin": "human",
    "parent": 263,
    "persons": [
      "Labruyère (J.)"
    ],
    "score": 1,
    "text_ocr": "##Labruyère (J.)##, ££commissionnaire££, @@Pontoise@@ , $$13$$, et @@St-\nLouis, au Marais@@, $$11$$.\n",
    "type": "ENTRY"
  },
  {
    "EOL": false,
    "box": [
      208,
      1262,
      680,
      34
    ],
    "id": 324,
    "indented": true,
    "parent": 323,
    "text": "",
    "type": "LINE"
  },
  {
    "addresses": [
      {
        "street_name": "St-Antoine",
        "street_numbers": [
          "184"
        ]
      }
    ],
    "box": [
      208,
      1262,
      680,
      34
    ],
    "checked": true,
    "id": 323,
    "origin": "human",
    "parent": 263,
    "persons": [
      "Labruyère jeune"
    ],
    "score": 1,
    "text_ocr": "##Labruyère jeune##, ££vins en gros££, @@St-Antoine@@, $$184$$.\n",
    "type": "ENTRY"
  },
  {
    "EOL": false,
    "box": [
      208,
      1296,
      504,
      32
    ],
    "id": 326,
    "indented": true,
    "parent": 325,
    "text": "",
    "type": "LINE"
  },
  {
    "addresses": [
      {
        "street_name": "Moulins",
        "street_numbers": [
          "17"
        ]
      }
    ],
    "box": [
      208,
      1296,
      504,
      32
    ],
    "checked": true,
    "id": 325,
    "origin": "human",
    "parent": 263,
    "persons": [
      "Labruyère jeune"
    ],
    "score": 1,
    "text_ocr": "##Labruyère jeune##, ££vins££, @@Moulins@@, $$17$$.\n",
    "type": "ENTRY"
  },
  {
    "EOL": false,
    "box": [
      208,
      1330,
      616,
      34
    ],
    "id": 328,
    "indented": true,
    "parent": 327,
    "text": "",
    "type": "LINE"
  },
  {
    "addresses": [
      {
        "street_name": "pass. Colbert",
        "street_numbers": [
          "26"
        ]
      }
    ],
    "box": [
      208,
      1330,
      616,
      34
    ],
    "checked": true,
    "id": 327,
    "origin": "human",
    "parent": 263,
    "persons": [
      "Labsolu (E.)"
    ],
    "score": 1,
    "text_ocr": "##Labsolu (E.)##, ££parfumeur££, @@pass. Colbert@@, $$26$$.\n",
    "type": "ENTRY"
  },
  {
    "EOL": false,
    "box": [
      206,
      1364,
      560,
      32
    ],
    "id": 330,
    "indented": true,
    "parent": 329,
    "text": "",
    "type": "LINE"
  },
  {
    "addresses": [
      {
        "street_name": "Fg-St-Honoré",
        "street_numbers": [
          "52"
        ]
      }
    ],
    "box": [
      206,
      1364,
      560,
      32
    ],
    "checked": true,
    "id": 329,
    "origin": "human",
    "parent": 263,
    "persons": [
      "Labussière"
    ],
    "score": 0.9375,
    "text_ocr": "##Labussière##, ££chevaux££, @@Fg-St-Honoré@@, $$52$$.\n",
    "type": "ENTRY"
  },
  {
    "EOL": false,
    "box": [
      206,
      1398,
      454,
      30
    ],
    "id": 332,
    "indented": true,
    "parent": 331,
    "text": "",
    "type": "LINE"
  },
  {
    "addresses": [
      {
        "street_name": "St-Paul",
        "street_numbers": [
          "8"
        ]
      }
    ],
    "box": [
      206,
      1398,
      454,
      30
    ],
    "checked": true,
    "id": 331,
    "origin": "human",
    "parent": 263,
    "persons": [
      "Labussière"
    ],
    "score": 1,
    "text_ocr": "##Labussière##, ££médecin££, @@St-Paul@@, $$8$$.\n",
    "type": "ENTRY"
  },
  {
    "EOL": false,
    "box": [
      206,
      1432,
      402,
      34
    ],
    "id": 334,
    "indented": true,
    "parent": 333,
    "text": "",
    "type": "LINE"
  },
  {
    "addresses": [
      {
        "street_name": "Ste-Anne",
        "street_numbers": [
          "18"
        ]
      }
    ],
    "box": [
      206,
      1432,
      402,
      34
    ],
    "checked": true,
    "id": 333,
    "origin": "human",
    "parent": 263,
    "persons": [
      "Laby"
    ],
    "score": 1,
    "text_ocr": "##Laby##, ££peintre££, @@Ste-Anne@@, $$18$$.\n",
    "type": "ENTRY"
  },
  {
    "EOL": false,
    "box": [
      204,
      1464,
      576,
      36
    ],
    "id": 336,
    "indented": true,
    "parent": 335,
    "text": "",
    "type": "LINE"
  },
  {
    "addresses": [
      {
        "street_name": "Beaubourg",
        "street_numbers": [
          "63"
        ]
      }
    ],
    "box": [
      204,
      1464,
      576,
      36
    ],
    "checked": true,
    "id": 335,
    "origin": "human",
    "parent": 263,
    "persons": [
      "Lac"
    ],
    "score": 1,
    "text_ocr": "##Lac##, ££f. poids et mesures££, @@Beaubourg@@, $$63$$.\n",
    "type": "ENTRY"
  },
  {
    "EOL": false,
    "box": [
      206,
      1500,
      424,
      30
    ],
    "id": 338,
    "indented": true,
    "parent": 337,
    "text": "",
    "type": "LINE"
  },
  {
    "addresses": [
      {
        "street_name": "pl. Vendôme",
        "street_numbers": [
          "25"
        ]
      }
    ],
    "box": [
      206,
      1500,
      424,
      30
    ],
    "checked": true,
    "id": 337,
    "origin": "human",
    "parent": 263,
    "persons": [
      "Lac"
    ],
    "score": 1,
    "text_ocr": "##Lac##, ££vitrier££, @@pl. Vendôme@@, $$25$$.\n",
    "type": "ENTRY"
  },
  {
    "EOL": false,
    "box": [
      204,
      1532,
      472,
      32
    ],
    "id": 340,
    "indented": true,
    "parent": 339,
    "text": "",
    "type": "LINE"
  },
  {
    "addresses": [
      {
        "street_name": "St-Martin",
        "street_numbers": [
          "14"
        ]
      }
    ],
    "box": [
      204,
      1532,
      472,
      32
    ],
    "checked": true,
    "id": 339,
    "origin": "human",
    "parent": 263,
    "persons": [
      "Lacaille"
    ],
    "score": 1,
    "text_ocr": "##Lacaille##, ££bijoutier££, @@St-Martin@@, $$14$$.\n",
    "type": "ENTRY"
  },
  {
    "EOL": false,
    "box": [
      202,
      1566,
      744,
      32
    ],
    "id": 342,
    "indented": true,
    "parent": 341,
    "text": "",
    "type": "LINE"
  },
  {
    "addresses": [
      {
        "street_name": "St-Dominique-St-Germain",
        "street_numbers": [
          "22"
        ]
      }
    ],
    "box": [
      202,
      1566,
      744,
      32
    ],
    "checked": true,
    "id": 341,
    "origin": "human",
    "parent": 263,
    "persons": [
      "Lacaille"
    ],
    "score": 0.5,
    "text_ocr": "##Lacaille##, ££distillateur££, @@St-Dominique-St-Germain@@, $$22$$.\n",
    "type": "ENTRY"
  },
  {
    "EOL": false,
    "box": [
      204,
      1600,
      464,
      34
    ],
    "id": 344,
    "indented": true,
    "parent": 343,
    "text": "",
    "type": "LINE"
  },
  {
    "addresses": [
      {
        "street_name": "Ecouffes",
        "street_numbers": [
          "16"
        ]
      }
    ],
    "box": [
      204,
      1600,
      464,
      34
    ],
    "checked": true,
    "id": 343,
    "origin": "human",
    "parent": 263,
    "persons": [
      "Lacaille"
    ],
    "score": 1,
    "text_ocr": "##Lacaille##, ££épicier££, @@Ecouffes@@, $$16$$.\n",
    "type": "ENTRY"
  },
  {
    "EOL": false,
    "box": [
      204,
      1634,
      560,
      32
    ],
    "id": 346,
    "indented": true,
    "parent": 345,
    "text": "",
    "type": "LINE"
  },
  {
    "addresses": [
      {
        "street_name": "Cherche-Midi",
        "street_numbers": [
          "80"
        ]
      }
    ],
    "box": [
      204,
      1634,
      560,
      32
    ],
    "checked": true,
    "id": 345,
    "origin": "human",
    "parent": 263,
    "persons": [
      "Lacaine"
    ],
    "score": 1,
    "text_ocr": "##Lacaine##, ££chef d'inst.££, @@Cherche-Midi@@, $$80$$.\n",
    "type": "ENTRY"
  },
  {
    "EOL": false,
    "box": [
      204,
      1666,
      744,
      36
    ],
    "id": 348,
    "indented": true,
    "parent": 347,
    "text": "",
    "type": "LINE"
  },
  {
    "addresses": [
      {
        "street_name": "Hanovre",
        "street_numbers": [
          "6"
        ]
      }
    ],
    "box": [
      204,
      1666,
      744,
      36
    ],
    "checked": true,
    "id": 347,
    "origin": "human",
    "parent": 263,
    "persons": [
      "Lacan (E.)"
    ],
    "score": 1,
    "text_ocr": "##Lacan (E.)##, ££receveur général de l'Aude££, @@Hanovre@@, $$6$$.\n",
    "type": "ENTRY"
  },
  {
    "EOL": false,
    "box": [
      204,
      1700,
      796,
      38
    ],
    "id": 350,
    "indented": true,
    "parent": 349,
    "text": "",
    "type": "LINE"
  },
  {
    "EOL": false,
    "box": [
      220,
      1738,
      42,
      24
    ],
    "id": 351,
    "indented": false,
    "parent": 349,
    "text": "",
    "type": "LINE"
  },
  {
    "addresses": [
      {
        "street_name": "Calandre",
        "street_numbers": [
          "39"
        ]
      }
    ],
    "box": [
      204,
      1700,
      796,
      62
    ],
    "checked": true,
    "id": 349,
    "origin": "human",
    "parent": 263,
    "persons": [
      "Lacan"
    ],
    "score": 0.6666666666666666,
    "text_ocr": "##Lacan##, ££tourn..en cuivre££, @@Calandre@@, $$39$$, ou @@Marché-Neuf@@,\n$$42$$.\n",
    "type": "ENTRY"
  },
  {
    "EOL": false,
    "box": [
      204,
      1770,
      376,
      32
    ],
    "id": 353,
    "indented": true,
    "parent": 352,
    "text": "",
    "type": "LINE"
  },
  {
    "addresses": [
      {
        "street_name": "Thérèse",
        "street_numbers": [
          "4"
        ]
      }
    ],
    "box": [
      204,
      1770,
      376,
      32
    ],
    "checked": true,
    "id": 352,
    "origin": "human",
    "parent": 263,
    "persons": [
      "Lacan"
    ],
    "score": 1,
    "text_ocr": "##Lacan##, ££avocat££, @@Thérèse@@, $$4$$.\n",
    "type": "ENTRY"
  },
  {
    "EOL": false,
    "box": [
      204,
      1804,
      796,
      48
    ],
    "id": 355,
    "indented": true,
    "parent": 354,
    "text": "",
    "type": "LINE"
  },
  {
    "EOL": false,
    "box": [
      220,
      1838,
      322,
      32
    ],
    "id": 356,
    "indented": false,
    "parent": 354,
    "text": "",
    "type": "LINE"
  },
  {
    "addresses": [
      {
        "street_name": "Ne-St-Laurent",
        "street_numbers": [
          "6"
        ]
      }
    ],
    "box": [
      204,
      1804,
      796,
      66
    ],
    "checked": true,
    "id": 354,
    "origin": "human",
    "parent": 263,
    "persons": [
      "Lacarrière"
    ],
    "score": 0.5,
    "text_ocr": "##Lacarrière## µµ::LH::µµ ,££ fonderies, bronzes et appareils pour le\ngaz££, @@Ne-St-Laurent@@, $$6$$.\n",
    "type": "ENTRY"
  },
  {
    "EOL": false,
    "box": [
      204,
      1880,
      794,
      34
    ],
    "id": 358,
    "indented": true,
    "parent": 357,
    "text": "",
    "type": "LINE"
  },
  {
    "EOL": false,
    "box": [
      222,
      1916,
      252,
      30
    ],
    "id": 359,
    "indented": false,
    "parent": 357,
    "text": "",
    "type": "LINE"
  },
  {
    "addresses": [
      {
        "street_name": "Petit-Carreau",
        "street_numbers": [
          "18"
        ]
      }
    ],
    "box": [
      204,
      1880,
      794,
      66
    ],
    "checked": true,
    "id": 357,
    "origin": "human",
    "parent": 263,
    "persons": [
      "Lacarrière (Ve)"
    ],
    "score": 0.9230769230769231,
    "text_ocr": "##Lacarrière (Ve)## et ##Jacquet##, ££quincaill., lampes, bronzes££,\n@@Petit-Carreau@@, $$18$$.\n",
    "type": "ENTRY"
  },
  {
    "EOL": false,
    "box": [
      202,
      1956,
      796,
      62
    ],
    "id": 361,
    "indented": true,
    "parent": 360,
    "text": "",
    "type": "LINE"
  },
  {
    "EOL": false,
    "box": [
      220,
      1990,
      158,
      34
    ],
    "id": 362,
    "indented": false,
    "parent": 360,
    "text": "",
    "type": "LINE"
  },
  {
    "addresses": [
      {
        "street_name": "Tour",
        "street_numbers": [
          "20"
        ]
      }
    ],
    "box": [
      202,
      1956,
      796,
      68
    ],
    "checked": true,
    "id": 360,
    "origin": "human",
    "parent": 263,
    "persons": [
      "Labarrière"
    ],
    "score": 1,
    "text_ocr": "##Labarrière## µµ::LH::µµ et co., ££éclairage au gaz££, @@Tour@@, $$20$$, @@faub.\ndu Temple@@.\n",
    "type": "ENTRY"
  },
  {
    "EOL": false,
    "box": [
      204,
      2036,
      794,
      34
    ],
    "id": 364,
    "indented": true,
    "parent": 363,
    "text": "",
    "type": "LINE"
  },
  {
    "EOL": false,
    "box": [
      222,
      2070,
      112,
      30
    ],
    "id": 365,
    "indented": false,
    "parent": 363,
    "text": "",
    "type": "LINE"
  },
  {
    "addresses": [
      {
        "street_name": "Ne-Ste-Elisabeth",
        "street_numbers": [
          "3"
        ]
      }
    ],
    "box": [
      204,
      2036,
      794,
      64
    ],
    "checked": true,
    "id": 363,
    "origin": "human",
    "parent": 263,
    "persons": [
      "Lacarrière jeune"
    ],
    "score": 0.5,
    "text_ocr": "##Lacarrière jeune## , ££f. bronzes et tréfilerie££ , @@Ne-Ste-Elisabeth@@, $$3$$.\n",
    "type": "ENTRY"
  },
  {
    "EOL": false,
    "box": [
      204,
      2098,
      710,
      48
    ],
    "id": 367,
    "indented": true,
    "parent": 366,
    "text": "",
    "type": "LINE"
  },
  {
    "addresses": [
      {
        "street_name": "pass. du Caire",
        "street_numbers": [
          "124"
        ]
      }
    ],
    "box": [
      204,
      2098,
      710,
      48
    ],
    "checked": true,
    "id": 366,
    "origin": "human",
    "parent": 263,
    "persons": [
      "Lacarrière (Mad.)"
    ],
    "score": 1,
    "text_ocr": "##Lacarrière (Mad.)##, ££f. corsets££, @@pass. du Caire@@, $$124$$.\n",
    "type": "ENTRY"
  },
  {
    "EOL": false,
    "box": [
      200,
      2146,
      594,
      32
    ],
    "id": 369,
    "indented": true,
    "parent": 368,
    "text": "",
    "type": "LINE"
  },
  {
    "addresses": [
      {
        "street_name": "Vieille-Temple",
        "street_numbers": [
          "77"
        ]
      }
    ],
    "box": [
      200,
      2146,
      594,
      32
    ],
    "checked": true,
    "id": 368,
    "origin": "human",
    "parent": 263,
    "persons": [
      "Lacarrière"
    ],
    "score": 0.5,
    "text_ocr": "##Lacarrière##, ££miroitier££, @@Vieille-Temple@@, $$77$$.\n",
    "type": "ENTRY"
  },
  {
    "EOL": false,
    "box": [
      202,
      2180,
      694,
      32
    ],
    "id": 371,
    "indented": true,
    "parent": 370,
    "text": "",
    "type": "LINE"
  },
  {
    "addresses": [
      {
        "street_name": "Fossés-Montm.",
        "street_numbers": [
          "8"
        ]
      }
    ],
    "box": [
      202,
      2180,
      694,
      32
    ],
    "checked": true,
    "id": 370,
    "origin": "human",
    "parent": 263,
    "persons": [
      "Lacarrière"
    ],
    "score": 0.5,
    "text_ocr": "##Lacarrière## et ##Bauval##, ££mérinos££, @@Fossés-Montm.@@, $$8$$.\n",
    "type": "ENTRY"
  },
  {
    "EOL": false,
    "box": [
      200,
      2214,
      598,
      32
    ],
    "id": 373,
    "indented": true,
    "parent": 372,
    "text": "",
    "type": "LINE"
  },
  {
    "addresses": [
      {
        "street_name": "allée des Veuves",
        "street_numbers": [
          "6"
        ]
      }
    ],
    "box": [
      200,
      2214,
      598,
      32
    ],
    "checked": true,
    "id": 372,
    "origin": "human",
    "parent": 263,
    "persons": [
      "Lacasse"
    ],
    "score": 0.9375,
    "text_ocr": "##Lacasse##, ££charpentier££, @@allée des Veuves@@, $$6$$.\n",
    "type": "ENTRY"
  },
  {
    "EOL": false,
    "box": [
      200,
      2248,
      526,
      34
    ],
    "id": 375,
    "indented": true,
    "parent": 374,
    "text": "",
    "type": "LINE"
  },
  {
    "addresses": [
      {
        "street_name": "Joubert",
        "street_numbers": [
          "47"
        ]
      }
    ],
    "box": [
      200,
      2248,
      526,
      34
    ],
    "checked": true,
    "id": 374,
    "origin": "human",
    "parent": 263,
    "persons": [
      "Lacasse aîné"
    ],
    "score": 1,
    "text_ocr": "##Lacasse aîné##, ££charpent.££, @@Joubert@@, $$47$$.\n",
    "type": "ENTRY"
  },
  {
    "EOL": false,
    "box": [
      200,
      2284,
      550,
      30
    ],
    "id": 377,
    "indented": true,
    "parent": 376,
    "text": "",
    "type": "LINE"
  },
  {
    "addresses": [
      {
        "street_name": "Roquette",
        "street_numbers": [
          "25"
        ]
      }
    ],
    "box": [
      200,
      2284,
      550,
      30
    ],
    "checked": true,
    "id": 376,
    "origin": "human",
    "parent": 263,
    "persons": [
      "Lacaux"
    ],
    "score": 1,
    "text_ocr": "##Lacaux##, ££potier de terre££, @@Roquette@@, $$25$$.\n",
    "type": "ENTRY"
  },
  {
    "EOL": false,
    "box": [
      200,
      2316,
      504,
      32
    ],
    "id": 379,
    "indented": true,
    "parent": 378,
    "text": "",
    "type": "LINE"
  },
  {
    "addresses": [
      {
        "street_name": "Chaillot",
        "street_numbers": [
          "60"
        ]
      }
    ],
    "box": [
      200,
      2316,
      504,
      32
    ],
    "checked": true,
    "id": 378,
    "origin": "human",
    "parent": 263,
    "persons": [
      "Lacave"
    ],
    "score": 1,
    "text_ocr": "##Lacave##, ££peintre-vitrier££, @@Chaillot@@, $$60$$.\n",
    "type": "ENTRY"
  },
  {
    "EOL": false,
    "box": [
      198,
      2350,
      478,
      32
    ],
    "id": 381,
    "indented": true,
    "parent": 380,
    "text": "",
    "type": "LINE"
  },
  {
    "addresses": [
      {
        "street_name": "Grande-Friperie",
        "street_numbers": [
          "4"
        ]
      }
    ],
    "box": [
      198,
      2350,
      478,
      32
    ],
    "checked": true,
    "id": 380,
    "origin": "human",
    "parent": 263,
    "persons": [
      "Lacave"
    ],
    "score": 0.5,
    "text_ocr": "##Lacave##, ££vins££, @@Grande-Friperie@@, $$4$$.\n",
    "type": "ENTRY"
  },
  {
    "EOL": false,
    "box": [
      198,
      2382,
      796,
      36
    ],
    "id": 383,
    "indented": true,
    "parent": 382,
    "text": "",
    "type": "LINE"
  },
  {
    "EOL": false,
    "box": [
      212,
      2416,
      190,
      32
    ],
    "id": 384,
    "indented": false,
    "parent": 382,
    "text": "",
    "type": "LINE"
  },
  {
    "addresses": [
      {
        "street_name": "Grenelle-St-\nGermain",
        "street_numbers": [
          "25"
        ]
      }
    ],
    "box": [
      198,
      2382,
      796,
      66
    ],
    "checked": true,
    "id": 382,
    "origin": "human",
    "parent": 263,
    "persons": [
      "Lacave-Laplagne"
    ],
    "score": 0.5,
    "text_ocr": "##Lacave-Laplagne## µµO.::LH::µµ, ££maître des comptes££, @@Grenelle-St-\nGermain@@, $$25$$.\n",
    "type": "ENTRY"
  },
  {
    "EOL": false,
    "box": [
      196,
      2456,
      732,
      38
    ],
    "id": 386,
    "indented": true,
    "parent": 385,
    "text": "",
    "type": "LINE"
  },
  {
    "addresses": [
      {
        "street_name": "Ne-des-Mathurins",
        "street_numbers": [
          "34"
        ]
      }
    ],
    "box": [
      196,
      2456,
      732,
      38
    ],
    "checked": true,
    "id": 385,
    "origin": "human",
    "parent": 263,
    "persons": [
      "Lacaze (Pèdre)"
    ],
    "score": 0.5,
    "text_ocr": "##Lacaze (Pèdre)##, ££député££, @@Ne-des-Mathurins@@, $$34$$.\n",
    "type": "ENTRY"
  },
  {
    "EOL": false,
    "box": [
      196,
      2494,
      296,
      30
    ],
    "id": 388,
    "indented": true,
    "parent": 387,
    "text": "",
    "type": "LINE"
  },
  {
    "addresses": [],
    "box": [
      196,
      2494,
      296,
      30
    ],
    "checked": true,
    "id": 387,
    "origin": "human",
    "parent": 263,
    "persons": [
      "Lacaze (Ls)"
    ],
    "score": 0,
    "street": "",
    "street_number": "",
    "text_ocr": "##Lacaze (Ls)##, ibidem.\n",
    "type": "ENTRY"
  },
  {
    "EOL": false,
    "box": [
      196,
      2526,
      664,
      34
    ],
    "id": 390,
    "indented": true,
    "parent": 389,
    "text": "",
    "type": "LINE"
  },
  {
    "addresses": [
      {
        "street_name": "Ne-des-Mathurins",
        "street_numbers": [
          "58"
        ]
      }
    ],
    "box": [
      196,
      2526,
      664,
      34
    ],
    "checked": true,
    "id": 389,
    "origin": "human",
    "parent": 263,
    "persons": [
      "Lacaze (Hrt)"
    ],
    "score": 0.9375,
    "text_ocr": "##Lacaze (Hrt)## µµ::LH::µµ, @@Ne-des-Mathurins@@, $$58$$.\n",
    "type": "ENTRY"
  },
  {
    "EOL": false,
    "box": [
      196,
      2562,
      602,
      34
    ],
    "id": 392,
    "indented": true,
    "parent": 391,
    "text": "",
    "type": "LINE"
  },
  {
    "addresses": [
      {
        "street_name": "Pont-de-Lodi",
        "street_numbers": [
          "1"
        ]
      }
    ],
    "box": [
      196,
      2562,
      602,
      34
    ],
    "checked": true,
    "id": 391,
    "origin": "human",
    "parent": 263,
    "persons": [
      "Lacaze"
    ],
    "score": 1,
    "text_ocr": "##Lacaze##, ££fact. à la Vallée££, @@Pont-de-Lodi@@, $$1$$.\n",
    "type": "ENTRY"
  },
  {
    "EOL": false,
    "box": [
      196,
      2594,
      506,
      34
    ],
    "id": 394,
    "indented": true,
    "parent": 393,
    "text": "",
    "type": "LINE"
  },
  {
    "addresses": [
      {
        "street_name": "Ne-Mathurins",
        "street_numbers": [
          "34"
        ]
      }
    ],
    "box": [
      196,
      2594,
      506,
      34
    ],
    "checked": true,
    "id": 393,
    "origin": "human",
    "parent": 263,
    "persons": [
      "Lacaze"
    ],
    "score": 0.5,
    "text_ocr": "##Lacaze##, ££médecin££, @@Ne-Mathurins@@, $$34$$.\n",
    "type": "ENTRY"
  },
  {
    "EOL": false,
    "box": [
      196,
      2630,
      552,
      32
    ],
    "id": 396,
    "indented": true,
    "parent": 395,
    "text": "",
    "type": "LINE"
  },
  {
    "addresses": [
      {
        "street_name": "St-Denis",
        "street_numbers": [
          "145"
        ]
      }
    ],
    "box": [
      196,
      2630,
      552,
      32
    ],
    "checked": true,
    "id": 395,
    "origin": "human",
    "parent": 263,
    "persons": [
      "Lacaze"
    ],
    "score": 1,
    "text_ocr": "##Lacaze##, ££fab. plumeaux££, @@St-Denis@@, $$145$$.\n",
    "type": "ENTRY"
  },
  {
    "addresses": [
      {
        "street_name": "Verdelet",
        "street_numbers": [
          "4"
        ]
      }
    ],
    "box": [
      194,
      2662,
      812,
      94
    ],
    "checked": true,
    "id": 547,
    "origin": "human",
    "parent": 263,
    "persons": [
      "Lacaze (Alfred de)"
    ],
    "text_ocr": "##Lacaze (Alfred de)##, ££h. de lettres££, @@Verdelet@@, $$4$$.",
    "type": "ENTRY"
  },
  {
    "EOL": false,
    "box": [
      194,
      2662,
      812,
      94
    ],
    "id": 398,
    "indented": true,
    "parent": 547,
    "text": "",
    "type": "LINE"
  },
  {
    "addresses": [
      {
        "street_name": "Bergère",
        "street_numbers": [
          "7 ter"
        ]
      }
    ],
    "box": [
      194,
      2698,
      500,
      32
    ],
    "checked": true,
    "id": 548,
    "origin": "human",
    "parent": 263,
    "persons": [
      "Lacaze et co."
    ],
    "text_ocr": "##Lacaze et co.##, ££nég.££, @@Bergère@@, $$7 ter$$.",
    "type": "ENTRY"
  },
  {
    "EOL": false,
    "box": [
      194,
      2698,
      500,
      32
    ],
    "id": 399,
    "indented": false,
    "parent": 548,
    "text": "",
    "type": "LINE"
  },
  {
    "EOL": false,
    "box": [
      194,
      2732,
      496,
      40
    ],
    "id": 401,
    "indented": true,
    "parent": 400,
    "text": "",
    "type": "LINE"
  },
  {
    "addresses": [
      {
        "street_name": "Temple",
        "street_numbers": [
          "101"
        ]
      }
    ],
    "box": [
      194,
      2732,
      496,
      40
    ],
    "checked": true,
    "id": 400,
    "origin": "human",
    "parent": 263,
    "persons": [
      "Lacère"
    ],
    "score": 1,
    "text_ocr": "##Lacère##, ££médecin££, @@Temple@@, $$101$$.\n",
    "type": "ENTRY"
  },
  {
    "box": [
      194,
      186,
      812,
      2586
    ],
    "id": 263,
    "parent": 262,
    "type": "COLUMN_LEVEL_2"
  },
  {
    "box": [
      194,
      186,
      812,
      2586
    ],
    "id": 262,
    "parent": 261,
    "type": "SECTION_LEVEL_2"
  },
  {
    "box": [
      194,
      184,
      812,
      2588
    ],
    "id": 261,
    "parent": 260,
    "type": "COLUMN_LEVEL_1"
  },
  {
    "EOL": false,
    "box": [
      1028,
      186,
      598,
      34
    ],
    "id": 406,
    "indented": false,
    "parent": 405,
    "text": "",
    "type": "LINE"
  },
  {
    "addresses": [
      {
        "street_name": "Marais-St-G.",
        "street_numbers": [
          "19"
        ]
      }
    ],
    "box": [
      1028,
      186,
      598,
      34
    ],
    "checked": true,
    "id": 405,
    "origin": "human",
    "parent": 404,
    "persons": [
      "Lachaise (N.)"
    ],
    "score": 0.5,
    "text_ocr": "##Lachaise (N.)##, ££anc. nég.££, @@Marais-St-G.@@, $$19$$.\n",
    "type": "ENTRY"
  },
  {
    "EOL": false,
    "box": [
      1028,
      220,
      550,
      34
    ],
    "id": 408,
    "indented": true,
    "parent": 407,
    "text": "",
    "type": "LINE"
  },
  {
    "addresses": [
      {
        "street_name": "Poissonnière",
        "street_numbers": [
          "37"
        ]
      }
    ],
    "box": [
      1028,
      220,
      550,
      34
    ],
    "checked": true,
    "id": 407,
    "origin": "human",
    "parent": 404,
    "persons": [
      "Lachaise"
    ],
    "score": 1,
    "text_ocr": "##Lachaise## µµ::LH::µµ, ££archit.££, @@Poissonnière@@, $$37$$.",
    "type": "ENTRY"
  },
  {
    "EOL": false,
    "box": [
      1028,
      254,
      506,
      32
    ],
    "id": 410,
    "indented": true,
    "parent": 409,
    "text": "",
    "type": "LINE"
  },
  {
    "addresses": [
      {
        "street_name": "Odéon",
        "street_numbers": [
          "21"
        ]
      }
    ],
    "box": [
      1028,
      254,
      506,
      32
    ],
    "checked": true,
    "id": 409,
    "origin": "human",
    "parent": 404,
    "persons": [
      "Lachaise"
    ],
    "score": 0.5,
    "text_ocr": "##Lachaise##, ££ancien avoué££, @@Odéon@@, $$21$$.\n",
    "type": "ENTRY"
  },
  {
    "EOL": false,
    "box": [
      1028,
      288,
      706,
      34
    ],
    "id": 412,
    "indented": true,
    "parent": 411,
    "text": "",
    "type": "LINE"
  },
  {
    "addresses": [
      {
        "street_name": "St-Martin",
        "street_numbers": [
          "168"
        ]
      }
    ],
    "box": [
      1028,
      288,
      706,
      34
    ],
    "checked": true,
    "id": 411,
    "origin": "human",
    "parent": 404,
    "persons": [
      "Lachaise"
    ],
    "score": 1,
    "text_ocr": "##Lachaise##, ££f. colliers de chiens££, @@St-Martin@@, $$168$$.\n",
    "type": "ENTRY"
  },
  {
    "EOL": false,
    "box": [
      1028,
      322,
      792,
      34
    ],
    "id": 414,
    "indented": true,
    "parent": 413,
    "text": "",
    "type": "LINE"
  },
  {
    "addresses": [
      {
        "street_name": "galerie Montpensier",
        "street_numbers": [
          "29"
        ]
      }
    ],
    "box": [
      1028,
      322,
      792,
      34
    ],
    "checked": true,
    "id": 413,
    "origin": "human",
    "parent": 404,
    "persons": [
      "Lachaise"
    ],
    "score": 0.5,
    "text_ocr": "##Lachaise##, ££limonadier££, Pal.-R., @@galerie Montpensier@@, $$29$$.\n",
    "type": "ENTRY"
  },
  {
    "EOL": false,
    "box": [
      1028,
      356,
      510,
      32
    ],
    "id": 416,
    "indented": true,
    "parent": 415,
    "text": "",
    "type": "LINE"
  },
  {
    "addresses": [
      {
        "street_name": "Charlot",
        "street_numbers": [
          "11"
        ]
      }
    ],
    "box": [
      1028,
      356,
      510,
      32
    ],
    "checked": true,
    "id": 415,
    "origin": "human",
    "parent": 404,
    "persons": [
      "Lachambre"
    ],
    "score": 1,
    "text_ocr": "##Lachambre##, ££ferblantier££, @@Charlot@@, $$11$$.\n",
    "type": "ENTRY"
  },
  {
    "EOL": false,
    "box": [
      1030,
      390,
      794,
      36
    ],
    "id": 418,
    "indented": true,
    "parent": 417,
    "text": "",
    "type": "LINE"
  },
  {
    "EOL": false,
    "box": [
      1044,
      426,
      218,
      32
    ],
    "id": 419,
    "indented": false,
    "parent": 417,
    "text": "",
    "type": "LINE"
  },
  {
    "addresses": [
      {
        "street_name": "Neuve-\nSt-Augustin",
        "street_numbers": [
          "6"
        ]
      }
    ],
    "box": [
      1030,
      390,
      794,
      68
    ],
    "checked": true,
    "id": 417,
    "origin": "human",
    "parent": 404,
    "persons": [
      "Lachapelle (Mad.), femme Savreux"
    ],
    "score": 0.5,
    "text_ocr": "##Lachapelle (Mad.), femme Savreux##, ££sage-femme££, @@Neuve-\nSt-Augustin@@, $$6$$.\n",
    "type": "ENTRY"
  },
  {
    "EOL": false,
    "box": [
      1032,
      460,
      510,
      30
    ],
    "id": 421,
    "indented": true,
    "parent": 420,
    "text": "",
    "type": "LINE"
  },
  {
    "addresses": [
      {
        "street_name": "St-Jacques",
        "street_numbers": [
          "75"
        ]
      }
    ],
    "box": [
      1032,
      460,
      510,
      30
    ],
    "checked": true,
    "id": 420,
    "origin": "human",
    "parent": 404,
    "persons": [
      "Lachapelle"
    ],
    "score": 1,
    "text_ocr": "##Lachapelle##, ££libraire££, @@St-Jacques@@, $$75$$.\n",
    "type": "ENTRY"
  },
  {
    "EOL": false,
    "box": [
      1030,
      492,
      740,
      34
    ],
    "id": 423,
    "indented": true,
    "parent": 422,
    "text": "",
    "type": "LINE"
  },
  {
    "addresses": [
      {
        "street_name": "Université-G.-C.",
        "street_numbers": [
          "142"
        ]
      }
    ],
    "box": [
      1030,
      492,
      740,
      34
    ],
    "checked": true,
    "id": 422,
    "origin": "human",
    "parent": 404,
    "persons": [
      "Lachapelle dit Maurice"
    ],
    "score": 0.5,
    "text_ocr": "##Lachapelle dit Maurice##, ££vins££, @@Université-G.-C.@@, $$142$$.\n",
    "type": "ENTRY"
  },
  {
    "EOL": false,
    "box": [
      1018,
      526,
      720,
      34
    ],
    "id": 425,
    "indented": true,
    "parent": 424,
    "text": "",
    "type": "LINE"
  },
  {
    "addresses": [
      {
        "street_name": "Meslay",
        "street_numbers": [
          "55"
        ]
      }
    ],
    "box": [
      1018,
      526,
      720,
      34
    ],
    "checked": true,
    "id": 424,
    "origin": "human",
    "parent": 404,
    "persons": [
      "Lachassagne (Alexandre)"
    ],
    "score": 1,
    "text_ocr": "##Lachassagne (Alexandre)##, ££porcelaine££, @@Meslay@@, $$55$$.\n",
    "type": "ENTRY"
  },
  {
    "EOL": false,
    "box": [
      1018,
      560,
      540,
      34
    ],
    "id": 427,
    "indented": true,
    "parent": 426,
    "text": "",
    "type": "LINE"
  },
  {
    "addresses": [
      {
        "street_name": "Cléry",
        "street_numbers": [
          "2"
        ]
      }
    ],
    "box": [
      1018,
      560,
      540,
      34
    ],
    "checked": true,
    "id": 426,
    "origin": "human",
    "parent": 404,
    "persons": [
      "Lachassine"
    ],
    "score": 1,
    "text_ocr": "##Lachassine##, ££doreur sur cuir££. @@Cléry@@, $$2$$.\n",
    "type": "ENTRY"
  },
  {
    "EOL": false,
    "box": [
      1018,
      596,
      516,
      32
    ],
    "id": 429,
    "indented": true,
    "parent": 428,
    "text": "",
    "type": "LINE"
  },
  {
    "addresses": [
      {
        "street_name": "Grenetat",
        "street_numbers": [
          "61"
        ]
      }
    ],
    "box": [
      1018,
      596,
      516,
      32
    ],
    "checked": true,
    "id": 428,
    "origin": "human",
    "parent": 404,
    "persons": [
      "Lachaste"
    ],
    "score": 0.9375,
    "text_ocr": "##Lachaste##, ££f. peignes££, @@Grenetat@@, $$61$$.\n",
    "type": "ENTRY"
  },
  {
    "EOL": false,
    "box": [
      1018,
      628,
      488,
      34
    ],
    "id": 431,
    "indented": true,
    "parent": 430,
    "text": "",
    "type": "LINE"
  },
  {
    "addresses": [
      {
        "street_name": "Planche",
        "street_numbers": [
          "7"
        ]
      }
    ],
    "box": [
      1018,
      628,
      488,
      34
    ],
    "checked": true,
    "id": 430,
    "origin": "human",
    "parent": 404,
    "persons": [
      "Lachastre (Cte de)"
    ],
    "score": 0.4285714285714286,
    "text_ocr": "##Lachastre (Cte de)##, @@Planche@@, $$7$$.\n",
    "type": "ENTRY"
  },
  {
    "EOL": false,
    "box": [
      1018,
      662,
      664,
      34
    ],
    "id": 433,
    "indented": true,
    "parent": 432,
    "text": "",
    "type": "LINE"
  },
  {
    "addresses": [
      {
        "street_name": "Grenier-St-Lazare",
        "street_numbers": [
          "28"
        ]
      }
    ],
    "box": [
      1018,
      662,
      664,
      34
    ],
    "checked": true,
    "id": 432,
    "origin": "human",
    "parent": 404,
    "persons": [
      "Lachat"
    ],
    "score": 1,
    "text_ocr": "##Lachat##, ££f. cartonnages££, @@Grenier-St-Lazare@@, $$28$$.\n",
    "type": "ENTRY"
  },
  {
    "EOL": false,
    "box": [
      1018,
      696,
      728,
      34
    ],
    "id": 435,
    "indented": true,
    "parent": 434,
    "text": "",
    "type": "LINE"
  },
  {
    "addresses": [
      {
        "street_name": "Arbre-Sec",
        "street_numbers": [
          "52"
        ]
      }
    ],
    "box": [
      1018,
      696,
      728,
      34
    ],
    "checked": true,
    "id": 434,
    "origin": "human",
    "parent": 404,
    "persons": [
      "Lachau (Mad. A.)"
    ],
    "score": 1,
    "text_ocr": "##Lachau (Mad. A.)##, ££f. chap. de soie££, @@Arbre-Sec@@, $$52$$.\n",
    "type": "ENTRY"
  },
  {
    "EOL": false,
    "box": [
      1018,
      730,
      486,
      34
    ],
    "id": 437,
    "indented": true,
    "parent": 436,
    "text": "",
    "type": "LINE"
  },
  {
    "addresses": [
      {
        "street_name": "Antin",
        "street_numbers": [
          "9"
        ]
      }
    ],
    "box": [
      1018,
      730,
      486,
      34
    ],
    "checked": true,
    "id": 436,
    "origin": "human",
    "parent": 404,
    "persons": [
      "Lachaume (Ve)"
    ],
    "score": 1,
    "text_ocr": "##Lachaume (Ve)##, µµprop.µµ, @@Antin@@, $$9$$.\n",
    "type": "ENTRY"
  },
  {
    "EOL": false,
    "box": [
      1018,
      764,
      502,
      32
    ],
    "id": 439,
    "indented": true,
    "parent": 438,
    "text": "",
    "type": "LINE"
  },
  {
    "addresses": [
      {
        "street_name": "Provence",
        "street_numbers": []
      }
    ],
    "box": [
      1018,
      764,
      502,
      32
    ],
    "checked": true,
    "id": 438,
    "origin": "human",
    "parent": 404,
    "persons": [
      "Lachaume"
    ],
    "score": 0.5,
    "street_number": "",
    "text_ocr": "##Lachaume##, ££médecin££, @@Provence@@....\n",
    "type": "ENTRY"
  },
  {
    "EOL": false,
    "box": [
      1018,
      796,
      806,
      126
    ],
    "id": 441,
    "indented": true,
    "parent": 440,
    "text": "",
    "type": "LINE"
  },
  {
    "EOL": false,
    "box": [
      1018,
      832,
      302,
      32
    ],
    "id": 442,
    "indented": false,
    "parent": 440,
    "text": "",
    "type": "LINE"
  },
  {
    "addresses": [
      {
        "street_name": "rue de Vaugirard",
        "street_numbers": [
          "100"
        ]
      }
    ],
    "box": [
      1018,
      796,
      806,
      126
    ],
    "checked": true,
    "id": 440,
    "origin": "human",
    "parent": 404,
    "persons": [
      "Lachauvinière (Léon de)"
    ],
    "score": 1,
    "text_ocr": "##Lachauvinière (Léon de)##, ££garde adj. des registres, à la\nChambre des pairs££.\n\n",
    "type": "ENTRY"
  },
  {
    "EOL": false,
    "box": [
      1018,
      866,
      568,
      34
    ],
    "id": 444,
    "indented": true,
    "parent": 443,
    "text": "",
    "type": "LINE"
  },
  {
    "addresses": [
      {
        "street_name": "Vaugirard",
        "street_numbers": [
          "100"
        ]
      }
    ],
    "box": [
      1018,
      866,
      568,
      34
    ],
    "checked": true,
    "id": 443,
    "origin": "human",
    "parent": 404,
    "persons": [
      "Lachaux"
    ],
    "score": 1,
    "text_ocr": "##Lachaux##, ££voit. publiq.££, @@Vaugirard@@, $$100$$.\n",
    "type": "ENTRY"
  },
  {
    "EOL": false,
    "box": [
      1018,
      900,
      556,
      32
    ],
    "id": 446,
    "indented": true,
    "parent": 445,
    "text": "",
    "type": "LINE"
  },
  {
    "addresses": [
      {
        "street_name": "SS.-Pères",
        "street_numbers": [
          "49"
        ]
      }
    ],
    "box": [
      1018,
      900,
      556,
      32
    ],
    "checked": true,
    "id": 445,
    "origin": "human",
    "parent": 404,
    "persons": [
      "Lachaze"
    ],
    "score": 0.9,
    "text_ocr": "##Lachaze##, ££chaudronnier££, @@SS.-Pères@@, $$49$$.\n",
    "type": "ENTRY"
  },
  {
    "EOL": false,
    "box": [
      1018,
      934,
      446,
      32
    ],
    "id": 448,
    "indented": true,
    "parent": 447,
    "text": "",
    "type": "LINE"
  },
  {
    "addresses": [
      {
        "street_name": "St-Marc",
        "street_numbers": [
          "7"
        ]
      }
    ],
    "box": [
      1018,
      934,
      446,
      32
    ],
    "checked": true,
    "id": 447,
    "origin": "human",
    "parent": 404,
    "persons": [
      "Lachenal"
    ],
    "score": 1,
    "text_ocr": "##Lachenal##, ££crémier££, @@St-Marc@@, $$7$$.\n",
    "type": "ENTRY"
  },
  {
    "EOL": false,
    "box": [
      1018,
      968,
      454,
      32
    ],
    "id": 450,
    "indented": true,
    "parent": 449,
    "text": "",
    "type": "LINE"
  },
  {
    "addresses": [
      {
        "street_name": "Lancry",
        "street_numbers": [
          "12"
        ]
      }
    ],
    "box": [
      1018,
      968,
      454,
      32
    ],
    "checked": true,
    "id": 449,
    "origin": "human",
    "parent": 404,
    "persons": [
      "Lachenée"
    ],
    "score": 1,
    "text_ocr": "##Lachenée##, ££épicier££, @@Lancry@@, $$12$$.\n",
    "type": "ENTRY"
  },
  {
    "EOL": false,
    "box": [
      1018,
      1002,
      682,
      34
    ],
    "id": 452,
    "indented": true,
    "parent": 451,
    "text": "",
    "type": "LINE"
  },
  {
    "addresses": [
      {
        "street_name": "Grenelle-St-Germ.",
        "street_numbers": [
          "1"
        ]
      }
    ],
    "box": [
      1018,
      1002,
      682,
      34
    ],
    "checked": true,
    "id": 451,
    "origin": "human",
    "parent": 404,
    "persons": [
      "Lachenée jeune"
    ],
    "score": 0.5,
    "text_ocr": "##Lachenée jeune##, ££épicier££, @@Grenelle-St-Germ.@@, $$1$$.\n",
    "type": "ENTRY"
  },
  {
    "EOL": false,
    "box": [
      1018,
      1036,
      806,
      34
    ],
    "id": 454,
    "indented": true,
    "parent": 453,
    "text": "",
    "type": "LINE"
  },
  {
    "EOL": false,
    "box": [
      1018,
      1072,
      74,
      30
    ],
    "id": 455,
    "indented": false,
    "parent": 453,
    "text": "",
    "type": "LINE"
  },
  {
    "addresses": [
      {
        "street_name": "Poissonnière",
        "street_numbers": [
          "44"
        ]
      }
    ],
    "box": [
      1018,
      1036,
      806,
      66
    ],
    "checked": true,
    "id": 453,
    "origin": "human",
    "parent": 404,
    "persons": [
      "Lachesnay"
    ],
    "score": 1,
    "text_ocr": "##Lachesnay##, ££ébéniste, tourneur, tapissier££, @@Poissonnière@@,\n$$44$$.\n",
    "type": "ENTRY"
  },
  {
    "EOL": false,
    "box": [
      1018,
      1088,
      638,
      48
    ],
    "id": 457,
    "indented": true,
    "parent": 456,
    "text": "",
    "type": "LINE"
  },
  {
    "addresses": [
      {
        "street_name": "Montmartre",
        "street_numbers": [
          "149"
        ]
      }
    ],
    "box": [
      1018,
      1088,
      638,
      48
    ],
    "checked": true,
    "id": 456,
    "origin": "human",
    "parent": 404,
    "persons": [
      "Lachette"
    ],
    "score": 1,
    "text_ocr": "##Lachette##, ££fact. de pianos££, @@Montmartre@@, $$149$$.\n",
    "type": "ENTRY"
  },
  {
    "EOL": false,
    "box": [
      1018,
      1138,
      806,
      32
    ],
    "id": 459,
    "indented": true,
    "parent": 458,
    "text": "",
    "type": "LINE"
  },
  {
    "EOL": false,
    "box": [
      1018,
      1172,
      188,
      32
    ],
    "id": 460,
    "indented": false,
    "parent": 458,
    "text": "",
    "type": "LINE"
  },
  {
    "addresses": [
      {
        "street_name": "Filles-St-\nThomas",
        "street_numbers": [
          "7"
        ]
      }
    ],
    "box": [
      1018,
      1138,
      806,
      66
    ],
    "checked": true,
    "id": 458,
    "origin": "human",
    "parent": 404,
    "persons": [
      "Lacheurié"
    ],
    "score": 1,
    "text_ocr": "##Lacheurié##, ££dir. de la chambre d'assur. marit.££, @@Filles-St-\nThomas@@, $$7$$.\n",
    "type": "ENTRY"
  },
  {
    "EOL": false,
    "box": [
      1018,
      1206,
      754,
      32
    ],
    "id": 462,
    "indented": true,
    "parent": 461,
    "text": "",
    "type": "LINE"
  },
  {
    "addresses": [
      {
        "street_name": "faub. St-Antoine",
        "street_numbers": [
          "197"
        ]
      }
    ],
    "box": [
      1018,
      1206,
      754,
      32
    ],
    "checked": true,
    "id": 461,
    "origin": "human",
    "parent": 404,
    "persons": [
      "Lachevallerie"
    ],
    "score": 1,
    "text_ocr": "##Lachevallerie##, ££épicier££, @@faub. St-Antoine@@, $$197$$ et $$199$$.\n",
    "type": "ENTRY"
  },
  {
    "EOL": false,
    "box": [
      1018,
      1240,
      806,
      32
    ],
    "id": 464,
    "indented": true,
    "parent": 463,
    "text": "",
    "type": "LINE"
  },
  {
    "EOL": false,
    "box": [
      1018,
      1274,
      64,
      16
    ],
    "id": 465,
    "indented": false,
    "parent": 463,
    "text": "",
    "type": "LINE"
  },
  {
    "addresses": [
      {
        "street_name": "Colombier",
        "street_numbers": [
          "30"
        ]
      }
    ],
    "box": [
      1018,
      1240,
      806,
      50
    ],
    "checked": true,
    "id": 463,
    "origin": "human",
    "parent": 404,
    "persons": [
      "Lachevardière et co."
    ],
    "score": 0.4444444444444444,
    "text_ocr": "##Lachevardière et co.##, ££trésor numismatique££, @@Colombier@@,\n$$30$$.\n",
    "type": "ENTRY"
  },
  {
    "EOL": false,
    "box": [
      1018,
      1292,
      72,
      14
    ],
    "id": 467,
    "indented": true,
    "parent": 466,
    "text": "",
    "type": "LINE"
  },
  {
    "addresses": [
      {
        "street_name": "rue du Pré",
        "street_numbers": []
      }
    ],
    "box": [
      1018,
      1292,
      72,
      14
    ],
    "checked": false,
    "id": 466,
    "origin": "computer",
    "parent": 404,
    "persons": [
      "|)"
    ],
    "score": 0.16666666666666666,
    "street_number": "",
    "text_ocr": "|),  vwe\n",
    "type": "ENTRY"
  },
  {
    "EOL": false,
    "box": [
      1018,
      1308,
      806,
      36
    ],
    "id": 469,
    "indented": true,
    "parent": 468,
    "text": "",
    "type": "LINE"
  },
  {
    "EOL": false,
    "box": [
      1018,
      1344,
      132,
      34
    ],
    "id": 470,
    "indented": false,
    "parent": 468,
    "text": "",
    "type": "LINE"
  },
  {
    "addresses": [
      {
        "street_name": "Coq-Hé-\nron",
        "street_numbers": [
          "3"
        ]
      }
    ],
    "box": [
      1018,
      1308,
      806,
      70
    ],
    "checked": true,
    "id": 468,
    "origin": "human",
    "parent": 404,
    "persons": [
      "Lachèvre (V.)"
    ],
    "score": 0.95,
    "text_ocr": "##Lachèvre (V.)##, ££dir. du journal des denrées££, @@Coq-Hé-\nron@@, $$3$$.\n",
    "type": "ENTRY"
  },
  {
    "EOL": false,
    "box": [
      1018,
      1380,
      770,
      34
    ],
    "id": 472,
    "indented": true,
    "parent": 471,
    "text": "",
    "type": "LINE"
  },
  {
    "addresses": [
      {
        "street_name": "pass. du Caire",
        "street_numbers": [
          "60"
        ]
      }
    ],
    "box": [
      1018,
      1380,
      770,
      34
    ],
    "checked": true,
    "id": 471,
    "origin": "human",
    "parent": 404,
    "persons": [
      "Lachèvre"
    ],
    "score": 1,
    "text_ocr": "##Lachèvre##, ££imp. taille-douce££, @@pass. du Caire@@, $$60$$ et $$61$$.\n",
    "type": "ENTRY"
  },
  {
    "EOL": false,
    "box": [
      1018,
      1416,
      630,
      34
    ],
    "id": 474,
    "indented": true,
    "parent": 473,
    "text": "",
    "type": "LINE"
  },
  {
    "addresses": [
      {
        "street_name": "St-Denis",
        "street_numbers": [
          "147"
        ]
      }
    ],
    "box": [
      1018,
      1416,
      630,
      34
    ],
    "checked": true,
    "id": 473,
    "origin": "human",
    "parent": 404,
    "persons": [
      "Lachèvre (Ve)"
    ],
    "score": 0.5,
    "text_ocr": " ##Lachèvre (Ve)##, ££épicière££, @@St-Denis@@, $$147$$.\n",
    "type": "ENTRY"
  },
  {
    "EOL": false,
    "box": [
      1018,
      1450,
      560,
      34
    ],
    "id": 476,
    "indented": true,
    "parent": 475,
    "text": "",
    "type": "LINE"
  },
  {
    "addresses": [
      {
        "street_name": "Meslay",
        "street_numbers": [
          "55"
        ]
      }
    ],
    "box": [
      1018,
      1450,
      560,
      34
    ],
    "checked": true,
    "id": 475,
    "origin": "human",
    "parent": 404,
    "persons": [
      "Lachez (Thre)"
    ],
    "score": 1,
    "text_ocr": "##Lachez (Thre)##, ££architecte££, @@Meslay@@, $$55$$.\n",
    "type": "ENTRY"
  },
  {
    "EOL": false,
    "box": [
      1018,
      1484,
      676,
      36
    ],
    "id": 478,
    "indented": true,
    "parent": 477,
    "text": "",
    "type": "LINE"
  },
  {
    "addresses": [
      {
        "street_name": "Ste-Avoye",
        "street_numbers": [
          "40"
        ]
      }
    ],
    "box": [
      1018,
      1484,
      676,
      36
    ],
    "checked": true,
    "id": 477,
    "origin": "human",
    "parent": 404,
    "persons": [
      "Lachiche"
    ],
    "score": 0.9583333333333333,
    "text_ocr": "##Lachiche##, ££loueur de cabriolets££, @@Ste-Avoye@@, $$40$$.\n",
    "type": "ENTRY"
  },
  {
    "EOL": false,
    "box": [
      1018,
      1518,
      276,
      32
    ],
    "id": 480,
    "indented": true,
    "parent": 479,
    "text": "",
    "type": "LINE"
  },
  {
    "addresses": [
      {
        "street_name": "Meslay",
        "street_numbers": [
          "30"
        ]
      }
    ],
    "box": [
      1018,
      1518,
      276,
      32
    ],
    "checked": true,
    "id": 479,
    "origin": "human",
    "parent": 404,
    "persons": [
      "Laclef"
    ],
    "score": 1,
    "text_ocr": "##Laclef##, @@Meslay@@, $$30$$.\n",
    "type": "ENTRY"
  },
  {
    "EOL": false,
    "box": [
      1018,
      1552,
      550,
      34
    ],
    "id": 482,
    "indented": true,
    "parent": 481,
    "text": "",
    "type": "LINE"
  },
  {
    "addresses": [
      {
        "street_name": "St-Victor",
        "street_numbers": [
          "84"
        ]
      }
    ],
    "box": [
      1018,
      1552,
      550,
      34
    ],
    "checked": true,
    "id": 481,
    "origin": "human",
    "parent": 404,
    "persons": [
      "Lacloye (Mlle)"
    ],
    "score": 1,
    "text_ocr": "##Lacloye (Mlle)##, ££libraire££, @@St-Victor@@, $$84$$.\n",
    "type": "ENTRY"
  },
  {
    "EOL": false,
    "box": [
      1018,
      1586,
      674,
      36
    ],
    "id": 484,
    "indented": true,
    "parent": 483,
    "text": "",
    "type": "LINE"
  },
  {
    "addresses": [
      {
        "street_name": "Vieille-Temple",
        "street_numbers": [
          "92"
        ]
      }
    ],
    "box": [
      1018,
      1586,
      674,
      36
    ],
    "checked": true,
    "id": 483,
    "origin": "human",
    "parent": 404,
    "persons": [
      "Lacoche-Feray"
    ],
    "score": 0.5,
    "text_ocr": "##Lacoche-Feray##, ££merceries££, @@Vieille-Temple@@, $$92$$.\n",
    "type": "ENTRY"
  },
  {
    "EOL": false,
    "box": [
      1018,
      1620,
      448,
      32
    ],
    "id": 486,
    "indented": true,
    "parent": 485,
    "text": "",
    "type": "LINE"
  },
  {
    "addresses": [
      {
        "street_name": "Arbre-Sec",
        "street_numbers": [
          "46"
        ]
      }
    ],
    "box": [
      1018,
      1620,
      448,
      32
    ],
    "checked": true,
    "id": 485,
    "origin": "human",
    "parent": 404,
    "persons": [
      "Lacoin"
    ],
    "score": 1,
    "text_ocr": "##Lacoin##, ££avocat££, @@Arbre-Sec@@, $$46$$.\n",
    "type": "ENTRY"
  },
  {
    "addresses": [
      {
        "street_name": "Pascal",
        "street_numbers": [
          "10"
        ]
      }
    ],
    "box": [
      1018,
      1654,
      806,
      32
    ],
    "checked": true,
    "id": 549,
    "origin": "human",
    "parent": 404,
    "persons": [
      "Lacoine"
    ],
    "text_ocr": "##Lacoine##, ££corroyeur-tanneur££, @@Pascal@@, $$10$$, et @@St-Hon.@@, $$58$$.",
    "type": "ENTRY"
  },
  {
    "EOL": false,
    "box": [
      1018,
      1654,
      806,
      32
    ],
    "id": 488,
    "indented": true,
    "parent": 549,
    "text": "",
    "type": "LINE"
  },
  {
    "addresses": [
      {
        "street_name": "Fg-St-Martin",
        "street_numbers": [
          "26"
        ]
      }
    ],
    "box": [
      1018,
      1688,
      506,
      34
    ],
    "checked": true,
    "id": 550,
    "origin": "human",
    "parent": 404,
    "persons": [
      "Lacointa"
    ],
    "text_ocr": "##Lacointa##, ££linger££, @@Fg-St-Martin@@, $$26$$.",
    "type": "ENTRY"
  },
  {
    "EOL": false,
    "box": [
      1018,
      1688,
      506,
      34
    ],
    "id": 489,
    "indented": false,
    "parent": 550,
    "text": "",
    "type": "LINE"
  },
  {
    "EOL": false,
    "box": [
      1018,
      1722,
      712,
      34
    ],
    "id": 491,
    "indented": true,
    "parent": 490,
    "text": "",
    "type": "LINE"
  },
  {
    "addresses": [
      {
        "street_name": "Bourbon-Villen.",
        "street_numbers": [
          "49"
        ]
      }
    ],
    "box": [
      1018,
      1722,
      712,
      34
    ],
    "checked": true,
    "id": 490,
    "origin": "human",
    "parent": 404,
    "persons": [
      "Lacolley"
    ],
    "score": 0.5,
    "text_ocr": "##Lacolley##, ££f. chap. de paille££, @@Bourbon-Villen.@@, $$49$$.\n",
    "type": "ENTRY"
  },
  {
    "EOL": false,
    "box": [
      1018,
      1758,
      434,
      30
    ],
    "id": 493,
    "indented": true,
    "parent": 492,
    "text": "",
    "type": "LINE"
  },
  {
    "addresses": [
      {
        "street_name": "Tournon",
        "street_numbers": [
          "2"
        ]
      }
    ],
    "box": [
      1018,
      1758,
      434,
      30
    ],
    "checked": true,
    "id": 492,
    "origin": "human",
    "parent": 404,
    "persons": [
      "Lacoma"
    ],
    "score": 1,
    "text_ocr": "##Lacoma##, ££peintre££, @@Tournon@@, $$2$$.\n",
    "type": "ENTRY"
  },
  {
    "EOL": false,
    "box": [
      1018,
      1790,
      610,
      32
    ],
    "id": 495,
    "indented": true,
    "parent": 494,
    "text": "",
    "type": "LINE"
  },
  {
    "addresses": [
      {
        "street_name": "St-Dominique-G.-C.",
        "street_numbers": [
          "206"
        ]
      }
    ],
    "box": [
      1018,
      1790,
      610,
      32
    ],
    "checked": true,
    "id": 494,
    "origin": "human",
    "parent": 404,
    "persons": [
      "Lacombe"
    ],
    "score": 0.5,
    "text_ocr": "##Lacombe##, ££épic.££, @@St-Dominique-G.-C.@@, $$206$$.\n",
    "type": "ENTRY"
  },
  {
    "EOL": false,
    "box": [
      1018,
      1824,
      490,
      32
    ],
    "id": 497,
    "indented": true,
    "parent": 496,
    "text": "",
    "type": "LINE"
  },
  {
    "addresses": [
      {
        "street_name": "Ste-Anne",
        "street_numbers": [
          "64"
        ]
      }
    ],
    "box": [
      1018,
      1824,
      490,
      32
    ],
    "checked": true,
    "id": 496,
    "origin": "human",
    "parent": 404,
    "persons": [
      "Lacombe"
    ],
    "score": 1,
    "text_ocr": "##Lacombe##, ££f. cadres££, @@Ste-Anne@@, $$64$$.\n",
    "type": "ENTRY"
  },
  {
    "EOL": false,
    "box": [
      1018,
      1858,
      568,
      32
    ],
    "id": 499,
    "indented": true,
    "parent": 498,
    "text": "",
    "type": "LINE"
  },
  {
    "addresses": [
      {
        "street_name": "faub. St-Denis",
        "street_numbers": [
          "140"
        ]
      }
    ],
    "box": [
      1018,
      1858,
      568,
      32
    ],
    "checked": true,
    "id": 498,
    "origin": "human",
    "parent": 404,
    "persons": [
      "Lacombe"
    ],
    "score": 1,
    "text_ocr": "##Lacombe##, ££f. cuirs££, @@faub. St-Denis@@, $$140$$.\n",
    "type": "ENTRY"
  },
  {
    "EOL": false,
    "box": [
      1018,
      1892,
      806,
      36
    ],
    "id": 501,
    "indented": true,
    "parent": 500,
    "text": "",
    "type": "LINE"
  },
  {
    "EOL": false,
    "box": [
      1018,
      1928,
      206,
      28
    ],
    "id": 502,
    "indented": false,
    "parent": 500,
    "text": "",
    "type": "LINE"
  },
  {
    "addresses": [
      {
        "street_name": "q. de la Râpée",
        "street_numbers": [
          "67"
        ]
      }
    ],
    "box": [
      1018,
      1892,
      806,
      64
    ],
    "checked": true,
    "id": 500,
    "origin": "human",
    "parent": 404,
    "persons": [
      "Lacombe"
    ],
    "score": 0.5,
    "text_ocr": "##Lacombe##, ££sous-inspect. des ports££, @@q. de la Râpée@@, $$67$$,\nintra muros.\n",
    "type": "ENTRY"
  },
  {
    "EOL": false,
    "box": [
      1018,
      1964,
      488,
      36
    ],
    "id": 504,
    "indented": true,
    "parent": 503,
    "text": "",
    "type": "LINE"
  },
  {
    "addresses": [
      {
        "street_name": "Beaux-Arts",
        "street_numbers": [
          "9"
        ]
      }
    ],
    "box": [
      1018,
      1964,
      488,
      36
    ],
    "checked": true,
    "id": 503,
    "origin": "human",
    "parent": 404,
    "persons": [
      "Lacombe"
    ],
    "score": 1,
    "text_ocr": "##Lacombe##, ££libraire££, @@Beaux-Arts@@, $$9$$.\n",
    "type": "ENTRY"
  },
  {
    "EOL": false,
    "box": [
      1028,
      2002,
      498,
      32
    ],
    "id": 506,
    "indented": true,
    "parent": 505,
    "text": "",
    "type": "LINE"
  },
  {
    "addresses": [
      {
        "street_name": "aux Ours",
        "street_numbers": [
          "31"
        ]
      }
    ],
    "box": [
      1028,
      2002,
      498,
      32
    ],
    "checked": true,
    "id": 505,
    "origin": "human",
    "parent": 404,
    "persons": [
      "Lacombe"
    ],
    "score": 0.5,
    "text_ocr": "##Lacombe##, ££merceries££, @@aux Ours@@, $$31$$.\n",
    "type": "ENTRY"
  },
  {
    "EOL": false,
    "box": [
      1028,
      2036,
      654,
      34
    ],
    "id": 508,
    "indented": true,
    "parent": 507,
    "text": "",
    "type": "LINE"
  },
  {
    "addresses": [
      {
        "street_name": "Du Petit-Thouars",
        "street_numbers": [
          "17"
        ]
      }
    ],
    "box": [
      1028,
      2036,
      654,
      34
    ],
    "checked": true,
    "id": 507,
    "origin": "human",
    "parent": 404,
    "persons": [
      "Lacombe"
    ],
    "score": 0.96875,
    "text_ocr": "##Lacombe##, ££passementier££, @@Du Petit-Thouars@@, $$17$$.\n",
    "type": "ENTRY"
  },
  {
    "EOL": false,
    "box": [
      1028,
      2072,
      502,
      30
    ],
    "id": 510,
    "indented": true,
    "parent": 509,
    "text": "",
    "type": "LINE"
  },
  {
    "addresses": [
      {
        "street_name": "Cité Bergère",
        "street_numbers": [
          "7"
        ]
      }
    ],
    "box": [
      1028,
      2072,
      502,
      30
    ],
    "checked": true,
    "id": 509,
    "origin": "human",
    "parent": 404,
    "persons": [
      "Lacombe"
    ],
    "score": 1,
    "text_ocr": "##Lacombe##, ££h. garni££, @@Cité Bergère@@, $$7$$.\n",
    "type": "ENTRY"
  },
  {
    "EOL": false,
    "box": [
      1026,
      2104,
      780,
      34
    ],
    "id": 512,
    "indented": true,
    "parent": 511,
    "text": "",
    "type": "LINE"
  },
  {
    "addresses": [
      {
        "street_name": "Ste-Marguerite-St-Germ.",
        "street_numbers": [
          "40"
        ]
      }
    ],
    "box": [
      1026,
      2104,
      780,
      34
    ],
    "checked": true,
    "id": 511,
    "origin": "human",
    "parent": 404,
    "persons": [
      "Lacombe"
    ],
    "score": 0.5,
    "text_ocr": "##Lacombe##, ££maître maçon££, @@Ste-Marguerite-St-Germ.@@, $$40$$.\n",
    "type": "ENTRY"
  },
  {
    "EOL": false,
    "box": [
      1026,
      2138,
      796,
      56
    ],
    "id": 514,
    "indented": true,
    "parent": 513,
    "text": "",
    "type": "LINE"
  },
  {
    "EOL": false,
    "box": [
      1042,
      2172,
      134,
      32
    ],
    "id": 515,
    "indented": false,
    "parent": 513,
    "text": "",
    "type": "LINE"
  },
  {
    "addresses": [
      {
        "street_name": "faub. St-Ho-\nnoré",
        "street_numbers": [
          "21"
        ]
      }
    ],
    "box": [
      1026,
      2138,
      796,
      66
    ],
    "checked": true,
    "id": 513,
    "origin": "human",
    "parent": 404,
    "persons": [
      "Lacombe (Mad.)"
    ],
    "score": 0.9615384615384616,
    "text_ocr": "##Lacombe (Mad.)##, ££bureau de papier timbré££, @@faub. St-Ho-\nnoré@@, $$21$$.\n",
    "type": "ENTRY"
  },
  {
    "EOL": false,
    "box": [
      1026,
      2214,
      506,
      34
    ],
    "id": 517,
    "indented": true,
    "parent": 516,
    "text": "",
    "type": "LINE"
  },
  {
    "addresses": [
      {
        "street_name": "q. des Célestins",
        "street_numbers": [
          "20"
        ]
      }
    ],
    "box": [
      1026,
      2214,
      506,
      34
    ],
    "checked": true,
    "id": 516,
    "origin": "human",
    "parent": 404,
    "persons": [
      "Lacombe (P.)"
    ],
    "score": 0.5,
    "text_ocr": "##Lacombe (P.)##, @@q. des Célestins@@, $$20$$.\n",
    "type": "ENTRY"
  },
  {
    "EOL": false,
    "box": [
      1026,
      2248,
      580,
      32
    ],
    "id": 519,
    "indented": true,
    "parent": 518,
    "text": "",
    "type": "LINE"
  },
  {
    "addresses": [
      {
        "street_name": "faub. du Roule",
        "street_numbers": [
          "73"
        ]
      }
    ],
    "box": [
      1026,
      2248,
      580,
      32
    ],
    "checked": true,
    "id": 518,
    "origin": "human",
    "parent": 404,
    "persons": [
      "Lacomble"
    ],
    "score": 0.5,
    "text_ocr": "##Lacomble##, ££charron££, @@faub. du Roule@@, $$73$$.\n",
    "type": "ENTRY"
  },
  {
    "EOL": false,
    "box": [
      1026,
      2282,
      594,
      32
    ],
    "id": 521,
    "indented": true,
    "parent": 520,
    "text": "",
    "type": "LINE"
  },
  {
    "addresses": [
      {
        "street_name": "marché St-Honoré",
        "street_numbers": [
          "4"
        ]
      }
    ],
    "box": [
      1026,
      2282,
      594,
      32
    ],
    "checked": true,
    "id": 520,
    "origin": "human",
    "parent": 404,
    "persons": [
      "Lacorne"
    ],
    "score": 1,
    "text_ocr": "##Lacorne##, ££boucher££, @@marché St-Honoré@@, $$4$$.\n",
    "type": "ENTRY"
  },
  {
    "EOL": false,
    "box": [
      1024,
      2316,
      518,
      32
    ],
    "id": 523,
    "indented": true,
    "parent": 522,
    "text": "",
    "type": "LINE"
  },
  {
    "addresses": [
      {
        "street_name": "St-Romain",
        "street_numbers": [
          "2"
        ]
      }
    ],
    "box": [
      1024,
      2316,
      518,
      32
    ],
    "checked": true,
    "id": 522,
    "origin": "human",
    "parent": 404,
    "persons": [
      "Lacornée"
    ],
    "score": 1,
    "text_ocr": "##Lacornée##, ££architecte££, @@St-Romain@@, $$2$$.\n",
    "type": "ENTRY"
  },
  {
    "EOL": false,
    "box": [
      1024,
      2348,
      798,
      36
    ],
    "id": 525,
    "indented": true,
    "parent": 524,
    "text": "",
    "type": "LINE"
  },
  {
    "EOL": false,
    "box": [
      1040,
      2384,
      180,
      38
    ],
    "id": 526,
    "indented": false,
    "parent": 524,
    "text": "",
    "type": "LINE"
  },
  {
    "addresses": [
      {
        "street_name": "Neuve-Petits-\nChamps",
        "street_numbers": [
          "93"
        ]
      }
    ],
    "box": [
      1024,
      2348,
      798,
      74
    ],
    "checked": true,
    "id": 524,
    "origin": "human",
    "parent": 404,
    "persons": [
      "Lacoste"
    ],
    "score": 0.5,
    "text_ocr": "##Lacoste##, ££avocat à la cour de cassation££, @@Neuve-Petits-\nChamps@@, $$93$$.\n",
    "type": "ENTRY"
  },
  {
    "EOL": false,
    "box": [
      1024,
      2426,
      524,
      34
    ],
    "id": 528,
    "indented": true,
    "parent": 527,
    "text": "",
    "type": "LINE"
  },
  {
    "addresses": [
      {
        "street_name": "cour royale",
        "street_numbers": []
      }
    ],
    "box": [
      1024,
      2426,
      524,
      34
    ],
    "checked": true,
    "id": 527,
    "origin": "human",
    "parent": 404,
    "persons": [
      "Lacoste"
    ],
    "score": 0.5,
    "street_number": "",
    "text_ocr": "##Lacoste##, ££avocat cour royale££, ibidem.\n",
    "type": "ENTRY"
  },
  {
    "EOL": false,
    "box": [
      1024,
      2462,
      584,
      32
    ],
    "id": 530,
    "indented": true,
    "parent": 529,
    "text": "",
    "type": "LINE"
  },
  {
    "addresses": [
      {
        "street_name": "Ne-Bons-Enfans",
        "street_numbers": [
          "5"
        ]
      }
    ],
    "box": [
      1024,
      2462,
      584,
      32
    ],
    "checked": true,
    "id": 529,
    "origin": "human",
    "parent": 404,
    "persons": [
      "Lacoste"
    ],
    "score": 0.5,
    "text_ocr": "##Lacoste##, ££anc. avoué££, @@Ne-Bons-Enfans@@, $$5$$.\n",
    "type": "ENTRY"
  },
  {
    "EOL": false,
    "box": [
      1024,
      2496,
      526,
      30
    ],
    "id": 532,
    "indented": true,
    "parent": 531,
    "text": "",
    "type": "LINE"
  },
  {
    "addresses": [
      {
        "street_name": "Ne-Petits-Pères",
        "street_numbers": [
          "3"
        ]
      }
    ],
    "box": [
      1024,
      2496,
      526,
      30
    ],
    "checked": true,
    "id": 531,
    "origin": "human",
    "parent": 404,
    "persons": [
      "Lacoste"
    ],
    "score": 0.5,
    "text_ocr": "##Lacoste##, ££boucher££, @@Ne-Petits-Pères@@, $$3$$.\n",
    "type": "ENTRY"
  },
  {
    "EOL": false,
    "box": [
      1024,
      2486,
      776,
      76
    ],
    "id": 534,
    "indented": true,
    "parent": 533,
    "text": "",
    "type": "LINE"
  },
  {
    "addresses": [
      {
        "street_name": "Cimetière-St-Nicolas",
        "street_numbers": [
          "12"
        ]
      }
    ],
    "box": [
      1024,
      2486,
      776,
      76
    ],
    "checked": true,
    "id": 533,
    "origin": "human",
    "parent": 404,
    "persons": [
      "Lacoste"
    ],
    "score": 0.5,
    "text_ocr": "##Lacoste##, ££f. bretelles££, @@Cimetière-St-Nicolas@@, $$12$$ et $$14$$.\n",
    "type": "ENTRY"
  },
  {
    "EOL": false,
    "box": [
      1024,
      2564,
      710,
      30
    ],
    "id": 536,
    "indented": true,
    "parent": 535,
    "text": "",
    "type": "LINE"
  },
  {
    "addresses": [
      {
        "street_name": "St-Dominique-St-G.",
        "street_numbers": [
          "17"
        ]
      }
    ],
    "box": [
      1024,
      2564,
      710,
      30
    ],
    "checked": true,
    "id": 535,
    "origin": "human",
    "parent": 404,
    "persons": [
      "Lacoste"
    ],
    "score": 0.5,
    "text_ocr": "##Lacoste##, ££cab. de lecture££, @@St-Dominique-St-G.@@, $$17$$.\n",
    "type": "ENTRY"
  },
  {
    "EOL": false,
    "box": [
      1026,
      2596,
      708,
      32
    ],
    "id": 538,
    "indented": true,
    "parent": 537,
    "text": "",
    "type": "LINE"
  },
  {
    "addresses": [
      {
        "street_name": "faub. St-Martin",
        "street_numbers": [
          "123"
        ]
      }
    ],
    "box": [
      1026,
      2596,
      708,
      32
    ],
    "checked": true,
    "id": 537,
    "origin": "human",
    "parent": 404,
    "persons": [
      "Lacoste"
    ],
    "score": 1,
    "text_ocr": "##Lacoste##, ££curé à St-Laurent££, @@faub. St-Martin@@, $$123$$.\n",
    "type": "ENTRY"
  },
  {
    "EOL": false,
    "box": [
      1026,
      2632,
      706,
      30
    ],
    "id": 540,
    "indented": true,
    "parent": 539,
    "text": "",
    "type": "LINE"
  },
  {
    "addresses": [
      {
        "street_name": "boul. des Filles-du-Calvaire",
        "street_numbers": [
          "5"
        ]
      }
    ],
    "box": [
      1026,
      2632,
      706,
      30
    ],
    "checked": true,
    "id": 539,
    "origin": "human",
    "parent": 404,
    "persons": [
      "Lacoste"
    ],
    "score": 0.375,
    "text_ocr": "##Lacoste##, ££ébéniste££, @@boul. des Filles-du-Calvaire@@, $$5$$.\n",
    "type": "ENTRY"
  },
  {
    "EOL": false,
    "box": [
      1026,
      2666,
      590,
      30
    ],
    "id": 542,
    "indented": true,
    "parent": 541,
    "text": "",
    "type": "LINE"
  },
  {
    "addresses": [
      {
        "street_name": "Fg-St-Denis",
        "street_numbers": [
          "164"
        ]
      }
    ],
    "box": [
      1026,
      2666,
      590,
      30
    ],
    "checked": true,
    "id": 541,
    "origin": "human",
    "parent": 404,
    "persons": [
      "Lacoste"
    ],
    "score": 0.9285714285714286,
    "text_ocr": "##Lacoste##, ££maître maçon££, @@Fg-St-Denis@@, $$164$$.\n",
    "type": "ENTRY"
  },
  {
    "EOL": false,
    "box": [
      1024,
      2700,
      516,
      32
    ],
    "id": 544,
    "indented": true,
    "parent": 543,
    "text": "",
    "type": "LINE"
  },
  {
    "addresses": [
      {
        "street_name": "Grange-Batelière",
        "street_numbers": [
          "26"
        ]
      }
    ],
    "box": [
      1024,
      2700,
      516,
      32
    ],
    "checked": true,
    "id": 543,
    "origin": "human",
    "parent": 404,
    "persons": [
      "Lacoste"
    ],
    "score": 1,
    "text_ocr": "##Lacoste##, ££nég.££, @@Grange-Batelière@@, $$26$$.\n",
    "type": "ENTRY"
  },
  {
    "EOL": false,
    "box": [
      1026,
      2732,
      548,
      40
    ],
    "id": 546,
    "indented": true,
    "parent": 545,
    "text": "",
    "type": "LINE"
  },
  {
    "addresses": [
      {
        "street_name": "Ancienne-Comédie",
        "street_numbers": [
          "18"
        ]
      }
    ],
    "box": [
      1026,
      2732,
      548,
      40
    ],
    "checked": true,
    "id": 545,
    "origin": "human",
    "parent": 404,
    "persons": [
      "Lacoste"
    ],
    "score": 0.96875,
    "text_ocr": "##Lacoste##, µµprop.µµ, @@Ancienne-Comédie@@, $$18$$.\n",
    "type": "ENTRY"
  },
  {
    "box": [
      1018,
      184,
      806,
      2588
    ],
    "id": 404,
    "parent": 403,
    "type": "COLUMN_LEVEL_2"
  },
  {
    "box": [
      1018,
      184,
      806,
      2588
    ],
    "id": 403,
    "parent": 402,
    "type": "SECTION_LEVEL_2"
  },
  {
    "box": [
      1018,
      184,
      806,
      2588
    ],
    "id": 402,
    "parent": 260,
    "type": "COLUMN_LEVEL_1"
  },
  {
    "box": [
      194,
      184,
      1630,
      2588
    ],
    "id": 260,
    "parent": 256,
    "type": "SECTION_LEVEL_1"
  },
  {
    "box": [
      194,
      0,
      1630,
      2772
    ],
    "id": 256,
    "type": "PAGE"
  }
]
