[
  {
    "box": [
      86,
      190,
      1656,
      30
    ],
    "checked": true,
    "id": 257,
    "origin": "computer",
    "parent": 256,
    "text": "CCCKXXVIII LISTE GENERALE\n",
    "type": "TITLE_LEVEL_1"
  },
  {
    "EOL": false,
    "box": [
      98,
      242,
      636,
      32
    ],
    "id": 263,
    "indented": false,
    "parent": 262,
    "text": "",
    "type": "LINE"
  },
  {
    "addresses": [
      {
        "street_name": "Pot-de-Fer-St-Sulpice",
        "street_numbers": [
          "16"
        ]
      }
    ],
    "box": [
      98,
      242,
      636,
      32
    ],
    "checked": true,
    "id": 262,
    "origin": "human",
    "parent": 261,
    "persons": [
      "Vibert"
    ],
    "score": 0.5,
    "text_ocr": "##Vibert##, ££menuisier££, @@Pot-de-Fer-St-Sulpice@@, $$16$$.\n",
    "type": "ENTRY"
  },
  {
    "EOL": false,
    "box": [
      96,
      278,
      506,
      32
    ],
    "id": 265,
    "indented": true,
    "parent": 264,
    "text": "",
    "type": "LINE"
  },
  {
    "addresses": [
      {
        "street_name": "St-Jacques",
        "street_numbers": [
          "226"
        ]
      }
    ],
    "box": [
      96,
      278,
      506,
      32
    ],
    "checked": true,
    "id": 264,
    "origin": "human",
    "parent": 261,
    "persons": [
      "Vibert"
    ],
    "score": 0.5,
    "text_ocr": "##Vibert##, ££menuisier££, @@St-Jacques@@, $$226$$.\n",
    "type": "ENTRY"
  },
  {
    "EOL": false,
    "box": [
      100,
      312,
      586,
      34
    ],
    "id": 267,
    "indented": true,
    "parent": 266,
    "text": "",
    "type": "LINE"
  },
  {
    "addresses": [
      {
        "street_name": "St-Denis",
        "street_numbers": [
          "148"
        ]
      }
    ],
    "box": [
      100,
      312,
      586,
      34
    ],
    "checked": true,
    "id": 266,
    "origin": "human",
    "parent": 261,
    "persons": [
      "Vibert (Eugène)"
    ],
    "score": 1,
    "text_ocr": "##Vibert (Eugène)##, ££mercerie££, @@St-Denis@@, $$148$$.\n",
    "type": "ENTRY"
  },
  {
    "EOL": false,
    "box": [
      96,
      346,
      784,
      52
    ],
    "id": 269,
    "indented": true,
    "parent": 268,
    "text": "",
    "type": "LINE"
  },
  {
    "addresses": [
      {
        "street_name": "Ne-St-Etienne-St-Marcel",
        "street_numbers": [
          "9"
        ]
      }
    ],
    "box": [
      96,
      346,
      784,
      52
    ],
    "checked": true,
    "id": 268,
    "origin": "human",
    "parent": 261,
    "persons": [
      "Vibert fils"
    ],
    "score": 0.5,
    "text_ocr": "##Vibert fils##, ££grav. en caract.££, @@Ne-St-Etienne-St-Marcel@@, $$9$$.\n\n",
    "type": "ENTRY"
  },
  {
    "EOL": false,
    "box": [
      98,
      380,
      536,
      34
    ],
    "id": 271,
    "indented": true,
    "parent": 270,
    "text": "",
    "type": "LINE"
  },
  {
    "addresses": [
      {
        "street_name": "Montmartre",
        "street_numbers": [
          "1"
        ]
      }
    ],
    "box": [
      98,
      380,
      536,
      34
    ],
    "checked": true,
    "id": 270,
    "origin": "human",
    "parent": 261,
    "persons": [
      "Vibien"
    ],
    "score": 1,
    "text_ocr": "##Vibien##, ££chaudronnier££, @@Montmartre@@, $$1$$.\n",
    "type": "ENTRY"
  },
  {
    "EOL": false,
    "box": [
      96,
      416,
      470,
      32
    ],
    "id": 273,
    "indented": true,
    "parent": 272,
    "text": "",
    "type": "LINE"
  },
  {
    "addresses": [
      {
        "street_name": "Fg-St-Honoré",
        "street_numbers": [
          "30"
        ]
      }
    ],
    "box": [
      96,
      416,
      470,
      32
    ],
    "checked": true,
    "id": 272,
    "origin": "human",
    "parent": 261,
    "persons": [
      "Vicel"
    ],
    "score": 0.9333333333333333,
    "text_ocr": "##Vicel##, ££épicier££, @@Fg-St-Honoré@@, $$30$$.\n",
    "type": "ENTRY"
  },
  {
    "EOL": false,
    "box": [
      96,
      450,
      468,
      34
    ],
    "id": 275,
    "indented": true,
    "parent": 274,
    "text": "",
    "type": "LINE"
  },
  {
    "addresses": [
      {
        "street_name": "St-Lazare",
        "street_numbers": [
          "49"
        ]
      }
    ],
    "box": [
      96,
      450,
      468,
      34
    ],
    "checked": true,
    "id": 274,
    "origin": "human",
    "parent": 261,
    "persons": [
      "Vicence (Dsse de)"
    ],
    "score": 1,
    "text_ocr": "##Vicence (Dsse de)##, @@St-Lazare@@, $$49$$.\n",
    "type": "ENTRY"
  },
  {
    "EOL": false,
    "box": [
      98,
      484,
      800,
      32
    ],
    "id": 277,
    "indented": true,
    "parent": 276,
    "text": "",
    "type": "LINE"
  },
  {
    "addresses": [
      {
        "street_name": "passa. des Panoramas",
        "street_numbers": [
          "44 et 45"
        ]
      }
    ],
    "box": [
      98,
      484,
      800,
      32
    ],
    "checked": true,
    "id": 276,
    "origin": "human",
    "parent": 261,
    "persons": [
      "Vicherat"
    ],
    "score": 0.5,
    "text_ocr": "##Vicherat##, ££quincaillerie££, @@passa. des Panoramas@@, $$44 et 45$$.\n",
    "type": "ENTRY"
  },
  {
    "EOL": false,
    "box": [
      96,
      518,
      660,
      34
    ],
    "id": 279,
    "indented": true,
    "parent": 278,
    "text": "",
    "type": "LINE"
  },
  {
    "addresses": [
      {
        "street_name": "Navarrin",
        "street_numbers": [
          "17"
        ]
      }
    ],
    "box": [
      96,
      518,
      660,
      34
    ],
    "checked": true,
    "id": 278,
    "origin": "human",
    "parent": 261,
    "persons": [
      "Vichery (Bn)"
    ],
    "score": 0.75,
    "text_ocr": "##Vichery (Bn)## µµC. ::LH::µµ ££lieut.-gén.££, @@Navarrin@@, $$17$$.\n",
    "type": "ENTRY"
  },
  {
    "EOL": false,
    "box": [
      98,
      554,
      454,
      30
    ],
    "id": 281,
    "indented": true,
    "parent": 280,
    "text": "",
    "type": "LINE"
  },
  {
    "addresses": [
      {
        "street_name": "St-Honoré",
        "street_numbers": [
          "281"
        ]
      }
    ],
    "box": [
      98,
      554,
      454,
      30
    ],
    "checked": true,
    "id": 280,
    "origin": "human",
    "parent": 261,
    "persons": [
      "Vichet"
    ],
    "score": 1,
    "text_ocr": "##Vichet##, ££bottier££, @@St-Honoré@@, $$281$$.\n",
    "type": "ENTRY"
  },
  {
    "EOL": false,
    "box": [
      96,
      588,
      450,
      34
    ],
    "id": 283,
    "indented": true,
    "parent": 282,
    "text": "",
    "type": "LINE"
  },
  {
    "addresses": [
      {
        "street_name": "St-Honoré",
        "street_numbers": [
          "69"
        ]
      }
    ],
    "box": [
      96,
      588,
      450,
      34
    ],
    "checked": true,
    "id": 282,
    "origin": "human",
    "parent": 261,
    "persons": [
      "Vicq"
    ],
    "score": 1,
    "text_ocr": "##Vicq##, ££chapelier££, @@St-Honoré@@, $$69$$.\n",
    "type": "ENTRY"
  },
  {
    "EOL": false,
    "box": [
      94,
      622,
      602,
      34
    ],
    "id": 285,
    "indented": true,
    "parent": 284,
    "text": "",
    "type": "LINE"
  },
  {
    "addresses": [
      {
        "street_name": "Mandar",
        "street_numbers": [
          "4"
        ]
      }
    ],
    "box": [
      94,
      622,
      602,
      34
    ],
    "checked": true,
    "id": 284,
    "origin": "human",
    "parent": 261,
    "persons": [
      "Vicq"
    ],
    "score": 1,
    "text_ocr": "##Vicq##, ££dessinateur de broderies££, @@Mandar@@, $$4$$.\n",
    "type": "ENTRY"
  },
  {
    "EOL": false,
    "box": [
      94,
      656,
      504,
      32
    ],
    "id": 287,
    "indented": true,
    "parent": 286,
    "text": "",
    "type": "LINE"
  },
  {
    "addresses": [
      {
        "street_name": "St-Louis-Marais",
        "street_numbers": [
          "32"
        ]
      }
    ],
    "box": [
      94,
      656,
      504,
      32
    ],
    "checked": true,
    "id": 286,
    "origin": "human",
    "parent": 261,
    "persons": [
      "Victor"
    ],
    "score": 0.5,
    "text_ocr": "##Victor##, ££coiffeur££, @@St-Louis-Marais@@, $$32$$.\n",
    "type": "ENTRY"
  },
  {
    "EOL": false,
    "box": [
      96,
      690,
      554,
      32
    ],
    "id": 289,
    "indented": true,
    "parent": 288,
    "text": "",
    "type": "LINE"
  },
  {
    "addresses": [
      {
        "street_name": "Ancienne-Comédie",
        "street_numbers": [
          "10"
        ]
      }
    ],
    "box": [
      96,
      690,
      554,
      32
    ],
    "checked": true,
    "id": 288,
    "origin": "human",
    "parent": 261,
    "persons": [
      "Victor"
    ],
    "score": 1,
    "text_ocr": "##Victor##, ££coiffeur££, @@Ancienne-Comédie@@, $$10$$.\n",
    "type": "ENTRY"
  },
  {
    "EOL": false,
    "box": [
      94,
      726,
      512,
      30
    ],
    "id": 291,
    "indented": true,
    "parent": 290,
    "text": "",
    "type": "LINE"
  },
  {
    "addresses": [
      {
        "street_name": "Cherche-Midi",
        "street_numbers": [
          "109"
        ]
      }
    ],
    "box": [
      94,
      726,
      512,
      30
    ],
    "checked": true,
    "id": 290,
    "origin": "human",
    "parent": 261,
    "persons": [
      "Victor"
    ],
    "score": 1,
    "text_ocr": "##Victor##, ££graveur££, @@Cherche-Midi@@, $$109$$.\n",
    "type": "ENTRY"
  },
  {
    "EOL": false,
    "box": [
      92,
      760,
      466,
      30
    ],
    "id": 293,
    "indented": true,
    "parent": 292,
    "text": "",
    "type": "LINE"
  },
  {
    "addresses": [
      {
        "street_name": "St-Denis",
        "street_numbers": [
          "14"
        ]
      }
    ],
    "box": [
      92,
      760,
      466,
      30
    ],
    "checked": true,
    "id": 292,
    "origin": "human",
    "parent": 261,
    "persons": [
      "Victor"
    ],
    "score": 1,
    "text_ocr": "##Victor##, ££limonadier££, @@St-Denis@@, $$14$$.\n",
    "type": "ENTRY"
  },
  {
    "EOL": false,
    "box": [
      92,
      794,
      598,
      32
    ],
    "id": 295,
    "indented": true,
    "parent": 294,
    "text": "",
    "type": "LINE"
  },
  {
    "addresses": [
      {
        "street_name": "Basse-Rempart",
        "street_numbers": [
          "50"
        ]
      }
    ],
    "box": [
      92,
      794,
      598,
      32
    ],
    "checked": true,
    "id": 294,
    "origin": "human",
    "parent": 261,
    "persons": [
      "Victor"
    ],
    "score": 0.5,
    "text_ocr": "##Victor##, ££loue carrosses££, @@Basse-Rempart@@, $$50$$.\n",
    "type": "ENTRY"
  },
  {
    "EOL": false,
    "box": [
      92,
      828,
      506,
      32
    ],
    "id": 297,
    "indented": true,
    "parent": 296,
    "text": "",
    "type": "LINE"
  },
  {
    "addresses": [
      {
        "street_name": "Caire",
        "street_numbers": [
          "29"
        ]
      }
    ],
    "box": [
      92,
      828,
      506,
      32
    ],
    "checked": true,
    "id": 296,
    "origin": "human",
    "parent": 261,
    "persons": [
      "Victor (Mme)"
    ],
    "score": 1,
    "text_ocr": "##Victor (Mme)##, ££apprêteuse££, @@Caire@@, $$29$$.\n",
    "type": "ENTRY"
  },
  {
    "EOL": false,
    "box": [
      92,
      862,
      584,
      30
    ],
    "id": 299,
    "indented": true,
    "parent": 298,
    "text": "",
    "type": "LINE"
  },
  {
    "addresses": [
      {
        "street_name": "St-Victor",
        "street_numbers": [
          "79"
        ]
      }
    ],
    "box": [
      92,
      862,
      584,
      30
    ],
    "checked": true,
    "id": 298,
    "origin": "human",
    "parent": 261,
    "persons": [
      "Victor-Michel"
    ],
    "score": 0.9583333333333333,
    "text_ocr": "##Victor-Michel##, ££limonadier££, @@St-Victor@@, $$79$$.\n",
    "type": "ENTRY"
  },
  {
    "EOL": false,
    "box": [
      92,
      896,
      652,
      34
    ],
    "id": 301,
    "indented": true,
    "parent": 300,
    "text": "",
    "type": "LINE"
  },
  {
    "addresses": [
      {
        "street_name": "Champs-Elysées",
        "street_numbers": [
          "8"
        ]
      }
    ],
    "box": [
      92,
      896,
      652,
      34
    ],
    "checked": true,
    "id": 300,
    "origin": "human",
    "parent": 261,
    "persons": [
      "Victor-Thoreau"
    ],
    "score": 1,
    "text_ocr": "##Victor-Thoreau##, ££tapissier££, @@Champs-Elysées@@, $$8$$.\n",
    "type": "ENTRY"
  },
  {
    "EOL": false,
    "box": [
      92,
      928,
      806,
      38
    ],
    "id": 303,
    "indented": true,
    "parent": 302,
    "text": "",
    "type": "LINE"
  },
  {
    "addresses": [
      {
        "street_name": "Hasard",
        "street_numbers": [
          "1"
        ]
      }
    ],
    "box": [
      92,
      928,
      806,
      38
    ],
    "checked": true,
    "id": 302,
    "origin": "human",
    "parent": 261,
    "persons": [
      "Victorine Pierrard et Rascol (Mesd.)"
    ],
    "score": 0.75,
    "text_ocr": "##Victorine Pierrard et Rascol (Mesd.)##, ££coutur.££, @@Hasard@@, $$1$$.\n",
    "type": "ENTRY"
  },
  {
    "EOL": false,
    "box": [
      92,
      966,
      348,
      34
    ],
    "id": 305,
    "indented": true,
    "parent": 304,
    "text": "",
    "type": "LINE"
  },
  {
    "addresses": [
      {
        "street_name": "Ste-Anne",
        "street_numbers": [
          "18"
        ]
      }
    ],
    "box": [
      92,
      966,
      348,
      34
    ],
    "checked": true,
    "id": 304,
    "origin": "human",
    "parent": 261,
    "persons": [
      "Vidal"
    ],
    "score": 1,
    "text_ocr": "##Vidal## µµ::CJ::µµ, @@Ste-Anne@@, $$18$$.\n",
    "type": "ENTRY"
  },
  {
    "EOL": false,
    "box": [
      92,
      1000,
      558,
      32
    ],
    "id": 307,
    "indented": true,
    "parent": 306,
    "text": "",
    "type": "LINE"
  },
  {
    "addresses": [
      {
        "street_name": "aux Invalides",
        "street_numbers": []
      }
    ],
    "box": [
      92,
      1000,
      558,
      32
    ],
    "checked": true,
    "id": 306,
    "origin": "human",
    "parent": 261,
    "persons": [
      "Vidal"
    ],
    "score": 0,
    "street_number": "",
    "text_ocr": "##Vidal##, ££chef de bataillon££, @@aux Invalides@@.\n",
    "type": "ENTRY"
  },
  {
    "EOL": false,
    "box": [
      92,
      1034,
      548,
      32
    ],
    "id": 309,
    "indented": true,
    "parent": 308,
    "text": "",
    "type": "LINE"
  },
  {
    "addresses": [
      {
        "street_name": "Bleue",
        "street_numbers": [
          "32 ou 2"
        ]
      }
    ],
    "box": [
      92,
      1034,
      548,
      32
    ],
    "checked": true,
    "id": 308,
    "origin": "human",
    "parent": 261,
    "persons": [
      "Vidal"
    ],
    "score": 0.5,
    "text_ocr": "##Vidal##, ££prof. de violon££, @@Bleue@@, $$32 ou 2$$.\n",
    "type": "ENTRY"
  },
  {
    "EOL": false,
    "box": [
      92,
      1068,
      662,
      32
    ],
    "id": 311,
    "indented": true,
    "parent": 310,
    "text": "",
    "type": "LINE"
  },
  {
    "addresses": [
      {
        "street_name": "Cimetière-St-Nicolas",
        "street_numbers": [
          "28"
        ]
      }
    ],
    "box": [
      92,
      1068,
      662,
      32
    ],
    "checked": true,
    "id": 310,
    "origin": "human",
    "parent": 261,
    "persons": [
      "Vidal"
    ],
    "score": 0.5,
    "text_ocr": "##Vidal##, ££chaudronnier££, @@Cimetière-St-Nicolas@@, $$28$$.\n",
    "type": "ENTRY"
  },
  {
    "EOL": false,
    "box": [
      92,
      1104,
      462,
      30
    ],
    "id": 313,
    "indented": true,
    "parent": 312,
    "text": "",
    "type": "LINE"
  },
  {
    "addresses": [
      {
        "street_name": "Poitou",
        "street_numbers": [
          "21"
        ]
      }
    ],
    "box": [
      92,
      1104,
      462,
      30
    ],
    "checked": true,
    "id": 312,
    "origin": "human",
    "parent": 261,
    "persons": [
      "Vidal"
    ],
    "score": 1,
    "text_ocr": "##Vidal##, ££chaudronnier££, @@Poitou@@, $$21$$.\n",
    "type": "ENTRY"
  },
  {
    "EOL": false,
    "box": [
      92,
      1138,
      470,
      32
    ],
    "id": 315,
    "indented": true,
    "parent": 314,
    "text": "",
    "type": "LINE"
  },
  {
    "addresses": [
      {
        "street_name": "St-Marc",
        "street_numbers": [
          "7"
        ]
      }
    ],
    "box": [
      92,
      1138,
      470,
      32
    ],
    "checked": true,
    "id": 314,
    "origin": "human",
    "parent": 261,
    "persons": [
      "Vidal"
    ],
    "score": 1,
    "text_ocr": "##Vidal##, ££vitrier-peintre££, @@St-Marc@@, $$7$$.\n",
    "type": "ENTRY"
  },
  {
    "EOL": false,
    "box": [
      90,
      1172,
      386,
      32
    ],
    "id": 317,
    "indented": true,
    "parent": 316,
    "text": "",
    "type": "LINE"
  },
  {
    "addresses": [
      {
        "street_name": "St-Marc",
        "street_numbers": [
          "8"
        ]
      }
    ],
    "box": [
      90,
      1172,
      386,
      32
    ],
    "checked": true,
    "id": 316,
    "origin": "human",
    "parent": 261,
    "persons": [
      "Vidal"
    ],
    "score": 1,
    "text_ocr": "##Vidal##, ££tailleur££, @@St-Marc@@, $$8$$.\n",
    "type": "ENTRY"
  },
  {
    "EOL": false,
    "box": [
      90,
      1206,
      382,
      32
    ],
    "id": 319,
    "indented": true,
    "parent": 318,
    "text": "",
    "type": "LINE"
  },
  {
    "addresses": [
      {
        "street_name": "Roule",
        "street_numbers": [
          "15"
        ]
      }
    ],
    "box": [
      90,
      1206,
      382,
      32
    ],
    "checked": true,
    "id": 318,
    "origin": "human",
    "parent": 261,
    "persons": [
      "Vidal"
    ],
    "score": 1,
    "text_ocr": "##Vidal##, ££tailleur££, @@Roule@@, $$15$$.\n",
    "type": "ENTRY"
  },
  {
    "EOL": false,
    "box": [
      92,
      1238,
      752,
      36
    ],
    "id": 321,
    "indented": true,
    "parent": 320,
    "text": "",
    "type": "LINE"
  },
  {
    "addresses": [
      {
        "street_name": "St-Denis",
        "street_numbers": [
          "307"
        ]
      }
    ],
    "box": [
      92,
      1238,
      752,
      36
    ],
    "checked": true,
    "id": 320,
    "origin": "human",
    "parent": 261,
    "persons": [
      "Vidal"
    ],
    "score": 1,
    "text_ocr": "##Vidal##, ££fab. objets en tissu métallique££, @@St-Denis@@, $$307$$.\n",
    "type": "ENTRY"
  },
  {
    "EOL": false,
    "box": [
      90,
      1276,
      540,
      34
    ],
    "id": 323,
    "indented": true,
    "parent": 322,
    "text": "",
    "type": "LINE"
  },
  {
    "addresses": [
      {
        "street_name": "Lappe",
        "street_numbers": [
          "47"
        ]
      }
    ],
    "box": [
      90,
      1276,
      540,
      34
    ],
    "checked": true,
    "id": 322,
    "origin": "human",
    "parent": 261,
    "persons": [
      "Vidal (Denis)"
    ],
    "score": 1,
    "text_ocr": "##Vidal (Denis)##, ££ferrailleur££, @@Lappe@@, $$47$$.\n",
    "type": "ENTRY"
  },
  {
    "EOL": false,
    "box": [
      90,
      1310,
      562,
      30
    ],
    "id": 325,
    "indented": true,
    "parent": 324,
    "text": "",
    "type": "LINE"
  },
  {
    "addresses": [
      {
        "street_name": "Hanovre",
        "street_numbers": [
          "1"
        ]
      }
    ],
    "box": [
      90,
      1310,
      562,
      30
    ],
    "checked": true,
    "id": 324,
    "origin": "human",
    "parent": 261,
    "persons": [
      "Vidal (Léon)"
    ],
    "score": 1,
    "text_ocr": "##Vidal (Léon)##, ££h. de lettres££, @@Hanovre@@, $$1$$.\n",
    "type": "ENTRY"
  },
  {
    "EOL": false,
    "box": [
      90,
      1344,
      492,
      32
    ],
    "id": 327,
    "indented": true,
    "parent": 326,
    "text": "",
    "type": "LINE"
  },
  {
    "addresses": [
      {
        "street_name": "Lappe",
        "street_numbers": [
          "38"
        ]
      }
    ],
    "box": [
      90,
      1344,
      492,
      32
    ],
    "checked": true,
    "id": 326,
    "origin": "human",
    "parent": 261,
    "persons": [
      "Vidal (Fois)"
    ],
    "score": 1,
    "text_ocr": "##Vidal (Fois)##, ££ferrailleur££, @@Lappe@@, $$38$$.\n",
    "type": "ENTRY"
  },
  {
    "EOL": false,
    "box": [
      90,
      1366,
      774,
      46
    ],
    "id": 329,
    "indented": true,
    "parent": 328,
    "text": "",
    "type": "LINE"
  },
  {
    "addresses": [
      {
        "street_name": "gal. Choiseul",
        "street_numbers": [
          "45"
        ]
      }
    ],
    "box": [
      90,
      1366,
      774,
      46
    ],
    "checked": true,
    "id": 328,
    "origin": "human",
    "parent": 261,
    "persons": [
      "Vidal aîné"
    ],
    "score": 0.5,
    "text_ocr": "##Vidal aîné##, ££changeur££, @@gal. Choiseul@@, $$45$$ et @@Dalayrac@@, $$10$$.\n",
    "type": "ENTRY"
  },
  {
    "EOL": false,
    "box": [
      90,
      1412,
      660,
      34
    ],
    "id": 331,
    "indented": true,
    "parent": 330,
    "text": "",
    "type": "LINE"
  },
  {
    "addresses": [
      {
        "street_name": "Simon-le-Franc",
        "street_numbers": [
          "19"
        ]
      }
    ],
    "box": [
      90,
      1412,
      660,
      34
    ],
    "checked": true,
    "id": 330,
    "origin": "human",
    "parent": 261,
    "persons": [
      "Vidal (Mme)"
    ],
    "score": 1,
    "text_ocr": "##Vidal (Mme)## ££f. casquettes££, @@Simon-le-Franc@@, $$19$$.\n",
    "type": "ENTRY"
  },
  {
    "EOL": false,
    "box": [
      92,
      1448,
      432,
      32
    ],
    "id": 333,
    "indented": true,
    "parent": 332,
    "text": "",
    "type": "LINE"
  },
  {
    "addresses": [
      {
        "street_name": "Lappe",
        "street_numbers": [
          "24"
        ]
      }
    ],
    "box": [
      92,
      1448,
      432,
      32
    ],
    "checked": true,
    "id": 332,
    "origin": "human",
    "parent": 261,
    "persons": [
      "Vidal fils"
    ],
    "score": 1,
    "text_ocr": "##Vidal fils##, ££métaux££, @@Lappe@@, $$24$$.\n",
    "type": "ENTRY"
  },
  {
    "EOL": false,
    "box": [
      92,
      1480,
      578,
      32
    ],
    "id": 335,
    "indented": true,
    "parent": 334,
    "text": "",
    "type": "LINE"
  },
  {
    "addresses": [
      {
        "street_name": "Mouffetard",
        "street_numbers": [
          "116"
        ]
      }
    ],
    "box": [
      92,
      1480,
      578,
      32
    ],
    "checked": true,
    "id": 334,
    "origin": "human",
    "parent": 261,
    "persons": [
      "Vidal aîné"
    ],
    "score": 1,
    "text_ocr": "##Vidal aîné##. ££nouveautés££, @@Mouffetard@@, $$116$$.\n",
    "type": "ENTRY"
  },
  {
    "EOL": false,
    "box": [
      94,
      1514,
      808,
      36
    ],
    "id": 337,
    "indented": true,
    "parent": 336,
    "text": "",
    "type": "LINE"
  },
  {
    "EOL": false,
    "box": [
      114,
      1550,
      120,
      32
    ],
    "id": 338,
    "indented": false,
    "parent": 336,
    "text": "",
    "type": "LINE"
  },
  {
    "addresses": [
      {
        "street_name": "Bons-En-\nfans",
        "street_numbers": [
          "23"
        ]
      }
    ],
    "box": [
      94,
      1514,
      808,
      68
    ],
    "checked": true,
    "id": 336,
    "origin": "human",
    "parent": 261,
    "persons": [
      "Vidal (Louis)"
    ],
    "score": 0.9166666666666667,
    "text_ocr": "##Vidal (Louis)##, ££associé de G. Mandrou et co.££, @@Bons-En-\nfans@@, $$23$$.\n",
    "type": "ENTRY"
  },
  {
    "EOL": false,
    "box": [
      94,
      1584,
      682,
      34
    ],
    "id": 340,
    "indented": true,
    "parent": 339,
    "text": "",
    "type": "LINE"
  },
  {
    "addresses": [
      {
        "street_name": "Lappe",
        "street_numbers": [
          "46"
        ]
      }
    ],
    "box": [
      94,
      1584,
      682,
      34
    ],
    "checked": true,
    "id": 339,
    "origin": "human",
    "parent": 261,
    "persons": [
      "Vidal (Jean) père et fils"
    ],
    "score": 1,
    "text_ocr": "##Vidal (Jean) père et fils##, ££ferrailleurs££, @@Lappe@@, $$46$$.\n",
    "type": "ENTRY"
  },
  {
    "EOL": false,
    "box": [
      92,
      1618,
      594,
      32
    ],
    "id": 342,
    "indented": true,
    "parent": 341,
    "text": "",
    "type": "LINE"
  },
  {
    "addresses": [
      {
        "street_name": "Ne-St-Marc",
        "street_numbers": [
          "2"
        ]
      }
    ],
    "box": [
      92,
      1618,
      594,
      32
    ],
    "checked": true,
    "id": 341,
    "origin": "human",
    "parent": 261,
    "persons": [
      "Vidal et Gruelle"
    ],
    "score": 0.5,
    "text_ocr": "##Vidal et Gruelle##, ££tailleurs££, @@Ne-St-Marc@@, $$2$$.\n",
    "type": "ENTRY"
  },
  {
    "EOL": false,
    "box": [
      92,
      1652,
      682,
      36
    ],
    "id": 344,
    "indented": true,
    "parent": 343,
    "text": "",
    "type": "LINE"
  },
  {
    "addresses": [
      {
        "street_name": "Hautefeuille",
        "street_numbers": [
          "5"
        ]
      }
    ],
    "box": [
      92,
      1652,
      682,
      36
    ],
    "checked": true,
    "id": 343,
    "origin": "human",
    "parent": 261,
    "persons": [
      "Vidal (de Cassis)"
    ],
    "score": 0.9615384615384616,
    "text_ocr": "##Vidal (de Cassis)## µµ::LH::µµ, ££médecin££, @@Hautefeuille@@, $$5$$.\n",
    "type": "ENTRY"
  },
  {
    "EOL": false,
    "box": [
      92,
      1684,
      658,
      38
    ],
    "id": 346,
    "indented": true,
    "parent": 345,
    "text": "",
    "type": "LINE"
  },
  {
    "addresses": [
      {
        "street_name": "Pont-de-Lodi",
        "street_numbers": [
          "5"
        ]
      }
    ],
    "box": [
      92,
      1684,
      658,
      38
    ],
    "checked": true,
    "id": 345,
    "origin": "human",
    "parent": 261,
    "persons": [
      "Vidal (de Poitiers)"
    ],
    "score": 1,
    "text_ocr": "##Vidal (de Poitiers)##, ££médecin££, @@Pont-de-Lodi@@, $$5$$.\n",
    "type": "ENTRY"
  },
  {
    "EOL": false,
    "box": [
      92,
      1720,
      808,
      36
    ],
    "id": 348,
    "indented": true,
    "parent": 347,
    "text": "",
    "type": "LINE"
  },
  {
    "EOL": false,
    "box": [
      112,
      1760,
      170,
      28
    ],
    "id": 349,
    "indented": false,
    "parent": 347,
    "text": "",
    "type": "LINE"
  },
  {
    "addresses": [
      {
        "street_name": "Fossés Mont-\nmartre",
        "street_numbers": [
          "14"
        ]
      }
    ],
    "box": [
      92,
      1720,
      808,
      68
    ],
    "checked": true,
    "id": 347,
    "origin": "human",
    "parent": 261,
    "persons": [
      "Vidal Monteux et frère"
    ],
    "score": 0.5,
    "text_ocr": "##Vidal Monteux et frère##, ££commissionnaires££, @@Fossés Mont-\nmartre@@, $$14$$.\n",
    "type": "ENTRY"
  },
  {
    "EOL": false,
    "box": [
      92,
      1790,
      608,
      32
    ],
    "id": 351,
    "indented": true,
    "parent": 350,
    "text": "",
    "type": "LINE"
  },
  {
    "addresses": [
      {
        "street_name": "St-Dominique G.-C.",
        "street_numbers": [
          "157"
        ]
      }
    ],
    "box": [
      92,
      1790,
      608,
      32
    ],
    "checked": true,
    "id": 350,
    "origin": "human",
    "parent": 261,
    "persons": [
      "Vidalhene"
    ],
    "score": 0.5,
    "text_ocr": "##Vidalhene##, ££vins££, @@St-Dominique G.-C.@@, $$157$$.\n",
    "type": "ENTRY"
  },
  {
    "EOL": false,
    "box": [
      94,
      1824,
      564,
      32
    ],
    "id": 353,
    "indented": true,
    "parent": 352,
    "text": "",
    "type": "LINE"
  },
  {
    "addresses": [
      {
        "street_name": "St-Antoine",
        "street_numbers": [
          "124"
        ]
      }
    ],
    "box": [
      94,
      1824,
      564,
      32
    ],
    "checked": true,
    "id": 352,
    "origin": "human",
    "parent": 261,
    "persons": [
      "Vidalin"
    ],
    "score": 1,
    "text_ocr": "##Vidalin##, ££chaudronnier££, @@St-Antoine@@, $$124$$.\n",
    "type": "ENTRY"
  },
  {
    "EOL": false,
    "box": [
      94,
      1860,
      526,
      32
    ],
    "id": 355,
    "indented": true,
    "parent": 354,
    "text": "",
    "type": "LINE"
  },
  {
    "addresses": [
      {
        "street_name": "place Dauphine",
        "street_numbers": [
          "12"
        ]
      }
    ],
    "box": [
      94,
      1860,
      526,
      32
    ],
    "checked": true,
    "id": 354,
    "origin": "human",
    "parent": 261,
    "persons": [
      "Vidalot"
    ],
    "score": 1,
    "text_ocr": "##Vidalot##, ££avocat££, ££place Dauphine££, $$12$$.\n",
    "type": "ENTRY"
  },
  {
    "EOL": false,
    "box": [
      94,
      1894,
      488,
      34
    ],
    "id": 357,
    "indented": true,
    "parent": 356,
    "text": "",
    "type": "LINE"
  },
  {
    "addresses": [
      {
        "street_name": "q. des Orfèvres",
        "street_numbers": [
          "42"
        ]
      }
    ],
    "box": [
      94,
      1894,
      488,
      34
    ],
    "checked": true,
    "id": 356,
    "origin": "human",
    "parent": 261,
    "persons": [
      "Vidé"
    ],
    "score": 0.5,
    "text_ocr": "##Vidé##, ££orfèvre££, @@q. des Orfèvres@@, $$42$$.\n",
    "type": "ENTRY"
  },
  {
    "EOL": false,
    "box": [
      94,
      1928,
      628,
      32
    ],
    "id": 359,
    "indented": true,
    "parent": 358,
    "text": "",
    "type": "LINE"
  },
  {
    "addresses": [
      {
        "street_name": "q. des Orfévres",
        "street_numbers": [
          "52"
        ]
      }
    ],
    "box": [
      94,
      1928,
      628,
      32
    ],
    "checked": true,
    "id": 358,
    "origin": "human",
    "parent": 261,
    "persons": [
      "Vidé-Delaunay"
    ],
    "score": 0.5,
    "text_ocr": "##Vidé-Delaunay##, ££orfèvre££, @@q. des Orfévres@@, $$52$$.\n",
    "type": "ENTRY"
  },
  {
    "EOL": false,
    "box": [
      94,
      1962,
      726,
      34
    ],
    "id": 361,
    "indented": true,
    "parent": 360,
    "text": "",
    "type": "LINE"
  },
  {
    "addresses": [
      {
        "street_name": "Sèvres",
        "street_numbers": [
          "34"
        ]
      }
    ],
    "box": [
      94,
      1962,
      726,
      34
    ],
    "checked": true,
    "id": 360,
    "origin": "human",
    "parent": 261,
    "persons": [
      "Videau (Paul)"
    ],
    "score": 0.5,
    "text_ocr": "##Videau (Paul)##, ££nouveautés££, @@Sèvres@@, $$34$$ et @@Bac@@, $$133$$.\n",
    "type": "ENTRY"
  },
  {
    "EOL": false,
    "box": [
      94,
      1996,
      702,
      34
    ],
    "id": 363,
    "indented": true,
    "parent": 362,
    "text": "",
    "type": "LINE"
  },
  {
    "addresses": [
      {
        "street_name": "Fossés-Montmartre",
        "street_numbers": [
          "3"
        ]
      }
    ],
    "box": [
      94,
      1996,
      702,
      34
    ],
    "checked": true,
    "id": 362,
    "origin": "human",
    "parent": 261,
    "persons": [
      "Videcoq"
    ],
    "score": 0.5,
    "text_ocr": "##Videcoq##, ££châles et mérinos££, @@Fossés-Montmartre@@, $$3$$.\n",
    "type": "ENTRY"
  },
  {
    "EOL": false,
    "box": [
      94,
      2028,
      806,
      36
    ],
    "id": 365,
    "indented": true,
    "parent": 364,
    "text": "",
    "type": "LINE"
  },
  {
    "addresses": [
      {
        "street_name": "place du Panthéon",
        "street_numbers": [
          "6"
        ]
      }
    ],
    "box": [
      94,
      2028,
      806,
      36
    ],
    "checked": true,
    "id": 364,
    "origin": "human",
    "parent": 261,
    "persons": [
      "Videcoq"
    ],
    "score": 1,
    "text_ocr": "##Videcoq##, ££libraire££, @@place du Panthéon@@ $$6$$, et @@des Grés@@, $$2$$.\n",
    "type": "ENTRY"
  },
  {
    "EOL": false,
    "box": [
      94,
      2066,
      546,
      34
    ],
    "id": 367,
    "indented": true,
    "parent": 366,
    "text": "",
    "type": "LINE"
  },
  {
    "addresses": [
      {
        "street_name": "Harpe",
        "street_numbers": [
          "32"
        ]
      }
    ],
    "box": [
      94,
      2066,
      546,
      34
    ],
    "checked": true,
    "id": 366,
    "origin": "human",
    "parent": 261,
    "persons": [
      "Videcoq (P. A.)"
    ],
    "score": 1,
    "text_ocr": "##Videcoq (P. A.)##, ££médecin££, @@Harpe@@, $$32$$.\n",
    "type": "ENTRY"
  },
  {
    "EOL": false,
    "box": [
      94,
      2100,
      542,
      34
    ],
    "id": 369,
    "indented": true,
    "parent": 368,
    "text": "",
    "type": "LINE"
  },
  {
    "addresses": [
      {
        "street_name": "Cléry",
        "street_numbers": [
          "23"
        ]
      }
    ],
    "box": [
      94,
      2100,
      542,
      34
    ],
    "checked": true,
    "id": 368,
    "origin": "human",
    "parent": 261,
    "persons": [
      "Videcoq et Simon"
    ],
    "score": 1,
    "text_ocr": "##Videcoq et Simon##, ££blondes££, @@Cléry@@, $$23$$.\n",
    "type": "ENTRY"
  },
  {
    "EOL": false,
    "box": [
      94,
      2136,
      412,
      32
    ],
    "id": 371,
    "indented": true,
    "parent": 370,
    "text": "",
    "type": "LINE"
  },
  {
    "addresses": [
      {
        "street_name": "Pépinière",
        "street_numbers": [
          "52"
        ]
      }
    ],
    "box": [
      94,
      2136,
      412,
      32
    ],
    "checked": true,
    "id": 370,
    "origin": "human",
    "parent": 261,
    "persons": [
      "Videl"
    ],
    "score": 0.9444444444444444,
    "text_ocr": "##Videl##, ££avocat££, @@Pépinière@@, $$52$$.\n",
    "type": "ENTRY"
  },
  {
    "EOL": false,
    "box": [
      92,
      2168,
      534,
      34
    ],
    "id": 373,
    "indented": true,
    "parent": 372,
    "text": "",
    "type": "LINE"
  },
  {
    "addresses": [
      {
        "street_name": "Bourg-l'Abbé",
        "street_numbers": [
          "7"
        ]
      }
    ],
    "box": [
      92,
      2168,
      534,
      34
    ],
    "checked": true,
    "id": 372,
    "origin": "human",
    "parent": 261,
    "persons": [
      "Videlier"
    ],
    "score": 1,
    "text_ocr": "##Videlier##, ££f. poupées££, @@Bourg-l'Abbé@@, $$7$$.\n",
    "type": "ENTRY"
  },
  {
    "EOL": false,
    "box": [
      94,
      2204,
      400,
      30
    ],
    "id": 375,
    "indented": true,
    "parent": 374,
    "text": "",
    "type": "LINE"
  },
  {
    "addresses": [
      {
        "street_name": "Montmartre",
        "street_numbers": [
          "128"
        ]
      }
    ],
    "box": [
      94,
      2204,
      400,
      30
    ],
    "checked": true,
    "id": 374,
    "origin": "human",
    "parent": 261,
    "persons": [
      "Videloup"
    ],
    "score": 1,
    "text_ocr": "##Videloup##, @@Montmartre@@, $$128$$.\n",
    "type": "ENTRY"
  },
  {
    "EOL": false,
    "box": [
      92,
      2236,
      510,
      34
    ],
    "id": 377,
    "indented": true,
    "parent": 376,
    "text": "",
    "type": "LINE"
  },
  {
    "addresses": [
      {
        "street_name": "Daval",
        "street_numbers": [
          "22"
        ]
      }
    ],
    "box": [
      92,
      2236,
      510,
      34
    ],
    "checked": true,
    "id": 376,
    "origin": "human",
    "parent": 261,
    "persons": [
      "Vidie fils (Jque)"
    ],
    "score": 0.5,
    "text_ocr": "##Vidie fils (Jque)##, ££marbres££, @@Daval@@, $$22$$.\n",
    "type": "ENTRY"
  },
  {
    "EOL": false,
    "box": [
      94,
      2268,
      690,
      40
    ],
    "id": 379,
    "indented": true,
    "parent": 378,
    "text": "",
    "type": "LINE"
  },
  {
    "addresses": [
      {
        "street_name": "Gros Chenet",
        "street_numbers": [
          "3"
        ]
      }
    ],
    "box": [
      94,
      2268,
      690,
      40
    ],
    "checked": true,
    "id": 378,
    "origin": "human",
    "parent": 261,
    "persons": [
      "Vidil"
    ],
    "score": 0.5,
    "text_ocr": "##Vidil## (voyez Bertrand et-Vidil), @@Gros Chenet@@, $$3$$.\n",
    "type": "ENTRY"
  },
  {
    "EOL": false,
    "box": [
      90,
      2304,
      810,
      36
    ],
    "id": 381,
    "indented": true,
    "parent": 380,
    "text": "",
    "type": "LINE"
  },
  {
    "addresses": [
      {
        "street_name": "Pont-Louis-Philippe",
        "street_numbers": [
          "20"
        ]
      }
    ],
    "box": [
      90,
      2304,
      810,
      36
    ],
    "checked": true,
    "id": 380,
    "origin": "human",
    "parent": 261,
    "persons": [
      "Vidocq"
    ],
    "score": 1,
    "text_ocr": "##Vidocq##, ££bureau de renseignemens££, @@Pont-Louis-Philippe@@, $$20$$.\n",
    "type": "ENTRY"
  },
  {
    "EOL": false,
    "box": [
      92,
      2338,
      808,
      38
    ],
    "id": 383,
    "indented": true,
    "parent": 382,
    "text": "",
    "type": "LINE"
  },
  {
    "addresses": [
      {
        "street_name": "passage St-Denis, Grenetat",
        "street_numbers": [
          "2"
        ]
      }
    ],
    "box": [
      92,
      2338,
      808,
      38
    ],
    "checked": true,
    "id": 382,
    "origin": "human",
    "parent": 261,
    "persons": [
      "Vidocq"
    ],
    "score": 0.9375,
    "text_ocr": "##Vidocq##, ££f. carton de pâte££, @@passage St-Denis, Grenetat@@, $$2$$.\n",
    "type": "ENTRY"
  },
  {
    "EOL": false,
    "box": [
      94,
      2376,
      468,
      30
    ],
    "id": 385,
    "indented": true,
    "parent": 384,
    "text": "",
    "type": "LINE"
  },
  {
    "addresses": [
      {
        "street_name": "St-Denis",
        "street_numbers": [
          "160"
        ]
      }
    ],
    "box": [
      94,
      2376,
      468,
      30
    ],
    "checked": true,
    "id": 384,
    "origin": "human",
    "parent": 261,
    "persons": [
      "Vidron"
    ],
    "score": 1,
    "text_ocr": "##Vidron##, ££tabletier££, @@St-Denis@@, $$160$$.\n",
    "type": "ENTRY"
  },
  {
    "EOL": false,
    "box": [
      96,
      2408,
      574,
      34
    ],
    "id": 387,
    "indented": true,
    "parent": 386,
    "text": "",
    "type": "LINE"
  },
  {
    "addresses": [
      {
        "street_name": "Bretagne-au-Marais",
        "street_numbers": [
          "15"
        ]
      }
    ],
    "box": [
      96,
      2408,
      574,
      34
    ],
    "checked": true,
    "id": 386,
    "origin": "human",
    "parent": 261,
    "persons": [
      "Vidus"
    ],
    "score": 0.5,
    "text_ocr": "##Vidus##, ££papetier££, @@Bretagne-au-Marais@@, $$15$$.\n",
    "type": "ENTRY"
  },
  {
    "EOL": false,
    "box": [
      94,
      2442,
      420,
      34
    ],
    "id": 389,
    "indented": true,
    "parent": 388,
    "text": "",
    "type": "LINE"
  },
  {
    "addresses": [
      {
        "street_name": "Grenetat",
        "street_numbers": [
          "42"
        ]
      }
    ],
    "box": [
      94,
      2442,
      420,
      34
    ],
    "checked": true,
    "id": 388,
    "origin": "human",
    "parent": 261,
    "persons": [
      "Vié"
    ],
    "score": 0.9375,
    "text_ocr": "##Vié##, ££boulanger££, @@Grenetat@@, $$42$$.\n",
    "type": "ENTRY"
  },
  {
    "EOL": false,
    "box": [
      94,
      2478,
      428,
      32
    ],
    "id": 391,
    "indented": true,
    "parent": 390,
    "text": "",
    "type": "LINE"
  },
  {
    "addresses": [
      {
        "street_name": "St-Victor",
        "street_numbers": [
          "87"
        ]
      }
    ],
    "box": [
      94,
      2478,
      428,
      32
    ],
    "checked": true,
    "id": 390,
    "origin": "human",
    "parent": 261,
    "persons": [
      "Vié"
    ],
    "score": 1,
    "text_ocr": "##Vié##, ££boulanger££, @@St-Victor@@, $$87$$.\n",
    "type": "ENTRY"
  },
  {
    "EOL": false,
    "box": [
      94,
      2512,
      490,
      34
    ],
    "id": 393,
    "indented": true,
    "parent": 392,
    "text": "",
    "type": "LINE"
  },
  {
    "addresses": [
      {
        "street_name": "q. d'Orléans",
        "street_numbers": [
          "4"
        ]
      }
    ],
    "box": [
      94,
      2512,
      490,
      34
    ],
    "checked": true,
    "id": 392,
    "origin": "human",
    "parent": 261,
    "persons": [
      "Viefville"
    ],
    "score": 0.8888888888888888,
    "text_ocr": "##Viefville##, ££notaire££, @@q. d'Orléans@@, $$4$$.\n",
    "type": "ENTRY"
  },
  {
    "EOL": false,
    "box": [
      94,
      2546,
      628,
      32
    ],
    "id": 395,
    "indented": true,
    "parent": 394,
    "text": "",
    "type": "LINE"
  },
  {
    "addresses": [
      {
        "street_name": "boulev. St-Denis",
        "street_numbers": [
          "10"
        ]
      }
    ],
    "box": [
      94,
      2546,
      628,
      32
    ],
    "checked": true,
    "id": 394,
    "origin": "human",
    "parent": 261,
    "persons": [
      "Vieil (Ve)"
    ],
    "score": 1,
    "text_ocr": "##Vieil (Ve)##, ££hôtel garni££, @@boulev. St-Denis@@, $$10$$.\n",
    "type": "ENTRY"
  },
  {
    "EOL": false,
    "box": [
      94,
      2580,
      322,
      32
    ],
    "id": 397,
    "indented": true,
    "parent": 396,
    "text": "",
    "type": "LINE"
  },
  {
    "addresses": [
      {
        "street_name": "rue des Moulins",
        "street_numbers": [
          "13"
        ]
      }
    ],
    "box": [
      94,
      2580,
      322,
      32
    ],
    "checked": true,
    "id": 396,
    "origin": "human",
    "parent": 261,
    "persons": [
      "Vieillard"
    ],
    "score": 1,
    "text_ocr": "##Vieillard##, ££Moulins££, $$13$$.\n",
    "type": "ENTRY"
  },
  {
    "EOL": false,
    "box": [
      90,
      2614,
      764,
      32
    ],
    "id": 399,
    "indented": true,
    "parent": 398,
    "text": "",
    "type": "LINE"
  },
  {
    "addresses": [
      {
        "street_name": "à la bibliothèque de l'Arsenal",
        "street_numbers": []
      }
    ],
    "box": [
      90,
      2614,
      764,
      32
    ],
    "checked": true,
    "id": 398,
    "origin": "human",
    "parent": 261,
    "persons": [
      "Vieillard"
    ],
    "score": 0,
    "street_number": "",
    "text_ocr": "##Vieillard##, ££h. de lettres££, @@à la bibliothèque de l'Arsenal@@.\n",
    "type": "ENTRY"
  },
  {
    "EOL": false,
    "box": [
      90,
      2650,
      612,
      34
    ],
    "id": 401,
    "indented": true,
    "parent": 400,
    "text": "",
    "type": "LINE"
  },
  {
    "addresses": [
      {
        "street_name": "St-Antoine",
        "street_numbers": [
          "89"
        ]
      }
    ],
    "box": [
      90,
      2650,
      612,
      34
    ],
    "checked": true,
    "id": 400,
    "origin": "human",
    "parent": 261,
    "persons": [
      "Vieillard (L.)"
    ],
    "score": 1,
    "text_ocr": "##Vieillard (L.)##, ££nouveautés££, @@St-Antoine@@, $$89$$.\n",
    "type": "ENTRY"
  },
  {
    "EOL": false,
    "box": [
      94,
      2684,
      682,
      34
    ],
    "id": 403,
    "indented": true,
    "parent": 402,
    "text": "",
    "type": "LINE"
  },
  {
    "addresses": [
      {
        "street_name": "Poliveau",
        "street_numbers": [
          "7"
        ]
      }
    ],
    "box": [
      94,
      2684,
      682,
      34
    ],
    "checked": true,
    "id": 402,
    "origin": "human",
    "parent": 261,
    "persons": [
      "Vieillesse (hospice de La) (femmes)"
    ],
    "score": 1,
    "text_ocr": "##Vieillesse (hospice de La) (femmes)##, @@Poliveau@@, $$7$$.\n",
    "type": "ENTRY"
  },
  {
    "EOL": false,
    "box": [
      96,
      2716,
      650,
      40
    ],
    "id": 405,
    "indented": true,
    "parent": 404,
    "text": "",
    "type": "LINE"
  },
  {
    "addresses": [
      {
        "street_name": "à Bicètre",
        "street_numbers": []
      }
    ],
    "box": [
      96,
      2716,
      650,
      40
    ],
    "checked": true,
    "id": 404,
    "origin": "human",
    "parent": 261,
    "persons": [
      "Vieillesse (hospice de la) (hommes)"
    ],
    "score": 0,
    "street_number": "",
    "text_ocr": "##Vieillesse (hospice de la) (hommes)##, @@à Bicètre@@.\n",
    "type": "ENTRY"
  },
  {
    "EOL": false,
    "box": [
      94,
      2754,
      280,
      32
    ],
    "id": 407,
    "indented": true,
    "parent": 406,
    "text": "",
    "type": "LINE"
  },
  {
    "addresses": [
      {
        "street_name": "Laferrière",
        "street_numbers": [
          "3"
        ]
      }
    ],
    "box": [
      94,
      2754,
      280,
      32
    ],
    "checked": true,
    "id": 406,
    "origin": "human",
    "parent": 261,
    "persons": [
      "Viel"
    ],
    "score": 1,
    "text_ocr": "##Viel##, @@Laferrière@@, $$3$$.\n",
    "type": "ENTRY"
  },
  {
    "EOL": false,
    "box": [
      92,
      2788,
      504,
      34
    ],
    "id": 409,
    "indented": true,
    "parent": 408,
    "text": "",
    "type": "LINE"
  },
  {
    "addresses": [
      {
        "street_name": "pass. du Saumon",
        "street_numbers": [
          "24"
        ]
      }
    ],
    "box": [
      92,
      2788,
      504,
      34
    ],
    "checked": true,
    "id": 408,
    "origin": "human",
    "parent": 261,
    "persons": [
      "Viel"
    ],
    "score": 0.75,
    "text_ocr": "##Viel##, ££avocat££, @@pass. du Saumon@@, $$24$$.\n",
    "type": "ENTRY"
  },
  {
    "EOL": false,
    "box": [
      90,
      2820,
      808,
      36
    ],
    "id": 411,
    "indented": true,
    "parent": 410,
    "text": "",
    "type": "LINE"
  },
  {
    "addresses": [
      {
        "street_name": "q. Bourb.",
        "street_numbers": [
          "21"
        ]
      }
    ],
    "box": [
      90,
      2820,
      808,
      36
    ],
    "checked": true,
    "id": 410,
    "origin": "human",
    "parent": 261,
    "persons": [
      "Viel"
    ],
    "score": 0.625,
    "text_ocr": "##Viel##, ££agent général du comm. de charbon££, @@q. Bourb.@@, $$21$$.\n",
    "type": "ENTRY"
  },
  {
    "box": [
      86,
      240,
      816,
      2618
    ],
    "id": 261,
    "parent": 260,
    "type": "COLUMN_LEVEL_2"
  },
  {
    "box": [
      86,
      240,
      816,
      2618
    ],
    "id": 260,
    "parent": 259,
    "type": "SECTION_LEVEL_2"
  },
  {
    "box": [
      86,
      240,
      816,
      2618
    ],
    "id": 259,
    "parent": 258,
    "type": "COLUMN_LEVEL_1"
  },
  {
    "EOL": false,
    "box": [
      930,
      244,
      462,
      32
    ],
    "id": 416,
    "indented": false,
    "parent": 415,
    "text": "",
    "type": "LINE"
  },
  {
    "addresses": [
      {
        "street_name": "Ne-St-Roch",
        "street_numbers": [
          "24"
        ]
      }
    ],
    "box": [
      930,
      244,
      462,
      32
    ],
    "checked": true,
    "id": 415,
    "origin": "human",
    "parent": 414,
    "persons": [
      "V"
    ],
    "score": 0.5,
    "text_ocr": "##V##iel, ££anc. nég.££, @@Ne-St-Roch@@, $$24$$.\n",
    "type": "ENTRY"
  },
  {
    "EOL": false,
    "box": [
      932,
      278,
      520,
      32
    ],
    "id": 418,
    "indented": true,
    "parent": 417,
    "text": "",
    "type": "LINE"
  },
  {
    "addresses": [
      {
        "street_name": "Vieille-Monnaie",
        "street_numbers": [
          "2"
        ]
      }
    ],
    "box": [
      932,
      278,
      520,
      32
    ],
    "checked": true,
    "id": 417,
    "origin": "human",
    "parent": 414,
    "persons": [
      "Viel"
    ],
    "score": 0.5,
    "text_ocr": "##Viel##, ££distillateur££, @@Vieille-Monnaie@@, $$2$$.\n",
    "type": "ENTRY"
  },
  {
    "EOL": false,
    "box": [
      932,
      312,
      534,
      34
    ],
    "id": 420,
    "indented": true,
    "parent": 419,
    "text": "",
    "type": "LINE"
  },
  {
    "addresses": [
      {
        "street_name": "pass. du Saumon",
        "street_numbers": [
          "10"
        ]
      }
    ],
    "box": [
      932,
      312,
      534,
      34
    ],
    "checked": true,
    "id": 419,
    "origin": "human",
    "parent": 414,
    "persons": [
      "Viel"
    ],
    "score": 0.75,
    "text_ocr": "##Viel##, ££h. garni££, @@pass. du Saumon@@, $$10$$.\n",
    "type": "ENTRY"
  },
  {
    "EOL": false,
    "box": [
      932,
      348,
      382,
      32
    ],
    "id": 422,
    "indented": true,
    "parent": 421,
    "text": "",
    "type": "LINE"
  },
  {
    "addresses": [
      {
        "street_name": "Molay",
        "street_numbers": [
          "4"
        ]
      }
    ],
    "box": [
      932,
      348,
      382,
      32
    ],
    "checked": true,
    "id": 421,
    "origin": "human",
    "parent": 414,
    "persons": [
      "Viel"
    ],
    "score": 0.6666666666666666,
    "text_ocr": "##Viel##, ££f. lunettes££, @@Molay@@, $$4$$.\n",
    "type": "ENTRY"
  },
  {
    "EOL": false,
    "box": [
      930,
      382,
      560,
      32
    ],
    "id": 424,
    "indented": true,
    "parent": 423,
    "text": "",
    "type": "LINE"
  },
  {
    "addresses": [
      {
        "street_name": "Fossés-St-Marcel",
        "street_numbers": [
          "52"
        ]
      }
    ],
    "box": [
      930,
      382,
      560,
      32
    ],
    "checked": true,
    "id": 423,
    "origin": "human",
    "parent": 414,
    "persons": [
      "Viel fils"
    ],
    "score": 1,
    "text_ocr": "##Viel fils##, ££charron££, @@Fossés-St-Marcel@@, $$52$$.\n",
    "type": "ENTRY"
  },
  {
    "EOL": false,
    "box": [
      932,
      416,
      542,
      32
    ],
    "id": 426,
    "indented": true,
    "parent": 425,
    "text": "",
    "type": "LINE"
  },
  {
    "addresses": [
      {
        "street_name": "Vaugirard",
        "street_numbers": [
          "16"
        ]
      }
    ],
    "box": [
      932,
      416,
      542,
      32
    ],
    "checked": true,
    "id": 425,
    "origin": "human",
    "parent": 414,
    "persons": [
      "Viel jeune"
    ],
    "score": 1,
    "text_ocr": "##Viel jeune##, ££f. voitures££, @@Vaugirard@@, $$16$$.\n",
    "type": "ENTRY"
  },
  {
    "EOL": false,
    "box": [
      930,
      450,
      590,
      34
    ],
    "id": 428,
    "indented": true,
    "parent": 427,
    "text": "",
    "type": "LINE"
  },
  {
    "addresses": [
      {
        "street_name": "Chapon",
        "street_numbers": [
          "12"
        ]
      }
    ],
    "box": [
      930,
      450,
      590,
      34
    ],
    "checked": true,
    "id": 427,
    "origin": "human",
    "parent": 414,
    "persons": [
      "Viel (Adolphe)"
    ],
    "score": 1,
    "text_ocr": "##Viel (Adolphe)##, ££tabletterie££, @@Chapon@@, $$12$$.\n",
    "type": "ENTRY"
  },
  {
    "EOL": false,
    "box": [
      930,
      486,
      684,
      32
    ],
    "id": 430,
    "indented": true,
    "parent": 429,
    "text": "",
    "type": "LINE"
  },
  {
    "addresses": [
      {
        "street_name": "pl. Lafayette",
        "street_numbers": [
          "5"
        ]
      }
    ],
    "box": [
      930,
      486,
      684,
      32
    ],
    "checked": true,
    "id": 429,
    "origin": "human",
    "parent": 414,
    "persons": [
      "Viel et Desjardins"
    ],
    "score": 0.9444444444444444,
    "text_ocr": "##Viel et Desjardins##, ££architectes££, @@pl. Lafayette@@, $$5$$.",
    "type": "ENTRY"
  },
  {
    "EOL": false,
    "box": [
      930,
      520,
      808,
      34
    ],
    "id": 432,
    "indented": true,
    "parent": 431,
    "text": "",
    "type": "LINE"
  },
  {
    "EOL": false,
    "box": [
      948,
      556,
      302,
      30
    ],
    "id": 433,
    "indented": false,
    "parent": 431,
    "text": "",
    "type": "LINE"
  },
  {
    "addresses": [
      {
        "street_name": "St-Dominique-St-Germain",
        "street_numbers": [
          "52"
        ]
      }
    ],
    "box": [
      930,
      520,
      808,
      66
    ],
    "checked": true,
    "id": 431,
    "origin": "human",
    "parent": 414,
    "persons": [
      "Viel fils ainé"
    ],
    "score": 0.5,
    "text_ocr": "##Viel fils ainé##, ££f. voitures££, @@St-Dominique-St-Germain@@, $$52$$,\net @@Petite-Vanneau@@, $$2$$.\n",
    "type": "ENTRY"
  },
  {
    "EOL": false,
    "box": [
      932,
      590,
      634,
      32
    ],
    "id": 435,
    "indented": true,
    "parent": 434,
    "text": "",
    "type": "LINE"
  },
  {
    "addresses": [
      {
        "street_name": "Fossés-Montmartre",
        "street_numbers": [
          "3"
        ]
      }
    ],
    "box": [
      932,
      590,
      634,
      32
    ],
    "checked": true,
    "id": 434,
    "origin": "human",
    "parent": 414,
    "persons": [
      "Viel-Robin"
    ],
    "score": 0.5,
    "text_ocr": "##Viel-Robin##, ££horloger££, @@Fossés-Montmartre@@, $$3$$.\n",
    "type": "ENTRY"
  },
  {
    "EOL": false,
    "box": [
      932,
      624,
      806,
      34
    ],
    "id": 437,
    "indented": true,
    "parent": 436,
    "text": "",
    "type": "LINE"
  },
  {
    "EOL": false,
    "box": [
      952,
      656,
      216,
      32
    ],
    "id": 438,
    "indented": false,
    "parent": 436,
    "text": "",
    "type": "LINE"
  },
  {
    "addresses": [
      {
        "street_name": "sous-direct. aux aff. étrangères",
        "street_numbers": [
          "88"
        ]
      }
    ],
    "box": [
      932,
      624,
      806,
      64
    ],
    "checked": true,
    "id": 436,
    "origin": "human",
    "parent": 414,
    "persons": [
      "Vielcastel (de)"
    ],
    "score": 1,
    "text_ocr": "##Vielcastel (de)## µµO. ::LH::µµ, @@sous-direct. aux aff. étrangères@@,\n@@Université@@, $$88$$.\n",
    "type": "ENTRY"
  },
  {
    "EOL": false,
    "box": [
      932,
      692,
      594,
      32
    ],
    "id": 440,
    "indented": true,
    "parent": 439,
    "text": "",
    "type": "LINE"
  },
  {
    "addresses": [
      {
        "street_name": "faub. St-Denis",
        "street_numbers": [
          "58"
        ]
      }
    ],
    "box": [
      932,
      692,
      594,
      32
    ],
    "checked": true,
    "id": 439,
    "origin": "human",
    "parent": 414,
    "persons": [
      "Vielcazal"
    ],
    "score": 1,
    "text_ocr": "##Vielcazal##, ££mécanicien££, @@faub. St-Denis@@, $$58$$.\n",
    "type": "ENTRY"
  },
  {
    "EOL": false,
    "box": [
      932,
      732,
      790,
      34
    ],
    "id": 442,
    "indented": true,
    "parent": 441,
    "text": "",
    "type": "LINE"
  },
  {
    "addresses": [
      {
        "street_name": "St-Guillaume",
        "street_numbers": [
          "38"
        ]
      }
    ],
    "box": [
      932,
      732,
      790,
      34
    ],
    "checked": true,
    "id": 441,
    "origin": "human",
    "parent": 414,
    "persons": [
      "Viella (Cte de)"
    ],
    "score": 1,
    "text_ocr": "##Viella (Cte de)## µµC. ::LH::µµ, ££contre-amiral££, @@St-Guillaume@@, $$38$$.\n",
    "type": "ENTRY"
  },
  {
    "EOL": false,
    "box": [
      932,
      764,
      650,
      36
    ],
    "id": 444,
    "indented": true,
    "parent": 443,
    "text": "",
    "type": "LINE"
  },
  {
    "addresses": [
      {
        "street_name": "St-Guillaume",
        "street_numbers": [
          "38"
        ]
      }
    ],
    "box": [
      932,
      764,
      650,
      36
    ],
    "checked": true,
    "id": 443,
    "origin": "human",
    "parent": 414,
    "persons": [
      "Viella (Vte de)"
    ],
    "score": 1,
    "text_ocr": "##Viella (Vte de)##, ££lieut. gén.££, @@St-Guillaume@@, $$38$$.\n",
    "type": "ENTRY"
  },
  {
    "EOL": false,
    "box": [
      932,
      798,
      698,
      38
    ],
    "id": 446,
    "indented": true,
    "parent": 445,
    "text": "",
    "type": "LINE"
  },
  {
    "addresses": [
      {
        "street_name": "Richelieu",
        "street_numbers": [
          "20"
        ]
      }
    ],
    "box": [
      932,
      798,
      698,
      38
    ],
    "checked": true,
    "id": 445,
    "origin": "human",
    "parent": 414,
    "persons": [
      "Viellajeus-Dupont (Mad.)"
    ],
    "score": 1,
    "text_ocr": "##Viellajeus-Dupont (Mad.)##, ££lingère££, @@Richelieu@@, $$20$$.\n",
    "type": "ENTRY"
  },
  {
    "EOL": false,
    "box": [
      932,
      836,
      526,
      32
    ],
    "id": 448,
    "indented": true,
    "parent": 447,
    "text": "",
    "type": "LINE"
  },
  {
    "addresses": [
      {
        "street_name": "Moulins",
        "street_numbers": [
          "30"
        ]
      }
    ],
    "box": [
      932,
      836,
      526,
      32
    ],
    "checked": true,
    "id": 447,
    "origin": "human",
    "parent": 414,
    "persons": [
      "Vieilliard"
    ],
    "score": 1,
    "text_ocr": "##Vieilliard##, ££hôtel garni££, @@Moulins@@, $$30$$.\n",
    "type": "ENTRY"
  },
  {
    "EOL": false,
    "box": [
      932,
      870,
      416,
      32
    ],
    "id": 450,
    "indented": true,
    "parent": 449,
    "text": "",
    "type": "LINE"
  },
  {
    "addresses": [
      {
        "street_name": "Bellechasse",
        "street_numbers": [
          "6"
        ]
      }
    ],
    "box": [
      932,
      870,
      416,
      32
    ],
    "checked": true,
    "id": 449,
    "origin": "human",
    "parent": 414,
    "persons": [
      "Vien"
    ],
    "score": 1,
    "text_ocr": "##Vien##, ££peintre££, @@Bellechasse@@, $$6$$.\n",
    "type": "ENTRY"
  },
  {
    "EOL": false,
    "box": [
      932,
      904,
      492,
      34
    ],
    "id": 452,
    "indented": true,
    "parent": 451,
    "text": "",
    "type": "LINE"
  },
  {
    "addresses": [
      {
        "street_name": "Bellechasse",
        "street_numbers": [
          "6"
        ]
      }
    ],
    "box": [
      932,
      904,
      492,
      34
    ],
    "checked": true,
    "id": 451,
    "origin": "human",
    "parent": 414,
    "persons": [
      "Vien (Mme Céleste)"
    ],
    "score": 1,
    "text_ocr": "##Vien (Mme Céleste)##, @@Bellechasse@@, $$6$$.\n",
    "type": "ENTRY"
  },
  {
    "EOL": false,
    "box": [
      932,
      938,
      488,
      32
    ],
    "id": 454,
    "indented": true,
    "parent": 453,
    "text": "",
    "type": "LINE"
  },
  {
    "addresses": [
      {
        "street_name": "Bons-Enfans",
        "street_numbers": [
          "15"
        ]
      }
    ],
    "box": [
      932,
      938,
      488,
      32
    ],
    "checked": true,
    "id": 453,
    "origin": "human",
    "parent": 414,
    "persons": [
      "Vienne"
    ],
    "score": 0.9545454545454546,
    "text_ocr": "##Vienne##, ££f. ouate££, @@Bons-Enfans@@, $$15$$.\n",
    "type": "ENTRY"
  },
  {
    "EOL": false,
    "box": [
      932,
      974,
      638,
      30
    ],
    "id": 456,
    "indented": true,
    "parent": 455,
    "text": "",
    "type": "LINE"
  },
  {
    "addresses": [
      {
        "street_name": "St-Lazare",
        "street_numbers": [
          "35"
        ]
      }
    ],
    "box": [
      932,
      974,
      638,
      30
    ],
    "checked": true,
    "id": 455,
    "origin": "human",
    "parent": 414,
    "persons": [
      "Vienne"
    ],
    "score": 1,
    "text_ocr": "##Vienne##, ££serrurier en voitures££, @@St-Lazare@@, $$35$$.\n",
    "type": "ENTRY"
  },
  {
    "EOL": false,
    "box": [
      934,
      1008,
      776,
      32
    ],
    "id": 458,
    "indented": true,
    "parent": 457,
    "text": "",
    "type": "LINE"
  },
  {
    "addresses": [
      {
        "street_name": "Ferme-des-Mathurins",
        "street_numbers": [
          "16"
        ]
      }
    ],
    "box": [
      934,
      1008,
      776,
      32
    ],
    "checked": true,
    "id": 457,
    "origin": "human",
    "parent": 414,
    "persons": [
      "Viennet"
    ],
    "score": 0.5,
    "text_ocr": "##Viennet## µµC. ::LH:: de l'Institutµµ, @@Ferme-des-Mathurins@@, $$16$$.\n",
    "type": "ENTRY"
  },
  {
    "EOL": false,
    "box": [
      932,
      1042,
      650,
      34
    ],
    "id": 460,
    "indented": true,
    "parent": 459,
    "text": "",
    "type": "LINE"
  },
  {
    "addresses": [
      {
        "street_name": "Ne-Bourg-l'Abbé",
        "street_numbers": [
          "2"
        ]
      }
    ],
    "box": [
      932,
      1042,
      650,
      34
    ],
    "checked": true,
    "id": 459,
    "origin": "human",
    "parent": 414,
    "persons": [
      "Viennot"
    ],
    "score": 0.5,
    "text_ocr": "##Viennot##, ££fab. de bijoux££, @@Ne-Bourg-l'Abbé@@, $$2$$.\n",
    "type": "ENTRY"
  },
  {
    "EOL": false,
    "box": [
      934,
      1076,
      650,
      34
    ],
    "id": 462,
    "indented": true,
    "parent": 461,
    "text": "",
    "type": "LINE"
  },
  {
    "addresses": [
      {
        "street_name": "boulev. St-Martin",
        "street_numbers": [
          "18"
        ]
      }
    ],
    "box": [
      934,
      1076,
      650,
      34
    ],
    "checked": true,
    "id": 461,
    "origin": "human",
    "parent": 414,
    "persons": [
      "Viennot"
    ],
    "score": 1,
    "text_ocr": "##Viennot## , ££f. cheminées££, @@boulev. St-Martin@@,$$18$$.\n",
    "type": "ENTRY"
  },
  {
    "EOL": false,
    "box": [
      932,
      1110,
      480,
      32
    ],
    "id": 464,
    "indented": true,
    "parent": 463,
    "text": "",
    "type": "LINE"
  },
  {
    "addresses": [
      {
        "street_name": "Arbre-Sec",
        "street_numbers": [
          "48"
        ]
      }
    ],
    "box": [
      932,
      1110,
      480,
      32
    ],
    "checked": true,
    "id": 463,
    "origin": "human",
    "parent": 414,
    "persons": [
      "Viennot"
    ],
    "score": 1,
    "text_ocr": "##Viennot##, ££joaillier££, @@Arbre-Sec@@, $$48$$.\n",
    "type": "ENTRY"
  },
  {
    "EOL": false,
    "box": [
      934,
      1144,
      576,
      34
    ],
    "id": 466,
    "indented": true,
    "parent": 465,
    "text": "",
    "type": "LINE"
  },
  {
    "addresses": [
      {
        "street_name": "q. Valmy",
        "street_numbers": [
          "121"
        ]
      }
    ],
    "box": [
      934,
      1144,
      576,
      34
    ],
    "checked": true,
    "id": 465,
    "origin": "human",
    "parent": 414,
    "persons": [
      "Viennot"
    ],
    "score": 1,
    "text_ocr": "##Viennot##, ££peintre vitrier££, @@q. Valmy@@, $$121$$.\n",
    "type": "ENTRY"
  },
  {
    "EOL": false,
    "box": [
      932,
      1180,
      530,
      30
    ],
    "id": 468,
    "indented": true,
    "parent": 467,
    "text": "",
    "type": "LINE"
  },
  {
    "addresses": [
      {
        "street_name": "St-Anastase",
        "street_numbers": [
          "12"
        ]
      }
    ],
    "box": [
      932,
      1180,
      530,
      30
    ],
    "checked": true,
    "id": 467,
    "origin": "human",
    "parent": 414,
    "persons": [
      "Vienot de Vaublanc"
    ],
    "score": 0.9642857142857143,
    "text_ocr": "##Vienot de Vaublanc##, @@St-Anastase@@, $$12$$.\n",
    "type": "ENTRY"
  },
  {
    "EOL": false,
    "box": [
      934,
      1214,
      620,
      34
    ],
    "id": 470,
    "indented": true,
    "parent": 469,
    "text": "",
    "type": "LINE"
  },
  {
    "addresses": [
      {
        "street_name": "Bergère",
        "street_numbers": [
          "3"
        ]
      }
    ],
    "box": [
      934,
      1214,
      620,
      34
    ],
    "checked": true,
    "id": 469,
    "origin": "human",
    "parent": 414,
    "persons": [
      "Vierling (Mlle)"
    ],
    "score": 1,
    "text_ocr": "##Vierling (Mlle)##, ££prof. de piano££, @@Bergère@@, $$3$$.\n",
    "type": "ENTRY"
  },
  {
    "EOL": false,
    "box": [
      932,
      1248,
      536,
      32
    ],
    "id": 472,
    "indented": true,
    "parent": 471,
    "text": "",
    "type": "LINE"
  },
  {
    "addresses": [
      {
        "street_name": "Bourg-l'Abbé",
        "street_numbers": [
          "5"
        ]
      }
    ],
    "box": [
      932,
      1248,
      536,
      32
    ],
    "checked": true,
    "id": 471,
    "origin": "human",
    "parent": 414,
    "persons": [
      "Vierset"
    ],
    "score": 1,
    "text_ocr": "##Vierset##, ££cordonnier££, @@Bourg-l'Abbé@@, $$5$$.\n",
    "type": "ENTRY"
  },
  {
    "EOL": false,
    "box": [
      934,
      1282,
      648,
      30
    ],
    "id": 474,
    "indented": true,
    "parent": 473,
    "text": "",
    "type": "LINE"
  },
  {
    "addresses": [
      {
        "street_name": "Vrillière",
        "street_numbers": [
          "1"
        ]
      }
    ],
    "box": [
      934,
      1282,
      648,
      30
    ],
    "checked": true,
    "id": 473,
    "origin": "human",
    "parent": 414,
    "persons": [
      "Viet (J.)"
    ],
    "score": 0.8888888888888888,
    "text_ocr": "##Viet (J.)##, ££économe à la Banque££, @@Vrillière@@, $$1$$.\n",
    "type": "ENTRY"
  },
  {
    "box": [
      924,
      240,
      814,
      1072
    ],
    "id": 414,
    "parent": 413,
    "type": "COLUMN_LEVEL_2"
  },
  {
    "box": [
      924,
      240,
      816,
      1072
    ],
    "id": 413,
    "parent": 412,
    "type": "SECTION_LEVEL_2"
  },
  {
    "addresses": [
      {
        "street_name": "pl. du Louvre",
        "street_numbers": [
          "10"
        ]
      }
    ],
    "box": [
      934,
      1328,
      804,
      34
    ],
    "checked": true,
    "id": 561,
    "origin": "human",
    "parent": 476,
    "persons": [
      "Viet (Z.)"
    ],
    "text_ocr": "##Viet (Z.)##, ££épicier, f. colle de poisson££, @@pl. du Louvre@@, $$10$$.",
    "type": "ENTRY"
  },
  {
    "EOL": false,
    "box": [
      934,
      1328,
      804,
      34
    ],
    "id": 478,
    "indented": false,
    "parent": 561,
    "text": "",
    "type": "LINE"
  },
  {
    "addresses": [
      {
        "street_name": "faub. St-Denis",
        "street_numbers": [
          "108"
        ]
      }
    ],
    "box": [
      934,
      1360,
      634,
      34
    ],
    "checked": true,
    "id": 562,
    "origin": "human",
    "parent": 476,
    "persons": [
      "Viette"
    ],
    "text_ocr": "##Viette##, ££cab. de lecture££, @@faub. St-Denis@@, $$108$$.",
    "type": "ENTRY"
  },
  {
    "EOL": false,
    "box": [
      934,
      1360,
      634,
      34
    ],
    "id": 479,
    "indented": false,
    "parent": 562,
    "text": "",
    "type": "LINE"
  },
  {
    "EOL": false,
    "box": [
      932,
      1396,
      512,
      32
    ],
    "id": 481,
    "indented": true,
    "parent": 480,
    "text": "",
    "type": "LINE"
  },
  {
    "addresses": [
      {
        "street_name": "St-Honoré",
        "street_numbers": [
          "265"
        ]
      }
    ],
    "box": [
      932,
      1396,
      512,
      32
    ],
    "checked": true,
    "id": 480,
    "origin": "human",
    "parent": 476,
    "persons": [
      "Viette"
    ],
    "score": 1,
    "text_ocr": "##Viette##, ££menuisier££, @@St-Honoré@@, $$265$$.\n",
    "type": "ENTRY"
  },
  {
    "EOL": false,
    "box": [
      934,
      1430,
      436,
      32
    ],
    "id": 483,
    "indented": true,
    "parent": 482,
    "text": "",
    "type": "LINE"
  },
  {
    "addresses": [
      {
        "street_name": "Ne-St-Gilles",
        "street_numbers": [
          "6"
        ]
      }
    ],
    "box": [
      934,
      1430,
      436,
      32
    ],
    "checked": true,
    "id": 482,
    "origin": "human",
    "parent": 476,
    "persons": [
      "Vietty"
    ],
    "score": 0.5,
    "text_ocr": "##Vietty##, µµpropr.µµ, @@Ne-St-Gilles@@, $$6$$.\n",
    "type": "ENTRY"
  },
  {
    "EOL": false,
    "box": [
      932,
      1466,
      614,
      32
    ],
    "id": 485,
    "indented": true,
    "parent": 484,
    "text": "",
    "type": "LINE"
  },
  {
    "addresses": [
      {
        "street_name": "Université",
        "street_numbers": [
          "85"
        ]
      }
    ],
    "box": [
      932,
      1466,
      614,
      32
    ],
    "checked": true,
    "id": 484,
    "origin": "human",
    "parent": 476,
    "persons": [
      "Vieuville (Cte de la)"
    ],
    "score": 1,
    "text_ocr": "##Vieuville (Cte de la)## µµO. ::LH::µµ, @@Université@@, $$85$$.\n",
    "type": "ENTRY"
  },
  {
    "EOL": false,
    "box": [
      932,
      1500,
      584,
      30
    ],
    "id": 487,
    "indented": true,
    "parent": 486,
    "text": "",
    "type": "LINE"
  },
  {
    "addresses": [
      {
        "street_name": "faub. Poissonnière",
        "street_numbers": [
          "42"
        ]
      }
    ],
    "box": [
      932,
      1500,
      584,
      30
    ],
    "checked": true,
    "id": 486,
    "origin": "human",
    "parent": 476,
    "persons": [
      "Vieville"
    ],
    "score": 1,
    "text_ocr": "##Vieville##, ££épicier££, @@faub. Poissonnière@@, $$42$$.\n",
    "type": "ENTRY"
  },
  {
    "EOL": false,
    "box": [
      932,
      1534,
      490,
      32
    ],
    "id": 489,
    "indented": true,
    "parent": 488,
    "text": "",
    "type": "LINE"
  },
  {
    "addresses": [
      {
        "street_name": "St-Jacques",
        "street_numbers": [
          "9"
        ]
      }
    ],
    "box": [
      932,
      1534,
      490,
      32
    ],
    "checked": true,
    "id": 488,
    "origin": "human",
    "parent": 476,
    "persons": [
      "Viéville"
    ],
    "score": 1,
    "text_ocr": "##Viéville##, ££f. crépins££, @@St-Jacques@@, $$9$$.\n",
    "type": "ENTRY"
  },
  {
    "EOL": false,
    "box": [
      934,
      1562,
      806,
      38
    ],
    "id": 491,
    "indented": true,
    "parent": 490,
    "text": "",
    "type": "LINE"
  },
  {
    "addresses": [
      {
        "street_name": "boul. de l'Hôpital",
        "street_numbers": [
          "22"
        ]
      }
    ],
    "box": [
      934,
      1562,
      806,
      38
    ],
    "checked": true,
    "id": 490,
    "origin": "human",
    "parent": 476,
    "persons": [
      "Viéville-Declanliceux"
    ],
    "score": 1,
    "text_ocr": "##Viéville-Declanliceux##, ££flat. laine££, @@boul. de l'Hôpital@@, $$22$$.\n",
    "type": "ENTRY"
  },
  {
    "EOL": false,
    "box": [
      934,
      1602,
      710,
      32
    ],
    "id": 493,
    "indented": true,
    "parent": 492,
    "text": "",
    "type": "LINE"
  },
  {
    "addresses": [
      {
        "street_name": "Ne-des-Mathurins",
        "street_numbers": [
          "20 bis"
        ]
      }
    ],
    "box": [
      934,
      1602,
      710,
      32
    ],
    "checked": true,
    "id": 492,
    "origin": "human",
    "parent": 476,
    "persons": [
      "Vieyra (Henry)"
    ],
    "score": 0.5,
    "text_ocr": "##Vieyra (Henry)##, µµpropr.µµ, @@Ne-des-Mathurins@@, $$20 bis$$.\n",
    "type": "ENTRY"
  },
  {
    "EOL": false,
    "box": [
      934,
      1638,
      504,
      32
    ],
    "id": 495,
    "indented": true,
    "parent": 494,
    "text": "",
    "type": "LINE"
  },
  {
    "addresses": [
      {
        "street_name": "cité d Antin",
        "street_numbers": [
          "10"
        ]
      }
    ],
    "box": [
      934,
      1638,
      504,
      32
    ],
    "checked": true,
    "id": 494,
    "origin": "human",
    "parent": 476,
    "persons": [
      "Vieyra (Adolphe)"
    ],
    "score": 0.9583333333333333,
    "text_ocr": "##Vieyra (Adolphe)##, @@cité d Antin@@, $$10$$.\n",
    "type": "ENTRY"
  },
  {
    "EOL": false,
    "box": [
      934,
      1670,
      754,
      36
    ],
    "id": 497,
    "indented": true,
    "parent": 496,
    "text": "",
    "type": "LINE"
  },
  {
    "addresses": [
      {
        "street_name": "Verneuil",
        "street_numbers": [
          "43"
        ]
      }
    ],
    "box": [
      934,
      1670,
      754,
      36
    ],
    "checked": true,
    "id": 496,
    "origin": "human",
    "parent": 476,
    "persons": [
      "Viger"
    ],
    "score": 1,
    "text_ocr": "##Viger## µµO. ::LH::µµ, ££conseiller C. de cassation££, @@Verneuil@@, $$43$$.\n",
    "type": "ENTRY"
  },
  {
    "EOL": false,
    "box": [
      932,
      1704,
      808,
      36
    ],
    "id": 499,
    "indented": true,
    "parent": 498,
    "text": "",
    "type": "LINE"
  },
  {
    "EOL": false,
    "box": [
      950,
      1742,
      286,
      28
    ],
    "id": 500,
    "indented": false,
    "parent": 498,
    "text": "",
    "type": "LINE"
  },
  {
    "addresses": [
      {
        "street_name": "pass. de l’Ancien-Grand-Cerf",
        "street_numbers": [
          "42"
        ]
      }
    ],
    "box": [
      932,
      1704,
      808,
      66
    ],
    "checked": true,
    "id": 498,
    "origin": "human",
    "parent": 476,
    "persons": [
      "Vigerie (L.)"
    ],
    "score": 0.5,
    "text_ocr": "##Vigerie (L.)##, ££parfumeur££ , @@pass. de l’Ancien-Grand-Cerf@@,\n$$42$$ et @@St-Denis@@, $$243$$.\n",
    "type": "ENTRY"
  },
  {
    "EOL": false,
    "box": [
      934,
      1774,
      506,
      32
    ],
    "id": 502,
    "indented": true,
    "parent": 501,
    "text": "",
    "type": "LINE"
  },
  {
    "addresses": [
      {
        "street_name": "passage Ste-Avoie",
        "street_numbers": [
          "9"
        ]
      }
    ],
    "box": [
      934,
      1774,
      506,
      32
    ],
    "checked": true,
    "id": 501,
    "origin": "human",
    "parent": 476,
    "persons": [
      "Viget"
    ],
    "score": 0.75,
    "text_ocr": "##Viget##, ££bijout.££, @@passage Ste-Avoie@@, $$9$$.\n",
    "type": "ENTRY"
  },
  {
    "EOL": false,
    "box": [
      932,
      1810,
      436,
      30
    ],
    "id": 504,
    "indented": true,
    "parent": 503,
    "text": "",
    "type": "LINE"
  },
  {
    "addresses": [
      {
        "street_name": "St-Honoré",
        "street_numbers": [
          "334"
        ]
      }
    ],
    "box": [
      932,
      1810,
      436,
      30
    ],
    "checked": true,
    "id": 503,
    "origin": "human",
    "parent": 476,
    "persons": [
      "Vigier"
    ],
    "score": 1,
    "text_ocr": "##Vigier##, ££nég.££, @@St-Honoré@@, $$334$$.\n",
    "type": "ENTRY"
  },
  {
    "EOL": false,
    "box": [
      932,
      1842,
      670,
      36
    ],
    "id": 506,
    "indented": true,
    "parent": 505,
    "text": "",
    "type": "LINE"
  },
  {
    "addresses": [
      {
        "street_name": "q. Voltaire",
        "street_numbers": [
          "1"
        ]
      }
    ],
    "box": [
      932,
      1842,
      670,
      36
    ],
    "checked": true,
    "id": 505,
    "origin": "human",
    "parent": 476,
    "persons": [
      "Vigier (Cte Achille)"
    ],
    "score": 1,
    "text_ocr": "##Vigier (Cte Achille)## µµ::LH::µµ, ££député££, @@q. Voltaire@@, $$1$$.\n",
    "type": "ENTRY"
  },
  {
    "EOL": false,
    "box": [
      934,
      1886,
      806,
      36
    ],
    "id": 508,
    "indented": true,
    "parent": 507,
    "text": "",
    "type": "LINE"
  },
  {
    "EOL": false,
    "box": [
      952,
      1920,
      408,
      32
    ],
    "id": 509,
    "indented": false,
    "parent": 507,
    "text": "",
    "type": "LINE"
  },
  {
    "addresses": [
      {
        "street_name": "q. de l'Ecole, q. du Louvre.\nq: des Ormes et q. d'Orsay",
        "street_numbers": []
      }
    ],
    "box": [
      934,
      1886,
      806,
      66
    ],
    "checked": true,
    "id": 507,
    "origin": "human",
    "parent": 476,
    "persons": [
      "Vigier"
    ],
    "score": 0.35714285714285715,
    "street_number": "",
    "text_ocr": "##Vigier##, ££bains sur la Seine££, @@q. de l'Ecole, q. du Louvre.\nq: des Ormes et q. d'Orsay@@. \n",
    "type": "ENTRY"
  },
  {
    "EOL": false,
    "box": [
      934,
      1952,
      412,
      34
    ],
    "id": 511,
    "indented": true,
    "parent": 510,
    "text": "",
    "type": "LINE"
  },
  {
    "addresses": [
      {
        "street_name": "St-Benoit",
        "street_numbers": [
          "18"
        ]
      }
    ],
    "box": [
      934,
      1952,
      412,
      34
    ],
    "checked": true,
    "id": 510,
    "origin": "human",
    "parent": 476,
    "persons": [
      "Vigier"
    ],
    "score": 0.75,
    "text_ocr": "##Vigier##, ££avoué££, @@St-Benoit@@, $$18$$.\n",
    "type": "ENTRY"
  },
  {
    "EOL": false,
    "box": [
      934,
      1990,
      508,
      32
    ],
    "id": 513,
    "indented": true,
    "parent": 512,
    "text": "",
    "type": "LINE"
  },
  {
    "addresses": [
      {
        "street_name": "Vieux-Colombier",
        "street_numbers": [
          "29"
        ]
      }
    ],
    "box": [
      934,
      1990,
      508,
      32
    ],
    "checked": true,
    "id": 512,
    "origin": "human",
    "parent": 476,
    "persons": [
      "Vigla"
    ],
    "score": 1,
    "text_ocr": "##Vigla##, µµpropr.µµ, @@Vieux-Colombier@@, $$29$$.\n",
    "type": "ENTRY"
  },
  {
    "EOL": false,
    "box": [
      932,
      2024,
      604,
      32
    ],
    "id": 515,
    "indented": true,
    "parent": 514,
    "text": "",
    "type": "LINE"
  },
  {
    "addresses": [
      {
        "street_name": "Neuve-St-Laurent",
        "street_numbers": [
          "10"
        ]
      }
    ],
    "box": [
      932,
      2024,
      604,
      32
    ],
    "checked": true,
    "id": 514,
    "origin": "human",
    "parent": 476,
    "persons": [
      "Vignais"
    ],
    "score": 0.5,
    "text_ocr": "##Vignais##, ££serrurier££, @@Neuve-St-Laurent@@, $$10$$.\n",
    "type": "ENTRY"
  },
  {
    "EOL": false,
    "box": [
      932,
      2058,
      534,
      32
    ],
    "id": 517,
    "indented": true,
    "parent": 516,
    "text": "",
    "type": "LINE"
  },
  {
    "addresses": [
      {
        "street_name": "faub. St-Denis",
        "street_numbers": [
          "52"
        ]
      }
    ],
    "box": [
      932,
      2058,
      534,
      32
    ],
    "checked": true,
    "id": 516,
    "origin": "human",
    "parent": 476,
    "persons": [
      "Vignal"
    ],
    "score": 1,
    "text_ocr": "##Vignal##, ££médecin££, @@faub. St-Denis@@, $$52$$.\n",
    "type": "ENTRY"
  },
  {
    "EOL": false,
    "box": [
      932,
      2092,
      518,
      32
    ],
    "id": 519,
    "indented": true,
    "parent": 518,
    "text": "",
    "type": "LINE"
  },
  {
    "addresses": [
      {
        "street_name": "Mazarine",
        "street_numbers": [
          "5"
        ]
      }
    ],
    "box": [
      932,
      2092,
      518,
      32
    ],
    "checked": true,
    "id": 518,
    "origin": "human",
    "parent": 476,
    "persons": [
      "Vignardonne"
    ],
    "score": 1,
    "text_ocr": "##Vignardonne##, ££médecin££, @@Mazarine@@, $$5$$.\n",
    "type": "ENTRY"
  },
  {
    "EOL": false,
    "box": [
      934,
      2126,
      656,
      34
    ],
    "id": 521,
    "indented": true,
    "parent": 520,
    "text": "",
    "type": "LINE"
  },
  {
    "addresses": [
      {
        "street_name": "Corbeau",
        "street_numbers": [
          "14"
        ]
      }
    ],
    "box": [
      934,
      2126,
      656,
      34
    ],
    "checked": true,
    "id": 520,
    "origin": "human",
    "parent": 476,
    "persons": [
      "Vignaux ainé"
    ],
    "score": 0.75,
    "text_ocr": "##Vignaux ainé##, ££nég. équip. milit.££, @@Corbeau@@, $$14$$.\n",
    "type": "ENTRY"
  },
  {
    "EOL": false,
    "box": [
      934,
      2160,
      654,
      34
    ],
    "id": 523,
    "indented": true,
    "parent": 522,
    "text": "",
    "type": "LINE"
  },
  {
    "addresses": [
      {
        "street_name": "Chapon",
        "street_numbers": [
          "12"
        ]
      }
    ],
    "box": [
      934,
      2160,
      654,
      34
    ],
    "checked": true,
    "id": 522,
    "origin": "human",
    "parent": 476,
    "persons": [
      "Vignaux jeune"
    ],
    "score": 1,
    "text_ocr": "##Vignaux jeune##, ££verniss. sur cuir££, @@Chapon@@, $$12$$.\n",
    "type": "ENTRY"
  },
  {
    "EOL": false,
    "box": [
      934,
      2196,
      436,
      32
    ],
    "id": 525,
    "indented": true,
    "parent": 524,
    "text": "",
    "type": "LINE"
  },
  {
    "addresses": [
      {
        "street_name": "Chapon",
        "street_numbers": [
          "28"
        ]
      }
    ],
    "box": [
      934,
      2196,
      436,
      32
    ],
    "checked": true,
    "id": 524,
    "origin": "human",
    "parent": 476,
    "persons": [
      "Vigne"
    ],
    "score": 1,
    "text_ocr": "##Vigne##, ££f. doublé££, @@Chapon@@, $$28$$.\n",
    "type": "ENTRY"
  },
  {
    "EOL": false,
    "box": [
      932,
      2230,
      808,
      32
    ],
    "id": 527,
    "indented": true,
    "parent": 526,
    "text": "",
    "type": "LINE"
  },
  {
    "EOL": false,
    "box": [
      952,
      2264,
      322,
      30
    ],
    "id": 528,
    "indented": false,
    "parent": 526,
    "text": "",
    "type": "LINE"
  },
  {
    "addresses": [
      {
        "street_name": "Mortellerie",
        "street_numbers": [
          "151"
        ]
      }
    ],
    "box": [
      932,
      2230,
      808,
      64
    ],
    "checked": true,
    "id": 526,
    "origin": "human",
    "parent": 476,
    "persons": [
      "Vigneaux"
    ],
    "score": 0.9090909090909091,
    "text_ocr": "##Vigneaux##, ££bur. de placement pour les garçons mds de\nvins££, @@Mortellerie@@, $$151$$.\n",
    "type": "ENTRY"
  },
  {
    "EOL": false,
    "box": [
      932,
      2298,
      442,
      32
    ],
    "id": 530,
    "indented": true,
    "parent": 529,
    "text": "",
    "type": "LINE"
  },
  {
    "addresses": [
      {
        "street_name": "Fg-St-Denis",
        "street_numbers": [
          "4"
        ]
      }
    ],
    "box": [
      932,
      2298,
      442,
      32
    ],
    "checked": true,
    "id": 529,
    "origin": "human",
    "parent": 476,
    "persons": [
      "Vigneaux"
    ],
    "score": 0.9285714285714286,
    "text_ocr": "##Vigneaux##, ££vins££, @@Fg-St-Denis@@, $$4$$.\n",
    "type": "ENTRY"
  },
  {
    "EOL": false,
    "box": [
      932,
      2332,
      470,
      32
    ],
    "id": 532,
    "indented": true,
    "parent": 531,
    "text": "",
    "type": "LINE"
  },
  {
    "addresses": [
      {
        "street_name": "St-Honoré",
        "street_numbers": [
          "215"
        ]
      }
    ],
    "box": [
      932,
      2332,
      470,
      32
    ],
    "checked": true,
    "id": 531,
    "origin": "human",
    "parent": 476,
    "persons": [
      "Vigneaux"
    ],
    "score": 1,
    "text_ocr": "##Vigneaux##, ££vins££, @@St-Honoré@@, $$215$$.\n",
    "type": "ENTRY"
  },
  {
    "EOL": false,
    "box": [
      934,
      2366,
      630,
      34
    ],
    "id": 534,
    "indented": true,
    "parent": 533,
    "text": "",
    "type": "LINE"
  },
  {
    "addresses": [
      {
        "street_name": "passage Ste-Anne",
        "street_numbers": []
      }
    ],
    "box": [
      934,
      2366,
      630,
      34
    ],
    "checked": true,
    "id": 533,
    "origin": "human",
    "parent": 476,
    "persons": [
      "Vignères"
    ],
    "score": 0.25,
    "street_number": "",
    "text_ocr": "##Vignères##, ££md d'estampes££, @@passage Ste-Anne@@.\n",
    "type": "ENTRY"
  },
  {
    "EOL": false,
    "box": [
      932,
      2402,
      530,
      30
    ],
    "id": 536,
    "indented": true,
    "parent": 535,
    "text": "",
    "type": "LINE"
  },
  {
    "addresses": [
      {
        "street_name": "Jeûneurs",
        "street_numbers": [
          "19"
        ]
      }
    ],
    "box": [
      932,
      2402,
      530,
      30
    ],
    "checked": true,
    "id": 535,
    "origin": "human",
    "parent": 476,
    "persons": [
      "Vigneron"
    ],
    "score": 1,
    "text_ocr": "##Vigneron##, ££ancien nég.££, @@Jeûneurs@@, $$19$$.\n",
    "type": "ENTRY"
  },
  {
    "EOL": false,
    "box": [
      932,
      2436,
      564,
      30
    ],
    "id": 538,
    "indented": true,
    "parent": 537,
    "text": "",
    "type": "LINE"
  },
  {
    "addresses": [
      {
        "street_name": "Ne-Ste-Catherine",
        "street_numbers": [
          "10"
        ]
      }
    ],
    "box": [
      932,
      2436,
      564,
      30
    ],
    "checked": true,
    "id": 537,
    "origin": "human",
    "parent": 476,
    "persons": [
      "Vigneron"
    ],
    "score": 0.5,
    "text_ocr": "##Vigneron##, ££bottier££, @@Ne-Ste-Catherine@@, $$10$$.\n",
    "type": "ENTRY"
  },
  {
    "EOL": false,
    "box": [
      932,
      2470,
      638,
      32
    ],
    "id": 540,
    "indented": true,
    "parent": 539,
    "text": "",
    "type": "LINE"
  },
  {
    "addresses": [
      {
        "street_name": "Rochechouart",
        "street_numbers": [
          "38"
        ]
      }
    ],
    "box": [
      932,
      2470,
      638,
      32
    ],
    "checked": true,
    "id": 539,
    "origin": "human",
    "parent": 476,
    "persons": [
      "Vigneron"
    ],
    "score": 0.5,
    "text_ocr": "##Vigneron##, ££peintre lithog.££, @@Rochechouart@@, $$38$$.\n",
    "type": "ENTRY"
  },
  {
    "EOL": false,
    "box": [
      934,
      2504,
      460,
      32
    ],
    "id": 542,
    "indented": true,
    "parent": 541,
    "text": "",
    "type": "LINE"
  },
  {
    "addresses": [
      {
        "street_name": "4 Vents",
        "street_numbers": [
          "13"
        ]
      }
    ],
    "box": [
      934,
      2504,
      460,
      32
    ],
    "checked": true,
    "id": 541,
    "origin": "human",
    "parent": 476,
    "persons": [
      "Vignes"
    ],
    "score": 0.5,
    "text_ocr": "##Vignes##, ££ferblantier££, @@4 Vents@@, $$13$$.\n",
    "type": "ENTRY"
  },
  {
    "EOL": false,
    "box": [
      932,
      2538,
      470,
      32
    ],
    "id": 544,
    "indented": true,
    "parent": 543,
    "text": "",
    "type": "LINE"
  },
  {
    "addresses": [
      {
        "street_name": "Harpe",
        "street_numbers": [
          "117"
        ]
      }
    ],
    "box": [
      932,
      2538,
      470,
      32
    ],
    "checked": true,
    "id": 543,
    "origin": "human",
    "parent": 476,
    "persons": [
      "Vignes"
    ],
    "score": 1,
    "text_ocr": "##Vignes##, ££ferblantier££, @@Harpe@@, $$117$$.\n",
    "type": "ENTRY"
  },
  {
    "EOL": false,
    "box": [
      934,
      2572,
      414,
      34
    ],
    "id": 546,
    "indented": true,
    "parent": 545,
    "text": "",
    "type": "LINE"
  },
  {
    "addresses": [
      {
        "street_name": "Beaune",
        "street_numbers": [
          "25"
        ]
      }
    ],
    "box": [
      934,
      2572,
      414,
      34
    ],
    "checked": true,
    "id": 545,
    "origin": "human",
    "parent": 476,
    "persons": [
      "Vignes"
    ],
    "score": 1,
    "text_ocr": "##Vignes##, ££lingerie££, @@Beaune@@, $$25$$.\n",
    "type": "ENTRY"
  },
  {
    "EOL": false,
    "box": [
      932,
      2608,
      434,
      34
    ],
    "id": 548,
    "indented": true,
    "parent": 547,
    "text": "",
    "type": "LINE"
  },
  {
    "addresses": [
      {
        "street_name": "St-Denis",
        "street_numbers": [
          "193"
        ]
      }
    ],
    "box": [
      932,
      2608,
      434,
      34
    ],
    "checked": true,
    "id": 547,
    "origin": "human",
    "parent": 476,
    "persons": [
      "Vigney"
    ],
    "score": 1,
    "text_ocr": "##Vigney##, ££f. cols££, @@St-Denis@@, $$193$$.\n",
    "type": "ENTRY"
  },
  {
    "EOL": false,
    "box": [
      932,
      2624,
      664,
      50
    ],
    "id": 550,
    "indented": true,
    "parent": 549,
    "text": "",
    "type": "LINE"
  },
  {
    "addresses": [
      {
        "street_name": "Cité",
        "street_numbers": [
          "31"
        ]
      }
    ],
    "box": [
      932,
      2624,
      664,
      50
    ],
    "checked": true,
    "id": 549,
    "origin": "human",
    "parent": 476,
    "persons": [
      "Vignier (F.)"
    ],
    "score": 0.75,
    "text_ocr": "##Vignier (F.)##, ££fab.instrum.en gomme££, @@Cité@@, $$31$$.\n",
    "type": "ENTRY"
  },
  {
    "EOL": false,
    "box": [
      932,
      2676,
      600,
      36
    ],
    "id": 552,
    "indented": true,
    "parent": 551,
    "text": "",
    "type": "LINE"
  },
  {
    "addresses": [
      {
        "street_name": "place Cambray",
        "street_numbers": [
          "2"
        ]
      }
    ],
    "box": [
      932,
      2676,
      600,
      36
    ],
    "checked": true,
    "id": 551,
    "origin": "human",
    "parent": 476,
    "persons": [
      "Vignol"
    ],
    "score": 0.9285714285714286,
    "text_ocr": "##Vignol## µµ::LH::µµ, ££hôtel garni££, @@place Cambray@@, $$2$$.\n",
    "type": "ENTRY"
  },
  {
    "EOL": false,
    "box": [
      930,
      2720,
      644,
      32
    ],
    "id": 554,
    "indented": true,
    "parent": 553,
    "text": "",
    "type": "LINE"
  },
  {
    "addresses": [
      {
        "street_name": "Grenelle-St-Germ.",
        "street_numbers": [
          "20"
        ]
      }
    ],
    "box": [
      930,
      2720,
      644,
      32
    ],
    "checked": true,
    "id": 553,
    "origin": "human",
    "parent": 476,
    "persons": [
      "Vignon"
    ],
    "score": 0.5,
    "text_ocr": "##Vignon##, ££jurisconsulte££, @@Grenelle-St-Germ.@@, $$20$$.\n",
    "type": "ENTRY"
  },
  {
    "EOL": false,
    "box": [
      930,
      2754,
      642,
      36
    ],
    "id": 556,
    "indented": true,
    "parent": 555,
    "text": "",
    "type": "LINE"
  },
  {
    "addresses": [
      {
        "street_name": "Verneuil",
        "street_numbers": [
          "19"
        ]
      }
    ],
    "box": [
      930,
      2754,
      642,
      36
    ],
    "checked": true,
    "id": 555,
    "origin": "human",
    "parent": 476,
    "persons": [
      "Vignon"
    ],
    "score": 1,
    "text_ocr": "##Vignon## µµO. ::LH::µµ, ££insp. gén. Fin.££, @@Verneuil@@, $$19$$.\n",
    "type": "ENTRY"
  },
  {
    "EOL": false,
    "box": [
      930,
      2788,
      562,
      34
    ],
    "id": 558,
    "indented": true,
    "parent": 557,
    "text": "",
    "type": "LINE"
  },
  {
    "addresses": [
      {
        "street_name": "aux écuries du Roi",
        "street_numbers": []
      }
    ],
    "box": [
      930,
      2788,
      562,
      34
    ],
    "checked": true,
    "id": 557,
    "origin": "human",
    "parent": 476,
    "persons": [
      "Vignon"
    ],
    "score": 0,
    "street_number": "",
    "text_ocr": "##Vignon##, ££bourrelier££, @@aux écuries du Roi@@.\n",
    "type": "ENTRY"
  },
  {
    "EOL": false,
    "box": [
      930,
      2824,
      590,
      34
    ],
    "id": 560,
    "indented": true,
    "parent": 559,
    "text": "",
    "type": "LINE"
  },
  {
    "addresses": [
      {
        "street_name": "Four-St-Honoré",
        "street_numbers": [
          "31"
        ]
      }
    ],
    "box": [
      930,
      2824,
      590,
      34
    ],
    "checked": true,
    "id": 559,
    "origin": "human",
    "parent": 476,
    "persons": [
      "Vignon"
    ],
    "score": 0.5,
    "text_ocr": "##Vignon##, ££h. garni££, @@Four-St-Honoré@@, $$31$$.\n",
    "type": "ENTRY"
  },
  {
    "box": [
      924,
      1324,
      816,
      1534
    ],
    "id": 476,
    "parent": 475,
    "type": "COLUMN_LEVEL_2"
  },
  {
    "box": [
      924,
      1324,
      816,
      1534
    ],
    "id": 475,
    "parent": 412,
    "type": "SECTION_LEVEL_2"
  },
  {
    "box": [
      924,
      240,
      816,
      2618
    ],
    "id": 412,
    "parent": 258,
    "type": "COLUMN_LEVEL_1"
  },
  {
    "box": [
      86,
      240,
      1656,
      2618
    ],
    "id": 258,
    "parent": 256,
    "type": "SECTION_LEVEL_1"
  },
  {
    "box": [
      86,
      190,
      1656,
      2668
    ],
    "id": 256,
    "type": "PAGE"
  }
]
