{
  "content": [
    {
      "box": [
        144, 
        94, 
        1686, 
        34
      ], 
      "checked": false, 
      "id": 257, 
      "origin": "computer", 
      "parent": 256, 
      "text": "910 TABLE{IERS. \u2014 PARIS.\n", 
      "type": "TITLE_LEVEL_1"
    }, 
    {
      "EOL": false, 
      "box": [
        148, 
        152, 
        364, 
        34
      ], 
      "id": 263, 
      "indented": false, 
      "parent": 262, 
      "text": "", 
      "type": "LINE"
    }, 
    {
      "addresses": [
        {
          "street_name": "r. des Arcis", 
          "street_numbers": [
            "16"
          ]
        }
      ], 
      "box": [
        148, 
        152, 
        364, 
        34
      ], 
      "checked": true, 
      "id": 262, 
      "origin": "human", 
      "parent": 261, 
      "persons": [
        "Delpire"
      ], 
      "score": 0.5, 
      "text_ocr": "##Delpire##, @@r. des Arcis@@, $$16$$.\n", 
      "type": "ENTRY"
    }, 
    {
      "EOL": false, 
      "box": [
        148, 
        188, 
        688, 
        32
      ], 
      "id": 265, 
      "indented": true, 
      "parent": 264, 
      "text": "", 
      "type": "LINE"
    }, 
    {
      "addresses": [
        {
          "street_name": "Palais-Royal, gal. de Chartres", 
          "street_numbers": [
            "218"
          ]
        }
      ], 
      "box": [
        148, 
        188, 
        688, 
        32
      ], 
      "checked": true, 
      "id": 264, 
      "origin": "human", 
      "parent": 261, 
      "persons": [
        "Devalois"
      ], 
      "score": 0.5, 
      "text_ocr": "##Devalois##, @@Palais-Royal, gal. de Chartres@@, $$218$$.\n", 
      "type": "ENTRY"
    }, 
    {
      "EOL": false, 
      "box": [
        146, 
        222, 
        628, 
        32
      ], 
      "id": 267, 
      "indented": true, 
      "parent": 266, 
      "text": "", 
      "type": "LINE"
    }, 
    {
      "addresses": [
        {
          "street_name": "pass. du Grand-Cerf", 
          "street_numbers": [
            "23"
          ]
        }
      ], 
      "box": [
        146, 
        222, 
        628, 
        32
      ], 
      "checked": true, 
      "id": 266, 
      "origin": "human", 
      "parent": 261, 
      "persons": [
        "Devarenne"
      ], 
      "score": 0.9761904761904762, 
      "text_ocr": "##Devarenne##, \u00a3\u00a3fab.\u00a3\u00a3, @@pass. du Grand-Cerf@@, $$23$$.\n", 
      "type": "ENTRY"
    }, 
    {
      "EOL": false, 
      "box": [
        148, 
        256, 
        824, 
        34
      ], 
      "id": 269, 
      "indented": true, 
      "parent": 268, 
      "text": "", 
      "type": "LINE"
    }, 
    {
      "EOL": false, 
      "box": [
        168, 
        294, 
        804, 
        30
      ], 
      "id": 270, 
      "indented": false, 
      "parent": 268, 
      "text": "", 
      "type": "LINE"
    }, 
    {
      "EOL": false, 
      "box": [
        166, 
        330, 
        808, 
        30
      ], 
      "id": 271, 
      "indented": false, 
      "parent": 268, 
      "text": "", 
      "type": "LINE"
    }, 
    {
      "EOL": false, 
      "box": [
        166, 
        362, 
        808, 
        36
      ], 
      "id": 272, 
      "indented": false, 
      "parent": 268, 
      "text": "", 
      "type": "LINE"
    }, 
    {
      "EOL": false, 
      "box": [
        166, 
        400, 
        128, 
        30
      ], 
      "id": 273, 
      "indented": false, 
      "parent": 268, 
      "text": "", 
      "type": "LINE"
    }, 
    {
      "addresses": [
        {
          "street_name": " r. Michel-\nle-Comte", 
          "street_numbers": [
            "23"
          ]
        }
      ], 
      "box": [
        148, 
        256, 
        826, 
        174
      ], 
      "checked": true, 
      "id": 268, 
      "origin": "human", 
      "parent": 261, 
      "persons": [
        "Dezille (Ed.)"
      ], 
      "score": 1.0, 
      "text_ocr": "##Dezille (Ed.)##, dents d'\u00e9l\u00e9phans, nacre, fanons de baleine,\nbois des \u00eeles, etc., \u00a3\u00a3fab. de billes de billard\u00a3\u00a3,@@ r. Michel-\nle-Comte@@, $$23$$, (d\u00e9p\u00f4t de peignes d'ivoire de G.-A. D\u00e9-\nzille \u00e0 Rouen) ; d\u00e9p\u00f4t de bois d'acajou,@@ r. de Charen-\nton@@, $$22$$).\n", 
      "type": "ENTRY"
    }, 
    {
      "EOL": false, 
      "box": [
        148, 
        432, 
        772, 
        34
      ], 
      "id": 275, 
      "indented": true, 
      "parent": 274, 
      "text": "", 
      "type": "LINE"
    }, 
    {
      "addresses": [
        {
          "street_name": "r. St-Martin", 
          "street_numbers": [
            "134"
          ]
        }
      ], 
      "box": [
        148, 
        432, 
        772, 
        34
      ], 
      "checked": true, 
      "id": 274, 
      "origin": "human", 
      "parent": 261, 
      "persons": [
        "Dietrich ain\u00e9"
      ], 
      "score": 0.5, 
      "text_ocr": "##Dietrich ain\u00e9##, \u00a3\u00a3sculpteur en ivoire\u00a3\u00a3, @@r. St-Martin@@, $$134$$.\n", 
      "type": "ENTRY"
    }, 
    {
      "EOL": false, 
      "box": [
        150, 
        468, 
        320, 
        32
      ], 
      "id": 277, 
      "indented": true, 
      "parent": 276, 
      "text": "", 
      "type": "LINE"
    }, 
    {
      "addresses": [
        {
          "street_name": "r. du Bac", 
          "street_numbers": [
            "33"
          ]
        }
      ], 
      "box": [
        150, 
        468, 
        320, 
        32
      ], 
      "checked": true, 
      "id": 276, 
      "origin": "human", 
      "parent": 261, 
      "persons": [
        "Dor\u00e9e"
      ], 
      "score": 0.75, 
      "text_ocr": "##Dor\u00e9e##, @@r. du Bac@@, $$33$$.\n", 
      "type": "ENTRY"
    }, 
    {
      "EOL": false, 
      "box": [
        150, 
        502, 
        596, 
        38
      ], 
      "id": 279, 
      "indented": true, 
      "parent": 278, 
      "text": "", 
      "type": "LINE"
    }, 
    {
      "addresses": [
        {
          "street_name": "faub. du Temple", 
          "street_numbers": [
            "69"
          ]
        }
      ], 
      "box": [
        150, 
        502, 
        596, 
        38
      ], 
      "checked": true, 
      "id": 278, 
      "origin": "human", 
      "parent": 261, 
      "persons": [
        "Drouet"
      ], 
      "score": 1.0, 
      "text_ocr": "##Drouet##, \u00a3\u00a3fab. \u00e9tuis\u00a3\u00a3, @@faub. du Temple@@, $$69$$.\n", 
      "type": "ENTRY"
    }, 
    {
      "EOL": false, 
      "box": [
        150, 
        540, 
        824, 
        36
      ], 
      "id": 281, 
      "indented": true, 
      "parent": 280, 
      "text": "", 
      "type": "LINE"
    }, 
    {
      "EOL": false, 
      "box": [
        166, 
        576, 
        152, 
        24
      ], 
      "id": 282, 
      "indented": false, 
      "parent": 280, 
      "text": "", 
      "type": "LINE"
    }, 
    {
      "addresses": [
        {
          "street_name": "pass. de la Marmite,\nescalier A", 
          "street_numbers": []
        }
      ], 
      "box": [
        150, 
        540, 
        824, 
        60
      ], 
      "checked": true, 
      "id": 280, 
      "origin": "human", 
      "parent": 261, 
      "persons": [
        "Drugeon"
      ], 
      "score": 0.35714285714285715, 
      "street_number": "", 
      "text_ocr": "##Drugeon##, \u00a3\u00a3fab. tabati\u00e8res en carton\u00a3\u00a3, @@pass. de la Marmite,\nescalier A@@.\n", 
      "type": "ENTRY"
    }, 
    {
      "EOL": false, 
      "box": [
        150, 
        608, 
        476, 
        34
      ], 
      "id": 284, 
      "indented": true, 
      "parent": 283, 
      "text": "", 
      "type": "LINE"
    }, 
    {
      "addresses": [
        {
          "street_name": "r. Montorgueil", 
          "street_numbers": [
            "33"
          ]
        }
      ], 
      "box": [
        150, 
        608, 
        476, 
        34
      ], 
      "checked": true, 
      "id": 283, 
      "origin": "human", 
      "parent": 261, 
      "persons": [
        "Dubois (P.)"
      ], 
      "score": 1.0, 
      "text_ocr": "##Dubois (P.)##, @@r. Montorgueil@@, $$33$$.\n", 
      "type": "ENTRY"
    }, 
    {
      "EOL": false, 
      "box": [
        150, 
        646, 
        824, 
        32
      ], 
      "id": 286, 
      "indented": true, 
      "parent": 285, 
      "text": "", 
      "type": "LINE"
    }, 
    {
      "EOL": false, 
      "box": [
        166, 
        682, 
        808, 
        30
      ], 
      "id": 287, 
      "indented": false, 
      "parent": 285, 
      "text": "", 
      "type": "LINE"
    }, 
    {
      "EOL": false, 
      "box": [
        168, 
        716, 
        804, 
        32
      ], 
      "id": 288, 
      "indented": false, 
      "parent": 285, 
      "text": "", 
      "type": "LINE"
    }, 
    {
      "EOL": false, 
      "box": [
        168, 
        752, 
        804, 
        30
      ], 
      "id": 289, 
      "indented": false, 
      "parent": 285, 
      "text": "", 
      "type": "LINE"
    }, 
    {
      "EOL": false, 
      "box": [
        170, 
        786, 
        802, 
        32
      ], 
      "id": 290, 
      "indented": false, 
      "parent": 285, 
      "text": "", 
      "type": "LINE"
    }, 
    {
      "EOL": false, 
      "box": [
        166, 
        822, 
        808, 
        30
      ], 
      "id": 291, 
      "indented": false, 
      "parent": 285, 
      "text": "", 
      "type": "LINE"
    }, 
    {
      "EOL": false, 
      "box": [
        166, 
        856, 
        806, 
        32
      ], 
      "id": 292, 
      "indented": false, 
      "parent": 285, 
      "text": "", 
      "type": "LINE"
    }, 
    {
      "EOL": false, 
      "box": [
        168, 
        890, 
        110, 
        26
      ], 
      "id": 293, 
      "indented": false, 
      "parent": 285, 
      "text": "", 
      "type": "LINE"
    }, 
    {
      "addresses": [
        {
          "street_name": "r. St-Martin", 
          "street_numbers": [
            "239"
          ]
        }
      ], 
      "box": [
        150, 
        646, 
        824, 
        270
      ], 
      "checked": true, 
      "id": 285, 
      "origin": "human", 
      "parent": 261, 
      "persons": [
        "Duchemin (M.)"
      ], 
      "score": 1.0, 
      "text_ocr": "##Duchemin (M.)##, \u00a3\u00a3fab. feuille d'ivoire et paletie \u00e0 la m\u00e9ca-\nnique\u00a3\u00a3, peigne ivoire et \u00e9caille, billes de billard, \u00e9tuis en\nivoire et bois, d\u00e9s \u00e0 coudre et \u00e0 jouer, curedents, porte-\naiguilles, couteaux \u00e0 papier, demi-cunes, pieds de roi,\nboutons de chemise et de fusils, t\u00eates de baguettes, tou-\nches de piano, couverts, etc., fait la commission et les\nraccommodages, @@r. St-Martin@@, $$239$$, en face le Conser-\nvatoire.\n", 
      "type": "ENTRY"
    }, 
    {
      "EOL": false, 
      "box": [
        148, 
        924, 
        612, 
        34
      ], 
      "id": 295, 
      "indented": true, 
      "parent": 294, 
      "text": "", 
      "type": "LINE"
    }, 
    {
      "addresses": [
        {
          "street_name": "r. St-Martin", 
          "street_numbers": [
            "221"
          ]
        }
      ], 
      "box": [
        148, 
        924, 
        612, 
        34
      ], 
      "checked": true, 
      "id": 294, 
      "origin": "human", 
      "parent": 261, 
      "persons": [
        "Duchemin jeune"
      ], 
      "score": 1.0, 
      "text_ocr": "##Duchemin jeune##, \u00a3\u00a3fab.\u00a3\u00a3, @@r. St-Martin@@, $$221$$.\n", 
      "type": "ENTRY"
    }, 
    {
      "EOL": false, 
      "box": [
        148, 
        960, 
        824, 
        34
      ], 
      "id": 297, 
      "indented": true, 
      "parent": 296, 
      "text": "", 
      "type": "LINE"
    }, 
    {
      "addresses": [
        {
          "street_name": "r. 2 Portes-St-Sauv.", 
          "street_numbers": [
            "17"
          ]
        }
      ], 
      "box": [
        148, 
        960, 
        824, 
        34
      ], 
      "checked": true, 
      "id": 296, 
      "origin": "human", 
      "parent": 261, 
      "persons": [
        "Dupuis et Chabot"
      ], 
      "score": 0.5, 
      "text_ocr": "##Dupuis et Chabot##, \u00a3\u00a3garnisseurs\u00a3\u00a3, @@r. 2 Portes-St-Sauv.@@,$$17$$.\n", 
      "type": "ENTRY"
    }, 
    {
      "EOL": false, 
      "box": [
        150, 
        996, 
        412, 
        30
      ], 
      "id": 299, 
      "indented": true, 
      "parent": 298, 
      "text": "", 
      "type": "LINE"
    }, 
    {
      "addresses": [
        {
          "street_name": "r. des Arcis", 
          "street_numbers": [
            "20"
          ]
        }
      ], 
      "box": [
        150, 
        996, 
        412, 
        30
      ], 
      "checked": true, 
      "id": 298, 
      "origin": "human", 
      "parent": 261, 
      "persons": [
        "Emerard"
      ], 
      "score": 0.5, 
      "text_ocr": "##Emerard##, @@r. des Arcis@@, $$20$$.\n", 
      "type": "ENTRY"
    }, 
    {
      "EOL": false, 
      "box": [
        150, 
        1032, 
        824, 
        34
      ], 
      "id": 301, 
      "indented": true, 
      "parent": 300, 
      "text": "", 
      "type": "LINE"
    }, 
    {
      "EOL": false, 
      "box": [
        166, 
        1066, 
        806, 
        34
      ], 
      "id": 302, 
      "indented": false, 
      "parent": 300, 
      "text": "", 
      "type": "LINE"
    }, 
    {
      "EOL": false, 
      "box": [
        168, 
        1104, 
        130, 
        24
      ], 
      "id": 303, 
      "indented": false, 
      "parent": 300, 
      "text": "", 
      "type": "LINE"
    }, 
    {
      "addresses": [
        {
          "street_name": "rue St-Martin", 
          "street_numbers": [
            "34 et 36"
          ]
        }
      ], 
      "box": [
        150, 
        1032, 
        824, 
        96
      ], 
      "checked": true, 
      "id": 300, 
      "origin": "human", 
      "parent": 261, 
      "persons": [
        "Eppinger (Jac.)"
      ], 
      "score": 1.0, 
      "text_ocr": "##Eppinger (Jac.)##, \u00a3\u00a3d\u00e9p\u00f4t de tabati\u00e8res de Sarreguemines et\nSt-Claude, aiguilles d'Aix-la-Chapelle\u00a3\u00a3, @@rue St-Martin@@,\n$$34 et 36$$.\n", 
      "type": "ENTRY"
    }, 
    {
      "EOL": false, 
      "box": [
        150, 
        1124, 
        470, 
        46
      ], 
      "id": 305, 
      "indented": true, 
      "parent": 304, 
      "text": "", 
      "type": "LINE"
    }, 
    {
      "addresses": [
        {
          "street_name": "r. Corbeau", 
          "street_numbers": [
            "7"
          ]
        }
      ], 
      "box": [
        150, 
        1124, 
        470, 
        46
      ], 
      "checked": true, 
      "id": 304, 
      "origin": "human", 
      "parent": 261, 
      "persons": [
        "Evrard"
      ], 
      "score": 0.75, 
      "text_ocr": "##Evrard##, \u00a3\u00a3garniss.\u00a3\u00a3, @@r. Corbeau@@, $$7$$.\n", 
      "type": "ENTRY"
    }, 
    {
      "EOL": false, 
      "box": [
        148, 
        1172, 
        482, 
        30
      ], 
      "id": 307, 
      "indented": true, 
      "parent": 306, 
      "text": "", 
      "type": "LINE"
    }, 
    {
      "addresses": [
        {
          "street_name": "march\u00e9 des Innocens", 
          "street_numbers": [
            "28"
          ]
        }
      ], 
      "box": [
        148, 
        1172, 
        482, 
        30
      ], 
      "checked": true, 
      "id": 306, 
      "origin": "human", 
      "parent": 261, 
      "persons": [
        "Facon"
      ], 
      "score": 0.5, 
      "text_ocr": "##Facon##, @@march\u00e9 des Innocens@@, $$28$$.\n", 
      "type": "ENTRY"
    }, 
    {
      "EOL": false, 
      "box": [
        152, 
        1208, 
        818, 
        34
      ], 
      "id": 309, 
      "indented": true, 
      "parent": 308, 
      "text": "", 
      "type": "LINE"
    }, 
    {
      "EOL": false, 
      "box": [
        166, 
        1244, 
        98, 
        28
      ], 
      "id": 310, 
      "indented": false, 
      "parent": 308, 
      "text": "", 
      "type": "LINE"
    }, 
    {
      "addresses": [
        {
          "street_name": "pl. Van-\nnes", 
          "street_numbers": [
            "3"
          ]
        }
      ], 
      "box": [
        152, 
        1208, 
        818, 
        64
      ], 
      "checked": true, 
      "id": 308, 
      "origin": "human", 
      "parent": 261, 
      "persons": [
        "Farque fils"
      ], 
      "score": 0.8571428571428572, 
      "text_ocr": "##Farque fils##, \u00a3\u00a3f. poires \u00e0 poudre, sacs \u00e0 plomb\u00a3\u00a3, @@pl. Van-\nnes@@, $$3$$.\n", 
      "type": "ENTRY"
    }, 
    {
      "EOL": false, 
      "box": [
        148, 
        1278, 
        342, 
        30
      ], 
      "id": 312, 
      "indented": true, 
      "parent": 311, 
      "text": "", 
      "type": "LINE"
    }, 
    {
      "addresses": [
        {
          "street_name": "r. St-Paxent", 
          "street_numbers": [
            "2"
          ]
        }
      ], 
      "box": [
        148, 
        1278, 
        342, 
        30
      ], 
      "checked": true, 
      "id": 311, 
      "origin": "human", 
      "parent": 261, 
      "persons": [
        "Favre"
      ], 
      "score": 0.5, 
      "text_ocr": "##Favre##, @@r. St-Paxent@@, $$2$$.\n", 
      "type": "ENTRY"
    }, 
    {
      "EOL": false, 
      "box": [
        150, 
        1312, 
        588, 
        34
      ], 
      "id": 314, 
      "indented": true, 
      "parent": 313, 
      "text": "", 
      "type": "LINE"
    }, 
    {
      "addresses": [
        {
          "street_name": "r. Phelippeaux", 
          "street_numbers": [
            "37"
          ]
        }
      ], 
      "box": [
        150, 
        1312, 
        588, 
        34
      ], 
      "checked": true, 
      "id": 313, 
      "origin": "human", 
      "parent": 261, 
      "persons": [
        "F\u00e9vrier (Ve)"
      ], 
      "score": 0.5, 
      "text_ocr": "##F\u00e9vrier (Ve)##, \u00a3\u00a3garn.\u00a3\u00a3, @@r. Phelippeaux@@, $$37$$.\n", 
      "type": "ENTRY"
    }, 
    {
      "EOL": false, 
      "box": [
        148, 
        1348, 
        400, 
        32
      ], 
      "id": 316, 
      "indented": true, 
      "parent": 315, 
      "text": "", 
      "type": "LINE"
    }, 
    {
      "addresses": [
        {
          "street_name": "gal. Vivienne", 
          "street_numbers": [
            "47"
          ]
        }
      ], 
      "box": [
        148, 
        1348, 
        400, 
        32
      ], 
      "checked": true, 
      "id": 315, 
      "origin": "human", 
      "parent": 261, 
      "persons": [
        "Flamant"
      ], 
      "score": 1.0, 
      "text_ocr": "##Flamant##, @@gal. Vivienne@@, $$47$$.\n", 
      "type": "ENTRY"
    }, 
    {
      "EOL": false, 
      "box": [
        148, 
        1384, 
        520, 
        30
      ], 
      "id": 318, 
      "indented": true, 
      "parent": 317, 
      "text": "", 
      "type": "LINE"
    }, 
    {
      "addresses": [
        {
          "street_name": "r. Grenier-St-Lazare", 
          "street_numbers": [
            "15"
          ]
        }
      ], 
      "box": [
        148, 
        1384, 
        520, 
        30
      ], 
      "checked": true, 
      "id": 317, 
      "origin": "human", 
      "parent": 261, 
      "persons": [
        "Fleureau"
      ], 
      "score": 1.0, 
      "text_ocr": "##Fleureau##, @@r. Grenier-St-Lazare@@, $$15$$.\n", 
      "type": "ENTRY"
    }, 
    {
      "EOL": false, 
      "box": [
        148, 
        1418, 
        510, 
        30
      ], 
      "id": 320, 
      "indented": true, 
      "parent": 319, 
      "text": "", 
      "type": "LINE"
    }, 
    {
      "addresses": [
        {
          "street_name": "r. St-S\u00e9bastien", 
          "street_numbers": [
            "20"
          ]
        }
      ], 
      "box": [
        148, 
        1418, 
        510, 
        30
      ], 
      "checked": true, 
      "id": 319, 
      "origin": "human", 
      "parent": 261, 
      "persons": [
        "Fontaine"
      ], 
      "score": 1.0, 
      "text_ocr": "##Fontaine##, \u00a3\u00a3fab.\u00a3\u00a3, @@r. St-S\u00e9bastien@@, $$20$$.\n", 
      "type": "ENTRY"
    }, 
    {
      "EOL": false, 
      "box": [
        148, 
        1452, 
        824, 
        34
      ], 
      "id": 322, 
      "indented": true, 
      "parent": 321, 
      "text": "", 
      "type": "LINE"
    }, 
    {
      "EOL": false, 
      "box": [
        166, 
        1490, 
        806, 
        30
      ], 
      "id": 323, 
      "indented": false, 
      "parent": 321, 
      "text": "", 
      "type": "LINE"
    }, 
    {
      "EOL": false, 
      "box": [
        168, 
        1524, 
        804, 
        32
      ], 
      "id": 324, 
      "indented": false, 
      "parent": 321, 
      "text": "", 
      "type": "LINE"
    }, 
    {
      "EOL": false, 
      "box": [
        166, 
        1560, 
        804, 
        30
      ], 
      "id": 325, 
      "indented": false, 
      "parent": 321, 
      "text": "", 
      "type": "LINE"
    }, 
    {
      "EOL": false, 
      "box": [
        162, 
        1594, 
        806, 
        32
      ], 
      "id": 326, 
      "indented": false, 
      "parent": 321, 
      "text": "", 
      "type": "LINE"
    }, 
    {
      "EOL": false, 
      "box": [
        164, 
        1630, 
        806, 
        32
      ], 
      "id": 327, 
      "indented": false, 
      "parent": 321, 
      "text": "", 
      "type": "LINE"
    }, 
    {
      "EOL": false, 
      "box": [
        166, 
        1664, 
        804, 
        32
      ], 
      "id": 328, 
      "indented": false, 
      "parent": 321, 
      "text": "", 
      "type": "LINE"
    }, 
    {
      "EOL": false, 
      "box": [
        164, 
        1700, 
        806, 
        32
      ], 
      "id": 329, 
      "indented": false, 
      "parent": 321, 
      "text": "", 
      "type": "LINE"
    }, 
    {
      "EOL": false, 
      "box": [
        166, 
        1734, 
        802, 
        34
      ], 
      "id": 330, 
      "indented": false, 
      "parent": 321, 
      "text": "", 
      "type": "LINE"
    }, 
    {
      "EOL": false, 
      "box": [
        164, 
        1770, 
        96, 
        24
      ], 
      "id": 331, 
      "indented": false, 
      "parent": 321, 
      "text": "", 
      "type": "LINE"
    }, 
    {
      "addresses": [
        {
          "street_name": "r. Grenetat", 
          "street_numbers": [
            "2"
          ]
        }
      ], 
      "box": [
        148, 
        1452, 
        824, 
        342
      ], 
      "checked": true, 
      "id": 321, 
      "origin": "human", 
      "parent": 261, 
      "persons": [
        "Fontaine Perrier"
      ], 
      "score": 0.9375, 
      "text_ocr": "##Fontaine Perrier##, \u00b5\u00b5M. H. 1827, \u24b7 1834\u00b5\u00b5, produits d'une\ncomposition particuli\u00e8re, \u00a3\u00a3fab. et mag. de tabletterie et\narticles nouveaux\u00a3\u00a3 genre anglais, tabati\u00e8res de toute forme\navec peintures et d\u00e9cors, porte-carafes, porte-verres,\nporte-mouchettes, porte-montres, coulans de serviettes,\nrafraichissoirs, n\u00e9cessaires, bo\u00eetes \u00e0 ouvrage, \u00e0 th\u00e9, \u00e0\ntabac, \u00e0 gants, encriers, \u00e9crans, notes, souvenirs, ser-\nvice de table, objets de go\u00fbt, d'utilit\u00e9 et de fantaisie en\ntout genre, @@r. Grenetat@@, $$2$$,@@ pass. St-Denis, escalier C,\nau 1er@@.\n", 
      "type": "ENTRY"
    }, 
    {
      "EOL": false, 
      "box": [
        146, 
        1804, 
        460, 
        32
      ], 
      "id": 333, 
      "indented": true, 
      "parent": 332, 
      "text": "", 
      "type": "LINE"
    }, 
    {
      "addresses": [
        {
          "street_name": "pass. du Saumon", 
          "street_numbers": [
            "32"
          ]
        }
      ], 
      "box": [
        146, 
        1804, 
        460, 
        32
      ], 
      "checked": true, 
      "id": 332, 
      "origin": "human", 
      "parent": 261, 
      "persons": [
        "Fran\u00e7on"
      ], 
      "score": 0.75, 
      "text_ocr": "##Fran\u00e7on##, @@pass. du Saumon@@, $$32$$.\n", 
      "type": "ENTRY"
    }, 
    {
      "EOL": false, 
      "box": [
        148, 
        1838, 
        366, 
        32
      ], 
      "id": 335, 
      "indented": true, 
      "parent": 334, 
      "text": "", 
      "type": "LINE"
    }, 
    {
      "addresses": [
        {
          "street_name": "r. Aumaire", 
          "street_numbers": [
            "50"
          ]
        }
      ], 
      "box": [
        148, 
        1838, 
        366, 
        32
      ], 
      "checked": true, 
      "id": 334, 
      "origin": "human", 
      "parent": 261, 
      "persons": [
        "Frechon"
      ], 
      "score": 0.8571428571428572, 
      "text_ocr": "##Frechon##, @@r. Aumaire@@, $$50$$.\n", 
      "type": "ENTRY"
    }, 
    {
      "EOL": false, 
      "box": [
        146, 
        1874, 
        716, 
        30
      ], 
      "id": 337, 
      "indented": true, 
      "parent": 336, 
      "text": "", 
      "type": "LINE"
    }, 
    {
      "addresses": [
        {
          "street_name": "r. Phelippeaux", 
          "street_numbers": [
            "27"
          ]
        }
      ], 
      "box": [
        146, 
        1874, 
        716, 
        30
      ], 
      "checked": true, 
      "id": 336, 
      "origin": "human", 
      "parent": 261, 
      "persons": [
        "Fuchs"
      ], 
      "score": 0.5, 
      "text_ocr": "##Fuchs##, @@r. Phelippeaux@@, $$27$$, @@pass. de la Marmite@@.\n", 
      "type": "ENTRY"
    }, 
    {
      "EOL": false, 
      "box": [
        146, 
        1908, 
        714, 
        34
      ], 
      "id": 339, 
      "indented": true, 
      "parent": 338, 
      "text": "", 
      "type": "LINE"
    }, 
    {
      "addresses": [
        {
          "street_name": "Pal.-Roy., gal. de la Rotonde", 
          "street_numbers": [
            "94"
          ]
        }
      ], 
      "box": [
        146, 
        1908, 
        714, 
        34
      ], 
      "checked": true, 
      "id": 338, 
      "origin": "human", 
      "parent": 261, 
      "persons": [
        "Gandonni\u00e8re"
      ], 
      "score": 0.5, 
      "text_ocr": "##Gandonni\u00e8re##, @@Pal.-Roy., gal. de la Rotonde@@, $$94$$.\n", 
      "type": "ENTRY"
    }, 
    {
      "EOL": false, 
      "box": [
        146, 
        1944, 
        376, 
        32
      ], 
      "id": 341, 
      "indented": true, 
      "parent": 340, 
      "text": "", 
      "type": "LINE"
    }, 
    {
      "addresses": [
        {
          "street_name": "r. de Bussy", 
          "street_numbers": [
            "20"
          ]
        }
      ], 
      "box": [
        146, 
        1944, 
        376, 
        32
      ], 
      "checked": true, 
      "id": 340, 
      "origin": "human", 
      "parent": 261, 
      "persons": [
        "Gautier"
      ], 
      "score": 0.5, 
      "text_ocr": "##Gautier##, @@r. de Bussy@@, $$20$$.\n", 
      "type": "ENTRY"
    }, 
    {
      "EOL": false, 
      "box": [
        146, 
        1978, 
        362, 
        32
      ], 
      "id": 343, 
      "indented": true, 
      "parent": 342, 
      "text": "", 
      "type": "LINE"
    }, 
    {
      "addresses": [
        {
          "street_name": "r. Dauphine", 
          "street_numbers": [
            "55"
          ]
        }
      ], 
      "box": [
        146, 
        1978, 
        362, 
        32
      ], 
      "checked": true, 
      "id": 342, 
      "origin": "human", 
      "parent": 261, 
      "persons": [
        "G\u00e9rard"
      ], 
      "score": 1.0, 
      "text_ocr": "##G\u00e9rard##, @@r. Dauphine@@, $$55$$.\n", 
      "type": "ENTRY"
    }, 
    {
      "EOL": false, 
      "box": [
        146, 
        2014, 
        566, 
        32
      ], 
      "id": 345, 
      "indented": true, 
      "parent": 344, 
      "text": "", 
      "type": "LINE"
    }, 
    {
      "addresses": [
        {
          "street_name": "r. Bourg-l'Abb\u00e9", 
          "street_numbers": [
            "31"
          ]
        }
      ], 
      "box": [
        146, 
        2014, 
        566, 
        32
      ], 
      "checked": true, 
      "id": 344, 
      "origin": "human", 
      "parent": 261, 
      "persons": [
        "Girard"
      ], 
      "score": 0.9166666666666667, 
      "text_ocr": "##Girard##, \u00a3\u00a3tourneur\u00a3\u00a3, @@r. Bourg-l'Abb\u00e9@@, $$31$$.\n", 
      "type": "ENTRY"
    }, 
    {
      "EOL": false, 
      "box": [
        144, 
        2050, 
        826, 
        32
      ], 
      "id": 347, 
      "indented": true, 
      "parent": 346, 
      "text": "", 
      "type": "LINE"
    }, 
    {
      "EOL": false, 
      "box": [
        162, 
        2084, 
        256, 
        32
      ], 
      "id": 348, 
      "indented": false, 
      "parent": 346, 
      "text": "", 
      "type": "LINE"
    }, 
    {
      "addresses": [
        {
          "street_name": "rue\nMontmorency", 
          "street_numbers": [
            "4"
          ]
        }
      ], 
      "box": [
        144, 
        2050, 
        826, 
        66
      ], 
      "checked": true, 
      "id": 346, 
      "origin": "human", 
      "parent": 261, 
      "persons": [
        "Gorez"
      ], 
      "score": 1.0, 
      "text_ocr": "##Gorez##, \u00a3\u00a3obj. de fantaisie en bois de sandal et ivoire\u00a3\u00a3, @@rue\nMontmorency@@, $$4$$.\n", 
      "type": "ENTRY"
    }, 
    {
      "EOL": false, 
      "box": [
        144, 
        2118, 
        760, 
        32
      ], 
      "id": 350, 
      "indented": true, 
      "parent": 349, 
      "text": "", 
      "type": "LINE"
    }, 
    {
      "addresses": [
        {
          "street_name": "Pal.-Roy., p\u00e9ristyle Valois", 
          "street_numbers": [
            "187 et 188"
          ]
        }
      ], 
      "box": [
        144, 
        2118, 
        760, 
        32
      ], 
      "checked": true, 
      "id": 349, 
      "origin": "human", 
      "parent": 261, 
      "persons": [
        "Gramatica"
      ], 
      "score": 1.0, 
      "text_ocr": "##Gramatica##, @@Pal.-Roy., p\u00e9ristyle Valois@@, $$187 et 188$$.\n", 
      "type": "ENTRY"
    }, 
    {
      "EOL": false, 
      "box": [
        144, 
        2152, 
        826, 
        34
      ], 
      "id": 352, 
      "indented": true, 
      "parent": 351, 
      "text": "", 
      "type": "LINE"
    }, 
    {
      "EOL": false, 
      "box": [
        162, 
        2190, 
        806, 
        32
      ], 
      "id": 353, 
      "indented": false, 
      "parent": 351, 
      "text": "", 
      "type": "LINE"
    }, 
    {
      "EOL": false, 
      "box": [
        164, 
        2224, 
        806, 
        34
      ], 
      "id": 354, 
      "indented": false, 
      "parent": 351, 
      "text": "", 
      "type": "LINE"
    }, 
    {
      "EOL": false, 
      "box": [
        162, 
        2260, 
        290, 
        32
      ], 
      "id": 355, 
      "indented": false, 
      "parent": 351, 
      "text": "", 
      "type": "LINE"
    }, 
    {
      "addresses": [
        {
          "street_name": "r. Richelieu", 
          "street_numbers": [
            "91"
          ]
        }
      ], 
      "box": [
        144, 
        2152, 
        826, 
        140
      ], 
      "checked": true, 
      "id": 351, 
      "origin": "human", 
      "parent": 261, 
      "persons": [
        "Grandcher"
      ], 
      "score": 1.0, 
      "text_ocr": "##Grandcher##, \u00a3\u00a3coffres \u00e0 ouvrages, caves \u00e0 liqueurs, bo\u00eetes\n\u00e0 th\u00e9, portefeuilles, souvenirs, corbeilles de mariage,\n\u00e9ventails, bourses, jouets d\u2019enfans\u00a3\u00a3, @@r. Richelieu@@, $$91$$,\n@@au Petit-Dunkerque@@.\n", 
      "type": "ENTRY"
    }, 
    {
      "EOL": false, 
      "box": [
        144, 
        2292, 
        668, 
        34
      ], 
      "id": 357, 
      "indented": true, 
      "parent": 356, 
      "text": "", 
      "type": "LINE"
    }, 
    {
      "addresses": [
        {
          "street_name": "pass. de la Marmite", 
          "street_numbers": [
            "14 et 15"
          ]
        }
      ], 
      "box": [
        144, 
        2292, 
        668, 
        34
      ], 
      "checked": true, 
      "id": 356, 
      "origin": "human", 
      "parent": 261, 
      "persons": [
        "Grodemanche"
      ], 
      "score": 0.8571428571428572, 
      "text_ocr": "##Grodemanche##, @@pass. de la Marmite@@, $$14 et 15$$.\n", 
      "type": "ENTRY"
    }, 
    {
      "EOL": false, 
      "box": [
        144, 
        2328, 
        318, 
        34
      ], 
      "id": 359, 
      "indented": true, 
      "parent": 358, 
      "text": "", 
      "type": "LINE"
    }, 
    {
      "addresses": [
        {
          "street_name": "r. Chapon", 
          "street_numbers": [
            "17"
          ]
        }
      ], 
      "box": [
        144, 
        2328, 
        318, 
        34
      ], 
      "checked": true, 
      "id": 358, 
      "origin": "human", 
      "parent": 261, 
      "persons": [
        "Guy"
      ], 
      "score": 0.9166666666666667, 
      "text_ocr": "##Guy##, @@r. Chapon@@, $$17$$.\n", 
      "type": "ENTRY"
    }, 
    {
      "EOL": false, 
      "box": [
        146, 
        2360, 
        824, 
        38
      ], 
      "id": 361, 
      "indented": true, 
      "parent": 360, 
      "text": "", 
      "type": "LINE"
    }, 
    {
      "EOL": false, 
      "box": [
        162, 
        2400, 
        808, 
        32
      ], 
      "id": 362, 
      "indented": false, 
      "parent": 360, 
      "text": "", 
      "type": "LINE"
    }, 
    {
      "EOL": false, 
      "box": [
        164, 
        2436, 
        806, 
        32
      ], 
      "id": 363, 
      "indented": false, 
      "parent": 360, 
      "text": "", 
      "type": "LINE"
    }, 
    {
      "EOL": false, 
      "box": [
        162, 
        2470, 
        342, 
        30
      ], 
      "id": 364, 
      "indented": false, 
      "parent": 360, 
      "text": "", 
      "type": "LINE"
    }, 
    {
      "addresses": [
        {
          "street_name": "r. St-Martin", 
          "street_numbers": [
            "183"
          ]
        }
      ], 
      "box": [
        146, 
        2360, 
        824, 
        140
      ], 
      "checked": true, 
      "id": 360, 
      "origin": "human", 
      "parent": 261, 
      "persons": [
        "Hamel"
      ], 
      "score": 1.0, 
      "text_ocr": "##Hamel##, \u00a3\u00a3fab. feuilles \u00e0 peindre, peignes, billes de bil-\nlards, touches de pianos, filets de guitare, r\u00e8gles, cou-\nteaux, couverts en ivoire, notes, souvenirs, \u00e9tuis, d\u00e9s,\netc.\u00a3\u00a3, @@r. St-Martin@@, $$183$$.\n", 
      "type": "ENTRY"
    }, 
    {
      "EOL": false, 
      "box": [
        146, 
        2504, 
        824, 
        34
      ], 
      "id": 366, 
      "indented": true, 
      "parent": 365, 
      "text": "", 
      "type": "LINE"
    }, 
    {
      "EOL": false, 
      "box": [
        162, 
        2540, 
        810, 
        32
      ], 
      "id": 367, 
      "indented": false, 
      "parent": 365, 
      "text": "", 
      "type": "LINE"
    }, 
    {
      "EOL": false, 
      "box": [
        166, 
        2574, 
        804, 
        34
      ], 
      "id": 368, 
      "indented": false, 
      "parent": 365, 
      "text": "", 
      "type": "LINE"
    }, 
    {
      "EOL": false, 
      "box": [
        164, 
        2610, 
        734, 
        34
      ], 
      "id": 369, 
      "indented": false, 
      "parent": 365, 
      "text": "", 
      "type": "LINE"
    }, 
    {
      "addresses": [
        {
          "street_name": "r. Chapon", 
          "street_numbers": [
            "5"
          ]
        }
      ], 
      "box": [
        146, 
        2504, 
        826, 
        140
      ], 
      "checked": true, 
      "id": 365, 
      "origin": "human", 
      "parent": 261, 
      "persons": [
        "Henon a\u00een\u00e9"
      ], 
      "score": 1.0, 
      "text_ocr": "##Henon a\u00een\u00e9##, \u00a3\u00a3\u00e9cailles de tortue, \u00e9cailles franches, caoua-\nne et onglons, dents d'\u00e9l\u00e9phans, cornes \u00e9trang\u00e8res de\nb\u0153ufs, de buffles, etc., nacre de perle, fanons de ba-\nleine et autres marchandises brutes\u00a3\u00a3, @@r. Chapon@@, $$5$$.\n", 
      "type": "ENTRY"
    }, 
    {
      "EOL": false, 
      "box": [
        144, 
        2644, 
        826, 
        34
      ], 
      "id": 371, 
      "indented": true, 
      "parent": 370, 
      "text": "", 
      "type": "LINE"
    }, 
    {
      "EOL": false, 
      "box": [
        162, 
        2680, 
        810, 
        32
      ], 
      "id": 372, 
      "indented": false, 
      "parent": 370, 
      "text": "", 
      "type": "LINE"
    }, 
    {
      "EOL": false, 
      "box": [
        162, 
        2716, 
        808, 
        32
      ], 
      "id": 373, 
      "indented": false, 
      "parent": 370, 
      "text": "", 
      "type": "LINE"
    }, 
    {
      "EOL": false, 
      "box": [
        162, 
        2752, 
        388, 
        30
      ], 
      "id": 374, 
      "indented": false, 
      "parent": 370, 
      "text": "", 
      "type": "LINE"
    }, 
    {
      "addresses": [
        {
          "street_name": "r. St-Denis", 
          "street_numbers": [
            "374"
          ]
        }
      ], 
      "box": [
        144, 
        2644, 
        828, 
        138
      ], 
      "checked": true, 
      "id": 370, 
      "origin": "human", 
      "parent": 261, 
      "persons": [
        "Hotton et Naves a\u00een\u00e9"
      ], 
      "score": 1.0, 
      "text_ocr": "##Hotton et Naves a\u00een\u00e9##, \u00a3\u00a3fab. miroirs ronds, peignes d'ivoi-\nre, chaussepieds, chasses \u00e0 rasoirs et autres articles fa-\nbriqu\u00e9s dans les prisons ou \u00e0 la campagne des environs\nde Paris\u00a3\u00a3, @@r. St-Denis@@, $$374$$.\n", 
      "type": "ENTRY"
    }, 
    {
      "EOL": false, 
      "box": [
        144, 
        2784, 
        792, 
        36
      ], 
      "id": 376, 
      "indented": true, 
      "parent": 375, 
      "text": "", 
      "type": "LINE"
    }, 
    {
      "addresses": [
        {
          "street_name": "r. Grenier-St-Lazare", 
          "street_numbers": [
            "26"
          ]
        }
      ], 
      "box": [
        144, 
        2784, 
        792, 
        36
      ], 
      "checked": true, 
      "id": 375, 
      "origin": "human", 
      "parent": 261, 
      "persons": [
        "Hourdequin"
      ], 
      "score": 1.0, 
      "text_ocr": "##Hourdequin##, \u00a3\u00a3f. et tourneur\u00a3\u00a3, @@r. Grenier-St-Lazare@@, $$26$$.\n", 
      "type": "ENTRY"
    }, 
    {
      "box": [
        144, 
        150, 
        834, 
        2670
      ], 
      "id": 261, 
      "parent": 260, 
      "type": "COLUMN_LEVEL_2"
    }, 
    {
      "box": [
        144, 
        150, 
        834, 
        2670
      ], 
      "id": 260, 
      "parent": 259, 
      "type": "SECTION_LEVEL_2"
    }, 
    {
      "box": [
        144, 
        150, 
        834, 
        2670
      ], 
      "id": 259, 
      "parent": 258, 
      "type": "COLUMN_LEVEL_1"
    }, 
    {
      "EOL": false, 
      "box": [
        1004, 
        152, 
        824, 
        38
      ], 
      "id": 381, 
      "indented": true, 
      "parent": 380, 
      "text": "", 
      "type": "LINE"
    }, 
    {
      "EOL": false, 
      "box": [
        1024, 
        190, 
        188, 
        28
      ], 
      "id": 382, 
      "indented": false, 
      "parent": 380, 
      "text": "", 
      "type": "LINE"
    }, 
    {
      "addresses": [
        {
          "street_name": "Fg-\nSt-Martin", 
          "street_numbers": [
            "4"
          ]
        }
      ], 
      "box": [
        1004, 
        152, 
        824, 
        66
      ], 
      "checked": true, 
      "id": 380, 
      "origin": "human", 
      "parent": 379, 
      "persons": [
        "Hubert Hass"
      ], 
      "score": 0.5, 
      "text_ocr": "##Hubert Hass##, \u00a3\u00a3fab. pipes et tuyaux de pipe en corne\u00a3\u00a3, @@Fg-\nSt-Martin@@, $$4$$.\n", 
      "type": "ENTRY"
    }, 
    {
      "EOL": false, 
      "box": [
        1006, 
        224, 
        820, 
        34
      ], 
      "id": 384, 
      "indented": true, 
      "parent": 383, 
      "text": "", 
      "type": "LINE"
    }, 
    {
      "EOL": false, 
      "box": [
        1022, 
        262, 
        804, 
        32
      ], 
      "id": 385, 
      "indented": false, 
      "parent": 383, 
      "text": "", 
      "type": "LINE"
    }, 
    {
      "EOL": false, 
      "box": [
        1020, 
        294, 
        610, 
        30
      ], 
      "id": 386, 
      "indented": false, 
      "parent": 383, 
      "text": "", 
      "type": "LINE"
    }, 
    {
      "addresses": [
        {
          "street_name": "r. du Cimeti\u00e8re-St-Nicolas", 
          "street_numbers": [
            "12 et 14"
          ]
        }
      ], 
      "box": [
        1006, 
        224, 
        820, 
        100
      ], 
      "checked": true, 
      "id": 383, 
      "origin": "human", 
      "parent": 379, 
      "persons": [
        "Humbert fr\u00e8res"
      ], 
      "score": 0.5, 
      "text_ocr": "##Humbert fr\u00e8res##, \u00a3\u00a3mag. de tablett. et quinc. de France\net d'Allemagne\u00a3\u00a3, art. de Li\u00e8ge, bourses en perles et en\nsoie, @@r. du Cimeti\u00e8re-St-Nicolas@@, $$12 et 14$$.\n", 
      "type": "ENTRY"
    }, 
    {
      "EOL": false, 
      "box": [
        1006, 
        330, 
        630, 
        32
      ], 
      "id": 388, 
      "indented": true, 
      "parent": 387, 
      "text": "", 
      "type": "LINE"
    }, 
    {
      "addresses": [
        {
          "street_name": "r. Jean-Robert", 
          "street_numbers": [
            "15"
          ]
        }
      ], 
      "box": [
        1006, 
        330, 
        630, 
        32
      ], 
      "checked": true, 
      "id": 387, 
      "origin": "human", 
      "parent": 379, 
      "persons": [
        "Humblot"
      ], 
      "score": 1.0, 
      "text_ocr": "##Humblot##, \u00a3\u00a3fab. boutons\u00a3\u00a3, @@r. Jean-Robert@@, $$15$$.\n", 
      "type": "ENTRY"
    }, 
    {
      "EOL": false, 
      "box": [
        1004, 
        364, 
        400, 
        34
      ], 
      "id": 390, 
      "indented": true, 
      "parent": 389, 
      "text": "", 
      "type": "LINE"
    }, 
    {
      "addresses": [
        {
          "street_name": "r. Molay", 
          "street_numbers": [
            "4"
          ]
        }
      ], 
      "box": [
        1004, 
        364, 
        400, 
        34
      ], 
      "checked": true, 
      "id": 389, 
      "origin": "human", 
      "parent": 379, 
      "persons": [
        "Huscher"
      ], 
      "score": 0.6666666666666666, 
      "text_ocr": "##Huscher##, \u00a3\u00a3fab.\u00a3\u00a3, @@r. Molay@@, $$4$$.\n", 
      "type": "ENTRY"
    }, 
    {
      "EOL": false, 
      "box": [
        1004, 
        400, 
        626, 
        34
      ], 
      "id": 392, 
      "indented": true, 
      "parent": 391, 
      "text": "", 
      "type": "LINE"
    }, 
    {
      "addresses": [
        {
          "street_name": "Pal.-Royal, gal. d'Orl\u00e9ans", 
          "street_numbers": [
            "12"
          ]
        }
      ], 
      "box": [
        1004, 
        400, 
        626, 
        34
      ], 
      "checked": true, 
      "id": 391, 
      "origin": "human", 
      "parent": 379, 
      "persons": [
        "Jouliet"
      ], 
      "score": 0.5, 
      "text_ocr": "##Jouliet##, \u00a3\u00a3fab.\u00a3\u00a3, @@Pal.-Royal, gal. d'Orl\u00e9ans@@, $$12$$.\n", 
      "type": "ENTRY"
    }, 
    {
      "EOL": false, 
      "box": [
        1004, 
        436, 
        306, 
        30
      ], 
      "id": 394, 
      "indented": true, 
      "parent": 393, 
      "text": "", 
      "type": "LINE"
    }, 
    {
      "addresses": [
        {
          "street_name": "r. Grenetat", 
          "street_numbers": [
            "3"
          ]
        }
      ], 
      "box": [
        1004, 
        436, 
        306, 
        30
      ], 
      "checked": true, 
      "id": 393, 
      "origin": "human", 
      "parent": 379, 
      "persons": [
        "Josse"
      ], 
      "score": 0.9375, 
      "text_ocr": "##Josse##, @@r. Grenetat@@, $$3$$.\n", 
      "type": "ENTRY"
    }, 
    {
      "EOL": false, 
      "box": [
        1006, 
        470, 
        350, 
        34
      ], 
      "id": 396, 
      "indented": true, 
      "parent": 395, 
      "text": "", 
      "type": "LINE"
    }, 
    {
      "addresses": [
        {
          "street_name": "r. du Mail", 
          "street_numbers": [
            "12"
          ]
        }
      ], 
      "box": [
        1006, 
        470, 
        350, 
        34
      ], 
      "checked": true, 
      "id": 395, 
      "origin": "human", 
      "parent": 379, 
      "persons": [
        "Lambry"
      ], 
      "score": 0.8571428571428572, 
      "text_ocr": "##Lambry##, @@r. du Mail@@, $$12$$.\n", 
      "type": "ENTRY"
    }, 
    {
      "EOL": false, 
      "box": [
        1004, 
        506, 
        822, 
        34
      ], 
      "id": 398, 
      "indented": true, 
      "parent": 397, 
      "text": "", 
      "type": "LINE"
    }, 
    {
      "EOL": false, 
      "box": [
        1020, 
        542, 
        808, 
        32
      ], 
      "id": 399, 
      "indented": false, 
      "parent": 397, 
      "text": "", 
      "type": "LINE"
    }, 
    {
      "EOL": false, 
      "box": [
        1022, 
        576, 
        146, 
        34
      ], 
      "id": 400, 
      "indented": false, 
      "parent": 397, 
      "text": "", 
      "type": "LINE"
    }, 
    {
      "addresses": [
        {
          "street_name": "r. d'En-\nghien", 
          "street_numbers": [
            "19"
          ]
        }
      ], 
      "box": [
        1004, 
        506, 
        824, 
        104
      ], 
      "checked": true, 
      "id": 397, 
      "origin": "human", 
      "parent": 379, 
      "persons": [
        "Lamouroux (Ch.)"
      ], 
      "score": 0.5, 
      "text_ocr": "##Lamouroux (Ch.)##, \u00a3\u00a3fab. objets en bois blanc dit d'E-\ncosse\u00a3\u00a3, en bois peint et objets en laque de Chine, @@r. d'En-\nghien@@, $$19$$.\n", 
      "type": "ENTRY"
    }, 
    {
      "EOL": false, 
      "box": [
        1004, 
        612, 
        572, 
        32
      ], 
      "id": 402, 
      "indented": true, 
      "parent": 401, 
      "text": "", 
      "type": "LINE"
    }, 
    {
      "addresses": [
        {
          "street_name": "r. des Gravilliers", 
          "street_numbers": [
            "29"
          ]
        }
      ], 
      "box": [
        1004, 
        612, 
        572, 
        32
      ], 
      "checked": true, 
      "id": 401, 
      "origin": "human", 
      "parent": 379, 
      "persons": [
        "Larivi\u00e8re"
      ], 
      "score": 0.5, 
      "text_ocr": "##Larivi\u00e8re##, \u00a3\u00a3fab.\u00a3\u00a3, @@r. des Gravilliers@@, $$29$$.\n", 
      "type": "ENTRY"
    }, 
    {
      "EOL": false, 
      "box": [
        1006, 
        648, 
        564, 
        30
      ], 
      "id": 404, 
      "indented": true, 
      "parent": 403, 
      "text": "", 
      "type": "LINE"
    }, 
    {
      "addresses": [
        {
          "street_name": "r. Grenetat", 
          "street_numbers": [
            "4"
          ]
        }
      ], 
      "box": [
        1006, 
        648, 
        564, 
        30
      ], 
      "checked": true, 
      "id": 403, 
      "origin": "human", 
      "parent": 379, 
      "persons": [
        "Lauren\u00e7ot jeune"
      ], 
      "score": 0.9375, 
      "text_ocr": "##Lauren\u00e7ot jeune##, \u00a3\u00a3fab.\u00a3\u00a3, @@r. Grenetat@@, $$4$$.\n", 
      "type": "ENTRY"
    }, 
    {
      "EOL": false, 
      "box": [
        1004, 
        682, 
        718, 
        32
      ], 
      "id": 406, 
      "indented": true, 
      "parent": 405, 
      "text": "", 
      "type": "LINE"
    }, 
    {
      "addresses": [
        {
          "street_name": "Pal.-Royal, gal. Montpensier", 
          "street_numbers": [
            "49 et 50"
          ]
        }
      ], 
      "box": [
        1004, 
        682, 
        718, 
        32
      ], 
      "checked": true, 
      "id": 405, 
      "origin": "human", 
      "parent": 379, 
      "persons": [
        "Laurent"
      ], 
      "score": 0.9545454545454546, 
      "text_ocr": "##Laurent##, @@Pal.-Royal, gal. Montpensier@@, $$49 et 50$$.\n", 
      "type": "ENTRY"
    }, 
    {
      "EOL": false, 
      "box": [
        1004, 
        716, 
        610, 
        32
      ], 
      "id": 408, 
      "indented": true, 
      "parent": 407, 
      "text": "", 
      "type": "LINE"
    }, 
    {
      "addresses": [
        {
          "street_name": " r. Transnonain", 
          "street_numbers": [
            "34"
          ]
        }
      ], 
      "box": [
        1004, 
        716, 
        610, 
        32
      ], 
      "checked": true, 
      "id": 407, 
      "origin": "human", 
      "parent": 379, 
      "persons": [
        "Laurent dit Flamand"
      ], 
      "score": 0.5, 
      "text_ocr": "##Laurent dit Flamand##,@@ r. Transnonain@@, $$34$$.\n", 
      "type": "ENTRY"
    }, 
    {
      "EOL": false, 
      "box": [
        1002, 
        752, 
        660, 
        32
      ], 
      "id": 410, 
      "indented": true, 
      "parent": 409, 
      "text": "", 
      "type": "LINE"
    }, 
    {
      "addresses": [
        {
          "street_name": "r. des Foss\u00e9s Montmartre", 
          "street_numbers": [
            "6"
          ]
        }
      ], 
      "box": [
        1002, 
        752, 
        660, 
        32
      ], 
      "checked": true, 
      "id": 409, 
      "origin": "human", 
      "parent": 379, 
      "persons": [
        "Laversin"
      ], 
      "score": 0.5, 
      "text_ocr": "##Laversin##, \u00a3\u00a3fab.\u00a3\u00a3, @@r. des Foss\u00e9s Montmartre@@, $$6$$.\n", 
      "type": "ENTRY"
    }, 
    {
      "EOL": false, 
      "box": [
        1004, 
        786, 
        768, 
        36
      ], 
      "id": 412, 
      "indented": true, 
      "parent": 411, 
      "text": "", 
      "type": "LINE"
    }, 
    {
      "addresses": [
        {
          "street_name": "pass. du Saumon", 
          "street_numbers": [
            "76"
          ]
        }
      ], 
      "box": [
        1004, 
        786, 
        768, 
        36
      ], 
      "checked": true, 
      "id": 411, 
      "origin": "human", 
      "parent": 379, 
      "persons": [
        "Lecoufl\u00e9 (Ve)"
      ], 
      "score": 0.75, 
      "text_ocr": "##Lecoufl\u00e9 (Ve)##, \u00a3\u00a3fab. tabati\u00e8res\u00a3\u00a3, @@pass. du Saumon@@, $$76$$.\n", 
      "type": "ENTRY"
    }, 
    {
      "EOL": false, 
      "box": [
        1004, 
        822, 
        824, 
        36
      ], 
      "id": 414, 
      "indented": true, 
      "parent": 413, 
      "text": "", 
      "type": "LINE"
    }, 
    {
      "EOL": false, 
      "box": [
        1020, 
        858, 
        86, 
        32
      ], 
      "id": 415, 
      "indented": false, 
      "parent": 413, 
      "text": "", 
      "type": "LINE"
    }, 
    {
      "addresses": [
        {
          "street_name": "r. St-Martin", 
          "street_numbers": [
            "159"
          ]
        }
      ], 
      "box": [
        1004, 
        822, 
        824, 
        68
      ], 
      "checked": true, 
      "id": 413, 
      "origin": "human", 
      "parent": 379, 
      "persons": [
        "Leferre jeune"
      ], 
      "score": 1.0, 
      "text_ocr": "##Leferre jeune##, \u00a3\u00a3garniss.\u00a3\u00a3, @@r. St-Martin@@, $$159$$. (Voy. Bijou-\ntiers).\n", 
      "type": "ENTRY"
    }, 
    {
      "EOL": false, 
      "box": [
        1002, 
        892, 
        826, 
        34
      ], 
      "id": 417, 
      "indented": true, 
      "parent": 416, 
      "text": "", 
      "type": "LINE"
    }, 
    {
      "addresses": [
        {
          "street_name": "r. Grenetat", 
          "street_numbers": [
            "4"
          ]
        }
      ], 
      "box": [
        1002, 
        892, 
        826, 
        34
      ], 
      "checked": true, 
      "id": 416, 
      "origin": "human", 
      "parent": 379, 
      "persons": [
        "Leferre fils ain\u00e9"
      ], 
      "score": 0.9375, 
      "text_ocr": "##Leferre fils ain\u00e9##, \u00a3\u00a3garn.\u00a3\u00a3, @@r. Grenetat@@, $$4$$. (Voy. Bijoutiers.)\n", 
      "type": "ENTRY"
    }, 
    {
      "EOL": false, 
      "box": [
        1002, 
        928, 
        364, 
        32
      ], 
      "id": 419, 
      "indented": true, 
      "parent": 418, 
      "text": "", 
      "type": "LINE"
    }, 
    {
      "addresses": [
        {
          "street_name": "r. des Arcis", 
          "street_numbers": [
            "36"
          ]
        }
      ], 
      "box": [
        1002, 
        928, 
        364, 
        32
      ], 
      "checked": true, 
      "id": 418, 
      "origin": "human", 
      "parent": 379, 
      "persons": [
        "Lef\u00e8vre"
      ], 
      "score": 0.5, 
      "text_ocr": "##Lef\u00e8vre##, @@r. des Arcis@@, $$36$$.\n", 
      "type": "ENTRY"
    }, 
    {
      "EOL": false, 
      "box": [
        1002, 
        962, 
        826, 
        34
      ], 
      "id": 421, 
      "indented": true, 
      "parent": 420, 
      "text": "", 
      "type": "LINE"
    }, 
    {
      "EOL": false, 
      "box": [
        1022, 
        998, 
        562, 
        32
      ], 
      "id": 422, 
      "indented": false, 
      "parent": 420, 
      "text": "", 
      "type": "LINE"
    }, 
    {
      "addresses": [
        {
          "street_name": "r. de Breteuil", 
          "street_numbers": [
            "7"
          ]
        }
      ], 
      "box": [
        1002, 
        962, 
        826, 
        68
      ], 
      "checked": true, 
      "id": 420, 
      "origin": "human", 
      "parent": 379, 
      "persons": [
        "Lef\u00e8vre"
      ], 
      "score": 0.5, 
      "text_ocr": "##Lef\u00e8vre##, \u00a3\u00a3fab. et mag. en os, \u00e9tuis, d\u00e9s, porte-aiguilles,\netc.\u00a3\u00a3, @@r. de Breteuil@@, $$7$$, @@cour St-Martin@@.\n", 
      "type": "ENTRY"
    }, 
    {
      "EOL": false, 
      "box": [
        1004, 
        1032, 
        430, 
        36
      ], 
      "id": 424, 
      "indented": true, 
      "parent": 423, 
      "text": "", 
      "type": "LINE"
    }, 
    {
      "addresses": [
        {
          "street_name": "r. Phelippeaux", 
          "street_numbers": [
            "28"
          ]
        }
      ], 
      "box": [
        1004, 
        1032, 
        430, 
        36
      ], 
      "checked": true, 
      "id": 423, 
      "origin": "human", 
      "parent": 379, 
      "persons": [
        "Legrand"
      ], 
      "score": 0.5, 
      "text_ocr": "##Legrand##, @@r. Phelippeaux@@, $$28$$.\n", 
      "type": "ENTRY"
    }, 
    {
      "EOL": false, 
      "box": [
        1002, 
        1068, 
        536, 
        34
      ], 
      "id": 426, 
      "indented": true, 
      "parent": 425, 
      "text": "", 
      "type": "LINE"
    }, 
    {
      "addresses": [
        {
          "street_name": "r. Ne-St-Laurent", 
          "street_numbers": [
            "6"
          ]
        }
      ], 
      "box": [
        1002, 
        1068, 
        536, 
        34
      ], 
      "checked": true, 
      "id": 425, 
      "origin": "human", 
      "parent": 379, 
      "persons": [
        "Legrand fr\u00e8res"
      ], 
      "score": 0.9375, 
      "text_ocr": "##Legrand fr\u00e8res##, @@r. Ne-St-Laurent@@, $$6$$.\n", 
      "type": "ENTRY"
    }, 
    {
      "EOL": false, 
      "box": [
        1002, 
        1104, 
        392, 
        34
      ], 
      "id": 428, 
      "indented": true, 
      "parent": 427, 
      "text": "", 
      "type": "LINE"
    }, 
    {
      "addresses": [
        {
          "street_name": "r. St-Martin", 
          "street_numbers": [
            "208"
          ]
        }
      ], 
      "box": [
        1002, 
        1104, 
        392, 
        34
      ], 
      "checked": true, 
      "id": 427, 
      "origin": "human", 
      "parent": 379, 
      "persons": [
        "Lepron"
      ], 
      "score": 0.9583333333333333, 
      "text_ocr": "##Lepron##, @@r. St-Martin@@, $$208$$.\n", 
      "type": "ENTRY"
    }, 
    {
      "EOL": false, 
      "box": [
        1002, 
        1138, 
        826, 
        34
      ], 
      "id": 430, 
      "indented": true, 
      "parent": 429, 
      "text": "", 
      "type": "LINE"
    }, 
    {
      "EOL": false, 
      "box": [
        1020, 
        1174, 
        806, 
        32
      ], 
      "id": 431, 
      "indented": false, 
      "parent": 429, 
      "text": "", 
      "type": "LINE"
    }, 
    {
      "EOL": false, 
      "box": [
        1018, 
        1208, 
        808, 
        32
      ], 
      "id": 432, 
      "indented": false, 
      "parent": 429, 
      "text": "", 
      "type": "LINE"
    }, 
    {
      "EOL": false, 
      "box": [
        1020, 
        1246, 
        290, 
        28
      ], 
      "id": 433, 
      "indented": false, 
      "parent": 429, 
      "text": "", 
      "type": "LINE"
    }, 
    {
      "addresses": [
        {
          "street_name": "r. de la Chauss\u00e9e-d\u2019Antin", 
          "street_numbers": [
            "11"
          ]
        }
      ], 
      "box": [
        1002, 
        1138, 
        826, 
        136
      ], 
      "checked": true, 
      "id": 429, 
      "origin": "human", 
      "parent": 379, 
      "persons": [
        "Lesage"
      ], 
      "score": 1.0, 
      "text_ocr": "##Lesage##, \u00a3\u00a3meubles, bronzes, objets de fantaisie, articles\nanglais, chinois et autres, coutellerie, parfumerie et\nporcelaines, etc.\u00a3\u00a3, @@r. de la Chauss\u00e9e-d\u2019Antin@@, $$11$$, @@ci-dev.\nr. Grange-Bateli\u00e8re@@.\n", 
      "type": "ENTRY"
    }, 
    {
      "EOL": false, 
      "box": [
        1002, 
        1278, 
        824, 
        34
      ], 
      "id": 435, 
      "indented": true, 
      "parent": 434, 
      "text": "", 
      "type": "LINE"
    }, 
    {
      "EOL": false, 
      "box": [
        1020, 
        1314, 
        806, 
        32
      ], 
      "id": 436, 
      "indented": false, 
      "parent": 434, 
      "text": "", 
      "type": "LINE"
    }, 
    {
      "EOL": false, 
      "box": [
        1020, 
        1348, 
        542, 
        32
      ], 
      "id": 437, 
      "indented": false, 
      "parent": 434, 
      "text": "", 
      "type": "LINE"
    }, 
    {
      "addresses": [
        {
          "street_name": "r. Ne-Bourg-l\u2019Abb\u00e9", 
          "street_numbers": [
            "11"
          ]
        }
      ], 
      "box": [
        1002, 
        1278, 
        824, 
        102
      ], 
      "checked": true, 
      "id": 434, 
      "origin": "human", 
      "parent": 379, 
      "persons": [
        "Leseure (J.) et E. Gasselin"
      ], 
      "score": 0.5, 
      "text_ocr": "##Leseure (J.) et E. Gasselin##, \u00a3\u00a3pipes, tuyaux et art. d'Al-\nlemagne, tabati\u00e8res, ambre, bo\u00eetes \u00e0 couleurs, crayons,\net commiss.\u00a3\u00a3, @@r. Ne-Bourg-l\u2019Abb\u00e9@@, $$11$$.\n", 
      "type": "ENTRY"
    }, 
    {
      "EOL": false, 
      "box": [
        1002, 
        1384, 
        500, 
        30
      ], 
      "id": 439, 
      "indented": true, 
      "parent": 438, 
      "text": "", 
      "type": "LINE"
    }, 
    {
      "addresses": [
        {
          "street_name": "autoroute A4", 
          "street_numbers": [
            "43"
          ]
        }
      ], 
      "box": [
        1002, 
        1384, 
        500, 
        30
      ], 
      "checked": true, 
      "id": 438, 
      "origin": "human", 
      "parent": 379, 
      "persons": [
        "Levasseur"
      ], 
      "score": 0.25, 
      "text_ocr": "##Levasseur##, \u00a3\u00a3r. des Gravilliers\u00a3\u00a3, $$43$$,\n", 
      "type": "ENTRY"
    }, 
    {
      "EOL": false, 
      "box": [
        1000, 
        1418, 
        824, 
        32
      ], 
      "id": 441, 
      "indented": true, 
      "parent": 440, 
      "text": "", 
      "type": "LINE"
    }, 
    {
      "EOL": false, 
      "box": [
        1018, 
        1454, 
        746, 
        32
      ], 
      "id": 442, 
      "indented": false, 
      "parent": 440, 
      "text": "", 
      "type": "LINE"
    }, 
    {
      "addresses": [
        {
          "street_name": "r. Montmorency", 
          "street_numbers": [
            "41"
          ]
        }
      ], 
      "box": [
        1000, 
        1418, 
        824, 
        68
      ], 
      "checked": true, 
      "id": 440, 
      "origin": "human", 
      "parent": 379, 
      "persons": [
        "Lindos"
      ], 
      "score": 1.0, 
      "text_ocr": "##Lindos##, \u00a3\u00a3en gros, brosses \u00e0 dents, chausse-pieds, \u00e9tuis,\nboutons nacre, corne, os, etc.\u00a3\u00a3, @@r. Montmorency@@, $$41$$.\n", 
      "type": "ENTRY"
    }, 
    {
      "EOL": false, 
      "box": [
        1000, 
        1490, 
        826, 
        30
      ], 
      "id": 444, 
      "indented": true, 
      "parent": 443, 
      "text": "", 
      "type": "LINE"
    }, 
    {
      "EOL": false, 
      "box": [
        1018, 
        1524, 
        806, 
        32
      ], 
      "id": 445, 
      "indented": false, 
      "parent": 443, 
      "text": "", 
      "type": "LINE"
    }, 
    {
      "EOL": false, 
      "box": [
        1018, 
        1560, 
        198, 
        30
      ], 
      "id": 446, 
      "indented": false, 
      "parent": 443, 
      "text": "", 
      "type": "LINE"
    }, 
    {
      "addresses": [
        {
          "street_name": "r.\nSt-Denis", 
          "street_numbers": [
            "307"
          ]
        }
      ], 
      "box": [
        1000, 
        1490, 
        826, 
        100
      ], 
      "checked": true, 
      "id": 443, 
      "origin": "human", 
      "parent": 379, 
      "persons": [
        "Loire"
      ], 
      "score": 1.0, 
      "text_ocr": "##Loire##, \u00a3\u00a3fab, tabat. d \u00e9caille de tout genre, bo\u00eetes de cou-\nleur d'\u00e9caille de fant., et tabati\u00e8res pour musique\u00a3\u00a3, @@r.\nSt-Denis@@, $$307$$.\n", 
      "type": "ENTRY"
    }, 
    {
      "EOL": false, 
      "box": [
        1000, 
        1592, 
        824, 
        36
      ], 
      "id": 448, 
      "indented": true, 
      "parent": 447, 
      "text": "", 
      "type": "LINE"
    }, 
    {
      "addresses": [
        {
          "street_name": "r. St-Martin", 
          "street_numbers": [
            "253"
          ]
        }
      ], 
      "box": [
        1000, 
        1592, 
        824, 
        36
      ], 
      "checked": true, 
      "id": 447, 
      "origin": "human", 
      "parent": 379, 
      "persons": [
        "Loire jeune"
      ], 
      "score": 1.0, 
      "text_ocr": "##Loire jeune##, \u00a3\u00a3fab.\u00a3\u00a3, @@r. St-Martin@@, $$253$$. (Voy. Bijoutiers.)\n", 
      "type": "ENTRY"
    }, 
    {
      "EOL": false, 
      "box": [
        1002, 
        1628, 
        694, 
        34
      ], 
      "id": 450, 
      "indented": true, 
      "parent": 449, 
      "text": "", 
      "type": "LINE"
    }, 
    {
      "addresses": [
        {
          "street_name": "r. des Arcis", 
          "street_numbers": [
            "17"
          ]
        }
      ], 
      "box": [
        1002, 
        1628, 
        694, 
        34
      ], 
      "checked": true, 
      "id": 449, 
      "origin": "human", 
      "parent": 379, 
      "persons": [
        "Lucas"
      ], 
      "score": 0.5, 
      "text_ocr": "##Lucas##, \u00a3\u00a3fab. jeux en cuir dor\u00e9\u00a3\u00a3, @@r. des Arcis@@, $$17$$.\n", 
      "type": "ENTRY"
    }, 
    {
      "EOL": false, 
      "box": [
        1000, 
        1664, 
        822, 
        32
      ], 
      "id": 452, 
      "indented": true, 
      "parent": 451, 
      "text": "", 
      "type": "LINE"
    }, 
    {
      "EOL": false, 
      "box": [
        1016, 
        1698, 
        810, 
        34
      ], 
      "id": 453, 
      "indented": false, 
      "parent": 451, 
      "text": "", 
      "type": "LINE"
    }, 
    {
      "EOL": false, 
      "box": [
        1014, 
        1734, 
        812, 
        34
      ], 
      "id": 454, 
      "indented": false, 
      "parent": 451, 
      "text": "", 
      "type": "LINE"
    }, 
    {
      "EOL": false, 
      "box": [
        1012, 
        1768, 
        812, 
        34
      ], 
      "id": 455, 
      "indented": false, 
      "parent": 451, 
      "text": "", 
      "type": "LINE"
    }, 
    {
      "EOL": false, 
      "box": [
        1016, 
        1804, 
        808, 
        30
      ], 
      "id": 456, 
      "indented": false, 
      "parent": 451, 
      "text": "", 
      "type": "LINE"
    }, 
    {
      "EOL": false, 
      "box": [
        1016, 
        1840, 
        122, 
        30
      ], 
      "id": 457, 
      "indented": false, 
      "parent": 451, 
      "text": "", 
      "type": "LINE"
    }, 
    {
      "addresses": [
        {
          "street_name": "r. Jean-Ro-\nbert", 
          "street_numbers": [
            "22"
          ]
        }
      ], 
      "box": [
        1000, 
        1664, 
        826, 
        206
      ], 
      "checked": true, 
      "id": 451, 
      "origin": "human", 
      "parent": 379, 
      "persons": [
        "Mabille s\u0153urs"
      ], 
      "score": 0.9583333333333333, 
      "text_ocr": "##Mabille s\u0153urs##, \u00a3\u00a3fab. jeux, dominos, lotos, reversis, da-\nmiers, \u00e9checs, trictracs, osselets, fiches, jetons, d\u00e9s \u00e0\njouer, jeux de patience, jeux historiques, bo\u00eetes de\njeux, jeux instructifs en cartonnage, tabati\u00e8res en buis,\nbrosses \u00e0 dents, chausse-pieds, d\u00e9vidoirs\u00a3\u00a3 , @@r. Jean-Ro-\nbert@@, $$22$$.\n", 
      "type": "ENTRY"
    }, 
    {
      "EOL": false, 
      "box": [
        1000, 
        1872, 
        612, 
        34
      ], 
      "id": 459, 
      "indented": true, 
      "parent": 458, 
      "text": "", 
      "type": "LINE"
    }, 
    {
      "addresses": [
        {
          "street_name": "galerie Choiseul", 
          "street_numbers": [
            "62"
          ]
        }
      ], 
      "box": [
        1000, 
        1872, 
        612, 
        34
      ], 
      "checked": true, 
      "id": 458, 
      "origin": "human", 
      "parent": 379, 
      "persons": [
        "Madoul\u00e9"
      ], 
      "score": 1.0, 
      "text_ocr": "##Madoul\u00e9##, \u00a3\u00a3garnisseur\u00a3\u00a3, @@galerie Choiseul@@, $$62$$.\n", 
      "type": "ENTRY"
    }, 
    {
      "EOL": false, 
      "box": [
        1000, 
        1910, 
        558, 
        28
      ], 
      "id": 461, 
      "indented": true, 
      "parent": 460, 
      "text": "", 
      "type": "LINE"
    }, 
    {
      "addresses": [
        {
          "street_name": "r. Grenetat", 
          "street_numbers": [
            "18"
          ]
        }
      ], 
      "box": [
        1000, 
        1910, 
        558, 
        28
      ], 
      "checked": true, 
      "id": 460, 
      "origin": "human", 
      "parent": 379, 
      "persons": [
        "Maison fils"
      ], 
      "score": 0.9375, 
      "text_ocr": "##Maison fils##, \u00a3\u00a3en carton\u00a3\u00a3, @@r. Grenetat@@, $$18$$.\n", 
      "type": "ENTRY"
    }, 
    {
      "EOL": false, 
      "box": [
        1000, 
        1942, 
        504, 
        36
      ], 
      "id": 463, 
      "indented": true, 
      "parent": 462, 
      "text": "", 
      "type": "LINE"
    }, 
    {
      "addresses": [
        {
          "street_name": "r. Bourg-l' Abb\u00e9", 
          "street_numbers": [
            "22"
          ]
        }
      ], 
      "box": [
        1000, 
        1942, 
        504, 
        36
      ], 
      "checked": true, 
      "id": 462, 
      "origin": "human", 
      "parent": 379, 
      "persons": [
        "Marigny (Ve)"
      ], 
      "score": 0.9615384615384616, 
      "text_ocr": "##Marigny (Ve)##, @@r. Bourg-l' Abb\u00e9@@, $$22$$.\n", 
      "type": "ENTRY"
    }, 
    {
      "EOL": false, 
      "box": [
        1000, 
        1978, 
        824, 
        34
      ], 
      "id": 465, 
      "indented": true, 
      "parent": 464, 
      "text": "", 
      "type": "LINE"
    }, 
    {
      "EOL": false, 
      "box": [
        1016, 
        2014, 
        808, 
        30
      ], 
      "id": 466, 
      "indented": false, 
      "parent": 464, 
      "text": "", 
      "type": "LINE"
    }, 
    {
      "EOL": false, 
      "box": [
        1018, 
        2048, 
        358, 
        34
      ], 
      "id": 467, 
      "indented": false, 
      "parent": 464, 
      "text": "", 
      "type": "LINE"
    }, 
    {
      "addresses": [
        {
          "street_name": "pass. de l\u2019Ancre", 
          "street_numbers": []
        }
      ], 
      "box": [
        1000, 
        1978, 
        824, 
        104
      ], 
      "checked": true, 
      "id": 464, 
      "origin": "human", 
      "parent": 379, 
      "persons": [
        "Marigny jeune"
      ], 
      "score": 0.5, 
      "street_number": "", 
      "text_ocr": "##Marigny jeune##, \u00a3\u00a3fab. et mag. de brosses \u00e0 dents et \u00e0 barbe\nen blaireau et autres tabletteries, commiss. en art. de\nParis\u00a3\u00a3, @@pass. de l\u2019Ancre@@.\n", 
      "type": "ENTRY"
    }, 
    {
      "EOL": false, 
      "box": [
        1000, 
        2084, 
        434, 
        34
      ], 
      "id": 469, 
      "indented": true, 
      "parent": 468, 
      "text": "", 
      "type": "LINE"
    }, 
    {
      "addresses": [
        {
          "street_name": "boul. Poissonn.", 
          "street_numbers": [
            "14"
          ]
        }
      ], 
      "box": [
        1000, 
        2084, 
        434, 
        34
      ], 
      "checked": true, 
      "id": 468, 
      "origin": "human", 
      "parent": 379, 
      "persons": [
        "Marigny"
      ], 
      "score": 0.875, 
      "text_ocr": "##Marigny##, @@boul. Poissonn.@@, $$14$$.\n", 
      "type": "ENTRY"
    }, 
    {
      "EOL": false, 
      "box": [
        1000, 
        2116, 
        748, 
        34
      ], 
      "id": 471, 
      "indented": true, 
      "parent": 470, 
      "text": "", 
      "type": "LINE"
    }, 
    {
      "addresses": [
        {
          "street_name": "P.-R., vestibule de Chartres", 
          "street_numbers": [
            "20 et 21"
          ]
        }
      ], 
      "box": [
        1000, 
        2116, 
        748, 
        34
      ], 
      "checked": true, 
      "id": 470, 
      "origin": "human", 
      "parent": 379, 
      "persons": [
        "Marot ain\u00e9"
      ], 
      "score": 0.5, 
      "text_ocr": "##Marot ain\u00e9##, @@P.-R., vestibule de Chartres@@, $$20 et 21$$.\n", 
      "type": "ENTRY"
    }, 
    {
      "EOL": false, 
      "box": [
        1000, 
        2154, 
        428, 
        32
      ], 
      "id": 473, 
      "indented": true, 
      "parent": 472, 
      "text": "", 
      "type": "LINE"
    }, 
    {
      "addresses": [
        {
          "street_name": "galerie Vivienne", 
          "street_numbers": [
            "59"
          ]
        }
      ], 
      "box": [
        1000, 
        2154, 
        428, 
        32
      ], 
      "checked": true, 
      "id": 472, 
      "origin": "human", 
      "parent": 379, 
      "persons": [
        "Massin"
      ], 
      "score": 1.0, 
      "text_ocr": "##Massin##, @@galerie Vivienne@@, $$59$$.\n", 
      "type": "ENTRY"
    }, 
    {
      "EOL": false, 
      "box": [
        1000, 
        2186, 
        658, 
        34
      ], 
      "id": 475, 
      "indented": true, 
      "parent": 474, 
      "text": "", 
      "type": "LINE"
    }, 
    {
      "addresses": [
        {
          "street_name": "r. des Gravilliers", 
          "street_numbers": [
            "45"
          ]
        }
      ], 
      "box": [
        1000, 
        2186, 
        658, 
        34
      ], 
      "checked": true, 
      "id": 474, 
      "origin": "human", 
      "parent": 379, 
      "persons": [
        "Masson"
      ], 
      "score": 0.5, 
      "text_ocr": "##Masson##, \u00a3\u00a3fab. en ivoire\u00a3\u00a3, @@r. des Gravilliers@@, $$45$$.\n", 
      "type": "ENTRY"
    }, 
    {
      "EOL": false, 
      "box": [
        1000, 
        2224, 
        376, 
        30
      ], 
      "id": 477, 
      "indented": true, 
      "parent": 476, 
      "text": "", 
      "type": "LINE"
    }, 
    {
      "addresses": [
        {
          "street_name": "r. St-Honor\u00e9", 
          "street_numbers": [
            "42"
          ]
        }
      ], 
      "box": [
        1000, 
        2224, 
        376, 
        30
      ], 
      "checked": true, 
      "id": 476, 
      "origin": "human", 
      "parent": 379, 
      "persons": [
        "Math\u00e9"
      ], 
      "score": 1.0, 
      "text_ocr": "##Math\u00e9##, @@r. St-Honor\u00e9@@, $$42$$.\n", 
      "type": "ENTRY"
    }, 
    {
      "EOL": false, 
      "box": [
        998, 
        2258, 
        340, 
        32
      ], 
      "id": 479, 
      "indented": true, 
      "parent": 478, 
      "text": "", 
      "type": "LINE"
    }, 
    {
      "addresses": [
        {
          "street_name": "r. Grenetat", 
          "street_numbers": [
            "2"
          ]
        }
      ], 
      "box": [
        998, 
        2258, 
        340, 
        32
      ], 
      "checked": true, 
      "id": 478, 
      "origin": "human", 
      "parent": 379, 
      "persons": [
        "Mathieu"
      ], 
      "score": 0.9375, 
      "text_ocr": "##Mathieu##, @@r. Grenetat@@, $$2$$.\n", 
      "type": "ENTRY"
    }, 
    {
      "EOL": false, 
      "box": [
        1000, 
        2294, 
        414, 
        30
      ], 
      "id": 481, 
      "indented": true, 
      "parent": 480, 
      "text": "", 
      "type": "LINE"
    }, 
    {
      "addresses": [
        {
          "street_name": "boul. Poissonn.", 
          "street_numbers": [
            "7"
          ]
        }
      ], 
      "box": [
        1000, 
        2294, 
        414, 
        30
      ], 
      "checked": true, 
      "id": 480, 
      "origin": "human", 
      "parent": 379, 
      "persons": [
        "Maurice"
      ], 
      "score": 0.875, 
      "text_ocr": "##Maurice##, @@boul. Poissonn.@@, $$7$$.\n", 
      "type": "ENTRY"
    }, 
    {
      "EOL": false, 
      "box": [
        1000, 
        2326, 
        584, 
        36
      ], 
      "id": 483, 
      "indented": true, 
      "parent": 482, 
      "text": "", 
      "type": "LINE"
    }, 
    {
      "addresses": [
        {
          "street_name": "r. Neuve-St-Martin", 
          "street_numbers": [
            "1"
          ]
        }
      ], 
      "box": [
        1000, 
        2326, 
        584, 
        36
      ], 
      "checked": true, 
      "id": 482, 
      "origin": "human", 
      "parent": 379, 
      "persons": [
        "Mercier"
      ], 
      "score": 0.5, 
      "text_ocr": "##Mercier##, \u00a3\u00a3f. \u00e9tuis\u00a3\u00a3, @@r. Neuve-St-Martin@@, $$1$$.\n", 
      "type": "ENTRY"
    }, 
    {
      "EOL": false, 
      "box": [
        1000, 
        2362, 
        824, 
        34
      ], 
      "id": 485, 
      "indented": true, 
      "parent": 484, 
      "text": "", 
      "type": "LINE"
    }, 
    {
      "EOL": false, 
      "box": [
        1016, 
        2400, 
        154, 
        34
      ], 
      "id": 486, 
      "indented": false, 
      "parent": 484, 
      "text": "", 
      "type": "LINE"
    }, 
    {
      "addresses": [
        {
          "street_name": "r. Beau-\nbourg", 
          "street_numbers": [
            "49"
          ]
        }
      ], 
      "box": [
        1000, 
        2362, 
        824, 
        72
      ], 
      "checked": true, 
      "id": 484, 
      "origin": "human", 
      "parent": 379, 
      "persons": [
        "Mercier fr\u00e8res"
      ], 
      "score": 0.95, 
      "text_ocr": "##Mercier fr\u00e8res##, \u00a3\u00a3fab. tabati\u00e8res et incrustations\u00a3\u00a3, @@r. Beau-\nbourg@@, $$49$$. \n", 
      "type": "ENTRY"
    }, 
    {
      "EOL": false, 
      "box": [
        1000, 
        2426, 
        826, 
        40
      ], 
      "id": 488, 
      "indented": true, 
      "parent": 487, 
      "text": "", 
      "type": "LINE"
    }, 
    {
      "EOL": false, 
      "box": [
        1018, 
        2468, 
        808, 
        32
      ], 
      "id": 489, 
      "indented": false, 
      "parent": 487, 
      "text": "", 
      "type": "LINE"
    }, 
    {
      "EOL": false, 
      "box": [
        1018, 
        2502, 
        806, 
        32
      ], 
      "id": 490, 
      "indented": false, 
      "parent": 487, 
      "text": "", 
      "type": "LINE"
    }, 
    {
      "EOL": false, 
      "box": [
        1016, 
        2538, 
        808, 
        34
      ], 
      "id": 491, 
      "indented": false, 
      "parent": 487, 
      "text": "", 
      "type": "LINE"
    }, 
    {
      "EOL": false, 
      "box": [
        1018, 
        2572, 
        544, 
        34
      ], 
      "id": 492, 
      "indented": false, 
      "parent": 487, 
      "text": "", 
      "type": "LINE"
    }, 
    {
      "addresses": [
        {
          "street_name": "r. St-Fiacre", 
          "street_numbers": [
            "20"
          ]
        }
      ], 
      "box": [
        1000, 
        2426, 
        826, 
        180
      ], 
      "checked": true, 
      "id": 487, 
      "origin": "human", 
      "parent": 379, 
      "persons": [
        "Mermet"
      ], 
      "score": 1.0, 
      "text_ocr": "##Mermet##, \u00a3\u00a3fab. tabati\u00e8res carr\u00e9es en buis, \u00e9rable, palmier\nd'Italie et bois \u00e9trangers, doubl\u00e9es d\u2019\u00e9caille avec filets\nd\u2019\u00e9caille et d'or, \u00e9crans, n\u00e9cessaires de poche pour da-\nmes, tabati\u00e8res \u00e9cossaises\u00a3\u00a3, d\u00e9p\u00f4t de St-Claude, il fait\nles raccommodages, @@r. St-Fiacre@@, $$20$$.\n", 
      "type": "ENTRY"
    }, 
    {
      "EOL": false, 
      "box": [
        1000, 
        2608, 
        372, 
        32
      ], 
      "id": 494, 
      "indented": true, 
      "parent": 493, 
      "text": "", 
      "type": "LINE"
    }, 
    {
      "addresses": [
        {
          "street_name": "r. Grenetat", 
          "street_numbers": [
            "28"
          ]
        }
      ], 
      "box": [
        1000, 
        2608, 
        372, 
        32
      ], 
      "checked": true, 
      "id": 493, 
      "origin": "human", 
      "parent": 379, 
      "persons": [
        "Meunier"
      ], 
      "score": 0.9375, 
      "text_ocr": "##Meunier##, @@r. Grenetat@@, $$28$$.\n", 
      "type": "ENTRY"
    }, 
    {
      "EOL": false, 
      "box": [
        1000, 
        2640, 
        390, 
        36
      ], 
      "id": 496, 
      "indented": true, 
      "parent": 495, 
      "text": "", 
      "type": "LINE"
    }, 
    {
      "addresses": [
        {
          "street_name": "r. de la Paix", 
          "street_numbers": [
            "22"
          ]
        }
      ], 
      "box": [
        1000, 
        2640, 
        390, 
        36
      ], 
      "checked": true, 
      "id": 495, 
      "origin": "human", 
      "parent": 379, 
      "persons": [
        "Mignon"
      ], 
      "score": 0.5, 
      "text_ocr": "##Mignon##, @@r. de la Paix@@, $$22$$.\n", 
      "type": "ENTRY"
    }, 
    {
      "EOL": false, 
      "box": [
        1002, 
        2676, 
        738, 
        36
      ], 
      "id": 498, 
      "indented": true, 
      "parent": 497, 
      "text": "", 
      "type": "LINE"
    }, 
    {
      "addresses": [
        {
          "street_name": "faub. St-Martin", 
          "street_numbers": [
            "64"
          ]
        }
      ], 
      "box": [
        1002, 
        2676, 
        738, 
        36
      ], 
      "checked": true, 
      "id": 497, 
      "origin": "human", 
      "parent": 379, 
      "persons": [
        "Milliet"
      ], 
      "score": 0.9761904761904762, 
      "text_ocr": "##Milliet##, \u00a3\u00a3fab. pipes et tuyaux\u00a3\u00a3, @@faub. St-Martin@@, $$64$$.\n", 
      "type": "ENTRY"
    }, 
    {
      "EOL": false, 
      "box": [
        1002, 
        2710, 
        824, 
        38
      ], 
      "id": 500, 
      "indented": true, 
      "parent": 499, 
      "text": "", 
      "type": "LINE"
    }, 
    {
      "EOL": false, 
      "box": [
        1018, 
        2744, 
        808, 
        38
      ], 
      "id": 501, 
      "indented": false, 
      "parent": 499, 
      "text": "", 
      "type": "LINE"
    }, 
    {
      "EOL": false, 
      "box": [
        1018, 
        2786, 
        134, 
        32
      ], 
      "id": 502, 
      "indented": false, 
      "parent": 499, 
      "text": "", 
      "type": "LINE"
    }, 
    {
      "addresses": [
        {
          "street_name": "r. des Gravilliers", 
          "street_numbers": [
            "18"
          ]
        }
      ], 
      "box": [
        1002, 
        2710, 
        824, 
        108
      ], 
      "checked": true, 
      "id": 499, 
      "origin": "human", 
      "parent": 379, 
      "persons": [
        "Miroy fr\u00e8res, neveux et succ. de Bertault et co."
      ], 
      "score": 0.5, 
      "text_ocr": "##Miroy fr\u00e8res, neveux et succ. de Bertault et co.##, \u00a3\u00a3fab. t\u00f4-\nles, ferblancs, lampes et cartons vernis\u00a3\u00a3, @@r. des Gravil-\nliers@@, $$18$$.\n", 
      "type": "ENTRY"
    }, 
    {
      "box": [
        992, 
        150, 
        838, 
        2670
      ], 
      "id": 379, 
      "parent": 378, 
      "type": "COLUMN_LEVEL_2"
    }, 
    {
      "box": [
        992, 
        150, 
        838, 
        2670
      ], 
      "id": 378, 
      "parent": 377, 
      "type": "SECTION_LEVEL_2"
    }, 
    {
      "box": [
        992, 
        150, 
        838, 
        2670
      ], 
      "id": 377, 
      "parent": 258, 
      "type": "COLUMN_LEVEL_1"
    }, 
    {
      "box": [
        144, 
        150, 
        1686, 
        2670
      ], 
      "id": 258, 
      "parent": 256, 
      "type": "SECTION_LEVEL_1"
    }, 
    {
      "box": [
        144, 
        86, 
        1686, 
        2734
      ], 
      "id": 256, 
      "type": "PAGE"
    }
  ], 
  "mode": "cached"
}
