{
  "content": [
    {
      "box": [
        238, 
        160, 
        1666, 
        34
      ], 
      "checked": false, 
      "id": 257, 
      "origin": "computer", 
      "parent": 256, 
      "text": "210 JEAN-LANTIER. \u2014 JEUNEURS.\n", 
      "type": "TITLE_LEVEL_1"
    }, 
    {
      "EOL": false, 
      "box": [
        254, 
        220, 
        388, 
        96
      ], 
      "id": 263, 
      "indented": true, 
      "parent": 262, 
      "text": "", 
      "type": "LINE"
    }, 
    {
      "addresses": [], 
      "box": [
        254, 
        220, 
        388, 
        96
      ], 
      "checked": false, 
      "id": 262, 
      "ner_xml": "<PER>Laszloy ( A.), /\n19 Berry ue)</PER>,<ACT>placement\nDuclos</ACT>,<ACT>armurier.\n</ACT>", 
      "origin": "computer", 
      "parent": 261, 
      "persons": [
        "Laszloy ( A.), /\n19 Berry ue)"
      ], 
      "text_ocr": "Laszloy ( A.), /\n19 Berry ue), placement\nDuclos, armurier.\n", 
      "type": "ENTRY"
    }, 
    {
      "EOL": false, 
      "box": [
        250, 
        316, 
        394, 
        154
      ], 
      "id": 265, 
      "indented": true, 
      "parent": 264, 
      "text": "", 
      "type": "LINE"
    }, 
    {
      "EOL": false, 
      "box": [
        298, 
        476, 
        342, 
        190
      ], 
      "id": 266, 
      "indented": false, 
      "parent": 264, 
      "text": "", 
      "type": "LINE"
    }, 
    {
      "EOL": false, 
      "box": [
        296, 
        668, 
        250, 
        30
      ], 
      "id": 267, 
      "indented": false, 
      "parent": 264, 
      "text": "", 
      "type": "LINE"
    }, 
    {
      "addresses": [], 
      "box": [
        250, 
        316, 
        394, 
        382
      ], 
      "checked": false, 
      "id": 264, 
      "ner_xml": "<PER>Eslanger</PER>,<ACT>fact. pianos.\nMichel</ACT>,<ACT>teiniurier.\n</ACT><CARDINAL>20</CARDINAL>pue imp.<ACT>\u00e9vee \u20ac. an\nnc\u00f4mpagne (Ve),eaux\nmin\u00e9rales</ACT>.\nDelacour<ACT>fils</ACT>,<ACT>fripier.\nDeglimes (Mme)</ACT>,<ACT>fleurs.\nDenis, h\u00f4t</ACT>.<PER>J.-J. Rous.</PER>,\n<ACT>table d\u2019h\u00f4te.\nDouchin</ACT>,<ACT>graveur.\nDutheil</ACT>,<ACT>coutelier.\nJoly</ACT>,<ACT>limonadier.\n</ACT>", 
      "origin": "computer", 
      "parent": 261, 
      "persons": [
        "Eslanger", 
        "J.-J. Rous."
      ], 
      "text_ocr": "Eslanger, fact. pianos.\nMichel , teiniurier.\n20 pue imp. \u00e9vee \u20ac. an\nnc\u00f4mpagne (Ve),eaux\nmin\u00e9rales.\nDelacour fils, fripier.\nDeglimes (Mme), fleurs.\nDenis, h\u00f4t. J.-J. Rous.,\ntable d\u2019h\u00f4te.\nDouchin, graveur.\nDutheil, coutelier.\nJoly, limonadier.\n", 
      "type": "ENTRY"
    }, 
    {
      "EOL": false, 
      "box": [
        244, 
        700, 
        394, 
        96
      ], 
      "id": 269, 
      "indented": true, 
      "parent": 268, 
      "text": "", 
      "type": "LINE"
    }, 
    {
      "EOL": false, 
      "box": [
        294, 
        798, 
        232, 
        30
      ], 
      "id": 270, 
      "indented": false, 
      "parent": 268, 
      "text": "", 
      "type": "LINE"
    }, 
    {
      "EOL": false, 
      "box": [
        294, 
        826, 
        344, 
        66
      ], 
      "id": 271, 
      "indented": false, 
      "parent": 268, 
      "text": "", 
      "type": "LINE"
    }, 
    {
      "addresses": [], 
      "box": [
        244, 
        700, 
        394, 
        192
      ], 
      "checked": false, 
      "id": 268, 
      "ner_xml": "<PER>Lafontet co., eaux min.\n%1 Alegre</PER>,<ACT>contr\u00f4l. postes.\nBoillot, recev. enreg.\nCoss\u00e9</ACT>,<ACT>m\u00e9decin.\nMarquis</ACT>,<ACT>comm. de pol.\nTrablit</ACT>,<ACT>pharmacien.\n</ACT>", 
      "origin": "computer", 
      "parent": 261, 
      "persons": [
        "Lafontet co., eaux min.\n%1 Alegre"
      ], 
      "text_ocr": "Lafontet co., eaux min.\n%1 Alegre, contr\u00f4l. postes.\nBoillot, recev. enreg.\nCoss\u00e9, m\u00e9decin.\nMarquis, comm. de pol.\nTrablit, pharmacien.\n", 
      "type": "ENTRY"
    }, 
    {
      "EOL": false, 
      "box": [
        242, 
        892, 
        394, 
        32
      ], 
      "id": 273, 
      "indented": true, 
      "parent": 272, 
      "text": "", 
      "type": "LINE"
    }, 
    {
      "addresses": [], 
      "box": [
        242, 
        892, 
        394, 
        32
      ], 
      "checked": false, 
      "id": 272, 
      "ner_xml": "<CARDINAL>22</CARDINAL><PER>Laissement</PER>,<ACT>pl. d \u00e9latn</ACT>.\n", 
      "origin": "computer", 
      "parent": 261, 
      "persons": [
        "Laissement"
      ], 
      "text_ocr": "22 Laissement, pl. d \u00e9latn.\n", 
      "type": "ENTRY"
    }, 
    {
      "EOL": false, 
      "box": [
        242, 
        924, 
        396, 
        64
      ], 
      "id": 275, 
      "indented": true, 
      "parent": 274, 
      "text": "", 
      "type": "LINE"
    }, 
    {
      "addresses": [], 
      "box": [
        242, 
        924, 
        396, 
        64
      ], 
      "checked": false, 
      "id": 274, 
      "ner_xml": "<PER>Maliet (Mme)</PER>,<ACT>sage-fem.\n24 Duval</ACT>,<ACT>tapissier.\n</ACT>", 
      "origin": "computer", 
      "parent": 261, 
      "persons": [
        "Maliet (Mme)"
      ], 
      "text_ocr": "Maliet (Mme), sage-fem.\n24 Duval, tapissier.\n", 
      "type": "ENTRY"
    }, 
    {
      "EOL": false, 
      "box": [
        242, 
        990, 
        396, 
        62
      ], 
      "id": 277, 
      "indented": true, 
      "parent": 276, 
      "text": "", 
      "type": "LINE"
    }, 
    {
      "addresses": [], 
      "box": [
        242, 
        990, 
        396, 
        62
      ], 
      "checked": false, 
      "id": 276, 
      "ner_xml": "<PER>Meyer</PER>,<ACT>latueur.\n26 Le Pelletier</ACT>, imp. lith.\n", 
      "origin": "computer", 
      "parent": 261, 
      "persons": [
        "Meyer"
      ], 
      "text_ocr": "Meyer, latueur.\n26 Le Pelletier, imp. lith.\n", 
      "type": "ENTRY"
    }, 
    {
      "EOL": false, 
      "box": [
        242, 
        1052, 
        396, 
        30
      ], 
      "id": 279, 
      "indented": true, 
      "parent": 278, 
      "text": "", 
      "type": "LINE"
    }, 
    {
      "EOL": false, 
      "box": [
        294, 
        1084, 
        342, 
        30
      ], 
      "id": 280, 
      "indented": false, 
      "parent": 278, 
      "text": "", 
      "type": "LINE"
    }, 
    {
      "addresses": [], 
      "box": [
        242, 
        1052, 
        396, 
        62
      ], 
      "checked": false, 
      "id": 278, 
      "ner_xml": "<CARDINAL>28</CARDINAL><PER>Breton</PER>,<ACT>tusir. \u00e0 vent.\nFauconnet et co., cho-\n</ACT>", 
      "origin": "computer", 
      "parent": 261, 
      "persons": [
        "Breton"
      ], 
      "text_ocr": "28 Breton, tusir. \u00e0 vent.\nFauconnet et co., cho-\n", 
      "type": "ENTRY"
    }, 
    {
      "EOL": false, 
      "box": [
        240, 
        1116, 
        396, 
        64
      ], 
      "id": 282, 
      "indented": true, 
      "parent": 281, 
      "text": "", 
      "type": "LINE"
    }, 
    {
      "EOL": false, 
      "box": [
        294, 
        1180, 
        342, 
        32
      ], 
      "id": 283, 
      "indented": false, 
      "parent": 281, 
      "text": "", 
      "type": "LINE"
    }, 
    {
      "EOL": false, 
      "box": [
        288, 
        1212, 
        348, 
        32
      ], 
      "id": 284, 
      "indented": false, 
      "parent": 281, 
      "text": "", 
      "type": "LINE"
    }, 
    {
      "EOL": false, 
      "box": [
        292, 
        1244, 
        196, 
        28
      ], 
      "id": 285, 
      "indented": false, 
      "parent": 281, 
      "text": "", 
      "type": "LINE"
    }, 
    {
      "addresses": [], 
      "box": [
        240, 
        1116, 
        396, 
        156
      ], 
      "checked": false, 
      "id": 281, 
      "ner_xml": "cola. sn\n<CARDINAL>30</CARDINAL>Bouch\u00e9 (<PER>C.)</PER>,<ACT>bijoutier.\nBougnol</ACT>,<ACT>com. des cour.\nJouvenot(Mme),cab.lec.\nLec\u0153ur</ACT>,<ACT>vins.\n</ACT>", 
      "origin": "computer", 
      "parent": 261, 
      "persons": [
        "C.)"
      ], 
      "text_ocr": "cola. sn\n30 Bouch\u00e9 (C.), bijoutier.\nBougnol, com. des cour.\nJouvenot(Mme),cab.lec.\nLec\u0153ur, vins.\n", 
      "type": "ENTRY"
    }, 
    {
      "box": [
        238, 
        218, 
        410, 
        1054
      ], 
      "id": 261, 
      "parent": 260, 
      "type": "COLUMN_LEVEL_2"
    }, 
    {
      "box": [
        238, 
        218, 
        410, 
        1054
      ], 
      "id": 260, 
      "parent": 259, 
      "type": "SECTION_LEVEL_2"
    }, 
    {
      "EOL": false, 
      "box": [
        238, 
        1300, 
        400, 
        32
      ], 
      "id": 289, 
      "indented": true, 
      "parent": 288, 
      "text": "", 
      "type": "LINE"
    }, 
    {
      "EOL": false, 
      "box": [
        256, 
        1332, 
        382, 
        32
      ], 
      "id": 290, 
      "indented": false, 
      "parent": 288, 
      "text": "", 
      "type": "LINE"
    }, 
    {
      "EOL": false, 
      "box": [
        256, 
        1366, 
        386, 
        32
      ], 
      "id": 291, 
      "indented": false, 
      "parent": 288, 
      "text": "", 
      "type": "LINE"
    }, 
    {
      "EOL": false, 
      "box": [
        260, 
        1396, 
        170, 
        26
      ], 
      "id": 292, 
      "indented": false, 
      "parent": 288, 
      "text": "", 
      "type": "LINE"
    }, 
    {
      "addresses": [], 
      "box": [
        238, 
        1300, 
        404, 
        122
      ], 
      "checked": false, 
      "id": 288, 
      "ner_xml": "<PER>J\u00a3AN-LANTIER (r.)</PER>,<TITRE>C. r.\ndes Lavandi\u00e8res</TITRE>,<CARDINAL>13</CARDINAL>-<CARDINAL>15</CARDINAL>; F.\nr. Bertin-Pair\u00e9e,<CARDINAL>12</CARDINAL>-14.\u2014\n1V. Louvre.\n", 
      "origin": "computer", 
      "parent": 287, 
      "persons": [
        "J\u00a3AN-LANTIER (r.)"
      ], 
      "text_ocr": "J\u00a3AN-LANTIER (r.), C. r.\ndes Lavandi\u00e8res, 13-15; F.\nr. Bertin-Pair\u00e9e, 12-14.\u2014\n1V. Louvre.\n", 
      "type": "ENTRY"
    }, 
    {
      "EOL": false, 
      "box": [
        250, 
        1428, 
        368, 
        34
      ], 
      "id": 294, 
      "indented": true, 
      "parent": 293, 
      "text": "", 
      "type": "LINE"
    }, 
    {
      "addresses": [], 
      "box": [
        250, 
        1428, 
        368, 
        34
      ], 
      "checked": false, 
      "id": 293, 
      "ner_xml": "<CARDINAL>4</CARDINAL><PER>Roisin fils</PER>,<ACT>menuisier.\n</ACT>", 
      "origin": "computer", 
      "parent": 287, 
      "persons": [
        "Roisin fils"
      ], 
      "text_ocr": "4 Roisin fils, menuisier.\n", 
      "type": "ENTRY"
    }, 
    {
      "EOL": false, 
      "box": [
        256, 
        1464, 
        284, 
        30
      ], 
      "id": 296, 
      "indented": true, 
      "parent": 295, 
      "text": "", 
      "type": "LINE"
    }, 
    {
      "addresses": [], 
      "box": [
        256, 
        1464, 
        284, 
        30
      ], 
      "checked": false, 
      "id": 295, 
      "ner_xml": "<CARDINAL>3</CARDINAL>Ecole des fr\u00e8res.\n", 
      "origin": "computer", 
      "parent": 287, 
      "persons": [], 
      "text_ocr": "3 Ecole des fr\u00e8res.\n", 
      "type": "ENTRY"
    }, 
    {
      "box": [
        238, 
        1290, 
        410, 
        204
      ], 
      "id": 287, 
      "parent": 286, 
      "type": "COLUMN_LEVEL_2"
    }, 
    {
      "box": [
        238, 
        1290, 
        410, 
        204
      ], 
      "id": 286, 
      "parent": 259, 
      "type": "SECTION_LEVEL_2"
    }, 
    {
      "EOL": false, 
      "box": [
        240, 
        1524, 
        400, 
        28
      ], 
      "id": 300, 
      "indented": true, 
      "parent": 299, 
      "text": "", 
      "type": "LINE"
    }, 
    {
      "EOL": false, 
      "box": [
        260, 
        1554, 
        382, 
        34
      ], 
      "id": 301, 
      "indented": false, 
      "parent": 299, 
      "text": "", 
      "type": "LINE"
    }, 
    {
      "EOL": false, 
      "box": [
        258, 
        1588, 
        384, 
        26
      ], 
      "id": 302, 
      "indented": false, 
      "parent": 299, 
      "text": "", 
      "type": "LINE"
    }, 
    {
      "EOL": false, 
      "box": [
        256, 
        1620, 
        96, 
        26
      ], 
      "id": 303, 
      "indented": false, 
      "parent": 299, 
      "text": "", 
      "type": "LINE"
    }, 
    {
      "addresses": [], 
      "box": [
        240, 
        1524, 
        402, 
        122
      ], 
      "checked": false, 
      "id": 299, 
      "ner_xml": "<PER>JEAN-DE-L BPILNEH (rue)</PER>,\nmaintenant place de l\u2019H\u00f4-\ntel-de-Ville. \u2014 VII St-\nMerri.\n", 
      "origin": "computer", 
      "parent": 298, 
      "persons": [
        "JEAN-DE-L BPILNEH (rue)"
      ], 
      "text_ocr": "JEAN-DE-L BPILNEH (rue),\nmaintenant place de l\u2019H\u00f4-\ntel-de-Ville. \u2014 VII St-\nMerri.\n", 
      "type": "ENTRY"
    }, 
    {
      "box": [
        238, 
        1514, 
        410, 
        136
      ], 
      "id": 298, 
      "parent": 297, 
      "type": "COLUMN_LEVEL_2"
    }, 
    {
      "box": [
        238, 
        1514, 
        410, 
        136
      ], 
      "id": 297, 
      "parent": 259, 
      "type": "SECTION_LEVEL_2"
    }, 
    {
      "EOL": false, 
      "box": [
        244, 
        1684, 
        398, 
        30
      ], 
      "id": 307, 
      "indented": true, 
      "parent": 306, 
      "text": "", 
      "type": "LINE"
    }, 
    {
      "EOL": false, 
      "box": [
        264, 
        1714, 
        320, 
        26
      ], 
      "id": 308, 
      "indented": false, 
      "parent": 306, 
      "text": "", 
      "type": "LINE"
    }, 
    {
      "addresses": [], 
      "box": [
        244, 
        1684, 
        398, 
        56
      ], 
      "checked": false, 
      "id": 306, 
      "ner_xml": "<PER>JSAN-ROBERT ie r\u00e9unie\n\u00e0 la r. des Gravilliers</PER>.\n", 
      "origin": "computer", 
      "parent": 305, 
      "persons": [
        "JSAN-ROBERT ie r\u00e9unie\n\u00e0 la r. des Gravilliers"
      ], 
      "text_ocr": "JSAN-ROBERT ie r\u00e9unie\n\u00e0 la r. des Gravilliers.\n", 
      "type": "ENTRY"
    }, 
    {
      "box": [
        238, 
        1684, 
        410, 
        60
      ], 
      "id": 305, 
      "parent": 304, 
      "type": "COLUMN_LEVEL_2"
    }, 
    {
      "box": [
        238, 
        1684, 
        410, 
        60
      ], 
      "id": 304, 
      "parent": 259, 
      "type": "SECTION_LEVEL_2"
    }, 
    {
      "EOL": false, 
      "box": [
        242, 
        1776, 
        402, 
        28
      ], 
      "id": 312, 
      "indented": true, 
      "parent": 311, 
      "text": "", 
      "type": "LINE"
    }, 
    {
      "EOL": false, 
      "box": [
        258, 
        1804, 
        384, 
        28
      ], 
      "id": 313, 
      "indented": false, 
      "parent": 311, 
      "text": "", 
      "type": "LINE"
    }, 
    {
      "EOL": false, 
      "box": [
        256, 
        1836, 
        386, 
        30
      ], 
      "id": 314, 
      "indented": false, 
      "parent": 311, 
      "text": "", 
      "type": "LINE"
    }, 
    {
      "EOL": false, 
      "box": [
        258, 
        1868, 
        384, 
        30
      ], 
      "id": 315, 
      "indented": false, 
      "parent": 311, 
      "text": "", 
      "type": "LINE"
    }, 
    {
      "addresses": [], 
      "box": [
        242, 
        1776, 
        402, 
        122
      ], 
      "checked": false, 
      "id": 311, 
      "ner_xml": "<PER>JSAN-TISON (r.)</PER>,<ACT>L.r. des\nFoss\u00e9s-St- Germain-l\u2019Au-\nx\u00e9rrois</ACT>,<CARDINAL>38</CARDINAL><ACT>-</ACT><CARDINAL>40</CARDINAL>; F. r. Bail-\nleul,<CARDINAL>41</CARDINAL><ACT>-</ACT><CARDINAL>14</CARDINAL>\u2014IV.<PER>Louvre</PER>.\n", 
      "origin": "computer", 
      "parent": 310, 
      "persons": [
        "JSAN-TISON (r.)", 
        "Louvre"
      ], 
      "text_ocr": "JSAN-TISON (r.), L.r. des\nFoss\u00e9s-St- Germain-l\u2019Au-\nx\u00e9rrois, 38-40; F. r. Bail-\nleul, 41-14 \u2014IV. Louvre.\n", 
      "type": "ENTRY"
    }, 
    {
      "box": [
        238, 
        1776, 
        410, 
        122
      ], 
      "id": 310, 
      "parent": 309, 
      "type": "COLUMN_LEVEL_2"
    }, 
    {
      "box": [
        238, 
        1776, 
        410, 
        122
      ], 
      "id": 309, 
      "parent": 259, 
      "type": "SECTION_LEVEL_2"
    }, 
    {
      "EOL": false, 
      "box": [
        240, 
        1930, 
        404, 
        26
      ], 
      "id": 319, 
      "indented": true, 
      "parent": 318, 
      "text": "", 
      "type": "LINE"
    }, 
    {
      "EOL": false, 
      "box": [
        260, 
        1960, 
        384, 
        30
      ], 
      "id": 320, 
      "indented": false, 
      "parent": 318, 
      "text": "", 
      "type": "LINE"
    }, 
    {
      "EOL": false, 
      "box": [
        258, 
        1992, 
        386, 
        28
      ], 
      "id": 321, 
      "indented": false, 
      "parent": 318, 
      "text": "", 
      "type": "LINE"
    }, 
    {
      "EOL": false, 
      "box": [
        258, 
        2024, 
        160, 
        30
      ], 
      "id": 322, 
      "indented": false, 
      "parent": 318, 
      "text": "", 
      "type": "LINE"
    }, 
    {
      "EOL": false, 
      "box": [
        254, 
        2064, 
        224, 
        30
      ], 
      "id": 323, 
      "indented": false, 
      "parent": 318, 
      "text": "", 
      "type": "LINE"
    }, 
    {
      "EOL": false, 
      "box": [
        258, 
        2096, 
        270, 
        30
      ], 
      "id": 324, 
      "indented": false, 
      "parent": 318, 
      "text": "", 
      "type": "LINE"
    }, 
    {
      "addresses": [
        {
          "street_name": "Q.r", 
          "street_numbers": []
        }, 
        {
          "street_name": "Sl-\nHonor\u00e9", 
          "street_numbers": [
            "234", 
            "236", 
            "11", 
            "13"
          ]
        }
      ], 
      "box": [
        240, 
        1930, 
        404, 
        196
      ], 
      "checked": false, 
      "id": 318, 
      "ner_xml": "<PER>JEANNISSON (r.)</PER>,<LOC>Q.r</LOC>,<LOC>Sl-\nHonor\u00e9</LOC>,<CARDINAL>234</CARDINAL>-<CARDINAL>236</CARDINAL>; F. r.<PER>Ri-\nchelieu</PER>,<CARDINAL>11</CARDINAL>-<CARDINAL>13</CARDINAL>. \u2014 II.<PER>Pa-\nlais-Royal</PER>.\n\n2 Drains,<ACT>vins.\n6 Aubin</ACT>,<ACT>cr\u00e9pins.\n</ACT>", 
      "origin": "computer", 
      "parent": 317, 
      "persons": [
        "JEANNISSON (r.)", 
        "Ri-\nchelieu", 
        "Pa-\nlais-Royal"
      ], 
      "text_ocr": "JEANNISSON (r.), Q.r, Sl-\nHonor\u00e9, 234-236; F. r. Ri-\nchelieu, 11-13. \u2014 II. Pa-\nlais-Royal.\n\n2 Drains, vins.\n6 Aubin, cr\u00e9pins.\n", 
      "type": "ENTRY"
    }, 
    {
      "EOL": false, 
      "box": [
        294, 
        2128, 
        272, 
        30
      ], 
      "id": 326, 
      "indented": true, 
      "parent": 325, 
      "text": "", 
      "type": "LINE"
    }, 
    {
      "addresses": [], 
      "box": [
        294, 
        2128, 
        272, 
        30
      ], 
      "checked": false, 
      "id": 325, 
      "ner_xml": "<PER>Hugon</PER>,<ACT>corroyeur.\n</ACT>", 
      "origin": "computer", 
      "parent": 317, 
      "persons": [
        "Hugon"
      ], 
      "text_ocr": "Hugon, corroyeur.\n", 
      "type": "ENTRY"
    }, 
    {
      "EOL": false, 
      "box": [
        260, 
        2160, 
        352, 
        30
      ], 
      "id": 328, 
      "indented": true, 
      "parent": 327, 
      "text": "", 
      "type": "LINE"
    }, 
    {
      "addresses": [], 
      "box": [
        260, 
        2160, 
        352, 
        30
      ], 
      "checked": false, 
      "id": 327, 
      "ner_xml": "<CARDINAL>8</CARDINAL><PER>Crepeaux</PER>,<PER>Loulanger</PER>.\n", 
      "origin": "computer", 
      "parent": 317, 
      "persons": [
        "Crepeaux", 
        "Loulanger"
      ], 
      "text_ocr": "8 Crepeaux, Loulanger.\n", 
      "type": "ENTRY"
    }, 
    {
      "EOL": false, 
      "box": [
        258, 
        2192, 
        364, 
        60
      ], 
      "id": 330, 
      "indented": true, 
      "parent": 329, 
      "text": "", 
      "type": "LINE"
    }, 
    {
      "addresses": [], 
      "box": [
        258, 
        2192, 
        364, 
        60
      ], 
      "checked": false, 
      "id": 329, 
      "ner_xml": "<PER>Soyez</PER>,<ACT>tonnelter.\n9 Masseroni</ACT>,<ACT>restaurat.\n</ACT>", 
      "origin": "computer", 
      "parent": 317, 
      "persons": [
        "Soyez"
      ], 
      "text_ocr": "Soyez, tonnelter.\n9 Masseroni, restaurat.\n", 
      "type": "ENTRY"
    }, 
    {
      "EOL": false, 
      "box": [
        246, 
        2256, 
        302, 
        28
      ], 
      "id": 332, 
      "indented": true, 
      "parent": 331, 
      "text": "", 
      "type": "LINE"
    }, 
    {
      "addresses": [], 
      "box": [
        246, 
        2256, 
        302, 
        28
      ], 
      "checked": false, 
      "id": 331, 
      "ner_xml": "<CARDINAL>11</CARDINAL><PER>Clerc</PER>,<ACT>menuister.\n</ACT>", 
      "origin": "computer", 
      "parent": 317, 
      "persons": [
        "Clerc"
      ], 
      "text_ocr": "11 Clerc, menuister.\n", 
      "type": "ENTRY"
    }, 
    {
      "EOL": false, 
      "box": [
        294, 
        2288, 
        284, 
        30
      ], 
      "id": 334, 
      "indented": true, 
      "parent": 333, 
      "text": "", 
      "type": "LINE"
    }, 
    {
      "addresses": [], 
      "box": [
        294, 
        2288, 
        284, 
        30
      ], 
      "checked": false, 
      "id": 333, 
      "ner_xml": "<PER>Pougel</PER>,<PER>Aerdortsle</PER>.\n", 
      "origin": "computer", 
      "parent": 317, 
      "persons": [
        "Pougel", 
        "Aerdortsle"
      ], 
      "text_ocr": "Pougel, Aerdortsle.\n", 
      "type": "ENTRY"
    }, 
    {
      "EOL": false, 
      "box": [
        294, 
        2318, 
        350, 
        32
      ], 
      "id": 336, 
      "indented": true, 
      "parent": 335, 
      "text": "", 
      "type": "LINE"
    }, 
    {
      "EOL": false, 
      "box": [
        246, 
        2352, 
        298, 
        30
      ], 
      "id": 337, 
      "indented": false, 
      "parent": 335, 
      "text": "", 
      "type": "LINE"
    }, 
    {
      "addresses": [], 
      "box": [
        246, 
        2318, 
        398, 
        64
      ], 
      "checked": false, 
      "id": 335, 
      "ner_xml": "<PER>Sarrazin</PER>,<ACT>tmp. {.-douce</ACT>.\n<CARDINAL>12</CARDINAL><PER>Gillot</PER>,<ACT>serrurier.\n</ACT>", 
      "origin": "computer", 
      "parent": 317, 
      "persons": [
        "Sarrazin", 
        "Gillot"
      ], 
      "text_ocr": "Sarrazin, tmp. {.-douce.\n12 Gillot, serrurier.\n", 
      "type": "ENTRY"
    }, 
    {
      "EOL": false, 
      "box": [
        246, 
        2382, 
        396, 
        30
      ], 
      "id": 339, 
      "indented": true, 
      "parent": 338, 
      "text": "", 
      "type": "LINE"
    }, 
    {
      "addresses": [], 
      "box": [
        246, 
        2382, 
        396, 
        30
      ], 
      "checked": false, 
      "id": 338, 
      "ner_xml": "<CARDINAL>15</CARDINAL><PER>Laboureau</PER>,<ACT>charcutier.\n</ACT>", 
      "origin": "computer", 
      "parent": 317, 
      "persons": [
        "Laboureau"
      ], 
      "text_ocr": "15 Laboureau, charcutier.\n", 
      "type": "ENTRY"
    }, 
    {
      "EOL": false, 
      "box": [
        246, 
        2414, 
        362, 
        30
      ], 
      "id": 341, 
      "indented": true, 
      "parent": 340, 
      "text": "", 
      "type": "LINE"
    }, 
    {
      "addresses": [], 
      "box": [
        246, 
        2414, 
        362, 
        30
      ], 
      "checked": false, 
      "id": 340, 
      "ner_xml": "<CARDINAL>47</CARDINAL><PER>Hervoit</PER>,<ACT>md meubles.\n</ACT>", 
      "origin": "computer", 
      "parent": 317, 
      "persons": [
        "Hervoit"
      ], 
      "text_ocr": "47 Hervoit, md meubles.\n", 
      "type": "ENTRY"
    }, 
    {
      "EOL": false, 
      "box": [
        244, 
        2446, 
        302, 
        30
      ], 
      "id": 343, 
      "indented": true, 
      "parent": 342, 
      "text": "", 
      "type": "LINE"
    }, 
    {
      "addresses": [], 
      "box": [
        244, 
        2446, 
        302, 
        30
      ], 
      "checked": false, 
      "id": 342, 
      "ner_xml": "<CARDINAL>19</CARDINAL><PER>Faubert</PER>,<ACT>\u00e9ptcter.\n</ACT>", 
      "origin": "computer", 
      "parent": 317, 
      "persons": [
        "Faubert"
      ], 
      "text_ocr": "19 Faubert, \u00e9ptcter.\n", 
      "type": "ENTRY"
    }, 
    {
      "EOL": false, 
      "box": [
        294, 
        2478, 
        226, 
        30
      ], 
      "id": 345, 
      "indented": true, 
      "parent": 344, 
      "text": "", 
      "type": "LINE"
    }, 
    {
      "addresses": [], 
      "box": [
        294, 
        2478, 
        226, 
        30
      ], 
      "checked": false, 
      "id": 344, 
      "ner_xml": "<PER>Malaquin</PER>,<ACT>vins.\n</ACT>", 
      "origin": "computer", 
      "parent": 317, 
      "persons": [
        "Malaquin"
      ], 
      "text_ocr": "Malaquin, vins.\n", 
      "type": "ENTRY"
    }, 
    {
      "box": [
        238, 
        1930, 
        410, 
        578
      ], 
      "id": 317, 
      "parent": 316, 
      "type": "COLUMN_LEVEL_2"
    }, 
    {
      "box": [
        238, 
        1930, 
        410, 
        578
      ], 
      "id": 316, 
      "parent": 259, 
      "type": "SECTION_LEVEL_2"
    }, 
    {
      "EOL": false, 
      "box": [
        244, 
        2542, 
        400, 
        28
      ], 
      "id": 349, 
      "indented": true, 
      "parent": 348, 
      "text": "", 
      "type": "LINE"
    }, 
    {
      "EOL": false, 
      "box": [
        264, 
        2572, 
        378, 
        32
      ], 
      "id": 350, 
      "indented": false, 
      "parent": 348, 
      "text": "", 
      "type": "LINE"
    }, 
    {
      "EOL": false, 
      "box": [
        262, 
        2604, 
        382, 
        30
      ], 
      "id": 351, 
      "indented": false, 
      "parent": 348, 
      "text": "", 
      "type": "LINE"
    }, 
    {
      "EOL": false, 
      "box": [
        264, 
        2634, 
        380, 
        32
      ], 
      "id": 352, 
      "indented": false, 
      "parent": 348, 
      "text": "", 
      "type": "LINE"
    }, 
    {
      "EOL": false, 
      "box": [
        260, 
        2666, 
        384, 
        30
      ], 
      "id": 353, 
      "indented": false, 
      "parent": 348, 
      "text": "", 
      "type": "LINE"
    }, 
    {
      "EOL": false, 
      "box": [
        258, 
        2698, 
        386, 
        32
      ], 
      "id": 354, 
      "indented": false, 
      "parent": 348, 
      "text": "", 
      "type": "LINE"
    }, 
    {
      "EOL": false, 
      "box": [
        260, 
        2730, 
        382, 
        30
      ], 
      "id": 355, 
      "indented": false, 
      "parent": 348, 
      "text": "", 
      "type": "LINE"
    }, 
    {
      "addresses": [
        {
          "street_name": "Popincourt", 
          "street_numbers": [
            "118", 
            "482"
          ]
        }, 
        {
          "street_name": "V. Douanes", 
          "street_numbers": []
        }
      ], 
      "box": [
        244, 
        2542, 
        400, 
        218
      ], 
      "checked": false, 
      "id": 348, 
      "ner_xml": "<PER>JEMMAPES \u00ff de)</PER>,<ACT>droite\ndu canal St-Martin, C. pl.\nSaint-Antoine; F. barr. de\nPantin. \u2014Des nos 2</ACT>\u00e0<CARDINAL>416</CARDINAL>,\nVIII.<LOC>Popincourt</LOC>: du<CARDINAL>118</CARDINAL>\n\u00e0<CARDINAL>482</CARDINAL>,<PER>VI. Th\u00e9dires; du\n</PER>4884 \u00e0 la fin,<LOC>V. Douanes</LOC>.\n", 
      "origin": "computer", 
      "parent": 347, 
      "persons": [
        "JEMMAPES \u00ff de)", 
        "VI. Th\u00e9dires; du\n"
      ], 
      "text_ocr": "JEMMAPES \u00ff de), droite\ndu canal St-Martin, C. pl.\nSaint-Antoine; F. barr. de\nPantin. \u2014Des nos 2 \u00e0 416,\nVIII. Popincourt: du 118\n\u00e0 482, VI. Th\u00e9dires; du\n4884 \u00e0 la fin, V. Douanes.\n", 
      "type": "ENTRY"
    }, 
    {
      "EOL": false, 
      "box": [
        276, 
        2770, 
        286, 
        32
      ], 
      "id": 357, 
      "indented": true, 
      "parent": 356, 
      "text": "", 
      "type": "LINE"
    }, 
    {
      "addresses": [], 
      "box": [
        276, 
        2770, 
        286, 
        32
      ], 
      "checked": false, 
      "id": 356, 
      "ner_xml": "<CARDINAL>4</CARDINAL>Belloir fr.,<ACT>f{apis.\n</ACT>", 
      "origin": "computer", 
      "parent": 347, 
      "persons": [], 
      "text_ocr": "4 Belloir fr., f{apis.\n", 
      "type": "ENTRY"
    }, 
    {
      "EOL": false, 
      "box": [
        276, 
        2804, 
        366, 
        28
      ], 
      "id": 359, 
      "indented": true, 
      "parent": 358, 
      "text": "", 
      "type": "LINE"
    }, 
    {
      "addresses": [], 
      "box": [
        276, 
        2804, 
        366, 
        28
      ], 
      "checked": false, 
      "id": 358, 
      "ner_xml": "<CARDINAL>6</CARDINAL><PER>Poll (4,</PER>),<ACT>ef CO., fers.\n</ACT>", 
      "origin": "computer", 
      "parent": 347, 
      "persons": [
        "Poll (4,"
      ], 
      "text_ocr": "6 Poll (4,), ef CO., fers.\n", 
      "type": "ENTRY"
    }, 
    {
      "box": [
        238, 
        2542, 
        410, 
        290
      ], 
      "id": 347, 
      "parent": 346, 
      "type": "COLUMN_LEVEL_2"
    }, 
    {
      "box": [
        238, 
        2542, 
        410, 
        290
      ], 
      "id": 346, 
      "parent": 259, 
      "type": "SECTION_LEVEL_2"
    }, 
    {
      "box": [
        238, 
        218, 
        410, 
        2620
      ], 
      "id": 259, 
      "parent": 258, 
      "type": "COLUMN_LEVEL_1"
    }, 
    {
      "EOL": false, 
      "box": [
        704, 
        220, 
        364, 
        96
      ], 
      "id": 364, 
      "indented": true, 
      "parent": 363, 
      "text": "", 
      "type": "LINE"
    }, 
    {
      "EOL": false, 
      "box": [
        688, 
        318, 
        378, 
        30
      ], 
      "id": 365, 
      "indented": false, 
      "parent": 363, 
      "text": "", 
      "type": "LINE"
    }, 
    {
      "EOL": false, 
      "box": [
        688, 
        348, 
        362, 
        30
      ], 
      "id": 366, 
      "indented": false, 
      "parent": 363, 
      "text": "", 
      "type": "LINE"
    }, 
    {
      "EOL": false, 
      "box": [
        688, 
        380, 
        362, 
        32
      ], 
      "id": 367, 
      "indented": false, 
      "parent": 363, 
      "text": "", 
      "type": "LINE"
    }, 
    {
      "EOL": false, 
      "box": [
        688, 
        414, 
        378, 
        30
      ], 
      "id": 368, 
      "indented": false, 
      "parent": 363, 
      "text": "", 
      "type": "LINE"
    }, 
    {
      "EOL": false, 
      "box": [
        688, 
        446, 
        378, 
        30
      ], 
      "id": 369, 
      "indented": false, 
      "parent": 363, 
      "text": "", 
      "type": "LINE"
    }, 
    {
      "EOL": false, 
      "box": [
        686, 
        478, 
        380, 
        62
      ], 
      "id": 370, 
      "indented": false, 
      "parent": 363, 
      "text": "", 
      "type": "LINE"
    }, 
    {
      "EOL": false, 
      "box": [
        686, 
        540, 
        380, 
        32
      ], 
      "id": 371, 
      "indented": false, 
      "parent": 363, 
      "text": "", 
      "type": "LINE"
    }, 
    {
      "EOL": false, 
      "box": [
        686, 
        576, 
        298, 
        90
      ], 
      "id": 372, 
      "indented": false, 
      "parent": 363, 
      "text": "", 
      "type": "LINE"
    }, 
    {
      "EOL": false, 
      "box": [
        686, 
        668, 
        374, 
        30
      ], 
      "id": 373, 
      "indented": false, 
      "parent": 363, 
      "text": "", 
      "type": "LINE"
    }, 
    {
      "EOL": false, 
      "box": [
        684, 
        700, 
        382, 
        30
      ], 
      "id": 374, 
      "indented": false, 
      "parent": 363, 
      "text": "", 
      "type": "LINE"
    }, 
    {
      "EOL": false, 
      "box": [
        684, 
        734, 
        382, 
        60
      ], 
      "id": 375, 
      "indented": false, 
      "parent": 363, 
      "text": "", 
      "type": "LINE"
    }, 
    {
      "EOL": false, 
      "box": [
        684, 
        796, 
        380, 
        30
      ], 
      "id": 376, 
      "indented": false, 
      "parent": 363, 
      "text": "", 
      "type": "LINE"
    }, 
    {
      "EOL": false, 
      "box": [
        682, 
        830, 
        294, 
        62
      ], 
      "id": 377, 
      "indented": false, 
      "parent": 363, 
      "text": "", 
      "type": "LINE"
    }, 
    {
      "EOL": false, 
      "box": [
        684, 
        892, 
        378, 
        30
      ], 
      "id": 378, 
      "indented": false, 
      "parent": 363, 
      "text": "", 
      "type": "LINE"
    }, 
    {
      "EOL": false, 
      "box": [
        682, 
        924, 
        332, 
        30
      ], 
      "id": 379, 
      "indented": false, 
      "parent": 363, 
      "text": "", 
      "type": "LINE"
    }, 
    {
      "EOL": false, 
      "box": [
        682, 
        956, 
        380, 
        30
      ], 
      "id": 380, 
      "indented": false, 
      "parent": 363, 
      "text": "", 
      "type": "LINE"
    }, 
    {
      "addresses": [], 
      "box": [
        682, 
        220, 
        386, 
        766
      ], 
      "checked": false, 
      "id": 363, 
      "ner_xml": "<PER>Ouvrier fils</PER>,<ACT>poterte d'\u00e9-\ndain</ACT>.\n<CARDINAL>8</CARDINAL><PER>Queyriaux</PER>,<ACT>menuisier.\n40 Chambellain</ACT>,<ACT>charbon.\n</ACT><CARDINAL>12</CARDINAL><PER>Lefort</PER>,<ACT>lavoir public.\n</ACT><CARDINAL>32</CARDINAL><PER>Muriel</PER>,<ACT>bois d'\u0153uvre</ACT>.\n<CARDINAL>34</CARDINAL>Bouttevillain,<ACT>m\u00e9canic.\n36 Dervill\u00e9 et co., mar-\nbriers.\n\n</ACT><CARDINAL>44</CARDINAL>Dehaynin, (er charb.\n\n<CARDINAL>52</CARDINAL>Rothiacob(J. de)et co.,\ngranils.\n\n64 Gaitz, pu Ps\n<PER>Nicard</PER>,<ACT>vins.\n\n66 Ledoux et co., asphal.\n\n68 Cornillon</ACT>,<ACT>pierres de\nTonnerre</ACT>.\n\n<CARDINAL>72</CARDINAL>Grassot,<ACT>bois de b\u00e2t. \u00bb\n\n74</ACT><PER>Birckel (F.) et Loves-\nteau</PER>,<ACT>po\u00e9les.\n\n76 Lamy</ACT>,<ACT>charbons.\n\n78</ACT><PER>Soucherad (F.)</PER>,<ACT>pierr.\n\n92 Ducnenne fr., bois.\n\n96 Maire, charb. deterre</ACT>.\n", 
      "origin": "computer", 
      "parent": 362, 
      "persons": [
        "Ouvrier fils", 
        "Queyriaux", 
        "Lefort", 
        "Muriel", 
        "Nicard", 
        "Birckel (F.) et Loves-\nteau", 
        "Soucherad (F.)"
      ], 
      "text_ocr": "Ouvrier fils,poterte d'\u00e9-\ndain.\n8 Queyriaux, menuisier.\n40 Chambellain, charbon.\n12 Lefort, lavoir public.\n32 Muriel, bois d'\u0153uvre.\n34 Bouttevillain, m\u00e9canic.\n36 Dervill\u00e9 et co., mar-\nbriers.\n\n44 Dehaynin, (er charb.\n\n52 Rothiacob(J. de)et co.,\ngranils.\n\n64 Gaitz, pu Ps\nNicard, vins.\n\n66 Ledoux et co., asphal.\n\n68 Cornillon, pierres de\nTonnerre.\n\n72 Grassot, bois de b\u00e2t. \u00bb\n\n74 Birckel (F.) et Loves-\nteau, po\u00e9les.\n\n76 Lamy, charbons.\n\n78 Soucherad (F.), pierr.\n\n92 Ducnenne fr., bois.\n\n96 Maire, charb. deterre.\n", 
      "type": "ENTRY"
    }, 
    {
      "EOL": false, 
      "box": [
        668, 
        986, 
        394, 
        32
      ], 
      "id": 382, 
      "indented": true, 
      "parent": 381, 
      "text": "", 
      "type": "LINE"
    }, 
    {
      "addresses": [], 
      "box": [
        668, 
        986, 
        394, 
        32
      ], 
      "checked": false, 
      "id": 381, 
      "ner_xml": "<CARDINAL>102</CARDINAL>Potier,<ACT>lavoir public.\n</ACT>", 
      "origin": "computer", 
      "parent": 362, 
      "persons": [], 
      "text_ocr": "102 Potier, lavoir public.\n", 
      "type": "ENTRY"
    }, 
    {
      "EOL": false, 
      "box": [
        666, 
        1020, 
        394, 
        30
      ], 
      "id": 384, 
      "indented": true, 
      "parent": 383, 
      "text": "", 
      "type": "LINE"
    }, 
    {
      "addresses": [], 
      "box": [
        666, 
        1020, 
        394, 
        30
      ], 
      "checked": false, 
      "id": 383, 
      "ner_xml": "<CARDINAL>114</CARDINAL>Poisse,<ACT>petnt.</ACT><CARDINAL>8</CARDINAL>.<PER>porcel</PER>,\n", 
      "origin": "computer", 
      "parent": 362, 
      "persons": [
        "porcel"
      ], 
      "text_ocr": "114 Poisse, petnt. 8. porcel,\n", 
      "type": "ENTRY"
    }, 
    {
      "EOL": false, 
      "box": [
        666, 
        1052, 
        330, 
        30
      ], 
      "id": 386, 
      "indented": true, 
      "parent": 385, 
      "text": "", 
      "type": "LINE"
    }, 
    {
      "addresses": [], 
      "box": [
        666, 
        1052, 
        330, 
        30
      ], 
      "checked": false, 
      "id": 385, 
      "ner_xml": "<CARDINAL>116</CARDINAL><PER>Bruneau (A.) m\u00e9c.\n</PER>", 
      "origin": "computer", 
      "parent": 362, 
      "persons": [
        "Bruneau (A.) m\u00e9c.\n"
      ], 
      "text_ocr": "116 Bruneau (A.) m\u00e9c.\n", 
      "type": "ENTRY"
    }, 
    {
      "EOL": false, 
      "box": [
        668, 
        1084, 
        366, 
        30
      ], 
      "id": 388, 
      "indented": true, 
      "parent": 387, 
      "text": "", 
      "type": "LINE"
    }, 
    {
      "addresses": [], 
      "box": [
        668, 
        1084, 
        366, 
        30
      ], 
      "checked": false, 
      "id": 387, 
      "ner_xml": "<CARDINAL>134</CARDINAL>$ Lyonnet }\u00b0,<ACT>charuon.</ACT>\n", 
      "origin": "computer", 
      "parent": 362, 
      "persons": [], 
      "text_ocr": "134$ Lyonnet }\u00b0, charuon.\n", 
      "type": "ENTRY"
    }, 
    {
      "EOL": false, 
      "box": [
        666, 
        1114, 
        396, 
        32
      ], 
      "id": 390, 
      "indented": true, 
      "parent": 389, 
      "text": "", 
      "type": "LINE"
    }, 
    {
      "addresses": [], 
      "box": [
        666, 
        1114, 
        396, 
        32
      ], 
      "checked": false, 
      "id": 389, 
      "ner_xml": "<CARDINAL>136</CARDINAL><PER>Claude</PER>,<ACT>comm. de pol.\n</ACT>", 
      "origin": "computer", 
      "parent": 362, 
      "persons": [
        "Claude"
      ], 
      "text_ocr": "136 Claude, comm. de pol.\n", 
      "type": "ENTRY"
    }, 
    {
      "EOL": false, 
      "box": [
        668, 
        1148, 
        394, 
        62
      ], 
      "id": 392, 
      "indented": true, 
      "parent": 391, 
      "text": "", 
      "type": "LINE"
    }, 
    {
      "addresses": [], 
      "box": [
        668, 
        1148, 
        394, 
        62
      ], 
      "checked": false, 
      "id": 391, 
      "ner_xml": "<CARDINAL>138</CARDINAL><PER>Lamire (Mme)</PER>,<ACT>fl bmp.\nPhili-d'Orlez( Mlle)</ACT>,<ACT>cus.\n</ACT>", 
      "origin": "computer", 
      "parent": 362, 
      "persons": [
        "Lamire (Mme)"
      ], 
      "text_ocr": "138 Lamire (Mme), fl bmp.\nPhili-d'Orlez( Mlle), cus.\n", 
      "type": "ENTRY"
    }, 
    {
      "EOL": false, 
      "box": [
        668, 
        1212, 
        394, 
        60
      ], 
      "id": 394, 
      "indented": true, 
      "parent": 393, 
      "text": "", 
      "type": "LINE"
    }, 
    {
      "addresses": [], 
      "box": [
        668, 
        1212, 
        394, 
        60
      ], 
      "checked": false, 
      "id": 393, 
      "ner_xml": "<PER>Soliveau</PER>,<ACT>faptsster.</ACT>\n<CARDINAL>148</CARDINAL><PER>Raynal</PER>,<ACT>charb. de bois.\n</ACT>", 
      "origin": "computer", 
      "parent": 362, 
      "persons": [
        "Soliveau", 
        "Raynal"
      ], 
      "text_ocr": "Soliveau, faptsster.\n148 Raynal, charb. de bois.\n", 
      "type": "ENTRY"
    }, 
    {
      "EOL": false, 
      "box": [
        670, 
        1274, 
        392, 
        32
      ], 
      "id": 396, 
      "indented": true, 
      "parent": 395, 
      "text": "", 
      "type": "LINE"
    }, 
    {
      "addresses": [], 
      "box": [
        670, 
        1274, 
        392, 
        32
      ], 
      "checked": false, 
      "id": 395, 
      "ner_xml": "<CARDINAL>158</CARDINAL><PER>V\u00eatu (A )</PER>f. bronzes.\n", 
      "origin": "computer", 
      "parent": 362, 
      "persons": [
        "V\u00eatu (A )"
      ], 
      "text_ocr": "158 V\u00eatu (A ) f. bronzes.\n", 
      "type": "ENTRY"
    }, 
    {
      "EOL": false, 
      "box": [
        670, 
        1308, 
        278, 
        28
      ], 
      "id": 398, 
      "indented": true, 
      "parent": 397, 
      "text": "", 
      "type": "LINE"
    }, 
    {
      "addresses": [], 
      "box": [
        670, 
        1308, 
        278, 
        28
      ], 
      "checked": false, 
      "id": 397, 
      "ner_xml": "<CARDINAL>164</CARDINAL><PER>Villard</PER>,<ACT>save.</ACT>\n", 
      "origin": "computer", 
      "parent": 362, 
      "persons": [
        "Villard"
      ], 
      "text_ocr": "164 Villard, save.\n", 
      "type": "ENTRY"
    }, 
    {
      "EOL": false, 
      "box": [
        670, 
        1338, 
        334, 
        30
      ], 
      "id": 400, 
      "indented": true, 
      "parent": 399, 
      "text": "", 
      "type": "LINE"
    }, 
    {
      "addresses": [], 
      "box": [
        670, 
        1338, 
        334, 
        30
      ], 
      "checked": false, 
      "id": 399, 
      "ner_xml": "<CARDINAL>180</CARDINAL><PER>Amiot</PER>,<ACT>fontatnter.\n</ACT>", 
      "origin": "computer", 
      "parent": 362, 
      "persons": [
        "Amiot"
      ], 
      "text_ocr": "180 Amiot, fontatnter.\n", 
      "type": "ENTRY"
    }, 
    {
      "EOL": false, 
      "box": [
        670, 
        1370, 
        394, 
        32
      ], 
      "id": 402, 
      "indented": true, 
      "parent": 401, 
      "text": "", 
      "type": "LINE"
    }, 
    {
      "addresses": [
        {
          "street_name": "p.-vti.\n", 
          "street_numbers": []
        }
      ], 
      "box": [
        670, 
        1370, 
        394, 
        32
      ], 
      "checked": false, 
      "id": 401, 
      "ner_xml": "<CARDINAL>182</CARDINAL><PER>Leduc fils a\u00een\u00e9</PER>,<LOC>p.-vti.\n</LOC>", 
      "origin": "computer", 
      "parent": 362, 
      "persons": [
        "Leduc fils a\u00een\u00e9"
      ], 
      "text_ocr": "182 Leduc fils a\u00een\u00e9, p.-vti.\n", 
      "type": "ENTRY"
    }, 
    {
      "EOL": false, 
      "box": [
        670, 
        1402, 
        396, 
        62
      ], 
      "id": 404, 
      "indented": true, 
      "parent": 403, 
      "text": "", 
      "type": "LINE"
    }, 
    {
      "EOL": false, 
      "box": [
        670, 
        1466, 
        394, 
        32
      ], 
      "id": 405, 
      "indented": false, 
      "parent": 403, 
      "text": "", 
      "type": "LINE"
    }, 
    {
      "EOL": false, 
      "box": [
        670, 
        1498, 
        394, 
        30
      ], 
      "id": 406, 
      "indented": false, 
      "parent": 403, 
      "text": "", 
      "type": "LINE"
    }, 
    {
      "EOL": false, 
      "box": [
        672, 
        1530, 
        396, 
        62
      ], 
      "id": 407, 
      "indented": false, 
      "parent": 403, 
      "text": "", 
      "type": "LINE"
    }, 
    {
      "EOL": false, 
      "box": [
        672, 
        1594, 
        396, 
        88
      ], 
      "id": 408, 
      "indented": false, 
      "parent": 403, 
      "text": "", 
      "type": "LINE"
    }, 
    {
      "EOL": false, 
      "box": [
        672, 
        1690, 
        394, 
        30
      ], 
      "id": 409, 
      "indented": false, 
      "parent": 403, 
      "text": "", 
      "type": "LINE"
    }, 
    {
      "EOL": false, 
      "box": [
        672, 
        1722, 
        394, 
        94
      ], 
      "id": 410, 
      "indented": false, 
      "parent": 403, 
      "text": "", 
      "type": "LINE"
    }, 
    {
      "EOL": false, 
      "box": [
        672, 
        1818, 
        336, 
        62
      ], 
      "id": 411, 
      "indented": false, 
      "parent": 403, 
      "text": "", 
      "type": "LINE"
    }, 
    {
      "addresses": [], 
      "box": [
        670, 
        1402, 
        398, 
        478
      ], 
      "checked": false, 
      "id": 403, 
      "ner_xml": "Marchois }<PER>j\u00b0</PER>,<ACT>tayel. +\n</ACT><CARDINAL>186</CARDINAL>Ro du\n<CARDINAL>188</CARDINAL><PER>Bacuollet</PER>,<ACT>f. de plaq.\n190 Donneaud et co., f. de\nbougies.\n\n192 Parisot et Bourdon</ACT>,<ACT>ro-\nbinels. sp\n\n194 Bourdillat Leblanc</ACT>,<ACT>bois\n\u00e0 br\u00e2ler</ACT>.\n\n<CARDINAL>196</CARDINAL>Dardespinne et<ACT>comp.</ACT>,\nchaux.\n\n202 Daus,<ACT>d\u00e9m\u00e9nagement.\n\nMaubouch\u00e9</ACT>,<ACT>claviers p.\n\npianos.\n204 Charton (P.)</ACT>,<ACT>vins.\n</ACT>", 
      "origin": "computer", 
      "parent": 362, 
      "persons": [
        "j\u00b0", 
        "Bacuollet"
      ], 
      "text_ocr": "Marchois }j\u00b0, tayel. +\n186 Ro du\n188 Bacuollet, f. de plaq.\n190 Donneaud et co., f. de\nbougies.\n\n192 Parisot et Bourdon, ro-\nbinels. sp\n\n194 Bourdillat Leblanc, bois\n\u00e0 br\u00e2ler.\n\n196 Dardespinne et comp.,\nchaux.\n\n202 Daus, d\u00e9m\u00e9nagement.\n\nMaubouch\u00e9, claviers p.\n\npianos.\n204 Charton (P.), vins.\n", 
      "type": "ENTRY"
    }, 
    {
      "EOL": false, 
      "box": [
        670, 
        1882, 
        396, 
        92
      ], 
      "id": 413, 
      "indented": true, 
      "parent": 412, 
      "text": "", 
      "type": "LINE"
    }, 
    {
      "EOL": false, 
      "box": [
        672, 
        1976, 
        396, 
        64
      ], 
      "id": 414, 
      "indented": false, 
      "parent": 412, 
      "text": "", 
      "type": "LINE"
    }, 
    {
      "EOL": false, 
      "box": [
        672, 
        2042, 
        394, 
        154
      ], 
      "id": 415, 
      "indented": false, 
      "parent": 412, 
      "text": "", 
      "type": "LINE"
    }, 
    {
      "EOL": false, 
      "box": [
        672, 
        2198, 
        398, 
        128
      ], 
      "id": 416, 
      "indented": false, 
      "parent": 412, 
      "text": "", 
      "type": "LINE"
    }, 
    {
      "EOL": false, 
      "box": [
        672, 
        2328, 
        396, 
        60
      ], 
      "id": 417, 
      "indented": false, 
      "parent": 412, 
      "text": "", 
      "type": "LINE"
    }, 
    {
      "EOL": false, 
      "box": [
        672, 
        2390, 
        396, 
        30
      ], 
      "id": 418, 
      "indented": false, 
      "parent": 412, 
      "text": "", 
      "type": "LINE"
    }, 
    {
      "EOL": false, 
      "box": [
        672, 
        2422, 
        368, 
        28
      ], 
      "id": 419, 
      "indented": false, 
      "parent": 412, 
      "text": "", 
      "type": "LINE"
    }, 
    {
      "addresses": [], 
      "box": [
        670, 
        1882, 
        400, 
        568
      ], 
      "checked": false, 
      "id": 412, 
      "ner_xml": "<PER>Perel el CO.</PER>,<ACT>cimens.\n206 Desprats</ACT>,<ACT>peiut.</ACT><CARDINAL>8</CARDINAL>.<PER>por.\nHubert</PER>,<ACT>toiles cir\u00e9es.\nLerouge</ACT>,<ACT>m\u00e9canicien.\n</ACT><CARDINAL>208</CARDINAL>Forges de la Provi-\nderce.\nCastillon du Portail,\nadmin. des forges.\n<PER>Pig\u00e9 (L.)</PER>,<ACT>g\u00e9rant id.\n210 Entrep\u00f4t des sels.\nIsambert</ACT>,<ACT>contr\u00f4leur.\n</ACT><CARDINAL>212</CARDINAL>Entrep.<ACT>sucr. indig\u00e8n</ACT>.\nEntrep. de l'octroi.\nDupont et Dreyfus,<ACT>me-\ntaux.\n216 Lucotte (J.)</ACT>,<ACT>charron.\n224 Pommier %, droguer.\n226 Denille, pointes m\u00e9c.\n</ACT>", 
      "origin": "computer", 
      "parent": 362, 
      "persons": [
        "Perel el CO.", 
        "por.\nHubert", 
        "Pig\u00e9 (L.)"
      ], 
      "text_ocr": "Perel el CO., cimens.\n206 Desprats, peiut. 8. por.\nHubert, toiles cir\u00e9es.\nLerouge, m\u00e9canicien.\n208 Forges de la Provi-\nderce.\nCastillon du Portail,\nadmin. des forges.\nPig\u00e9 (L.), g\u00e9rant id.\n210 Entrep\u00f4t des sels.\nIsambert, contr\u00f4leur.\n212 Entrep. sucr. indig\u00e8n.\nEntrep. de l'octroi.\nDupont et Dreyfus, me-\ntaux.\n216 Lucotte (J.), charron.\n224 Pommier %, droguer.\n226 Denille, pointes m\u00e9c.\n", 
      "type": "ENTRY"
    }, 
    {
      "EOL": false, 
      "box": [
        672, 
        2452, 
        398, 
        32
      ], 
      "id": 421, 
      "indented": true, 
      "parent": 420, 
      "text": "", 
      "type": "LINE"
    }, 
    {
      "addresses": [], 
      "box": [
        672, 
        2452, 
        398, 
        32
      ], 
      "checked": false, 
      "id": 420, 
      "ner_xml": "<CARDINAL>228</CARDINAL><PER>Lacordaire (3.) et Men-\n</PER>", 
      "origin": "computer", 
      "parent": 362, 
      "persons": [
        "Lacordaire (3.) et Men-\n"
      ], 
      "text_ocr": "228 Lacordaire (3.) et Men-\n", 
      "type": "ENTRY"
    }, 
    {
      "EOL": false, 
      "box": [
        672, 
        2486, 
        268, 
        60
      ], 
      "id": 423, 
      "indented": true, 
      "parent": 422, 
      "text": "", 
      "type": "LINE"
    }, 
    {
      "addresses": [], 
      "box": [
        672, 
        2486, 
        268, 
        60
      ], 
      "checked": false, 
      "id": 422, 
      "ner_xml": "<PER>tion</PER>,<ACT>ciment.\n232 Jouet</ACT>,<ACT>cimens.\n</ACT>", 
      "origin": "computer", 
      "parent": 362, 
      "persons": [
        "tion"
      ], 
      "text_ocr": "tion, ciment.\n232 Jouet, cimens.\n", 
      "type": "ENTRY"
    }, 
    {
      "EOL": false, 
      "box": [
        690, 
        2548, 
        266, 
        32
      ], 
      "id": 425, 
      "indented": true, 
      "parent": 424, 
      "text": "", 
      "type": "LINE"
    }, 
    {
      "addresses": [], 
      "box": [
        690, 
        2548, 
        266, 
        32
      ], 
      "checked": false, 
      "id": 424, 
      "ner_xml": "<CARDINAL>34</CARDINAL><PER>Pivoteau</PER>,<ACT>vins.\n</ACT>", 
      "origin": "computer", 
      "parent": 362, 
      "persons": [
        "Pivoteau"
      ], 
      "text_ocr": "34 Pivoteau, vins.\n", 
      "type": "ENTRY"
    }, 
    {
      "EOL": false, 
      "box": [
        672, 
        2580, 
        398, 
        30
      ], 
      "id": 427, 
      "indented": true, 
      "parent": 426, 
      "text": "", 
      "type": "LINE"
    }, 
    {
      "addresses": [], 
      "box": [
        672, 
        2580, 
        398, 
        30
      ], 
      "checked": false, 
      "id": 426, 
      "ner_xml": "<CARDINAL>240</CARDINAL><PER>Anceau</PER>,<ACT>chaux et ct-\n</ACT>", 
      "origin": "computer", 
      "parent": 362, 
      "persons": [
        "Anceau"
      ], 
      "text_ocr": "240 Anceau, chaux et ct-\n", 
      "type": "ENTRY"
    }, 
    {
      "EOL": false, 
      "box": [
        672, 
        2618, 
        396, 
        58
      ], 
      "id": 429, 
      "indented": true, 
      "parent": 428, 
      "text": "", 
      "type": "LINE"
    }, 
    {
      "addresses": [], 
      "box": [
        672, 
        2618, 
        396, 
        58
      ], 
      "checked": false, 
      "id": 428, 
      "ner_xml": "<TITRE>Mens</TITRE>. p\n<CARDINAL>242</CARDINAL>Lacasse(MmeE.),tourb.\n", 
      "origin": "computer", 
      "parent": 362, 
      "persons": [], 
      "text_ocr": "Mens. p\n242 Lacasse(MmeE.),tourb.\n", 
      "type": "ENTRY"
    }, 
    {
      "EOL": false, 
      "box": [
        672, 
        2674, 
        372, 
        32
      ], 
      "id": 431, 
      "indented": true, 
      "parent": 430, 
      "text": "", 
      "type": "LINE"
    }, 
    {
      "addresses": [], 
      "box": [
        672, 
        2674, 
        372, 
        32
      ], 
      "checked": false, 
      "id": 430, 
      "ner_xml": "<CARDINAL>244</CARDINAL><PER>Mauduit</PER>,<ACT>vins en d\u00e9t.\n</ACT>", 
      "origin": "computer", 
      "parent": 362, 
      "persons": [
        "Mauduit"
      ], 
      "text_ocr": "244 Mauduit, vins en d\u00e9t.\n", 
      "type": "ENTRY"
    }, 
    {
      "EOL": false, 
      "box": [
        670, 
        2708, 
        396, 
        126
      ], 
      "id": 433, 
      "indented": true, 
      "parent": 432, 
      "text": "", 
      "type": "LINE"
    }, 
    {
      "addresses": [], 
      "box": [
        670, 
        2708, 
        396, 
        126
      ], 
      "checked": false, 
      "id": 432, 
      "ner_xml": "<CARDINAL>246</CARDINAL><PER>Bonnel</PER>je,<ACT>crin.\nCoulon</ACT>,<ACT>feint.en peaux</ACT>.\n<PER>Debray</PER>,<ACT>tourn. \u00a9.\nGermain</ACT>,<ACT>vins.\n</ACT>", 
      "origin": "computer", 
      "parent": 362, 
      "persons": [
        "Bonnel", 
        "Debray"
      ], 
      "text_ocr": "246 Bonnel je, crin.\nCoulon, feint.en peaux.\nDebray, tourn. \u00a9.\nGermain, vins.\n", 
      "type": "ENTRY"
    }, 
    {
      "box": [
        662, 
        218, 
        410, 
        2616
      ], 
      "id": 362, 
      "parent": 361, 
      "type": "COLUMN_LEVEL_2"
    }, 
    {
      "box": [
        662, 
        218, 
        410, 
        2616
      ], 
      "id": 361, 
      "parent": 360, 
      "type": "SECTION_LEVEL_2"
    }, 
    {
      "box": [
        662, 
        218, 
        410, 
        2620
      ], 
      "id": 360, 
      "parent": 258, 
      "type": "COLUMN_LEVEL_1"
    }, 
    {
      "EOL": false, 
      "box": [
        1094, 
        224, 
        398, 
        256
      ], 
      "id": 438, 
      "indented": false, 
      "parent": 437, 
      "text": "", 
      "type": "LINE"
    }, 
    {
      "EOL": false, 
      "box": [
        1094, 
        482, 
        398, 
        254
      ], 
      "id": 439, 
      "indented": false, 
      "parent": 437, 
      "text": "", 
      "type": "LINE"
    }, 
    {
      "EOL": false, 
      "box": [
        1094, 
        736, 
        396, 
        60
      ], 
      "id": 440, 
      "indented": false, 
      "parent": 437, 
      "text": "", 
      "type": "LINE"
    }, 
    {
      "EOL": false, 
      "box": [
        1094, 
        800, 
        398, 
        62
      ], 
      "id": 441, 
      "indented": false, 
      "parent": 437, 
      "text": "", 
      "type": "LINE"
    }, 
    {
      "EOL": false, 
      "box": [
        1092, 
        864, 
        400, 
        66
      ], 
      "id": 442, 
      "indented": false, 
      "parent": 437, 
      "text": "", 
      "type": "LINE"
    }, 
    {
      "EOL": false, 
      "box": [
        1092, 
        930, 
        266, 
        60
      ], 
      "id": 443, 
      "indented": false, 
      "parent": 437, 
      "text": "", 
      "type": "LINE"
    }, 
    {
      "addresses": [], 
      "box": [
        1092, 
        224, 
        400, 
        766
      ], 
      "checked": false, 
      "id": 437, 
      "ner_xml": "<PER>Manertz</PER>,<ACT>franchets.\nNicot</ACT>,<ACT>charron.\n\n248 Bajard</ACT>,<ACT>m\u00e9canicien.\nBertaux</ACT>,<ACT>garn. parap</ACT>.\nBois,<ACT>acier poli.\nFurnaux</ACT>,<ACT>scierie. :\nLamotte</ACT>,<ACT>propri\u00e9taire.\nLampou et Sach\u00e9</ACT>,<ACT>taill.\n\nsur crisiaux.\nSaccalais, acier poli.\nSeug\u00e9 (Mme)</ACT>,<ACT>lacets.\nSim\u00e9on (Ve),acier poli.\n</ACT>Usine hydr. des R\u00e9col-\nlets.<PER>Michel fils et co.</PER>,\ndirect.\n\n236 Dusseau et<ACT>fils engrais.\n\n258 Chappuis (Emile),char.\n\nde terre</ACT>.\n\n<CARDINAL>260</CARDINAL>Bouguet (<PER>F.)</PER>,<ACT>cire \u00e0\nrs is\n\niss</ACT>,<ACT>prod. chimig.\n\n288 Guill\u00e9t et Janin</ACT>,<ACT>m\u00e9ca-\n\nniciens.\n\n292 Carbon</ACT>,<ACT>vins.\n</ACT>", 
      "origin": "computer", 
      "parent": 436, 
      "persons": [
        "Manertz", 
        "Michel fils et co.", 
        "F.)"
      ], 
      "text_ocr": "Manertz, franchets.\nNicot, charron.\n\n248 Bajard, m\u00e9canicien.\nBertaux, garn. parap.\nBois, acier poli.\nFurnaux, scierie. :\nLamotte, propri\u00e9taire.\nLampou et Sach\u00e9, taill.\n\nsur crisiaux.\nSaccalais, acier poli.\nSeug\u00e9 (Mme), lacets.\nSim\u00e9on (Ve),acier poli.\nUsine hydr. des R\u00e9col-\nlets. Michel fils et co.,\ndirect.\n\n236 Dusseau et fils engrais.\n\n258 Chappuis (Emile),char.\n\nde terre.\n\n260 Bouguet (F.), cire \u00e0\nrs is\n\niss, prod. chimig.\n\n288 Guill\u00e9t et Janin, m\u00e9ca-\n\nniciens.\n\n292 Carbon, vins.\n", 
      "type": "ENTRY"
    }, 
    {
      "EOL": false, 
      "box": [
        1092, 
        992, 
        400, 
        256
      ], 
      "id": 445, 
      "indented": true, 
      "parent": 444, 
      "text": "", 
      "type": "LINE"
    }, 
    {
      "addresses": [], 
      "box": [
        1092, 
        992, 
        400, 
        256
      ], 
      "checked": false, 
      "id": 444, 
      "ner_xml": "<CARDINAL>298</CARDINAL><PER>Baraduc</PER>,<ACT>acier poli.\nBarrelier, \u00e9peronnier.\nDelauzanne</ACT>,<ACT>f. de bout.\nDorigny</ACT>,<ACT>scierie hydr.\nJacquet</ACT>,<ACT>acier poli.\nLamiral, d\u00e9ch. de lain.\nLaurent</ACT>,<ACT>foulage.\nMarteaux a\u00een\u00e9</ACT>,<ACT>scierie\n</ACT>", 
      "origin": "computer", 
      "parent": 436, 
      "persons": [
        "Baraduc"
      ], 
      "text_ocr": "298 Baraduc, acier poli.\nBarrelier, \u00e9peronnier.\nDelauzanne, f. de bout.\nDorigny, scierie hydr.\nJacquet, acier poli.\nLamiral, d\u00e9ch. de lain.\nLaurent, foulage.\nMarteaux a\u00een\u00e9, scierie\n", 
      "type": "ENTRY"
    }, 
    {
      "EOL": false, 
      "box": [
        1092, 
        1250, 
        386, 
        126
      ], 
      "id": 447, 
      "indented": true, 
      "parent": 446, 
      "text": "", 
      "type": "LINE"
    }, 
    {
      "addresses": [], 
      "box": [
        1092, 
        1250, 
        386, 
        126
      ], 
      "checked": false, 
      "id": 446, 
      "ner_xml": "m\u00e9canique.\n<PER>Renaut</PER>,<ACT>scierie m\u00e9c.\nTeveny, pol. s. acier.\n</ACT><CARDINAL>302</CARDINAL>Noirot G.), pl\u00fbtrier.\n", 
      "origin": "computer", 
      "parent": 436, 
      "persons": [
        "Renaut"
      ], 
      "text_ocr": "m\u00e9canique.\nRenaut, scierie m\u00e9c.\nTeveny, pol. s. acier.\n302 Noirot G.), pl\u00fbtrier.\n", 
      "type": "ENTRY"
    }, 
    {
      "EOL": false, 
      "box": [
        1094, 
        1376, 
        280, 
        30
      ], 
      "id": 449, 
      "indented": true, 
      "parent": 448, 
      "text": "", 
      "type": "LINE"
    }, 
    {
      "addresses": [], 
      "box": [
        1094, 
        1376, 
        280, 
        30
      ], 
      "checked": false, 
      "id": 448, 
      "ner_xml": "<CARDINAL>316</CARDINAL>Revenaz,<ACT>vins.\n</ACT>", 
      "origin": "computer", 
      "parent": 436, 
      "persons": [], 
      "text_ocr": "316 Revenaz, vins.\n", 
      "type": "ENTRY"
    }, 
    {
      "EOL": false, 
      "box": [
        1094, 
        1408, 
        328, 
        32
      ], 
      "id": 451, 
      "indented": true, 
      "parent": 450, 
      "text": "", 
      "type": "LINE"
    }, 
    {
      "addresses": [], 
      "box": [
        1094, 
        1408, 
        328, 
        32
      ], 
      "checked": false, 
      "id": 450, 
      "ner_xml": "<CARDINAL>320</CARDINAL><PER>Japy</PER>fr., \u00e9lamage.\n", 
      "origin": "computer", 
      "parent": 436, 
      "persons": [
        "Japy"
      ], 
      "text_ocr": "320 Japy fr., \u00e9lamage.\n", 
      "type": "ENTRY"
    }, 
    {
      "box": [
        1086, 
        220, 
        414, 
        1222
      ], 
      "id": 436, 
      "parent": 435, 
      "type": "COLUMN_LEVEL_2"
    }, 
    {
      "box": [
        1086, 
        220, 
        414, 
        1222
      ], 
      "id": 435, 
      "parent": 434, 
      "type": "SECTION_LEVEL_2"
    }, 
    {
      "EOL": false, 
      "box": [
        1094, 
        1466, 
        394, 
        32
      ], 
      "id": 455, 
      "indented": false, 
      "parent": 454, 
      "text": "", 
      "type": "LINE"
    }, 
    {
      "addresses": [], 
      "box": [
        1094, 
        1466, 
        394, 
        32
      ], 
      "checked": false, 
      "id": 454, 
      "ner_xml": "<PER>JERUSALEM (r. de)</PER>,<TITRE>q.des\n</TITRE>", 
      "origin": "computer", 
      "parent": 453, 
      "persons": [
        "JERUSALEM (r. de)"
      ], 
      "text_ocr": "JERUSALEM (r. de), q.des\n", 
      "type": "ENTRY"
    }, 
    {
      "EOL": false, 
      "box": [
        1112, 
        1498, 
        380, 
        30
      ], 
      "id": 457, 
      "indented": true, 
      "parent": 456, 
      "text": "", 
      "type": "LINE"
    }, 
    {
      "addresses": [
        {
          "street_name": "OUrf\u00e8vres", 
          "street_numbers": [
            "20"
          ]
        }
      ], 
      "box": [
        1112, 
        1498, 
        380, 
        30
      ], 
      "checked": false, 
      "id": 456, 
      "ner_xml": "<LOC>OUrf\u00e8vres</LOC>,<CARDINAL>20</CARDINAL>-26.\u2014 XI.<PER>Pa-\n</PER>", 
      "origin": "computer", 
      "parent": 453, 
      "persons": [
        "Pa-\n"
      ], 
      "text_ocr": "OUrf\u00e8vres, 20-26.\u2014 XI. Pa-\n", 
      "type": "ENTRY"
    }, 
    {
      "EOL": false, 
      "box": [
        1112, 
        1528, 
        226, 
        28
      ], 
      "id": 459, 
      "indented": true, 
      "parent": 458, 
      "text": "", 
      "type": "LINE"
    }, 
    {
      "addresses": [], 
      "box": [
        1112, 
        1528, 
        226, 
        28
      ], 
      "checked": false, 
      "id": 458, 
      "ner_xml": "lais-de-Justice.\n", 
      "origin": "computer", 
      "parent": 453, 
      "persons": [], 
      "text_ocr": "lais-de-Justice.\n", 
      "type": "ENTRY"
    }, 
    {
      "EOL": false, 
      "box": [
        1112, 
        1570, 
        312, 
        30
      ], 
      "id": 461, 
      "indented": true, 
      "parent": 460, 
      "text": "", 
      "type": "LINE"
    }, 
    {
      "addresses": [], 
      "box": [
        1112, 
        1570, 
        312, 
        30
      ], 
      "checked": false, 
      "id": 460, 
      "ner_xml": "<CARDINAL>1</CARDINAL>Toitot.,<ACT>limonadier.\n</ACT>", 
      "origin": "computer", 
      "parent": 453, 
      "persons": [], 
      "text_ocr": "1 Toitot., limonadier.\n", 
      "type": "ENTRY"
    }, 
    {
      "EOL": false, 
      "box": [
        1112, 
        1602, 
        266, 
        30
      ], 
      "id": 463, 
      "indented": true, 
      "parent": 462, 
      "text": "", 
      "type": "LINE"
    }, 
    {
      "addresses": [], 
      "box": [
        1112, 
        1602, 
        266, 
        30
      ], 
      "checked": false, 
      "id": 462, 
      "ner_xml": "\u00e0<PER>Boutin</PER>,<ACT>relieur.\n</ACT>", 
      "origin": "computer", 
      "parent": 453, 
      "persons": [
        "Boutin"
      ], 
      "text_ocr": "\u00e0 Boutin, relieur.\n", 
      "type": "ENTRY"
    }, 
    {
      "EOL": false, 
      "box": [
        1112, 
        1634, 
        310, 
        96
      ], 
      "id": 465, 
      "indented": true, 
      "parent": 464, 
      "text": "", 
      "type": "LINE"
    }, 
    {
      "addresses": [], 
      "box": [
        1112, 
        1634, 
        310, 
        96
      ], 
      "checked": false, 
      "id": 464, 
      "ner_xml": "<PER>Buis (G.)</PER>,<ACT>traduct.\nPelletier</ACT>,<ACT>vins.\n5 Harivet</ACT>,<ACT>vins.\n</ACT>", 
      "origin": "computer", 
      "parent": 453, 
      "persons": [
        "Buis (G.)"
      ], 
      "text_ocr": "Buis (G.), traduct.\nPelletier, vins.\n5 Harivet, vins.\n", 
      "type": "ENTRY"
    }, 
    {
      "EOL": false, 
      "box": [
        1110, 
        1732, 
        348, 
        60
      ], 
      "id": 467, 
      "indented": true, 
      "parent": 466, 
      "text": "", 
      "type": "LINE"
    }, 
    {
      "addresses": [], 
      "box": [
        1110, 
        1732, 
        348, 
        60
      ], 
      "checked": false, 
      "id": 466, 
      "ner_xml": "<PER>Luquet</PER>,<ACT>limonadier.\n</ACT><CARDINAL>7</CARDINAL>Pr\u00e9fecture de Police.\n", 
      "origin": "computer", 
      "parent": 453, 
      "persons": [
        "Luquet"
      ], 
      "text_ocr": "Luquet, limonadier.\n7 Pr\u00e9fecture de Police.\n", 
      "type": "ENTRY"
    }, 
    {
      "EOL": false, 
      "box": [
        1148, 
        1796, 
        340, 
        64
      ], 
      "id": 469, 
      "indented": true, 
      "parent": 468, 
      "text": "", 
      "type": "LINE"
    }, 
    {
      "addresses": [
        {
          "street_name": "Pietri", 
          "street_numbers": [
            "0"
          ]
        }
      ], 
      "box": [
        1148, 
        1796, 
        340, 
        64
      ], 
      "checked": false, 
      "id": 468, 
      "ner_xml": "<LOC>Pietri</LOC><CARDINAL>0</CARDINAL>. %,<ACT>pr\u00e9fet.\nSaulxure (de)</ACT>,<ACT>sec. g\u00e9n.\n</ACT>", 
      "origin": "computer", 
      "parent": 453, 
      "persons": [], 
      "text_ocr": "Pietri 0. %, pr\u00e9fet.\nSaulxure (de), sec. g\u00e9n.\n", 
      "type": "ENTRY"
    }, 
    {
      "box": [
        1088, 
        1466, 
        408, 
        398
      ], 
      "id": 453, 
      "parent": 452, 
      "type": "COLUMN_LEVEL_2"
    }, 
    {
      "box": [
        1086, 
        1466, 
        414, 
        398
      ], 
      "id": 452, 
      "parent": 434, 
      "type": "SECTION_LEVEL_2"
    }, 
    {
      "EOL": false, 
      "box": [
        1096, 
        1890, 
        394, 
        26
      ], 
      "id": 473, 
      "indented": true, 
      "parent": 472, 
      "text": "", 
      "type": "LINE"
    }, 
    {
      "EOL": false, 
      "box": [
        1114, 
        1918, 
        378, 
        30
      ], 
      "id": 474, 
      "indented": false, 
      "parent": 472, 
      "text": "", 
      "type": "LINE"
    }, 
    {
      "EOL": false, 
      "box": [
        1114, 
        1950, 
        376, 
        32
      ], 
      "id": 475, 
      "indented": false, 
      "parent": 472, 
      "text": "", 
      "type": "LINE"
    }, 
    {
      "EOL": false, 
      "box": [
        1112, 
        1982, 
        378, 
        32
      ], 
      "id": 476, 
      "indented": false, 
      "parent": 472, 
      "text": "", 
      "type": "LINE"
    }, 
    {
      "EOL": false, 
      "box": [
        1114, 
        2022, 
        376, 
        32
      ], 
      "id": 477, 
      "indented": false, 
      "parent": 472, 
      "text": "", 
      "type": "LINE"
    }, 
    {
      "addresses": [
        {
          "street_name": "Temple", 
          "street_numbers": [
            "32", 
            "45.\u2014", 
            "4"
          ]
        }
      ], 
      "box": [
        1096, 
        1890, 
        396, 
        164
      ], 
      "checked": false, 
      "id": 472, 
      "ner_xml": "<PER>JEU-DE-BOULES (Pass.au)</PER>,\nde la r. des Foss\u00e9s-du-\n<LOC>Temple</LOC>,<CARDINAL>32</CARDINAL>, \u00e0 la r. de\nMalte,<CARDINAL>45.\u2014</CARDINAL>VI. Th\u00e9\u00e2ires.\n<CARDINAL>4</CARDINAL><PER>Delarbre</PER>,<ACT>entr. de b\u00e2t.\n</ACT>", 
      "origin": "computer", 
      "parent": 471, 
      "persons": [
        "JEU-DE-BOULES (Pass.au)", 
        "Delarbre"
      ], 
      "text_ocr": "JEU-DE-BOULES (Pass.au),\nde la r. des Foss\u00e9s-du-\nTemple, 32, \u00e0 la r. de\nMalte, 45.\u2014 VI. Th\u00e9\u00e2ires.\n4 Delarbre, entr. de b\u00e2t.\n", 
      "type": "ENTRY"
    }, 
    {
      "EOL": false, 
      "box": [
        1148, 
        2056, 
        342, 
        32
      ], 
      "id": 479, 
      "indented": true, 
      "parent": 478, 
      "text": "", 
      "type": "LINE"
    }, 
    {
      "EOL": false, 
      "box": [
        1114, 
        2088, 
        376, 
        62
      ], 
      "id": 480, 
      "indented": false, 
      "parent": 478, 
      "text": "", 
      "type": "LINE"
    }, 
    {
      "EOL": false, 
      "box": [
        1116, 
        2150, 
        360, 
        34
      ], 
      "id": 481, 
      "indented": false, 
      "parent": 478, 
      "text": "", 
      "type": "LINE"
    }, 
    {
      "EOL": false, 
      "box": [
        1112, 
        2182, 
        378, 
        64
      ], 
      "id": 482, 
      "indented": false, 
      "parent": 478, 
      "text": "", 
      "type": "LINE"
    }, 
    {
      "EOL": false, 
      "box": [
        1114, 
        2248, 
        320, 
        30
      ], 
      "id": 483, 
      "indented": false, 
      "parent": 478, 
      "text": "", 
      "type": "LINE"
    }, 
    {
      "addresses": [], 
      "box": [
        1112, 
        2056, 
        378, 
        222
      ], 
      "checked": false, 
      "id": 478, 
      "ner_xml": "<PER>Lespiaut</PER>, usi.dechasse.\n<CARDINAL>2</CARDINAL><PER>Huguenin</PER>,<ACT>menuisier.\nMailerange</ACT>,<ACT>ten. de liv.\n4 Croizy (J.)</ACT>,<ACT>\u00e9maill.\n</ACT>,<PER>Ouin-Delacroix</PER>,<ACT>bronze.\n7 Vincent</ACT>,<ACT>savon.\n9 Wallner</ACT>,<ACT>sculpteur.\n</ACT>", 
      "origin": "computer", 
      "parent": 471, 
      "persons": [
        "Lespiaut", 
        "Huguenin", 
        "Ouin-Delacroix"
      ], 
      "text_ocr": "Lespiaut, usi.dechasse.\n2 Huguenin, menuisier.\nMailerange, ten. de liv.\n4 Croizy (J.), \u00e9maill.\n, Ouin-Delacroix, bronze.\n7 Vincent, savon.\n9 Wallner, sculpteur.\n", 
      "type": "ENTRY"
    }, 
    {
      "box": [
        1090, 
        1890, 
        408, 
        388
      ], 
      "id": 471, 
      "parent": 470, 
      "type": "COLUMN_LEVEL_2"
    }, 
    {
      "box": [
        1086, 
        1890, 
        414, 
        388
      ], 
      "id": 470, 
      "parent": 434, 
      "type": "SECTION_LEVEL_2"
    }, 
    {
      "EOL": false, 
      "box": [
        1098, 
        2318, 
        394, 
        28
      ], 
      "id": 487, 
      "indented": true, 
      "parent": 486, 
      "text": "", 
      "type": "LINE"
    }, 
    {
      "EOL": false, 
      "box": [
        1116, 
        2348, 
        376, 
        32
      ], 
      "id": 488, 
      "indented": false, 
      "parent": 486, 
      "text": "", 
      "type": "LINE"
    }, 
    {
      "EOL": false, 
      "box": [
        1116, 
        2382, 
        378, 
        28
      ], 
      "id": 489, 
      "indented": false, 
      "parent": 486, 
      "text": "", 
      "type": "LINE"
    }, 
    {
      "EOL": false, 
      "box": [
        1118, 
        2412, 
        206, 
        32
      ], 
      "id": 490, 
      "indented": false, 
      "parent": 486, 
      "text": "", 
      "type": "LINE"
    }, 
    {
      "EOL": false, 
      "box": [
        1116, 
        2452, 
        374, 
        64
      ], 
      "id": 491, 
      "indented": false, 
      "parent": 486, 
      "text": "", 
      "type": "LINE"
    }, 
    {
      "addresses": [
        {
          "street_name": "Moutmartre", 
          "street_numbers": [
            "158", 
            "160"
          ]
        }
      ], 
      "box": [
        1098, 
        2318, 
        396, 
        198
      ], 
      "checked": false, 
      "id": 486, 
      "ner_xml": "<PER>JEUNEURS (r. des)</PER>,<ACT>CG. r.\n\nPoissonni\u00e8re</ACT>,<CARDINAL>5</CARDINAL>-<CARDINAL>7</CARDINAL>,<TITRE>F. r.\n\n</TITRE><LOC>Moutmartre</LOC>,<CARDINAL>158</CARDINAL>-<CARDINAL>160</CARDINAL>. \u2014\n\nLI.<PER>St-Joseph.\n\nA Carnet</PER>,<ACT>dessinateur.\nEhllinger et Ill</ACT>,<ACT>dessi-\n</ACT>", 
      "origin": "computer", 
      "parent": 485, 
      "persons": [
        "JEUNEURS (r. des)", 
        "St-Joseph.\n\nA Carnet"
      ], 
      "text_ocr": "JEUNEURS (r. des), CG. r.\n\nPoissonni\u00e8re, 5-7, F. r.\n\nMoutmartre, 158-160. \u2014\n\nLI. St-Joseph.\n\nA Carnet, dessinateur.\nEhllinger et Ill, dessi-\n", 
      "type": "ENTRY"
    }, 
    {
      "EOL": false, 
      "box": [
        1148, 
        2518, 
        344, 
        156
      ], 
      "id": 493, 
      "indented": true, 
      "parent": 492, 
      "text": "", 
      "type": "LINE"
    }, 
    {
      "EOL": false, 
      "box": [
        1114, 
        2674, 
        378, 
        64
      ], 
      "id": 494, 
      "indented": false, 
      "parent": 492, 
      "text": "", 
      "type": "LINE"
    }, 
    {
      "EOL": false, 
      "box": [
        1148, 
        2738, 
        342, 
        32
      ], 
      "id": 495, 
      "indented": false, 
      "parent": 492, 
      "text": "", 
      "type": "LINE"
    }, 
    {
      "EOL": false, 
      "box": [
        1148, 
        2772, 
        342, 
        30
      ], 
      "id": 496, 
      "indented": false, 
      "parent": 492, 
      "text": "", 
      "type": "LINE"
    }, 
    {
      "EOL": false, 
      "box": [
        1148, 
        2804, 
        344, 
        30
      ], 
      "id": 497, 
      "indented": false, 
      "parent": 492, 
      "text": "", 
      "type": "LINE"
    }, 
    {
      "addresses": [], 
      "box": [
        1114, 
        2518, 
        378, 
        316
      ], 
      "checked": false, 
      "id": 492, 
      "ner_xml": "<PER>NAICUTS. p\nGassion (Mme)</PER>,<ACT>ling.\nNeveu (J.)</ACT>,<ACT>dentelles</ACT>.\n<PER>Saran (A.) et Dezaux\nje</PER>,<ACT>chemises en gr. \u00bb\n3 Barnay-Dugas</ACT>,<ACT>Ling.</ACT>\n<PER>Courtial (J.)</PER>,<ACT>dentelles.\nGuillaume-Febvrel, br.\nHemardinquer</ACT>,<ACT>broder.\nM\u00fcller</ACT>,<ACT>dess'n1teur., m\n</ACT>", 
      "origin": "computer", 
      "parent": 485, 
      "persons": [
        "NAICUTS. p\nGassion (Mme)", 
        "Saran (A.) et Dezaux\nje", 
        "Courtial (J.)"
      ], 
      "text_ocr": "NAICUTS. p\nGassion (Mme), ling.\nNeveu (J.), dentelles.\nSaran (A.) et Dezaux\nje, chemises en gr. \u00bb\n3 Barnay-Dugas, Ling.\nCourtial (J.), dentelles.\nGuillaume-Febvrel, br.\nHemardinquer, broder.\nM\u00fcller, dess'n1teur., m\n", 
      "type": "ENTRY"
    }, 
    {
      "box": [
        1094, 
        2318, 
        406, 
        516
      ], 
      "id": 485, 
      "parent": 484, 
      "type": "COLUMN_LEVEL_2"
    }, 
    {
      "box": [
        1086, 
        2318, 
        414, 
        516
      ], 
      "id": 484, 
      "parent": 434, 
      "type": "SECTION_LEVEL_2"
    }, 
    {
      "box": [
        1086, 
        218, 
        414, 
        2620
      ], 
      "id": 434, 
      "parent": 258, 
      "type": "COLUMN_LEVEL_1"
    }, 
    {
      "EOL": false, 
      "box": [
        1572, 
        230, 
        332, 
        34
      ], 
      "id": 502, 
      "indented": true, 
      "parent": 501, 
      "text": "", 
      "type": "LINE"
    }, 
    {
      "EOL": false, 
      "box": [
        1540, 
        264, 
        364, 
        64
      ], 
      "id": 503, 
      "indented": false, 
      "parent": 501, 
      "text": "", 
      "type": "LINE"
    }, 
    {
      "EOL": false, 
      "box": [
        1540, 
        326, 
        364, 
        32
      ], 
      "id": 504, 
      "indented": false, 
      "parent": 501, 
      "text": "", 
      "type": "LINE"
    }, 
    {
      "addresses": [], 
      "box": [
        1540, 
        230, 
        364, 
        128
      ], 
      "checked": false, 
      "id": 501, 
      "ner_xml": "<PER>Renaud</PER>,<ACT>fab. de cok\ncravales. \u00bb\n4 Lebrun (L.) a\u00een\u00e9</ACT>,<ACT>fulles\n5 Febvre (C.)</ACT>,<ACT>n\u00e9gociant\n</ACT>", 
      "origin": "computer", 
      "parent": 500, 
      "persons": [
        "Renaud"
      ], 
      "text_ocr": "Renaud, fab. de cok\ncravales. \u00bb\n4 Lebrun (L.) a\u00een\u00e9,fulles\n5 Febvre (C.), n\u00e9gociant\n", 
      "type": "ENTRY"
    }, 
    {
      "EOL": false, 
      "box": [
        1570, 
        358, 
        228, 
        30
      ], 
      "id": 506, 
      "indented": true, 
      "parent": 505, 
      "text": "", 
      "type": "LINE"
    }, 
    {
      "addresses": [], 
      "box": [
        1570, 
        358, 
        228, 
        30
      ], 
      "checked": false, 
      "id": 505, 
      "ner_xml": "<PER>Jallat</PER>,<ACT>m\u00e9decin.\n</ACT>", 
      "origin": "computer", 
      "parent": 500, 
      "persons": [
        "Jallat"
      ], 
      "text_ocr": "Jallat, m\u00e9decin.\n", 
      "type": "ENTRY"
    }, 
    {
      "EOL": false, 
      "box": [
        1538, 
        392, 
        364, 
        158
      ], 
      "id": 508, 
      "indented": true, 
      "parent": 507, 
      "text": "", 
      "type": "LINE"
    }, 
    {
      "EOL": false, 
      "box": [
        1570, 
        552, 
        330, 
        128
      ], 
      "id": 509, 
      "indented": false, 
      "parent": 507, 
      "text": "", 
      "type": "LINE"
    }, 
    {
      "EOL": false, 
      "box": [
        1570, 
        678, 
        254, 
        32
      ], 
      "id": 510, 
      "indented": false, 
      "parent": 507, 
      "text": "", 
      "type": "LINE"
    }, 
    {
      "EOL": false, 
      "box": [
        1570, 
        712, 
        328, 
        88
      ], 
      "id": 511, 
      "indented": false, 
      "parent": 507, 
      "text": "", 
      "type": "LINE"
    }, 
    {
      "EOL": false, 
      "box": [
        1538, 
        806, 
        340, 
        30
      ], 
      "id": 512, 
      "indented": false, 
      "parent": 507, 
      "text": "", 
      "type": "LINE"
    }, 
    {
      "addresses": [], 
      "box": [
        1538, 
        392, 
        364, 
        444
      ], 
      "checked": false, 
      "id": 507, 
      "ner_xml": "<PER>Lacour neveu</PER>,<ACT>fuiles</ACT>,\nVallet (2e)<ACT>lingerie</ACT>,\nrs\n\n6 Bayol,<ACT>rep. de fabri\nnie (Mme)</ACT>, ? irons,\n<PER>Delamarre</PER>,<ACT>fiss. ecrus</ACT>,\n<PER>Freissinet (Ve)</PER>,<ACT>n\u00e9g..\u2026\nHappe (L.)</ACT>,<ACT>dentelles</ACT>,\n<PER>Mathieu (M.)</PER>,<ACT>lingerie</ACT>,\n<PER>Monain</PER>,<ACT>papetier\nOrtembach</ACT>,<ACT>passem.</ACT><CARDINAL>4</CARDINAL>\nTouzin(L.) et Malherbe,\n\ndentelles.\n<CARDINAL>8</CARDINAL><PER>Dechambre</PER>,<ACT>restaur.\n</ACT>", 
      "origin": "computer", 
      "parent": 500, 
      "persons": [
        "Lacour neveu", 
        "Delamarre", 
        "Freissinet (Ve)", 
        "Mathieu (M.)", 
        "Monain", 
        "Dechambre"
      ], 
      "text_ocr": "Lacour neveu, fuiles,\nVallet (2e) lingerie,\nrs\n\n6 Bayol, rep. de fabri\nnie (Mme), ? irons,\nDelamarre, fiss. ecrus,\nFreissinet (Ve), n\u00e9g..\u2026\nHappe (L.), dentelles,\nMathieu (M.), lingerie,\nMonain, papetier\nOrtembach, passem. 4\nTouzin(L.) et Malherbe,\n\ndentelles.\n8 Dechambre, restaur.\n", 
      "type": "ENTRY"
    }, 
    {
      "EOL": false, 
      "box": [
        1522, 
        838, 
        376, 
        192
      ], 
      "id": 514, 
      "indented": true, 
      "parent": 513, 
      "text": "", 
      "type": "LINE"
    }, 
    {
      "EOL": false, 
      "box": [
        1570, 
        1030, 
        328, 
        32
      ], 
      "id": 515, 
      "indented": false, 
      "parent": 513, 
      "text": "", 
      "type": "LINE"
    }, 
    {
      "EOL": false, 
      "box": [
        1570, 
        1064, 
        328, 
        94
      ], 
      "id": 516, 
      "indented": false, 
      "parent": 513, 
      "text": "", 
      "type": "LINE"
    }, 
    {
      "EOL": false, 
      "box": [
        1572, 
        1162, 
        324, 
        60
      ], 
      "id": 517, 
      "indented": false, 
      "parent": 513, 
      "text": "", 
      "type": "LINE"
    }, 
    {
      "EOL": false, 
      "box": [
        1570, 
        1222, 
        326, 
        158
      ], 
      "id": 518, 
      "indented": false, 
      "parent": 513, 
      "text": "", 
      "type": "LINE"
    }, 
    {
      "addresses": [
        {
          "street_name": "broderie\n", 
          "street_numbers": [
            "10"
          ]
        }
      ], 
      "box": [
        1522, 
        838, 
        376, 
        542
      ], 
      "checked": false, 
      "id": 513, 
      "ner_xml": "<PER>Faucillon-Bachelet</PER>,<ACT>brod\nFeron (H.),brod.Pari</ACT>,\nLef\u00e8vre-<PER>Moreau</PER>,<ACT>tulle</ACT>,\nPortaes (a).<LOC>broderie\n</LOC><CARDINAL>10</CARDINAL>Boucly et<PER>Lefevre</PER>,<ACT>art.\nde St-Quentin.\nForney</ACT>,<ACT>art. de St\nQuentin.\nJay (L.)</ACT>,<ACT>Ann. de k\nscience des juges</ACT>\u00e0\npaix.\nLambert,<ACT>pension bourg</ACT>,\n<PER>Laroche</PER>,<ACT>dessinateur.\nLaurens (B.)</ACT>,<ACT>commis</ACT>.\n<PER>Paty</PER>,<ACT>laines.\nQueille</ACT>,<ACT>coutelier.\nKocher-Blanc et Gelot</ACT>,\n", 
      "origin": "computer", 
      "parent": 500, 
      "persons": [
        "Faucillon-Bachelet", 
        "Moreau", 
        "Lefevre", 
        "Laroche", 
        "Paty"
      ], 
      "text_ocr": "Faucillon-Bachelet, brod\nFeron (H.),brod.Pari,\nLef\u00e8vre-Moreau, tulle,\nPortaes (a). broderie\n10 Boucly et Lefevre, art.\nde St-Quentin.\nForney, art. de St\nQuentin.\nJay (L.), Ann. de k\nscience des juges \u00e0\npaix.\nLambert,pension bourg,\nLaroche, dessinateur.\nLaurens (B.), commis.\nPaty, laines.\nQueille, coutelier.\nKocher-Blanc et Gelot,\n", 
      "type": "ENTRY"
    }, 
    {
      "EOL": false, 
      "box": [
        1520, 
        1384, 
        344, 
        60
      ], 
      "id": 520, 
      "indented": true, 
      "parent": 519, 
      "text": "", 
      "type": "LINE"
    }, 
    {
      "addresses": [], 
      "box": [
        1520, 
        1384, 
        344, 
        60
      ], 
      "checked": false, 
      "id": 519, 
      "ner_xml": "dentelles.\n<CARDINAL>41</CARDINAL><PER>Grapinet</PER>,<ACT>dentelles.\n</ACT>", 
      "origin": "computer", 
      "parent": 500, 
      "persons": [
        "Grapinet"
      ], 
      "text_ocr": "dentelles.\n41 Grapinet, dentelles.\n", 
      "type": "ENTRY"
    }, 
    {
      "EOL": false, 
      "box": [
        1570, 
        1446, 
        284, 
        30
      ], 
      "id": 522, 
      "indented": true, 
      "parent": 521, 
      "text": "", 
      "type": "LINE"
    }, 
    {
      "addresses": [], 
      "box": [
        1570, 
        1446, 
        284, 
        30
      ], 
      "checked": false, 
      "id": 521, 
      "ner_xml": "<PER>Ramboux</PER>,<ACT>fratleur.\n</ACT>", 
      "origin": "computer", 
      "parent": 500, 
      "persons": [
        "Ramboux"
      ], 
      "text_ocr": "Ramboux, fratleur.\n", 
      "type": "ENTRY"
    }, 
    {
      "EOL": false, 
      "box": [
        1520, 
        1478, 
        378, 
        28
      ], 
      "id": 524, 
      "indented": true, 
      "parent": 523, 
      "text": "", 
      "type": "LINE"
    }, 
    {
      "EOL": false, 
      "box": [
        1568, 
        1510, 
        330, 
        126
      ], 
      "id": 525, 
      "indented": false, 
      "parent": 523, 
      "text": "", 
      "type": "LINE"
    }, 
    {
      "EOL": false, 
      "box": [
        1570, 
        1638, 
        330, 
        60
      ], 
      "id": 526, 
      "indented": false, 
      "parent": 523, 
      "text": "", 
      "type": "LINE"
    }, 
    {
      "addresses": [], 
      "box": [
        1520, 
        1478, 
        380, 
        220
      ], 
      "checked": false, 
      "id": 523, 
      "ner_xml": "<CARDINAL>12</CARDINAL><PER>Devillers et Debaecker</PER>,\ntulles en gros.\nFourri\u00e8re je,<ACT>dentelles</ACT>.\nGloppe (<CARDINAL>3</CARDINAL>.),<ACT>vins.\nMayer-Rheims, brod.\nRomane</ACT>,<ACT>dessinateur.\nWerck. art. de voyage</ACT>.\n", 
      "origin": "computer", 
      "parent": 500, 
      "persons": [
        "Devillers et Debaecker"
      ], 
      "text_ocr": "12 Devillers et Debaecker,\ntulles en gros.\nFourri\u00e8re je, dentelles.\nGloppe (3.), vins.\nMayer-Rheims, brod.\nRomane, dessinateur.\nWerck. art. de voyage.\n", 
      "type": "ENTRY"
    }, 
    {
      "EOL": false, 
      "box": [
        1520, 
        1704, 
        370, 
        32
      ], 
      "id": 528, 
      "indented": true, 
      "parent": 527, 
      "text": "", 
      "type": "LINE"
    }, 
    {
      "EOL": false, 
      "box": [
        1570, 
        1738, 
        168, 
        30
      ], 
      "id": 529, 
      "indented": false, 
      "parent": 527, 
      "text": "", 
      "type": "LINE"
    }, 
    {
      "addresses": [], 
      "box": [
        1520, 
        1704, 
        370, 
        64
      ], 
      "checked": false, 
      "id": 527, 
      "ner_xml": "<CARDINAL>13</CARDINAL><TITRE>Domenjon</TITRE>,<ACT>serrurter.\nAvit</ACT>,<ACT>h\u00f4tel.\n</ACT>", 
      "origin": "computer", 
      "parent": 500, 
      "persons": [], 
      "text_ocr": "13 Domenjon, serrurter.\nAvit, h\u00f4tel.\n", 
      "type": "ENTRY"
    }, 
    {
      "EOL": false, 
      "box": [
        1520, 
        1770, 
        380, 
        34
      ], 
      "id": 531, 
      "indented": true, 
      "parent": 530, 
      "text": "", 
      "type": "LINE"
    }, 
    {
      "EOL": false, 
      "box": [
        1570, 
        1806, 
        330, 
        92
      ], 
      "id": 532, 
      "indented": false, 
      "parent": 530, 
      "text": "", 
      "type": "LINE"
    }, 
    {
      "addresses": [], 
      "box": [
        1520, 
        1770, 
        380, 
        128
      ], 
      "checked": false, 
      "id": 530, 
      "ner_xml": "<CARDINAL>14</CARDINAL><PER>Lecot (A.)</PER>,<ACT>laines fil\u00e9es\net peign\u00e9es.\nMalaper (C.)</ACT>,<ACT>dentell\nMartin</ACT>,<ACT>h\u00f4tel de St-\n</ACT>", 
      "origin": "computer", 
      "parent": 500, 
      "persons": [
        "Lecot (A.)"
      ], 
      "text_ocr": "14 Lecot (A.), laines fil\u00e9es\net peign\u00e9es.\nMalaper (C.), dentell\nMartin, h\u00f4tel de St-\n", 
      "type": "ENTRY"
    }, 
    {
      "EOL": false, 
      "box": [
        1520, 
        1902, 
        382, 
        94
      ], 
      "id": 534, 
      "indented": true, 
      "parent": 533, 
      "text": "", 
      "type": "LINE"
    }, 
    {
      "addresses": [], 
      "box": [
        1520, 
        1902, 
        382, 
        94
      ], 
      "checked": false, 
      "id": 533, 
      "ner_xml": "<TITRE>Quentin</TITRE>.\nMartin a pharmac.\n<CARDINAL>15</CARDINAL><PER>Andr\u00e9 (Ve)</PER>,<ACT>cartonn. +\n</ACT>", 
      "origin": "computer", 
      "parent": 500, 
      "persons": [
        "Andr\u00e9 (Ve)"
      ], 
      "text_ocr": "Quentin.\nMartin a pharmac.\n15 Andr\u00e9 (Ve), cartonn. +\n", 
      "type": "ENTRY"
    }, 
    {
      "EOL": false, 
      "box": [
        1522, 
        1996, 
        380, 
        62
      ], 
      "id": 536, 
      "indented": true, 
      "parent": 535, 
      "text": "", 
      "type": "LINE"
    }, 
    {
      "EOL": false, 
      "box": [
        1572, 
        2060, 
        330, 
        130
      ], 
      "id": 537, 
      "indented": false, 
      "parent": 535, 
      "text": "", 
      "type": "LINE"
    }, 
    {
      "addresses": [], 
      "box": [
        1522, 
        1996, 
        380, 
        194
      ], 
      "checked": false, 
      "id": 535, 
      "ner_xml": "<CARDINAL>16</CARDINAL><PER>Bachelier et Bernel</PER>,\ndentelles.\nBernard,<ACT>rep. de fabr.\nBossi (M,)</ACT>,<ACT>commiss.\nBugnot</ACT>,<ACT>repr. de fabr.\nNandeau (T.)</ACT>,<ACT>n\u00e9goc.\n</ACT>", 
      "origin": "computer", 
      "parent": 500, 
      "persons": [
        "Bachelier et Bernel"
      ], 
      "text_ocr": "16 Bachelier et Bernel,\ndentelles.\nBernard, rep. de fabr.\nBossi (M,), commiss.\nBugnot, repr. de fabr.\nNandeau (T.), n\u00e9goc.\n", 
      "type": "ENTRY"
    }, 
    {
      "EOL": false, 
      "box": [
        1520, 
        2194, 
        364, 
        32
      ], 
      "id": 539, 
      "indented": true, 
      "parent": 538, 
      "text": "", 
      "type": "LINE"
    }, 
    {
      "EOL": false, 
      "box": [
        1570, 
        2228, 
        334, 
        124
      ], 
      "id": 540, 
      "indented": false, 
      "parent": 538, 
      "text": "", 
      "type": "LINE"
    }, 
    {
      "addresses": [], 
      "box": [
        1520, 
        2194, 
        384, 
        158
      ], 
      "checked": false, 
      "id": 538, 
      "ner_xml": "<CARDINAL>17</CARDINAL><PER>Baillargeau</PER>,<ACT>sotertes</ACT>.\n<PER>Benoist</PER>,<ACT>tuiles en gros.\nDavid (L.)</ACT>,<ACT>broderies.\nEstragnat a\u00een\u00e9 et Van-\n\nhende, moussel. S\n</ACT>", 
      "origin": "computer", 
      "parent": 500, 
      "persons": [
        "Baillargeau", 
        "Benoist"
      ], 
      "text_ocr": "17 Baillargeau, sotertes.\nBenoist, tuiles en gros.\nDavid (L.), broderies.\nEstragnat a\u00een\u00e9 et Van-\n\nhende, moussel. S\n", 
      "type": "ENTRY"
    }, 
    {
      "EOL": false, 
      "box": [
        1522, 
        2352, 
        382, 
        128
      ], 
      "id": 542, 
      "indented": true, 
      "parent": 541, 
      "text": "", 
      "type": "LINE"
    }, 
    {
      "addresses": [], 
      "box": [
        1522, 
        2352, 
        382, 
        128
      ], 
      "checked": false, 
      "id": 541, 
      "ner_xml": "<PER>Reumont je</PER>,<ACT>nouveaul.\n</ACT><CARDINAL>18</CARDINAL><PER>Benoit</PER>,<ACT>vins.\n\nCousin</ACT>,<ACT>h\u00f4tel St-Roch.\n\nTivet</ACT>,<ACT>broderies.\n</ACT>", 
      "origin": "computer", 
      "parent": 500, 
      "persons": [
        "Reumont je", 
        "Benoit"
      ], 
      "text_ocr": "Reumont je, nouveaul.\n18 Benoit, vins.\n\nCousin, h\u00f4tel St-Roch.\n\nTivet, broderies.\n", 
      "type": "ENTRY"
    }, 
    {
      "EOL": false, 
      "box": [
        1520, 
        2482, 
        382, 
        92
      ], 
      "id": 544, 
      "indented": true, 
      "parent": 543, 
      "text": "", 
      "type": "LINE"
    }, 
    {
      "EOL": false, 
      "box": [
        1572, 
        2580, 
        332, 
        94
      ], 
      "id": 545, 
      "indented": false, 
      "parent": 543, 
      "text": "", 
      "type": "LINE"
    }, 
    {
      "EOL": false, 
      "box": [
        1570, 
        2676, 
        332, 
        156
      ], 
      "id": 546, 
      "indented": false, 
      "parent": 543, 
      "text": "", 
      "type": "LINE"
    }, 
    {
      "addresses": [], 
      "box": [
        1520, 
        2482, 
        384, 
        350
      ], 
      "checked": false, 
      "id": 543, 
      "ner_xml": "<CARDINAL>21</CARDINAL><PER>Bri\u00e8re (A.)</PER>,<ACT>commiss.\n\nJoquet et Raoul Mealin</ACT>,\ndentelles.\n\n<PER>Lenfant (1)</PER>,<TITRE>et Co\u00bb\nnouv. p. ameublem</TITRE>.\nMenard-Delaporte,<ACT>ba-\ntistes.\n\nRevel (M.)</ACT>,<ACT>ch\u00e2les.+\n\nVenant</ACT>,<ACT>avocat.\nWitter et Bernier</ACT>,<ACT>art.\nde St-Quentin.\n</ACT>", 
      "origin": "computer", 
      "parent": 500, 
      "persons": [
        "Bri\u00e8re (A.)", 
        "Lenfant (1)"
      ], 
      "text_ocr": "21 Bri\u00e8re (A.), commiss.\n\nJoquet et Raoul Mealin,\ndentelles.\n\nLenfant (1), et Co\u00bb\nnouv. p. ameublem.\nMenard-Delaporte, ba-\ntistes.\n\nRevel (M.), ch\u00e2les.+\n\nVenant, avocat.\nWitter et Bernier, art.\nde St-Quentin.\n", 
      "type": "ENTRY"
    }, 
    {
      "box": [
        1514, 
        226, 
        390, 
        2606
      ], 
      "id": 500, 
      "parent": 499, 
      "type": "COLUMN_LEVEL_2"
    }, 
    {
      "box": [
        1514, 
        226, 
        390, 
        2606
      ], 
      "id": 499, 
      "parent": 498, 
      "type": "SECTION_LEVEL_2"
    }, 
    {
      "box": [
        1514, 
        218, 
        390, 
        2620
      ], 
      "id": 498, 
      "parent": 258, 
      "type": "COLUMN_LEVEL_1"
    }, 
    {
      "box": [
        238, 
        218, 
        1666, 
        2620
      ], 
      "id": 258, 
      "parent": 256, 
      "type": "SECTION_LEVEL_1"
    }, 
    {
      "box": [
        238, 
        160, 
        1666, 
        2686
      ], 
      "id": 256, 
      "type": "PAGE"
    }
  ], 
  "mode": "cached"
}
