[
  {
    "box": [
      204,
      144,
      1652,
      32
    ],
    "checked": false,
    "id": 257,
    "origin": "computer",
    "parent": 256,
    "text": "ovo SAINT-DOMINIQUE-SAINT-GERMAIN.\n",
    "type": "TITLE_LEVEL_1"
  },
  {
    "EOL": false,
    "box": [
      226,
      206,
      332,
      32
    ],
    "id": 263,
    "indented": false,
    "parent": 262,
    "text": "",
    "type": "LINE"
  },
  {
    "addresses": [],
    "box": [
      226,
      206,
      332,
      32
    ],
    "checked": false,
    "id": 262,
    "ner_xml": "<CARDINAL>20</CARDINAL><PER>Cotlereau</PER>,<ACT>disfillat.\n</ACT>",
    "origin": "computer",
    "parent": 261,
    "persons": [
      "Cotlereau"
    ],
    "text_ocr": "20 Cotlereau, disfillat.\n",
    "type": "ENTRY"
  },
  {
    "EOL": false,
    "box": [
      226,
      238,
      374,
      66
    ],
    "id": 265,
    "indented": true,
    "parent": 264,
    "text": "",
    "type": "LINE"
  },
  {
    "addresses": [],
    "box": [
      226,
      238,
      374,
      66
    ],
    "checked": false,
    "id": 264,
    "ner_xml": "<PER>Couder</PER>, cap.<ACT>retrañté</ACT>,\n21 Bérarddes Glajeux %.\n",
    "origin": "computer",
    "parent": 261,
    "persons": [
      "Couder"
    ],
    "text_ocr": "Couder, cap. retrañté,\n21 Bérarddes Glajeux %.\n",
    "type": "ENTRY"
  },
  {
    "EOL": false,
    "box": [
      224,
      304,
      378,
      152
    ],
    "id": 267,
    "indented": true,
    "parent": 266,
    "text": "",
    "type": "LINE"
  },
  {
    "addresses": [],
    "box": [
      224,
      304,
      378,
      152
    ],
    "checked": false,
    "id": 266,
    "ner_xml": "<PER>Fay</PER>,<ACT>avocai.\n\nFayolle</ACT>,<ACT>ébéniste.\n\nMartin (Mme)</ACT>,<ACT>mercer.\n\nVarenne (J.)</ACT>,<ACT>papet. »\n</ACT><CARDINAL>92</CARDINAL>Bordeau.,<ACT>menuisier.\n</ACT>",
    "origin": "computer",
    "parent": 261,
    "persons": [
      "Fay"
    ],
    "text_ocr": "Fay, avocai.\n\nFayolle, ébéniste.\n\nMartin (Mme), mercer.\n\nVarenne (J.), papet. »\n92 Bordeau., menuisier.\n",
    "type": "ENTRY"
  },
  {
    "EOL": false,
    "box": [
      224,
      460,
      376,
      64
    ],
    "id": 269,
    "indented": true,
    "parent": 268,
    "text": "",
    "type": "LINE"
  },
  {
    "EOL": false,
    "box": [
      274,
      526,
      276,
      92
    ],
    "id": 270,
    "indented": false,
    "parent": 268,
    "text": "",
    "type": "LINE"
  },
  {
    "EOL": false,
    "box": [
      274,
      618,
      276,
      32
    ],
    "id": 271,
    "indented": false,
    "parent": 268,
    "text": "",
    "type": "LINE"
  },
  {
    "addresses": [],
    "box": [
      224,
      460,
      376,
      190
    ],
    "checked": false,
    "id": 268,
    "ner_xml": "<CARDINAL>25</CARDINAL>AOL,<ACT>chef d'assur.\nCayeux et Lafontaine</ACT>,\nsculpteurs.\nCharon,<ACT>jardinier.</ACT>\n<PER>Corrard</PER>,<ACT>ébéniste.\nDelaunay</ACT>,<ACT>libraire.\n</ACT>",
    "origin": "computer",
    "parent": 261,
    "persons": [
      "Corrard"
    ],
    "text_ocr": "25 AOL, chef d'assur.\nCayeux et Lafontaine,\nsculpteurs.\nCharon, jardinier.\nCorrard, ébéniste.\nDelaunay, libraire.\n",
    "type": "ENTRY"
  },
  {
    "EOL": false,
    "box": [
      222,
      650,
      378,
      188
    ],
    "id": 273,
    "indented": true,
    "parent": 272,
    "text": "",
    "type": "LINE"
  },
  {
    "EOL": false,
    "box": [
      274,
      840,
      326,
      64
    ],
    "id": 274,
    "indented": false,
    "parent": 272,
    "text": "",
    "type": "LINE"
  },
  {
    "addresses": [],
    "box": [
      222,
      650,
      378,
      254
    ],
    "checked": false,
    "id": 272,
    "ner_xml": "<PER>Lavigne</PER>,<ACT>serrurier.\nKergorlay(Allain ctede)\nRobert, sculpieur.\n\n23 Berthier (vte de).</ACT>\nBorelli (vte),<TITRE>G. O.%</TITRE>,\n\ngénéral.\n\nBrias (cte de),<ACT>député.\nMeyronnet de St-Marc</ACT>,\n",
    "origin": "computer",
    "parent": 261,
    "persons": [
      "Lavigne"
    ],
    "text_ocr": "Lavigne, serrurier.\nKergorlay(Allain ctede)\nRobert, sculpieur.\n\n23 Berthier (vte de).\nBorelli (vte), G. O.%,\n\ngénéral.\n\nBrias (cte de), député.\nMeyronnet de St-Marc,\n",
    "type": "ENTRY"
  },
  {
    "EOL": false,
    "box": [
      222,
      904,
      378,
      62
    ],
    "id": 276,
    "indented": true,
    "parent": 275,
    "text": "",
    "type": "LINE"
  },
  {
    "addresses": [],
    "box": [
      222,
      904,
      378,
      62
    ],
    "checked": false,
    "id": 275,
    "ner_xml": "<ACT>conseill. cour de cass.\n</ACT><CARDINAL>26</CARDINAL><PER>Delaistre (F.)</PER>,<ACT>serrur.\n</ACT>",
    "origin": "computer",
    "parent": 261,
    "persons": [
      "Delaistre (F.)"
    ],
    "text_ocr": "conseill. cour de cass.\n26 Delaistre (F.), serrur.\n",
    "type": "ENTRY"
  },
  {
    "EOL": false,
    "box": [
      224,
      968,
      344,
      62
    ],
    "id": 278,
    "indented": true,
    "parent": 277,
    "text": "",
    "type": "LINE"
  },
  {
    "addresses": [],
    "box": [
      224,
      968,
      344,
      62
    ],
    "checked": false,
    "id": 277,
    "ner_xml": "verrel,<ACT>épicier.\n27 Joinville (comte de)</ACT>.\n",
    "origin": "computer",
    "parent": 261,
    "persons": [],
    "text_ocr": "verrel, épicier.\n27 Joinville (comte de).\n",
    "type": "ENTRY"
  },
  {
    "EOL": false,
    "box": [
      224,
      1030,
      342,
      32
    ],
    "id": 280,
    "indented": true,
    "parent": 279,
    "text": "",
    "type": "LINE"
  },
  {
    "addresses": [],
    "box": [
      224,
      1030,
      342,
      32
    ],
    "checked": false,
    "id": 279,
    "ner_xml": "<CARDINAL>23</CARDINAL><PER>Choiseul (comte de)</PER>.\n",
    "origin": "computer",
    "parent": 261,
    "persons": [
      "Choiseul (comte de)"
    ],
    "text_ocr": "23 Choiseul (comte de).\n",
    "type": "ENTRY"
  },
  {
    "EOL": false,
    "box": [
      224,
      1062,
      376,
      62
    ],
    "id": 282,
    "indented": true,
    "parent": 281,
    "text": "",
    "type": "LINE"
  },
  {
    "addresses": [
      {
        "street_name": "impc.\n",
        "street_numbers": [
          "30"
        ]
      }
    ],
    "box": [
      224,
      1062,
      376,
      62
    ],
    "checked": false,
    "id": 281,
    "ner_xml": "<PER>Duplès +</PER>,<ACT>cons</ACT>.<LOC>impc.\n</LOC><CARDINAL>30</CARDINAL><PER>Beaumont (comte de)</PER>.\n",
    "origin": "computer",
    "parent": 261,
    "persons": [
      "Duplès +",
      "Beaumont (comte de)"
    ],
    "text_ocr": "Duplès +, cons. impc.\n30 Beaumont (comte de).\n",
    "type": "ENTRY"
  },
  {
    "EOL": false,
    "box": [
      224,
      1124,
      376,
      58
    ],
    "id": 284,
    "indented": true,
    "parent": 283,
    "text": "",
    "type": "LINE"
  },
  {
    "addresses": [],
    "box": [
      224,
      1124,
      376,
      58
    ],
    "checked": false,
    "id": 283,
    "ner_xml": "<CARDINAL>51</CARDINAL><PER>Albert de Luynes (duc)</PER>,\nde l’Institut.\n",
    "origin": "computer",
    "parent": 261,
    "persons": [
      "Albert de Luynes (duc)"
    ],
    "text_ocr": "51 Albert de Luynes (duc),\nde l’Institut.\n",
    "type": "ENTRY"
  },
  {
    "EOL": false,
    "box": [
      224,
      1188,
      376,
      126
    ],
    "id": 286,
    "indented": true,
    "parent": 285,
    "text": "",
    "type": "LINE"
  },
  {
    "addresses": [],
    "box": [
      224,
      1188,
      376,
      126
    ],
    "checked": false,
    "id": 285,
    "ner_xml": "<PER>Chevreuse (duc de).</PER>\n<CARDINAL>32</CARDINAL>Bouillaud,<TITRE>O. #</TITRE>,<ACT>méd.\nDailoz (E.)</ACT>,<ACT>député.\n\nGravier (de)</ACT>.\n",
    "origin": "computer",
    "parent": 261,
    "persons": [
      "Chevreuse (duc de)."
    ],
    "text_ocr": "Chevreuse (duc de).\n32 Bouillaud, O. #, méd.\nDailoz (E.), député.\n\nGravier (de).\n",
    "type": "ENTRY"
  },
  {
    "EOL": false,
    "box": [
      224,
      1314,
      376,
      94
    ],
    "id": 288,
    "indented": true,
    "parent": 287,
    "text": "",
    "type": "LINE"
  },
  {
    "addresses": [],
    "box": [
      224,
      1314,
      376,
      94
    ],
    "checked": false,
    "id": 287,
    "ner_xml": "<PER>Molike (comte de).</PER>\nQuinsonas (cte de) O %.\n<CARDINAL>33</CARDINAL><PER>Lambel fils</PER>,<ACT>avocat.\n</ACT>",
    "origin": "computer",
    "parent": 261,
    "persons": [
      "Molike (comte de).",
      "Lambel fils"
    ],
    "text_ocr": "Molike (comte de).\nQuinsonas (cte de) O %.\n33 Lambel fils, avocat.\n",
    "type": "ENTRY"
  },
  {
    "EOL": false,
    "box": [
      224,
      1408,
      358,
      32
    ],
    "id": 290,
    "indented": true,
    "parent": 289,
    "text": "",
    "type": "LINE"
  },
  {
    "addresses": [],
    "box": [
      224,
      1408,
      358,
      32
    ],
    "checked": false,
    "id": 289,
    "ner_xml": "<CARDINAL>34</CARDINAL><PER>Butat (Mme)</PER>,<ACT>corsets</ACT>.\n",
    "origin": "computer",
    "parent": 261,
    "persons": [
      "Butat (Mme)"
    ],
    "text_ocr": "34 Butat (Mme), corsets.\n",
    "type": "ENTRY"
  },
  {
    "EOL": false,
    "box": [
      222,
      1440,
      314,
      30
    ],
    "id": 292,
    "indented": true,
    "parent": 291,
    "text": "",
    "type": "LINE"
  },
  {
    "addresses": [],
    "box": [
      222,
      1440,
      314,
      30
    ],
    "checked": false,
    "id": 291,
    "ner_xml": "<CARDINAL>35</CARDINAL><PER>Goudal</PER>,<ACT>brosserie.\n</ACT>",
    "origin": "computer",
    "parent": 261,
    "persons": [
      "Goudal"
    ],
    "text_ocr": "35 Goudal, brosserie.\n",
    "type": "ENTRY"
  },
  {
    "EOL": false,
    "box": [
      224,
      1472,
      350,
      64
    ],
    "id": 294,
    "indented": true,
    "parent": 293,
    "text": "",
    "type": "LINE"
  },
  {
    "addresses": [],
    "box": [
      224,
      1472,
      350,
      64
    ],
    "checked": false,
    "id": 293,
    "ner_xml": "<PER>Martel</PER>,<ACT>h. Colonies</ACT>,\n<CARDINAL>51</CARDINAL>Bohain,<ACT>. comestibles.\n</ACT>",
    "origin": "computer",
    "parent": 261,
    "persons": [
      "Martel"
    ],
    "text_ocr": "Martel, h. Colonies,\n51 Bohain,. comestibles.\n",
    "type": "ENTRY"
  },
  {
    "EOL": false,
    "box": [
      222,
      1536,
      318,
      60
    ],
    "id": 296,
    "indented": true,
    "parent": 295,
    "text": "",
    "type": "LINE"
  },
  {
    "addresses": [],
    "box": [
      222,
      1536,
      318,
      60
    ],
    "checked": false,
    "id": 295,
    "ner_xml": "<PER>Eunrpin, Pare\n</PER><CARDINAL>38</CARDINAL>Ravaut,<ACT>h. Orient</ACT>.\n",
    "origin": "computer",
    "parent": 261,
    "persons": [
      "Eunrpin, Pare\n"
    ],
    "text_ocr": "Eunrpin, Pare\n38 Ravaut, h. Orient.\n",
    "type": "ENTRY"
  },
  {
    "EOL": false,
    "box": [
      222,
      1598,
      378,
      88
    ],
    "id": 298,
    "indented": true,
    "parent": 297,
    "text": "",
    "type": "LINE"
  },
  {
    "addresses": [],
    "box": [
      222,
      1598,
      378,
      88
    ],
    "checked": false,
    "id": 297,
    "ner_xml": "<CARDINAL>39</CARDINAL>Fertins,<ACT>{apissier</ACT>.\n<PER>Sinety (cte de)</PER>,<CARDINAL>0</CARDINAL>. %,\ncolonel.\n",
    "origin": "computer",
    "parent": 261,
    "persons": [
      "Sinety (cte de)"
    ],
    "text_ocr": "39 Fertins, {apissier.\nSinety (cte de), 0. %,\ncolonel.\n",
    "type": "ENTRY"
  },
  {
    "EOL": false,
    "box": [
      224,
      1694,
      346,
      62
    ],
    "id": 300,
    "indented": true,
    "parent": 299,
    "text": "",
    "type": "LINE"
  },
  {
    "addresses": [],
    "box": [
      224,
      1694,
      346,
      62
    ],
    "checked": false,
    "id": 299,
    "ner_xml": "<PER>Sinety (m's de)</PER>,\n<CARDINAL>41</CARDINAL><PER>Dupont</PER>,<ACT>nouveautés.\n</ACT>",
    "origin": "computer",
    "parent": 261,
    "persons": [
      "Sinety (m's de)",
      "Dupont"
    ],
    "text_ocr": "Sinety (m's de),\n41 Dupont, nouveautés.\n",
    "type": "ENTRY"
  },
  {
    "EOL": false,
    "box": [
      212,
      1756,
      390,
      62
    ],
    "id": 302,
    "indented": true,
    "parent": 301,
    "text": "",
    "type": "LINE"
  },
  {
    "addresses": [],
    "box": [
      212,
      1756,
      390,
      62
    ],
    "checked": false,
    "id": 301,
    "ner_xml": "<PER>Loisel</PER>,<ACT>petntre.\nÆ# Rosselet</ACT>,<ACT>prod. chim. sn\n</ACT>",
    "origin": "computer",
    "parent": 261,
    "persons": [
      "Loisel"
    ],
    "text_ocr": "Loisel, petntre.\nÆ# Rosselet, prod. chim. sn\n",
    "type": "ENTRY"
  },
  {
    "EOL": false,
    "box": [
      212,
      1816,
      388,
      34
    ],
    "id": 304,
    "indented": true,
    "parent": 303,
    "text": "",
    "type": "LINE"
  },
  {
    "EOL": false,
    "box": [
      222,
      1852,
      300,
      28
    ],
    "id": 305,
    "indented": false,
    "parent": 303,
    "text": "",
    "type": "LINE"
  },
  {
    "addresses": [],
    "box": [
      212,
      1816,
      388,
      64
    ],
    "checked": false,
    "id": 303,
    "ner_xml": "<CARDINAL>42</CARDINAL><PER>Drouard</PER>,<ACT>tapissier.</ACT><CARDINAL>4</CARDINAL>\n<CARDINAL>43</CARDINAL><PER>Allès</PER>,<ACT>meruisier.</ACT>\n",
    "origin": "computer",
    "parent": 261,
    "persons": [
      "Drouard",
      "Allès"
    ],
    "text_ocr": "42 Drouard, tapissier. 4\n43 Allès, meruisier.\n",
    "type": "ENTRY"
  },
  {
    "EOL": false,
    "box": [
      222,
      1884,
      362,
      92
    ],
    "id": 307,
    "indented": true,
    "parent": 306,
    "text": "",
    "type": "LINE"
  },
  {
    "addresses": [],
    "box": [
      222,
      1884,
      362,
      92
    ],
    "checked": false,
    "id": 306,
    "ner_xml": "<PER>Cousin</PER>,<ACT>serrurter.\nLaignier</ACT>,<ACT>limonadier.\n</ACT><CARDINAL>44</CARDINAL><PER>Blot (J.)</PER>,<ACT>vins.\n</ACT>",
    "origin": "computer",
    "parent": 261,
    "persons": [
      "Cousin",
      "Blot (J.)"
    ],
    "text_ocr": "Cousin, serrurter.\nLaignier, limonadier.\n44 Blot (J.), vins.\n",
    "type": "ENTRY"
  },
  {
    "EOL": false,
    "box": [
      222,
      1978,
      280,
      30
    ],
    "id": 309,
    "indented": true,
    "parent": 308,
    "text": "",
    "type": "LINE"
  },
  {
    "addresses": [],
    "box": [
      222,
      1978,
      280,
      30
    ],
    "checked": false,
    "id": 308,
    "ner_xml": "<CARDINAL>45</CARDINAL><PER>Digout</PER>,<ACT>voatiter.\n</ACT>",
    "origin": "computer",
    "parent": 261,
    "persons": [
      "Digout"
    ],
    "text_ocr": "45 Digout, voatiter.\n",
    "type": "ENTRY"
  },
  {
    "EOL": false,
    "box": [
      222,
      2008,
      378,
      32
    ],
    "id": 311,
    "indented": true,
    "parent": 310,
    "text": "",
    "type": "LINE"
  },
  {
    "addresses": [],
    "box": [
      222,
      2008,
      378,
      32
    ],
    "checked": false,
    "id": 310,
    "ner_xml": "<CARDINAL>46</CARDINAL><PER>Divune (comtesse de)</PER>.\n",
    "origin": "computer",
    "parent": 261,
    "persons": [
      "Divune (comtesse de)"
    ],
    "text_ocr": "46 Divune (comtesse de).\n",
    "type": "ENTRY"
  },
  {
    "EOL": false,
    "box": [
      222,
      2042,
      344,
      30
    ],
    "id": 313,
    "indented": true,
    "parent": 312,
    "text": "",
    "type": "LINE"
  },
  {
    "addresses": [],
    "box": [
      222,
      2042,
      344,
      30
    ],
    "checked": false,
    "id": 312,
    "ner_xml": "<CARDINAL>471</CARDINAL>Lelor,<ACT>proprtélaire.</ACT>\n",
    "origin": "computer",
    "parent": 261,
    "persons": [],
    "text_ocr": "471 Lelor, proprtélaire.\n",
    "type": "ENTRY"
  },
  {
    "EOL": false,
    "box": [
      220,
      2072,
      380,
      92
    ],
    "id": 315,
    "indented": true,
    "parent": 314,
    "text": "",
    "type": "LINE"
  },
  {
    "addresses": [],
    "box": [
      220,
      2072,
      380,
      92
    ],
    "checked": false,
    "id": 314,
    "ner_xml": "<PER>Gérardin +</PER>,<ACT>médecin.\nHugot (Ve)</ACT>,<ACT>sellier</ACT>.\n<CARDINAL>48</CARDINAL><PER>Maistre (baron de)</PER>.\n",
    "origin": "computer",
    "parent": 261,
    "persons": [
      "Gérardin +",
      "Maistre (baron de)"
    ],
    "text_ocr": "Gérardin +, médecin.\nHugot (Ve), sellier.\n48 Maistre (baron de).\n",
    "type": "ENTRY"
  },
  {
    "EOL": false,
    "box": [
      222,
      2166,
      378,
      32
    ],
    "id": 317,
    "indented": true,
    "parent": 316,
    "text": "",
    "type": "LINE"
  },
  {
    "addresses": [],
    "box": [
      222,
      2166,
      378,
      32
    ],
    "checked": false,
    "id": 316,
    "ner_xml": "<CARDINAL>49</CARDINAL><PER>Léger</PER>,<ACT>mats. meublée.\n</ACT>",
    "origin": "computer",
    "parent": 261,
    "persons": [
      "Léger"
    ],
    "text_ocr": "49 Léger, mats. meublée.\n",
    "type": "ENTRY"
  },
  {
    "EOL": false,
    "box": [
      220,
      2198,
      378,
      156
    ],
    "id": 319,
    "indented": true,
    "parent": 318,
    "text": "",
    "type": "LINE"
  },
  {
    "addresses": [],
    "box": [
      220,
      2198,
      378,
      156
    ],
    "checked": false,
    "id": 318,
    "ner_xml": "<CARDINAL>50</CARDINAL>= Botle aux lettres.\nAdam,<ACT>O0. %</ACT>,<ACT>conseill.\ncour des. comples.\nFlandin (L.),médecin.\nMillard</ACT>,<ACT>bimbelotier.\n</ACT>",
    "origin": "computer",
    "parent": 261,
    "persons": [],
    "text_ocr": "50 = Botle aux lettres.\nAdam, O0. %, conseill.\ncour des. comples.\nFlandin (L.),médecin.\nMillard, bimbelotier.\n",
    "type": "ENTRY"
  },
  {
    "EOL": false,
    "box": [
      220,
      2356,
      380,
      94
    ],
    "id": 321,
    "indented": true,
    "parent": 320,
    "text": "",
    "type": "LINE"
  },
  {
    "addresses": [],
    "box": [
      220,
      2356,
      380,
      94
    ],
    "checked": false,
    "id": 320,
    "ner_xml": "<PER>Rouvelin</PER>,<ACT>architecte.\nTrevet(Mlle de)</ACT>,<ACT>peint.\n</ACT><CARDINAL>51</CARDINAL><PER>Lahédoyère(cteHuchet)\n</PER>",
    "origin": "computer",
    "parent": 261,
    "persons": [
      "Rouvelin",
      "Lahédoyère(cteHuchet)\n"
    ],
    "text_ocr": "Rouvelin, architecte.\nTrevet(Mlle de), peint.\n51 Lahédoyère(cteHuchet)\n",
    "type": "ENTRY"
  },
  {
    "EOL": false,
    "box": [
      224,
      2450,
      376,
      32
    ],
    "id": 323,
    "indented": true,
    "parent": 322,
    "text": "",
    "type": "LINE"
  },
  {
    "addresses": [],
    "box": [
      224,
      2450,
      376,
      32
    ],
    "checked": false,
    "id": 322,
    "ner_xml": "<CARDINAL>52</CARDINAL><PER>Houbigant (A.-G.)</PER>,<ACT>pr.\n</ACT>",
    "origin": "computer",
    "parent": 261,
    "persons": [
      "Houbigant (A.-G.)"
    ],
    "text_ocr": "52 Houbigant (A.-G.), pr.\n",
    "type": "ENTRY"
  },
  {
    "EOL": false,
    "box": [
      224,
      2482,
      376,
      44
    ],
    "id": 325,
    "indented": true,
    "parent": 324,
    "text": "",
    "type": "LINE"
  },
  {
    "addresses": [],
    "box": [
      224,
      2482,
      376,
      44
    ],
    "checked": false,
    "id": 324,
    "ner_xml": "<CARDINAL>1</CARDINAL><PER>Yillermont (de)</PER>m’s et\n",
    "origin": "computer",
    "parent": 261,
    "persons": [
      "Yillermont (de)"
    ],
    "text_ocr": "1 Yillermont (de) m’s et\n",
    "type": "ENTRY"
  },
  {
    "EOL": false,
    "box": [
      222,
      2516,
      250,
      60
    ],
    "id": 327,
    "indented": true,
    "parent": 326,
    "text": "",
    "type": "LINE"
  },
  {
    "addresses": [
      {
        "street_name": "”\n",
        "street_numbers": [
          "86"
        ]
      }
    ],
    "box": [
      222,
      2516,
      250,
      60
    ],
    "checked": false,
    "id": 326,
    "ner_xml": "<ACT>mise</ACT>,<LOC>”\n</LOC><CARDINAL>86</CARDINAL><PER>Bual</PER>,<ACT>peintre.\n</ACT>",
    "origin": "computer",
    "parent": 261,
    "persons": [
      "Bual"
    ],
    "text_ocr": "mise, ”\n86 Bual, peintre.\n",
    "type": "ENTRY"
  },
  {
    "EOL": false,
    "box": [
      224,
      2578,
      376,
      218
    ],
    "id": 329,
    "indented": true,
    "parent": 328,
    "text": "",
    "type": "LINE"
  },
  {
    "addresses": [],
    "box": [
      224,
      2578,
      376,
      218
    ],
    "checked": false,
    "id": 328,
    "ner_xml": "<PER>Langevin</PER>,<ACT>serrurter.\nNoblet (Re) 7: LA\nSibour</ACT>,<ACT>c. S. Th. +\n</ACT><CARDINAL>58</CARDINAL>.<PER>Fe (mis de)</PER>,\n<PER>Narcillac (comte de).</PER>\nPuajol fils (comte).\n",
    "origin": "computer",
    "parent": 261,
    "persons": [
      "Langevin",
      "Fe (mis de)",
      "Narcillac (comte de)."
    ],
    "text_ocr": "Langevin, serrurter.\nNoblet (Re) 7: LA\nSibour, c. S. Th. +\n58. Fe (mis de),\nNarcillac (comte de).\nPuajol fils (comte).\n",
    "type": "ENTRY"
  },
  {
    "box": [
      212,
      204,
      396,
      2598
    ],
    "id": 261,
    "parent": 260,
    "type": "COLUMN_LEVEL_2"
  },
  {
    "box": [
      212,
      204,
      396,
      2598
    ],
    "id": 260,
    "parent": 259,
    "type": "SECTION_LEVEL_2"
  },
  {
    "box": [
      212,
      204,
      396,
      2598
    ],
    "id": 259,
    "parent": 258,
    "type": "COLUMN_LEVEL_1"
  },
  {
    "EOL": false,
    "box": [
      646,
      206,
      378,
      222
    ],
    "id": 334,
    "indented": false,
    "parent": 333,
    "text": "",
    "type": "LINE"
  },
  {
    "EOL": false,
    "box": [
      646,
      428,
      374,
      64
    ],
    "id": 335,
    "indented": false,
    "parent": 333,
    "text": "",
    "type": "LINE"
  },
  {
    "EOL": false,
    "box": [
      646,
      492,
      374,
      126
    ],
    "id": 336,
    "indented": false,
    "parent": 333,
    "text": "",
    "type": "LINE"
  },
  {
    "EOL": false,
    "box": [
      646,
      620,
      374,
      92
    ],
    "id": 337,
    "indented": false,
    "parent": 333,
    "text": "",
    "type": "LINE"
  },
  {
    "EOL": false,
    "box": [
      646,
      714,
      374,
      62
    ],
    "id": 338,
    "indented": false,
    "parent": 333,
    "text": "",
    "type": "LINE"
  },
  {
    "EOL": false,
    "box": [
      646,
      778,
      374,
      92
    ],
    "id": 339,
    "indented": false,
    "parent": 333,
    "text": "",
    "type": "LINE"
  },
  {
    "EOL": false,
    "box": [
      646,
      872,
      374,
      30
    ],
    "id": 340,
    "indented": false,
    "parent": 333,
    "text": "",
    "type": "LINE"
  },
  {
    "EOL": false,
    "box": [
      646,
      902,
      376,
      32
    ],
    "id": 341,
    "indented": false,
    "parent": 333,
    "text": "",
    "type": "LINE"
  },
  {
    "EOL": false,
    "box": [
      646,
      936,
      342,
      62
    ],
    "id": 342,
    "indented": false,
    "parent": 333,
    "text": "",
    "type": "LINE"
  },
  {
    "EOL": false,
    "box": [
      646,
      996,
      374,
      64
    ],
    "id": 343,
    "indented": false,
    "parent": 333,
    "text": "",
    "type": "LINE"
  },
  {
    "addresses": [
      {
        "street_name": "sec.gén.\n\n",
        "street_numbers": [
          "63"
        ]
      },
      {
        "street_name": "td.\nPonts et ch. (admin )",
        "street_numbers": [
          "66",
          "67",
          "72"
        ]
      }
    ],
    "box": [
      646,
      206,
      378,
      854
    ],
    "checked": false,
    "id": 333,
    "ner_xml": "<PER>Ste-Aldègonde</PER>,<TITRE>G. %€</TITRE>,\ngénéral.\n\n<CARDINAL>61</CARDINAL>Croix<PER>(comtesse de)</PER>.\nHarconrt (mis d”).\n<PER>Langsdorff (baron de).</PER>\nSte-<PER>Aulairre (cte de)</PER>,\n\n<TITRE>G. C. +</TITRE>.\nSte-Aulaire (esse de),\n\n62 Travaux publ. (min.).\nMagne,<TITRE>C. %</TITRE>,<ACT>minist.\nBoulage, O.%€</ACT>,<LOC>sec.gén.\n\n</LOC><CARDINAL>63</CARDINAL><PER>Lareinty (de)</PER>,<ACT>propr.\nPuységur (Mme de).</ACT>\n\n64<PER>Challot</PER>,<ACT>%, ch. min.tr.\nDumoustier, %</ACT>,<LOC>td.\nPonts et ch. (admin )</LOC>.\nPorée,<ACT>%, ch. tr. pub.\n\n</ACT><CARDINAL>66</CARDINAL><PER>Benoît d'Azy (baron)</PER>,\n<PER>Joubert (comte)</PER>.\nLaroche fuucauldct*de)\n\n<CARDINAL>67</CARDINAL>Biancourt(cte de)<TITRE>C. %</TITRE>.\n\n69<PER>Penautier (cte de)</PER>,<ACT>dép.\n\n71 Héricart de Thurÿ (vi-\n\ncomte de)</ACT>,<TITRE>O. %.\n\n</TITRE><CARDINAL>72</CARDINAL><PER>Martiuville (mis de)</PER>.\n\n74 Dumetz,<ACT>conseill. réf.\nTilière (mis de)</ACT>,<ACT>réf</ACT>.\n",
    "origin": "computer",
    "parent": 332,
    "persons": [
      "Ste-Aldègonde",
      "(comtesse de)",
      "Langsdorff (baron de).",
      "Aulairre (cte de)",
      "Lareinty (de)",
      "Challot",
      "Benoît d'Azy (baron)",
      "Joubert (comte)",
      "Penautier (cte de)",
      "Martiuville (mis de)"
    ],
    "text_ocr": "Ste-Aldègonde, G. %€,\ngénéral.\n\n61 Croix (comtesse de).\nHarconrt (mis d”).\nLangsdorff (baron de).\nSte-Aulairre (cte de),\n\nG. C. +.\nSte-Aulaire (esse de),\n\n62 Travaux publ. (min.).\nMagne, C. %, minist.\nBoulage, O.%€, sec.gén.\n\n63 Lareinty (de), propr.\nPuységur (Mme de).\n\n64 Challot, %, ch. min.tr.\nDumoustier, %, td.\nPonts et ch. (admin ).\nPorée, %, ch. tr. pub.\n\n66 Benoît d'Azy (baron),\nJoubert (comte).\nLaroche fuucauldct*de)\n\n67 Biancourt(cte de) C. %.\n\n69 Penautier (cte de), dép.\n\n71 Héricart de Thurÿ (vi-\n\ncomte de), O. %.\n\n72 Martiuville (mis de).\n\n74 Dumetz, conseill. réf.\nTilière (mis de), réf.\n",
    "type": "ENTRY"
  },
  {
    "EOL": false,
    "box": [
      694,
      1064,
      328,
      56
    ],
    "id": 345,
    "indented": true,
    "parent": 344,
    "text": "",
    "type": "LINE"
  },
  {
    "EOL": false,
    "box": [
      646,
      1126,
      378,
      252
    ],
    "id": 346,
    "indented": false,
    "parent": 344,
    "text": "",
    "type": "LINE"
  },
  {
    "EOL": false,
    "box": [
      646,
      1380,
      360,
      92
    ],
    "id": 347,
    "indented": false,
    "parent": 344,
    "text": "",
    "type": "LINE"
  },
  {
    "EOL": false,
    "box": [
      646,
      1474,
      342,
      30
    ],
    "id": 348,
    "indented": false,
    "parent": 344,
    "text": "",
    "type": "LINE"
  },
  {
    "EOL": false,
    "box": [
      646,
      1504,
      374,
      66
    ],
    "id": 349,
    "indented": false,
    "parent": 344,
    "text": "",
    "type": "LINE"
  },
  {
    "EOL": false,
    "box": [
      646,
      1568,
      374,
      64
    ],
    "id": 350,
    "indented": false,
    "parent": 344,
    "text": "",
    "type": "LINE"
  },
  {
    "EOL": false,
    "box": [
      646,
      1632,
      372,
      96
    ],
    "id": 351,
    "indented": false,
    "parent": 344,
    "text": "",
    "type": "LINE"
  },
  {
    "EOL": false,
    "box": [
      644,
      1728,
      376,
      88
    ],
    "id": 352,
    "indented": false,
    "parent": 344,
    "text": "",
    "type": "LINE"
  },
  {
    "EOL": false,
    "box": [
      644,
      1822,
      376,
      124
    ],
    "id": 353,
    "indented": false,
    "parent": 344,
    "text": "",
    "type": "LINE"
  },
  {
    "EOL": false,
    "box": [
      644,
      1948,
      376,
      124
    ],
    "id": 354,
    "indented": false,
    "parent": 344,
    "text": "",
    "type": "LINE"
  },
  {
    "EOL": false,
    "box": [
      646,
      2074,
      374,
      126
    ],
    "id": 355,
    "indented": false,
    "parent": 344,
    "text": "",
    "type": "LINE"
  },
  {
    "EOL": false,
    "box": [
      644,
      2200,
      376,
      94
    ],
    "id": 356,
    "indented": false,
    "parent": 344,
    "text": "",
    "type": "LINE"
  },
  {
    "EOL": false,
    "box": [
      644,
      2294,
      374,
      34
    ],
    "id": 357,
    "indented": false,
    "parent": 344,
    "text": "",
    "type": "LINE"
  },
  {
    "EOL": false,
    "box": [
      644,
      2326,
      284,
      60
    ],
    "id": 358,
    "indented": false,
    "parent": 344,
    "text": "",
    "type": "LINE"
  },
  {
    "EOL": false,
    "box": [
      644,
      2388,
      312,
      58
    ],
    "id": 359,
    "indented": false,
    "parent": 344,
    "text": "",
    "type": "LINE"
  },
  {
    "EOL": false,
    "box": [
      644,
      2452,
      360,
      94
    ],
    "id": 360,
    "indented": false,
    "parent": 344,
    "text": "",
    "type": "LINE"
  },
  {
    "EOL": false,
    "box": [
      642,
      2546,
      378,
      62
    ],
    "id": 361,
    "indented": false,
    "parent": 344,
    "text": "",
    "type": "LINE"
  },
  {
    "addresses": [],
    "box": [
      642,
      1064,
      382,
      1544
    ],
    "checked": false,
    "id": 344,
    "ner_xml": "cour des comvwles.\nGautier de Lizoles O.\n%£,<ACT>cons. c. comples.\nGauthier</ACT>,<ACT>épicier.\nGorlin (Mile)</ACT>,<ACT>peintre</ACT>.\nLa Bourdonnay (comte\nLéon de). :\n<PER>Noblet (Henri)</PER>,<ACT>émpri-\nmeur, et 56</ACT>.\n\n<CARDINAL>78</CARDINAL><PER>Graville (comte de).</PER>\nSapey, *,<ACT>sénateur.</ACT>\nSapey.<TITRE>C. %</TITRE>, député.\n\n<CARDINAL>79</CARDINAL>Guillot,<ACT>comestibles.\n\n80 Dampierre (csse de).</ACT>\nTholozan (c'<ACT>e de),0.%.\n\n81 Delasalle</ACT>,<TITRE>#</TITRE>, a. greff.\n\n<CARDINAL>82</CARDINAL><PER>Beauregars (</PER>m's de),<ACT>%.\nFontenille(misde)0.%.\nQuesné</ACT>,<ACT>député.\n\n84 Guerre (minist. de la)</ACT>.\nMines (direction des).\nCons. de<ACT>santé armées.\n\n84 Comilé du génie</ACT>.\nComm.<ACT>mixte des trav</ACT>.\nDue\n\nomité des fortificat.\nSorel<CARDINAL>0</CARDINAL>. %€, lieut.-col.\n\n90 Ministère de la guerre.\n\nre de St-Arnaud,\nG. O0.<PER>%</PER>,<ACT>ministre.\n\n91 Bastard (H. de)</ACT>,<ACT>%</ACT>,\ncons. à la c. impér.\n\nChâteaubourg (bon de).\n<PER>Lechanteur</PER>,<ACT>%, cons.\n\n- Romagny</ACT>,<ACT>ing. p. etch.\n\n92 Bourbon-Busset (vie)</ACT>.\n<PER>Nedoncel (comte de)</PER>.\n\n93<PER>Lacaze (be Pèdre) O x.\nMontesquiou(H.de)0%\n\n95 Bastard (cte A.de)</PER>,<ACT>%.\n\n96 Coppin</ACT>,<ACT>épicier.\nNollet</ACT>,<ACT>vins.\nReynaud</ACT>,<ACT>%.\n\n</ACT><CARDINAL>97</CARDINAL>.<PER>Jeanne Delaroche</PER>.\n\n<CARDINAL>98</CARDINAL>Collantier,<ACT>charcut.\nGomier (Mme)</ACT>,<ACT>pens.\nLeblond</ACT>,<ACT>fruitter.\nVasson</ACT>,<ACT>boulanger.\n\n99 Paule (Ve)</ACT>,<ACT>restaurat.\n</ACT>",
    "origin": "computer",
    "parent": 332,
    "persons": [
      "Noblet (Henri)",
      "Graville (comte de).",
      "Beauregars (",
      "%",
      "Lechanteur",
      "Nedoncel (comte de)",
      "Lacaze (be Pèdre) O x.\nMontesquiou(H.de)0%\n\n95 Bastard (cte A.de)",
      "Jeanne Delaroche"
    ],
    "text_ocr": "cour des comvwles.\nGautier de Lizoles O.\n%£, cons. c. comples.\nGauthier, épicier.\nGorlin (Mile), peintre.\nLa Bourdonnay (comte\nLéon de). :\nNoblet (Henri), émpri-\nmeur, et 56.\n\n78 Graville (comte de).\nSapey, *, sénateur.\nSapey. C. %, député.\n\n79 Guillot, comestibles.\n\n80 Dampierre (csse de).\nTholozan (c'e de),0.%.\n\n81 Delasalle, #, a. greff.\n\n82 Beauregars (m's de), %.\nFontenille(misde)0.%.\nQuesné, député.\n\n84 Guerre (minist. de la).\nMines (direction des).\nCons. de santé armées.\n\n84 Comilé du génie.\nComm. mixte des trav.\nDue\n\nomité des fortificat.\nSorel 0. %€, lieut.-col.\n\n90 Ministère de la guerre.\n\nre de St-Arnaud,\nG. O0. %, ministre.\n\n91 Bastard (H. de), %,\ncons. à la c. impér.\n\nChâteaubourg (bon de).\nLechanteur, %, cons.\n\n- Romagny, ing. p. etch.\n\n92 Bourbon-Busset (vie).\nNedoncel (comte de).\n\n93 Lacaze (be Pèdre) O x.\nMontesquiou(H.de)0%\n\n95 Bastard (cte A.de), %.\n\n96 Coppin, épicier.\nNollet, vins.\nReynaud, %.\n\n97. Jeanne Delaroche.\n\n98 Collantier, charcut.\nGomier (Mme), pens.\nLeblond, fruitter.\nVasson, boulanger.\n\n99 Paule (Ve), restaurat.\n",
    "type": "ENTRY"
  },
  {
    "EOL": false,
    "box": [
      626,
      2610,
      346,
      62
    ],
    "id": 363,
    "indented": true,
    "parent": 362,
    "text": "",
    "type": "LINE"
  },
  {
    "addresses": [],
    "box": [
      626,
      2610,
      346,
      62
    ],
    "checked": false,
    "id": 362,
    "ner_xml": "<CARDINAL>100</CARDINAL><PER>Constant</PER>,<ACT>événsaie.\nMillet</ACT>,<ACT>architecte.\n</ACT>",
    "origin": "computer",
    "parent": 332,
    "persons": [
      "Constant"
    ],
    "text_ocr": "100 Constant, événsaie.\nMillet, architecte.\n",
    "type": "ENTRY"
  },
  {
    "EOL": false,
    "box": [
      626,
      2674,
      394,
      64
    ],
    "id": 365,
    "indented": true,
    "parent": 364,
    "text": "",
    "type": "LINE"
  },
  {
    "addresses": [],
    "box": [
      626,
      2674,
      394,
      64
    ],
    "checked": false,
    "id": 364,
    "ner_xml": "<PER>Parent</PER>,<ACT>architecte.\n</ACT><CARDINAL>101</CARDINAL><PER>Damrémont (Mme de)</PER>.\n",
    "origin": "computer",
    "parent": 332,
    "persons": [
      "Parent",
      "Damrémont (Mme de)"
    ],
    "text_ocr": "Parent, architecte.\n101 Damrémont (Mme de).\n",
    "type": "ENTRY"
  },
  {
    "EOL": false,
    "box": [
      626,
      2736,
      394,
      64
    ],
    "id": 367,
    "indented": true,
    "parent": 366,
    "text": "",
    "type": "LINE"
  },
  {
    "addresses": [],
    "box": [
      626,
      2736,
      394,
      64
    ],
    "checked": false,
    "id": 366,
    "ner_xml": "<CARDINAL>102</CARDINAL>Doix,<ACT>vténter. s\nEstissac (duc d')</ACT>, 0.%e.\n",
    "origin": "computer",
    "parent": 332,
    "persons": [],
    "text_ocr": "102 Doix, vténter. s\nEstissac (duc d'), 0.%e.\n",
    "type": "ENTRY"
  },
  {
    "box": [
      622,
      204,
      408,
      2598
    ],
    "id": 332,
    "parent": 331,
    "type": "COLUMN_LEVEL_2"
  },
  {
    "box": [
      622,
      204,
      408,
      2598
    ],
    "id": 331,
    "parent": 330,
    "type": "SECTION_LEVEL_2"
  },
  {
    "box": [
      622,
      204,
      408,
      2598
    ],
    "id": 330,
    "parent": 258,
    "type": "COLUMN_LEVEL_1"
  },
  {
    "EOL": false,
    "box": [
      1052,
      204,
      390,
      224
    ],
    "id": 372,
    "indented": false,
    "parent": 371,
    "text": "",
    "type": "LINE"
  },
  {
    "EOL": false,
    "box": [
      1052,
      428,
      372,
      62
    ],
    "id": 373,
    "indented": false,
    "parent": 371,
    "text": "",
    "type": "LINE"
  },
  {
    "addresses": [],
    "box": [
      1052,
      204,
      390,
      286
    ],
    "checked": false,
    "id": 371,
    "ner_xml": "<PER>Langley (W.)</PER>,<ACT>plomb.\nLapré. coutelier.\nLarochefoucault (cte\nPolidor de)</ACT>,<TITRE>C. %</TITRE>.\nOgier,<ACT>réf.c. c. compt.\n\n104 Kergorlay (comte Flo-\n\nrian de), 0. %.\n\n108 Madoumier</ACT>,<ACT>charron.\n\nMétard</ACT>,<ACT>évicier.\n</ACT>",
    "origin": "computer",
    "parent": 370,
    "persons": [
      "Langley (W.)"
    ],
    "text_ocr": "Langley (W.), plomb.\nLapré. coutelier.\nLarochefoucault (cte\nPolidor de), C. %.\nOgier, réf.c. c. compt.\n\n104 Kergorlay (comte Flo-\n\nrian de), 0. %.\n\n108 Madoumier, charron.\n\nMétard, évicier.\n",
    "type": "ENTRY"
  },
  {
    "EOL": false,
    "box": [
      1052,
      492,
      388,
      94
    ],
    "id": 375,
    "indented": true,
    "parent": 374,
    "text": "",
    "type": "LINE"
  },
  {
    "addresses": [],
    "box": [
      1052,
      492,
      388,
      94
    ],
    "checked": false,
    "id": 374,
    "ner_xml": "<PER>Mongin îr., enstrum</PER>.\n<PER>Pelletier</PER>,<ACT>menuisier.\n109 H</ACT>:<PER>ussonville (ete d’)</PER>,\n",
    "origin": "computer",
    "parent": 370,
    "persons": [
      "Mongin îr., enstrum",
      "Pelletier",
      "ussonville (ete d’)"
    ],
    "text_ocr": "Mongin îr., enstrum.\nPelletier, menuisier.\n109 H:ussonville (ete d’),\n",
    "type": "ENTRY"
  },
  {
    "EOL": false,
    "box": [
      1052,
      588,
      372,
      92
    ],
    "id": 377,
    "indented": true,
    "parent": 376,
    "text": "",
    "type": "LINE"
  },
  {
    "addresses": [],
    "box": [
      1052,
      588,
      372,
      92
    ],
    "checked": false,
    "id": 376,
    "ner_xml": "<CARDINAL>0</CARDINAL>%.\n<CARDINAL>112</CARDINAL>© Boîte aux lettres.\nAntoine,<ACT>distillateur.\n</ACT>",
    "origin": "computer",
    "parent": 370,
    "persons": [],
    "text_ocr": "0%.\n112 © Boîte aux lettres.\nAntoine, distillateur.\n",
    "type": "ENTRY"
  },
  {
    "EOL": false,
    "box": [
      1050,
      682,
      374,
      62
    ],
    "id": 379,
    "indented": true,
    "parent": 378,
    "text": "",
    "type": "LINE"
  },
  {
    "addresses": [],
    "box": [
      1050,
      682,
      374,
      62
    ],
    "checked": false,
    "id": 378,
    "ner_xml": "<PER>Maitiné</PER>,<ACT>épicier.\n114 Coqu:t (Mme)</ACT>,<ACT>lémon.</ACT>\n",
    "origin": "computer",
    "parent": 370,
    "persons": [
      "Maitiné"
    ],
    "text_ocr": "Maitiné, épicier.\n114 Coqu:t (Mme), lémon.\n",
    "type": "ENTRY"
  },
  {
    "EOL": false,
    "box": [
      1050,
      744,
      388,
      32
    ],
    "id": 381,
    "indented": true,
    "parent": 380,
    "text": "",
    "type": "LINE"
  },
  {
    "addresses": [],
    "box": [
      1050,
      744,
      388,
      32
    ],
    "checked": false,
    "id": 380,
    "ner_xml": "<CARDINAL>115</CARDINAL><PER>Périgord (duc de)</PER>,<TITRE>G.\n</TITRE>",
    "origin": "computer",
    "parent": 370,
    "persons": [
      "Périgord (duc de)"
    ],
    "text_ocr": "115 Périgord (duc de), G.\n",
    "type": "ENTRY"
  },
  {
    "EOL": false,
    "box": [
      1052,
      778,
      372,
      60
    ],
    "id": 383,
    "indented": true,
    "parent": 382,
    "text": "",
    "type": "LINE"
  },
  {
    "addresses": [],
    "box": [
      1052,
      778,
      372,
      60
    ],
    "checked": false,
    "id": 382,
    "ner_xml": "<CARDINAL>0 XX</CARDINAL>.\n<CARDINAL>116</CARDINAL><PER>Haumont</PER>,<ACT>boulanger.\n</ACT>",
    "origin": "computer",
    "parent": 370,
    "persons": [
      "Haumont"
    ],
    "text_ocr": "0 XX.\n116 Haumont, boulanger.\n",
    "type": "ENTRY"
  },
  {
    "EOL": false,
    "box": [
      1052,
      842,
      322,
      28
    ],
    "id": 385,
    "indented": true,
    "parent": 384,
    "text": "",
    "type": "LINE"
  },
  {
    "addresses": [],
    "box": [
      1052,
      842,
      322,
      28
    ],
    "checked": false,
    "id": 384,
    "ner_xml": "<CARDINAL>118</CARDINAL><PER>Lechanoine</PER>,<ACT>vins.\n</ACT>",
    "origin": "computer",
    "parent": 370,
    "persons": [
      "Lechanoine"
    ],
    "text_ocr": "118 Lechanoine, vins.\n",
    "type": "ENTRY"
  },
  {
    "EOL": false,
    "box": [
      1054,
      872,
      338,
      60
    ],
    "id": 387,
    "indented": true,
    "parent": 386,
    "text": "",
    "type": "LINE"
  },
  {
    "addresses": [],
    "box": [
      1054,
      872,
      338,
      60
    ],
    "checked": false,
    "id": 386,
    "ner_xml": "<PER>Lecoq</PER>,<ACT>fatencter.\n1149 Montworency (duc\n</ACT>",
    "origin": "computer",
    "parent": 370,
    "persons": [
      "Lecoq"
    ],
    "text_ocr": "Lecoq, fatencter.\n1149 Montworency (duc\n",
    "type": "ENTRY"
  },
  {
    "EOL": false,
    "box": [
      1054,
      936,
      384,
      88
    ],
    "id": 389,
    "indented": true,
    "parent": 388,
    "text": "",
    "type": "LINE"
  },
  {
    "addresses": [],
    "box": [
      1054,
      936,
      384,
      88
    ],
    "checked": false,
    "id": 388,
    "ner_xml": "<PER>Raoul de)</PER>,<CARDINAL>0</CARDINAL>.<TITRE>#</TITRE>.\n120 Galbart (<CARDINAL>Mhe),mercer</CARDINAL>.\nGauthier.<ACT>vins</ACT>.\n",
    "origin": "computer",
    "parent": 370,
    "persons": [
      "Raoul de)"
    ],
    "text_ocr": "Raoul de), 0. #.\n120 Galbart (Mhe),mercer.\nGauthier. vins.\n",
    "type": "ENTRY"
  },
  {
    "EOL": false,
    "box": [
      1054,
      1030,
      300,
      30
    ],
    "id": 391,
    "indented": true,
    "parent": 390,
    "text": "",
    "type": "LINE"
  },
  {
    "addresses": [],
    "box": [
      1054,
      1030,
      300,
      30
    ],
    "checked": false,
    "id": 390,
    "ner_xml": "<CARDINAL>124</CARDINAL><PER>Charles</PER>,<ACT>botlier.\n</ACT>",
    "origin": "computer",
    "parent": 370,
    "persons": [
      "Charles"
    ],
    "text_ocr": "124 Charles, botlier.\n",
    "type": "ENTRY"
  },
  {
    "EOL": false,
    "box": [
      1054,
      1062,
      386,
      94
    ],
    "id": 393,
    "indented": true,
    "parent": 392,
    "text": "",
    "type": "LINE"
  },
  {
    "addresses": [
      {
        "street_name": "cité St-\nCharles",
        "street_numbers": []
      }
    ],
    "box": [
      1054,
      1062,
      386,
      94
    ],
    "checked": false,
    "id": 392,
    "ner_xml": "<PER>Tétu</PER>,<ACT>bots carrés.\n</ACT><CARDINAL>125</CARDINAL><PER>Brochart aîné</PER>,<LOC>cité St-\nCharles</LOC>,<ACT>éguip mil.\n</ACT>",
    "origin": "computer",
    "parent": 370,
    "persons": [
      "Tétu",
      "Brochart aîné"
    ],
    "text_ocr": "Tétu, bots carrés.\n125 Brochart aîné, cité St-\nCharles, éguip mil.\n",
    "type": "ENTRY"
  },
  {
    "EOL": false,
    "box": [
      1052,
      1158,
      386,
      126
    ],
    "id": 395,
    "indented": true,
    "parent": 394,
    "text": "",
    "type": "LINE"
  },
  {
    "addresses": [],
    "box": [
      1052,
      1158,
      386,
      126
    ],
    "checked": false,
    "id": 394,
    "ner_xml": "<PER>Frémaux</PER>,<ACT>médecin.\n\nPoullalier</ACT>,<ACT>épicier.\n</ACT><CARDINAL>126</CARDINAL><PER>Pasquier (Mme),merc.\n\nRossignol</PER>,<ACT>hôt. garni.\n</ACT>",
    "origin": "computer",
    "parent": 370,
    "persons": [
      "Frémaux",
      "Pasquier (Mme),merc.\n\nRossignol"
    ],
    "text_ocr": "Frémaux, médecin.\n\nPoullalier, épicier.\n126 Pasquier (Mme),merc.\n\nRossignol, hôt. garni.\n",
    "type": "ENTRY"
  },
  {
    "EOL": false,
    "box": [
      1052,
      1284,
      388,
      126
    ],
    "id": 397,
    "indented": true,
    "parent": 396,
    "text": "",
    "type": "LINE"
  },
  {
    "addresses": [
      {
        "street_name": "mar. France",
        "street_numbers": []
      }
    ],
    "box": [
      1052,
      1284,
      388,
      126
    ],
    "checked": false,
    "id": 396,
    "ner_xml": "<CARDINAL>127</CARDINAL><PER>Moustier (comte de)</PER>.\nReille(vte André de),\n<PER>Reille (comte de)</PER>,<TITRE>G.\n\nC. %</TITRE>,<LOC>mar. France</LOC>,\n",
    "origin": "computer",
    "parent": 370,
    "persons": [
      "Moustier (comte de)",
      "Reille (comte de)"
    ],
    "text_ocr": "127 Moustier (comte de).\nReille(vte André de),\nReille (comte de), G.\n\nC. %, mar. France,\n",
    "type": "ENTRY"
  },
  {
    "EOL": false,
    "box": [
      1052,
      1414,
      390,
      92
    ],
    "id": 399,
    "indented": true,
    "parent": 398,
    "text": "",
    "type": "LINE"
  },
  {
    "addresses": [],
    "box": [
      1052,
      1414,
      390,
      92
    ],
    "checked": false,
    "id": 398,
    "ner_xml": "sénatenr.\n<PER>Reille (br Gust. de) %</PER>.\n<CARDINAL>128</CARDINAL>Bellavoine,<ACT>charcutier\n</ACT>",
    "origin": "computer",
    "parent": 370,
    "persons": [
      "Reille (br Gust. de) %"
    ],
    "text_ocr": "sénatenr.\nReille (br Gust. de) %.\n128 Bellavoine, charcutier\n",
    "type": "ENTRY"
  },
  {
    "EOL": false,
    "box": [
      1052,
      1506,
      388,
      126
    ],
    "id": 401,
    "indented": true,
    "parent": 400,
    "text": "",
    "type": "LINE"
  },
  {
    "addresses": [],
    "box": [
      1052,
      1506,
      388,
      126
    ],
    "checked": false,
    "id": 400,
    "ner_xml": "<CARDINAL>129</CARDINAL><PER>Cambacérès (cte À. de)\n%</PER>,<ACT>député</ACT>,\nEckmüh] (Mme la prin-\ncesse d’).\n",
    "origin": "computer",
    "parent": 370,
    "persons": [
      "Cambacérès (cte À. de)\n%"
    ],
    "text_ocr": "129 Cambacérès (cte À. de)\n%, député,\nEckmüh] (Mme la prin-\ncesse d’).\n",
    "type": "ENTRY"
  },
  {
    "EOL": false,
    "box": [
      1052,
      1634,
      386,
      62
    ],
    "id": 403,
    "indented": true,
    "parent": 402,
    "text": "",
    "type": "LINE"
  },
  {
    "addresses": [],
    "box": [
      1052,
      1634,
      386,
      62
    ],
    "checked": false,
    "id": 402,
    "ner_xml": "Gordon,<ACT>om. de leltr.\n</ACT><CARDINAL>130</CARDINAL>Colin,<ACT>boucher.\n</ACT>",
    "origin": "computer",
    "parent": 370,
    "persons": [],
    "text_ocr": "Gordon, om. de leltr.\n130 Colin, boucher.\n",
    "type": "ENTRY"
  },
  {
    "EOL": false,
    "box": [
      1052,
      1698,
      312,
      94
    ],
    "id": 405,
    "indented": true,
    "parent": 404,
    "text": "",
    "type": "LINE"
  },
  {
    "addresses": [
      {
        "street_name": "131 Hope (Williams)",
        "street_numbers": []
      }
    ],
    "box": [
      1052,
      1698,
      312,
      94
    ],
    "checked": false,
    "id": 404,
    "ner_xml": "<TITRE>Emery</TITRE>, Cains.\nGuillemin,<ACT>vins.\n</ACT><LOC>131 Hope (Williams)</LOC>.\n",
    "origin": "computer",
    "parent": 370,
    "persons": [],
    "text_ocr": "Emery, Cains.\nGuillemin, vins.\n131 Hope (Williams).\n",
    "type": "ENTRY"
  },
  {
    "EOL": false,
    "box": [
      1052,
      1792,
      360,
      30
    ],
    "id": 407,
    "indented": true,
    "parent": 406,
    "text": "",
    "type": "LINE"
  },
  {
    "addresses": [],
    "box": [
      1052,
      1792,
      360,
      30
    ],
    "checked": false,
    "id": 406,
    "ner_xml": "<CARDINAL>132</CARDINAL>Boyard,<ACT>distillateur.\n</ACT>",
    "origin": "computer",
    "parent": 370,
    "persons": [],
    "text_ocr": "132 Boyard, distillateur.\n",
    "type": "ENTRY"
  },
  {
    "EOL": false,
    "box": [
      1054,
      1822,
      384,
      62
    ],
    "id": 409,
    "indented": true,
    "parent": 408,
    "text": "",
    "type": "LINE"
  },
  {
    "addresses": [],
    "box": [
      1054,
      1822,
      384,
      62
    ],
    "checked": false,
    "id": 408,
    "ner_xml": "<CARDINAL>133</CARDINAL><PER>Villamarina (Mis de)</PER>,\nminist. de Sardaigne.\n",
    "origin": "computer",
    "parent": 370,
    "persons": [
      "Villamarina (Mis de)"
    ],
    "text_ocr": "133 Villamarina (Mis de),\nminist. de Sardaigne.\n",
    "type": "ENTRY"
  },
  {
    "EOL": false,
    "box": [
      1052,
      1886,
      342,
      32
    ],
    "id": 411,
    "indented": true,
    "parent": 410,
    "text": "",
    "type": "LINE"
  },
  {
    "addresses": [],
    "box": [
      1052,
      1886,
      342,
      32
    ],
    "checked": false,
    "id": 410,
    "ner_xml": "<CARDINAL>134</CARDINAL><PER>Thimel</PER>,<ACT>boulanger.\n</ACT>",
    "origin": "computer",
    "parent": 370,
    "persons": [
      "Thimel"
    ],
    "text_ocr": "134 Thimel, boulanger.\n",
    "type": "ENTRY"
  },
  {
    "EOL": false,
    "box": [
      1052,
      1920,
      384,
      28
    ],
    "id": 413,
    "indented": true,
    "parent": 412,
    "text": "",
    "type": "LINE"
  },
  {
    "addresses": [],
    "box": [
      1052,
      1920,
      384,
      28
    ],
    "checked": false,
    "id": 412,
    "ner_xml": "<CARDINAL>135</CARDINAL><PER>Coursier</PER>,<ACT>chaussures.\n</ACT>",
    "origin": "computer",
    "parent": 370,
    "persons": [
      "Coursier"
    ],
    "text_ocr": "135 Coursier , chaussures.\n",
    "type": "ENTRY"
  },
  {
    "EOL": false,
    "box": [
      1052,
      1950,
      342,
      62
    ],
    "id": 415,
    "indented": true,
    "parent": 414,
    "text": "",
    "type": "LINE"
  },
  {
    "addresses": [],
    "box": [
      1052,
      1950,
      342,
      62
    ],
    "checked": false,
    "id": 414,
    "ner_xml": "<PER>Jehenne bol vins</PER>.\n<CARDINAL>136</CARDINAL>Boutry,<ACT>épicier.\n</ACT>",
    "origin": "computer",
    "parent": 370,
    "persons": [
      "Jehenne bol vins"
    ],
    "text_ocr": "Jehenne bol vins.\n136 Boutry, épicier.\n",
    "type": "ENTRY"
  },
  {
    "EOL": false,
    "box": [
      1052,
      2014,
      276,
      30
    ],
    "id": 417,
    "indented": true,
    "parent": 416,
    "text": "",
    "type": "LINE"
  },
  {
    "addresses": [],
    "box": [
      1052,
      2014,
      276,
      30
    ],
    "checked": false,
    "id": 416,
    "ner_xml": "<CARDINAL>137</CARDINAL><PER>Lambert</PER>,<ACT>vins.\n</ACT>",
    "origin": "computer",
    "parent": 370,
    "persons": [
      "Lambert"
    ],
    "text_ocr": "137 Lambert, vins.\n",
    "type": "ENTRY"
  },
  {
    "EOL": false,
    "box": [
      1052,
      2046,
      264,
      28
    ],
    "id": 419,
    "indented": true,
    "parent": 418,
    "text": "",
    "type": "LINE"
  },
  {
    "addresses": [],
    "box": [
      1052,
      2046,
      264,
      28
    ],
    "checked": false,
    "id": 418,
    "ner_xml": "<CARDINAL>138</CARDINAL>Garnier,<ACT>vins.\n</ACT>",
    "origin": "computer",
    "parent": 370,
    "persons": [],
    "text_ocr": "138 Garnier, vins.\n",
    "type": "ENTRY"
  },
  {
    "EOL": false,
    "box": [
      1052,
      2076,
      384,
      30
    ],
    "id": 421,
    "indented": true,
    "parent": 420,
    "text": "",
    "type": "LINE"
  },
  {
    "addresses": [],
    "box": [
      1052,
      2076,
      384,
      30
    ],
    "checked": false,
    "id": 420,
    "ner_xml": "<CARDINAL>140</CARDINAL><PER>Chamault</PER>,<ACT>boulanger.\n</ACT>",
    "origin": "computer",
    "parent": 370,
    "persons": [
      "Chamault"
    ],
    "text_ocr": "140 Chamault, boulanger.\n",
    "type": "ENTRY"
  },
  {
    "EOL": false,
    "box": [
      1054,
      2108,
      358,
      62
    ],
    "id": 423,
    "indented": true,
    "parent": 422,
    "text": "",
    "type": "LINE"
  },
  {
    "addresses": [],
    "box": [
      1054,
      2108,
      358,
      62
    ],
    "checked": false,
    "id": 422,
    "ner_xml": "<CARDINAL>142</CARDINAL><PER>Saint</PER>,<ACT>horloger.\nJulian</ACT>,<ACT>maréch. exp.\n</ACT>",
    "origin": "computer",
    "parent": 370,
    "persons": [
      "Saint"
    ],
    "text_ocr": "142 Saint, horloger.\nJulian, maréch. exp.\n",
    "type": "ENTRY"
  },
  {
    "EOL": false,
    "box": [
      1050,
      2172,
      348,
      60
    ],
    "id": 425,
    "indented": true,
    "parent": 424,
    "text": "",
    "type": "LINE"
  },
  {
    "addresses": [],
    "box": [
      1050,
      2172,
      348,
      60
    ],
    "checked": false,
    "id": 424,
    "ner_xml": "<PER>Lecerf</PER>,<ACT>nouveautés.\n</ACT><CARDINAL>143 Bataud</CARDINAL>,<ACT>sellier</ACT>.\n",
    "origin": "computer",
    "parent": 370,
    "persons": [
      "Lecerf"
    ],
    "text_ocr": "Lecerf, nouveautés.\n143 Bataud, sellier.\n",
    "type": "ENTRY"
  },
  {
    "EOL": false,
    "box": [
      1052,
      2234,
      352,
      62
    ],
    "id": 427,
    "indented": true,
    "parent": 426,
    "text": "",
    "type": "LINE"
  },
  {
    "addresses": [],
    "box": [
      1052,
      2234,
      352,
      62
    ],
    "checked": false,
    "id": 426,
    "ner_xml": "<PER>Duval</PER>,<ACT>tabac.\n144 Robert</ACT>,<ACT>parapluies.\n</ACT>",
    "origin": "computer",
    "parent": 370,
    "persons": [
      "Duval"
    ],
    "text_ocr": "Duval, tabac.\n144 Robert, parapluies.\n",
    "type": "ENTRY"
  },
  {
    "EOL": false,
    "box": [
      1052,
      2298,
      290,
      30
    ],
    "id": 429,
    "indented": true,
    "parent": 428,
    "text": "",
    "type": "LINE"
  },
  {
    "addresses": [],
    "box": [
      1052,
      2298,
      290,
      30
    ],
    "checked": false,
    "id": 428,
    "ner_xml": "<CARDINAL>145</CARDINAL>Bonnamy, Vins.\n",
    "origin": "computer",
    "parent": 370,
    "persons": [],
    "text_ocr": "145 Bonnamy, Vins.\n",
    "type": "ENTRY"
  },
  {
    "EOL": false,
    "box": [
      1050,
      2330,
      372,
      92
    ],
    "id": 431,
    "indented": true,
    "parent": 430,
    "text": "",
    "type": "LINE"
  },
  {
    "addresses": [],
    "box": [
      1050,
      2330,
      372,
      92
    ],
    "checked": false,
    "id": 430,
    "ner_xml": "<PER>Lansard</PER>, Mmeuvies.\n146<PER>David (Just.)</PER>,<ACT>marbr.\nHélis, limonadier.\n</ACT>",
    "origin": "computer",
    "parent": 370,
    "persons": [
      "Lansard",
      "David (Just.)"
    ],
    "text_ocr": "Lansard, Mmeuvies.\n146 David (Just.), marbr.\nHélis, limonadier.\n",
    "type": "ENTRY"
  },
  {
    "EOL": false,
    "box": [
      1052,
      2424,
      386,
      60
    ],
    "id": 433,
    "indented": true,
    "parent": 432,
    "text": "",
    "type": "LINE"
  },
  {
    "addresses": [],
    "box": [
      1052,
      2424,
      386,
      60
    ],
    "checked": false,
    "id": 432,
    "ner_xml": "<PER>Parion</PER>,<ACT>plomoier.\n</ACT><CARDINAL>147</CARDINAL>Bisiaux<PER>Gouel</PER>,<ACT>peintre.\n</ACT>",
    "origin": "computer",
    "parent": 370,
    "persons": [
      "Parion",
      "Gouel"
    ],
    "text_ocr": "Parion, plomoier.\n147 Bisiaux Gouel, peintre.\n",
    "type": "ENTRY"
  },
  {
    "EOL": false,
    "box": [
      1052,
      2486,
      388,
      94
    ],
    "id": 435,
    "indented": true,
    "parent": 434,
    "text": "",
    "type": "LINE"
  },
  {
    "addresses": [],
    "box": [
      1052,
      2486,
      388,
      94
    ],
    "checked": false,
    "id": 434,
    "ner_xml": "Dumoutier PS\n<CARDINAL>148 59</CARDINAL><PER>Bureau de poste (2°\n</PER>annexe F.)\n",
    "origin": "computer",
    "parent": 370,
    "persons": [
      "Bureau de poste (2°\n"
    ],
    "text_ocr": "Dumoutier PS\n148 59 Bureau de poste (2°\nannexe F.)\n",
    "type": "ENTRY"
  },
  {
    "EOL": false,
    "box": [
      1052,
      2580,
      354,
      94
    ],
    "id": 437,
    "indented": true,
    "parent": 436,
    "text": "",
    "type": "LINE"
  },
  {
    "addresses": [
      {
        "street_name": "Barge",
        "street_numbers": [
          "pharmaeten",
          "149"
        ]
      }
    ],
    "box": [
      1052,
      2580,
      354,
      94
    ],
    "checked": false,
    "id": 436,
    "ner_xml": "<LOC>Barge</LOC>,<CARDINAL>pharmaeten</CARDINAL>.\nBoivin,<ACT>mercerie</ACT>.\n<CARDINAL>149</CARDINAL>Guimbard,<ACT>mesbles</ACT>.\n",
    "origin": "computer",
    "parent": 370,
    "persons": [],
    "text_ocr": "Barge, pharmaeten.\nBoivin, mercerie.\n149 Guimbard, mesbles.\n",
    "type": "ENTRY"
  },
  {
    "EOL": false,
    "box": [
      1052,
      2676,
      370,
      28
    ],
    "id": 439,
    "indented": true,
    "parent": 438,
    "text": "",
    "type": "LINE"
  },
  {
    "addresses": [],
    "box": [
      1052,
      2676,
      370,
      28
    ],
    "checked": false,
    "id": 438,
    "ner_xml": "<CARDINAL>150</CARDINAL><PER>Benedelli</PER>,<ACT>chapeiter.\n</ACT>",
    "origin": "computer",
    "parent": 370,
    "persons": [
      "Benedelli"
    ],
    "text_ocr": "150 Benedelli, chapeiter.\n",
    "type": "ENTRY"
  },
  {
    "EOL": false,
    "box": [
      1052,
      2706,
      388,
      26
    ],
    "id": 441,
    "indented": true,
    "parent": 440,
    "text": "",
    "type": "LINE"
  },
  {
    "addresses": [],
    "box": [
      1052,
      2706,
      388,
      26
    ],
    "checked": false,
    "id": 440,
    "ner_xml": "<CARDINAL>4%1</CARDINAL>Houcherie<PER>d. Invalid</PER>.\n",
    "origin": "computer",
    "parent": 370,
    "persons": [
      "d. Invalid"
    ],
    "text_ocr": "4%1 Houcherie d. Invalid.\n",
    "type": "ENTRY"
  },
  {
    "EOL": false,
    "box": [
      1052,
      2738,
      372,
      62
    ],
    "id": 443,
    "indented": true,
    "parent": 442,
    "text": "",
    "type": "LINE"
  },
  {
    "addresses": [],
    "box": [
      1052,
      2738,
      372,
      62
    ],
    "checked": false,
    "id": 442,
    "ner_xml": "<PER>Pelletier</PER>,<ACT>épioter.\n152 Thebault</ACT>,<ACT>boulanger.\n</ACT>",
    "origin": "computer",
    "parent": 370,
    "persons": [
      "Pelletier"
    ],
    "text_ocr": "Pelletier, épioter.\n152 Thebault, boulanger.\n",
    "type": "ENTRY"
  },
  {
    "box": [
      1044,
      204,
      404,
      2598
    ],
    "id": 370,
    "parent": 369,
    "type": "COLUMN_LEVEL_2"
  },
  {
    "box": [
      1044,
      204,
      404,
      2598
    ],
    "id": 369,
    "parent": 368,
    "type": "SECTION_LEVEL_2"
  },
  {
    "box": [
      1044,
      204,
      404,
      2598
    ],
    "id": 368,
    "parent": 258,
    "type": "COLUMN_LEVEL_1"
  },
  {
    "EOL": false,
    "box": [
      1470,
      206,
      336,
      30
    ],
    "id": 448,
    "indented": false,
    "parent": 447,
    "text": "",
    "type": "LINE"
  },
  {
    "addresses": [],
    "box": [
      1470,
      206,
      336,
      30
    ],
    "checked": false,
    "id": 447,
    "ner_xml": "<CARDINAL>153 Bancelin</CARDINAL>, Doucher.\n",
    "origin": "computer",
    "parent": 446,
    "persons": [],
    "text_ocr": "153 Bancelin, Doucher.\n",
    "type": "ENTRY"
  },
  {
    "EOL": false,
    "box": [
      1472,
      240,
      380,
      124
    ],
    "id": 450,
    "indented": true,
    "parent": 449,
    "text": "",
    "type": "LINE"
  },
  {
    "addresses": [],
    "box": [
      1472,
      240,
      380,
      124
    ],
    "checked": false,
    "id": 449,
    "ner_xml": "<PER>Larcne”</PER>,<ACT>petné. en bat</ACT>,\n\n<PER>Legrand (Raymond)</PER>.\n<CARDINAL>154</CARDINAL><TITRE>Denis</TITRE>,<ACT>pâtissier.\n\nMorin</ACT>,<ACT>tapissier.\n</ACT>",
    "origin": "computer",
    "parent": 446,
    "persons": [
      "Larcne”",
      "Legrand (Raymond)"
    ],
    "text_ocr": "Larcne”, petné. en bat,\n\nLegrand (Raymond).\n154 Denis, pâtissier.\n\nMorin, tapissier.\n",
    "type": "ENTRY"
  },
  {
    "EOL": false,
    "box": [
      1470,
      366,
      360,
      30
    ],
    "id": 452,
    "indented": true,
    "parent": 451,
    "text": "",
    "type": "LINE"
  },
  {
    "addresses": [],
    "box": [
      1470,
      366,
      360,
      30
    ],
    "checked": false,
    "id": 451,
    "ner_xml": "<CARDINAL>155</CARDINAL>Derlon,<ACT>pharmacien.\n</ACT>",
    "origin": "computer",
    "parent": 446,
    "persons": [],
    "text_ocr": "155 Derlon, pharmacien.\n",
    "type": "ENTRY"
  },
  {
    "EOL": false,
    "box": [
      1486,
      398,
      338,
      128
    ],
    "id": 454,
    "indented": true,
    "parent": 453,
    "text": "",
    "type": "LINE"
  },
  {
    "addresses": [],
    "box": [
      1486,
      398,
      338,
      128
    ],
    "checked": false,
    "id": 453,
    "ner_xml": "<PER>Granvau</PER>,<ACT>pélissier.\n156Chevalley</ACT>,<ACT>tailleur.\n\nJacquelin</ACT>,<ACT>horloger.\n\nRenard</ACT>,<ACT>maçon.\n</ACT>",
    "origin": "computer",
    "parent": 446,
    "persons": [
      "Granvau"
    ],
    "text_ocr": "Granvau, pélissier.\n156Chevalley, tailleur.\n\nJacquelin, horloger.\n\nRenard, maçon.\n",
    "type": "ENTRY"
  },
  {
    "EOL": false,
    "box": [
      1470,
      526,
      332,
      30
    ],
    "id": 456,
    "indented": true,
    "parent": 455,
    "text": "",
    "type": "LINE"
  },
  {
    "addresses": [],
    "box": [
      1470,
      526,
      332,
      30
    ],
    "checked": false,
    "id": 455,
    "ner_xml": "<CARDINAL>157</CARDINAL><PER>Lemaire</PER>,<ACT>merctier.\n</ACT>",
    "origin": "computer",
    "parent": 446,
    "persons": [
      "Lemaire"
    ],
    "text_ocr": "157 Lemaire, merctier.\n",
    "type": "ENTRY"
  },
  {
    "EOL": false,
    "box": [
      1470,
      558,
      368,
      30
    ],
    "id": 458,
    "indented": true,
    "parent": 457,
    "text": "",
    "type": "LINE"
  },
  {
    "addresses": [],
    "box": [
      1470,
      558,
      368,
      30
    ],
    "checked": false,
    "id": 457,
    "ner_xml": "<CARDINAL>158</CARDINAL><PER>Germain fils</PER>,<ACT>cordon.\n</ACT>",
    "origin": "computer",
    "parent": 446,
    "persons": [
      "Germain fils"
    ],
    "text_ocr": "158 Germain fils, cordon.\n",
    "type": "ENTRY"
  },
  {
    "EOL": false,
    "box": [
      1472,
      590,
      354,
      94
    ],
    "id": 460,
    "indented": true,
    "parent": 459,
    "text": "",
    "type": "LINE"
  },
  {
    "addresses": [],
    "box": [
      1472,
      590,
      354,
      94
    ],
    "checked": false,
    "id": 459,
    "ner_xml": "<PER>Hétru</PER>,<ACT>dentiste.\nWatelet (Mile)</ACT>,<ACT>insé.\n</ACT>160<PER>Colmont (de)</PER>,<CARDINAL>0</CARDINAL>. %.\n",
    "origin": "computer",
    "parent": 446,
    "persons": [
      "Hétru",
      "Colmont (de)"
    ],
    "text_ocr": "Hétru, dentiste.\nWatelet (Mile), insé.\n160 Colmont (de), 0. %.\n",
    "type": "ENTRY"
  },
  {
    "EOL": false,
    "box": [
      1470,
      688,
      384,
      124
    ],
    "id": 462,
    "indented": true,
    "parent": 461,
    "text": "",
    "type": "LINE"
  },
  {
    "addresses": [],
    "box": [
      1470,
      688,
      384,
      124
    ],
    "checked": false,
    "id": 461,
    "ner_xml": "<PER>Gencey</PER>, mercerie.\n<CARDINAL>161</CARDINAL>Blanc,<ACT>poélier.\n\nKern (G.), pap.peints,\n\nTessier</ACT>,<ACT>serrurier.\n</ACT>",
    "origin": "computer",
    "parent": 446,
    "persons": [
      "Gencey"
    ],
    "text_ocr": "Gencey, mercerie.\n161 Blanc, poélier.\n\nKern (G.), pap.peints,\n\nTessier, serrurier.\n",
    "type": "ENTRY"
  },
  {
    "EOL": false,
    "box": [
      1470,
      812,
      366,
      64
    ],
    "id": 464,
    "indented": true,
    "parent": 463,
    "text": "",
    "type": "LINE"
  },
  {
    "addresses": [],
    "box": [
      1470,
      812,
      366,
      64
    ],
    "checked": false,
    "id": 463,
    "ner_xml": "<PER>Bonhomme</PER>,<ACT>vins.\n162 Dnbo's</ACT>,<ACT>guincaillier.\n</ACT>",
    "origin": "computer",
    "parent": 446,
    "persons": [
      "Bonhomme"
    ],
    "text_ocr": "Bonhomme, vins.\n162 Dnbo's, guincaillier.\n",
    "type": "ENTRY"
  },
  {
    "EOL": false,
    "box": [
      1470,
      876,
      384,
      94
    ],
    "id": 466,
    "indented": true,
    "parent": 465,
    "text": "",
    "type": "LINE"
  },
  {
    "addresses": [],
    "box": [
      1470,
      876,
      384,
      94
    ],
    "checked": false,
    "id": 465,
    "ner_xml": "<CARDINAL>163</CARDINAL>Fleurier, charculier.\n<PER>Jannaud</PER>,<ACT>épicter.\nPrudhon me</ACT>, cab. litt.\n",
    "origin": "computer",
    "parent": 446,
    "persons": [
      "Jannaud"
    ],
    "text_ocr": "163 Fleurier, charculier.\nJannaud, épicter.\nPrudhon me, cab. litt.\n",
    "type": "ENTRY"
  },
  {
    "EOL": false,
    "box": [
      1470,
      972,
      328,
      30
    ],
    "id": 468,
    "indented": true,
    "parent": 467,
    "text": "",
    "type": "LINE"
  },
  {
    "addresses": [],
    "box": [
      1470,
      972,
      328,
      30
    ],
    "checked": false,
    "id": 467,
    "ner_xml": "<CARDINAL>164</CARDINAL>Bihaut,<ACT>bonnetier.\n</ACT>",
    "origin": "computer",
    "parent": 446,
    "persons": [],
    "text_ocr": "164 Bihaut, bonnetier.\n",
    "type": "ENTRY"
  },
  {
    "EOL": false,
    "box": [
      1470,
      1002,
      354,
      34
    ],
    "id": 470,
    "indented": true,
    "parent": 469,
    "text": "",
    "type": "LINE"
  },
  {
    "addresses": [],
    "box": [
      1470,
      1002,
      354,
      34
    ],
    "checked": false,
    "id": 469,
    "ner_xml": "<CARDINAL>163</CARDINAL>Baron,<ACT>guincatllter.</ACT>\n",
    "origin": "computer",
    "parent": 446,
    "persons": [],
    "text_ocr": "163 Baron, guincatllter.\n",
    "type": "ENTRY"
  },
  {
    "EOL": false,
    "box": [
      1468,
      1036,
      364,
      90
    ],
    "id": 472,
    "indented": true,
    "parent": 471,
    "text": "",
    "type": "LINE"
  },
  {
    "addresses": [],
    "box": [
      1468,
      1036,
      364,
      90
    ],
    "checked": false,
    "id": 471,
    "ner_xml": "<PER>François</PER>,<ACT>veus.\n166 Eylise Saint-Pierre</ACT>.\nEcole des Frères.\n",
    "origin": "computer",
    "parent": 446,
    "persons": [
      "François"
    ],
    "text_ocr": "François, veus.\n166 Eylise Saint-Pierre.\nEcole des Frères.\n",
    "type": "ENTRY"
  },
  {
    "EOL": false,
    "box": [
      1468,
      1130,
      326,
      30
    ],
    "id": 474,
    "indented": true,
    "parent": 473,
    "text": "",
    "type": "LINE"
  },
  {
    "addresses": [],
    "box": [
      1468,
      1130,
      326,
      30
    ],
    "checked": false,
    "id": 473,
    "ner_xml": "<CARDINAL>167</CARDINAL><PER>Clabaux</PER>,<ACT>vannter.\n</ACT>",
    "origin": "computer",
    "parent": 446,
    "persons": [
      "Clabaux"
    ],
    "text_ocr": "167 Clabaux, vannter.\n",
    "type": "ENTRY"
  },
  {
    "EOL": false,
    "box": [
      1468,
      1164,
      378,
      92
    ],
    "id": 476,
    "indented": true,
    "parent": 475,
    "text": "",
    "type": "LINE"
  },
  {
    "addresses": [],
    "box": [
      1468,
      1164,
      378,
      92
    ],
    "checked": false,
    "id": 475,
    "ner_xml": "<PER>Louis</PER>,<ACT>bott'er.\nWeil</ACT>,<ACT>teinturier.\n</ACT><CARDINAL>168</CARDINAL>Fa Boîte aux lettres.\n",
    "origin": "computer",
    "parent": 446,
    "persons": [
      "Louis"
    ],
    "text_ocr": "Louis, bott'er.\nWeil, teinturier.\n168 Fa Boîte aux lettres.\n",
    "type": "ENTRY"
  },
  {
    "EOL": false,
    "box": [
      1470,
      1258,
      386,
      188
    ],
    "id": 478,
    "indented": true,
    "parent": 477,
    "text": "",
    "type": "LINE"
  },
  {
    "addresses": [],
    "box": [
      1470,
      1258,
      386,
      188
    ],
    "checked": false,
    "id": 477,
    "ner_xml": "<PER>Chapris</PER>,<ACT>épteter.\nCastn</ACT>,<ACT>curé d. S-Pier.\nLambert</ACT>,<ACT>grainetier.\n170 Aeschliman (H.)</ACT>,<ACT>poél</ACT>.\nGoyard,<ACT>comm. de pol.\nJuchelle (Mme),sage-f.\n</ACT>",
    "origin": "computer",
    "parent": 446,
    "persons": [
      "Chapris"
    ],
    "text_ocr": "Chapris, épteter.\nCastn, curé d. S-Pier.\nLambert, grainetier.\n170 Aeschliman (H.), poél.\nGoyard, comm. de pol.\nJuchelle (Mme),sage-f.\n",
    "type": "ENTRY"
  },
  {
    "EOL": false,
    "box": [
      1470,
      1448,
      384,
      94
    ],
    "id": 480,
    "indented": true,
    "parent": 479,
    "text": "",
    "type": "LINE"
  },
  {
    "addresses": [],
    "box": [
      1470,
      1448,
      384,
      94
    ],
    "checked": false,
    "id": 479,
    "ner_xml": "<CARDINAL>171</CARDINAL><PER>Boisvin</PER>,<ACT>boucher.\nDache-Blot(Mme)</ACT>,<ACT>s.-f.\nFourtanier, ferblant.\n</ACT>",
    "origin": "computer",
    "parent": 446,
    "persons": [
      "Boisvin"
    ],
    "text_ocr": "171 Boisvin, boucher.\nDache-Blot(Mme), s.-f.\nFourtanier, ferblant.\n",
    "type": "ENTRY"
  },
  {
    "EOL": false,
    "box": [
      1470,
      1542,
      344,
      32
    ],
    "id": 482,
    "indented": true,
    "parent": 481,
    "text": "",
    "type": "LINE"
  },
  {
    "addresses": [
      {
        "street_name": "grainelter.\n",
        "street_numbers": []
      }
    ],
    "box": [
      1470,
      1542,
      344,
      32
    ],
    "checked": false,
    "id": 481,
    "ner_xml": "<ACT>173 Nigaux</ACT>,<LOC>grainelter.\n</LOC>",
    "origin": "computer",
    "parent": 446,
    "persons": [],
    "text_ocr": "173 Nigaux, grainelter.\n",
    "type": "ENTRY"
  },
  {
    "EOL": false,
    "box": [
      1470,
      1574,
      382,
      32
    ],
    "id": 484,
    "indented": true,
    "parent": 483,
    "text": "",
    "type": "LINE"
  },
  {
    "addresses": [],
    "box": [
      1470,
      1574,
      382,
      32
    ],
    "checked": false,
    "id": 483,
    "ner_xml": "<CARDINAL>175</CARDINAL><PER>Morniac (M!!es)</PER>,<ACT>merc.\n</ACT>",
    "origin": "computer",
    "parent": 446,
    "persons": [
      "Morniac (M!!es)"
    ],
    "text_ocr": "175 Morniac (M!!es), merc.\n",
    "type": "ENTRY"
  },
  {
    "EOL": false,
    "box": [
      1468,
      1606,
      382,
      28
    ],
    "id": 486,
    "indented": true,
    "parent": 485,
    "text": "",
    "type": "LINE"
  },
  {
    "addresses": [],
    "box": [
      1468,
      1606,
      382,
      28
    ],
    "checked": false,
    "id": 485,
    "ner_xml": "<CARDINAL>416</CARDINAL><PER>Dubois</PER><ACT>fr..menuisiers</ACT>.\n",
    "origin": "computer",
    "parent": 446,
    "persons": [
      "Dubois"
    ],
    "text_ocr": "416 Dubois fr..menuisiers.\n",
    "type": "ENTRY"
  },
  {
    "EOL": false,
    "box": [
      1468,
      1636,
      342,
      32
    ],
    "id": 488,
    "indented": true,
    "parent": 487,
    "text": "",
    "type": "LINE"
  },
  {
    "addresses": [],
    "box": [
      1468,
      1636,
      342,
      32
    ],
    "checked": false,
    "id": 487,
    "ner_xml": "<CARDINAL>177</CARDINAL>Ouillet, éustitultion.\n",
    "origin": "computer",
    "parent": 446,
    "persons": [],
    "text_ocr": "177 Ouillet, éustitultion.\n",
    "type": "ENTRY"
  },
  {
    "EOL": false,
    "box": [
      1468,
      1670,
      298,
      32
    ],
    "id": 490,
    "indented": true,
    "parent": 489,
    "text": "",
    "type": "LINE"
  },
  {
    "addresses": [],
    "box": [
      1468,
      1670,
      298,
      32
    ],
    "checked": false,
    "id": 489,
    "ner_xml": "<CARDINAL>178</CARDINAL><PER>Blin</PER>,<ACT>serrurter.\n</ACT>",
    "origin": "computer",
    "parent": 446,
    "persons": [
      "Blin"
    ],
    "text_ocr": "178 Blin, serrurter.\n",
    "type": "ENTRY"
  },
  {
    "EOL": false,
    "box": [
      1470,
      1702,
      386,
      156
    ],
    "id": 492,
    "indented": true,
    "parent": 491,
    "text": "",
    "type": "LINE"
  },
  {
    "addresses": [],
    "box": [
      1470,
      1702,
      386,
      156
    ],
    "checked": false,
    "id": 491,
    "ner_xml": "<PER>Lesueur</PER>,<ACT>charron.\n179 Bequet</ACT>,<ACT>prod. chim.\nJustin, Giffray, pape.\nLabhé</ACT>,<ACT>épicier.\nMovyeuvre</ACT>,<ACT>boftier.\n</ACT>",
    "origin": "computer",
    "parent": 446,
    "persons": [
      "Lesueur"
    ],
    "text_ocr": "Lesueur, charron.\n179 Bequet, prod. chim.\nJustin, Giffray, pape.\nLabhé, épicier.\nMovyeuvre, boftier.\n",
    "type": "ENTRY"
  },
  {
    "EOL": false,
    "box": [
      1468,
      1858,
      364,
      126
    ],
    "id": 494,
    "indented": true,
    "parent": 493,
    "text": "",
    "type": "LINE"
  },
  {
    "addresses": [],
    "box": [
      1468,
      1858,
      364,
      126
    ],
    "checked": false,
    "id": 493,
    "ner_xml": "<PER>Sarret</PER>,<ACT>médecin.\n181 Bourgoin</ACT>,<ACT>coiffeur.\n\nBoutreux</ACT>,<ACT>couvreur.\n\nGagnard</ACT>,<ACT>boulanger.\n</ACT>",
    "origin": "computer",
    "parent": 446,
    "persons": [
      "Sarret"
    ],
    "text_ocr": "Sarret, médecin.\n181 Bourgoin, coiffeur.\n\nBoutreux, couvreur.\n\nGagnard, boulanger.\n",
    "type": "ENTRY"
  },
  {
    "EOL": false,
    "box": [
      1468,
      1984,
      370,
      94
    ],
    "id": 496,
    "indented": true,
    "parent": 495,
    "text": "",
    "type": "LINE"
  },
  {
    "addresses": [],
    "box": [
      1468,
      1984,
      370,
      94
    ],
    "checked": false,
    "id": 495,
    "ner_xml": "<PER>Foussard</PER>,<ACT>menustster.\nHenriet. distillateur.\n182 Chandelier</ACT>,<ACT>épicier.\n</ACT>",
    "origin": "computer",
    "parent": 446,
    "persons": [
      "Foussard"
    ],
    "text_ocr": "Foussard, menustster.\nHenriet. distillateur.\n182 Chandelier, épicier.\n",
    "type": "ENTRY"
  },
  {
    "EOL": false,
    "box": [
      1468,
      2080,
      356,
      62
    ],
    "id": 498,
    "indented": true,
    "parent": 497,
    "text": "",
    "type": "LINE"
  },
  {
    "addresses": [],
    "box": [
      1468,
      2080,
      356,
      62
    ],
    "checked": false,
    "id": 497,
    "ner_xml": "<CARDINAL>183</CARDINAL><PER>Bailly</PER>,<ACT>boucher.\nChassin</ACT>,<ACT>menuisier.\n</ACT>",
    "origin": "computer",
    "parent": 446,
    "persons": [
      "Bailly"
    ],
    "text_ocr": "183 Bailly, boucher.\nChassin, menuisier.\n",
    "type": "ENTRY"
  },
  {
    "EOL": false,
    "box": [
      1470,
      2142,
      380,
      126
    ],
    "id": 500,
    "indented": true,
    "parent": 499,
    "text": "",
    "type": "LINE"
  },
  {
    "addresses": [],
    "box": [
      1470,
      2142,
      380,
      126
    ],
    "checked": false,
    "id": 499,
    "ner_xml": "<PER>Hache</PER>,<ACT>charoutter.\n\nTuppin</ACT>,<ACT>reintre. vitr.\n185 Haran</ACT>,<ACT>limonadier.\n\nTinet</ACT>,<ACT>chapelier.\n</ACT>",
    "origin": "computer",
    "parent": 446,
    "persons": [
      "Hache"
    ],
    "text_ocr": "Hache, charoutter.\n\nTuppin , reintre. vitr.\n185 Haran, limonadier.\n\nTinet, chapelier.\n",
    "type": "ENTRY"
  },
  {
    "EOL": false,
    "box": [
      1468,
      2270,
      284,
      30
    ],
    "id": 502,
    "indented": true,
    "parent": 501,
    "text": "",
    "type": "LINE"
  },
  {
    "addresses": [],
    "box": [
      1468,
      2270,
      284,
      30
    ],
    "checked": false,
    "id": 501,
    "ner_xml": "<CARDINAL>186 Fromage</CARDINAL>,<ACT>vins.\n</ACT>",
    "origin": "computer",
    "parent": 446,
    "persons": [],
    "text_ocr": "186 Fromage, vins.\n",
    "type": "ENTRY"
  },
  {
    "EOL": false,
    "box": [
      1468,
      2296,
      342,
      32
    ],
    "id": 504,
    "indented": true,
    "parent": 503,
    "text": "",
    "type": "LINE"
  },
  {
    "addresses": [],
    "box": [
      1468,
      2296,
      342,
      32
    ],
    "checked": false,
    "id": 503,
    "ner_xml": "<CARDINAL>187</CARDINAL><PER>Rureau de charité</PER>.\n",
    "origin": "computer",
    "parent": 446,
    "persons": [
      "Rureau de charité"
    ],
    "text_ocr": "187 Rureau de charité.\n",
    "type": "ENTRY"
  },
  {
    "EOL": false,
    "box": [
      1468,
      2332,
      384,
      94
    ],
    "id": 506,
    "indented": true,
    "parent": 505,
    "text": "",
    "type": "LINE"
  },
  {
    "addresses": [],
    "box": [
      1468,
      2332,
      384,
      94
    ],
    "checked": false,
    "id": 505,
    "ner_xml": "<PER>Hospice Leprince</PER>.\n188 Joubert %e,<ACT>directeur.\nCeccaldi 0.%</ACT>,<ACT>chirg.\n</ACT>",
    "origin": "computer",
    "parent": 446,
    "persons": [
      "Hospice Leprince"
    ],
    "text_ocr": "Hospice Leprince.\n188 Joubert %e, directeur.\nCeccaldi 0.%, chirg.\n",
    "type": "ENTRY"
  },
  {
    "EOL": false,
    "box": [
      1468,
      2428,
      370,
      88
    ],
    "id": 508,
    "indented": true,
    "parent": 507,
    "text": "",
    "type": "LINE"
  },
  {
    "addresses": [],
    "box": [
      1468,
      2428,
      370,
      88
    ],
    "checked": false,
    "id": 507,
    "ner_xml": "en chef.\nsir<ACT>pharmacien.</ACT>\n<CARDINAL>189</CARDINAL>Asile (Salle d’')},\n",
    "origin": "computer",
    "parent": 446,
    "persons": [],
    "text_ocr": "en chef.\nsir pharmacien.\n189 Asile (Salle d’')},\n",
    "type": "ENTRY"
  },
  {
    "EOL": false,
    "box": [
      1468,
      2516,
      370,
      36
    ],
    "id": 510,
    "indented": true,
    "parent": 509,
    "text": "",
    "type": "LINE"
  },
  {
    "addresses": [],
    "box": [
      1468,
      2516,
      370,
      36
    ],
    "checked": false,
    "id": 509,
    "ner_xml": "<CARDINAL>192</CARDINAL><PER>Bavard fils</PER>,<ACT>propriél.\n</ACT>",
    "origin": "computer",
    "parent": 446,
    "persons": [
      "Bavard fils"
    ],
    "text_ocr": "192 Bavard fils, propriél.\n",
    "type": "ENTRY"
  },
  {
    "EOL": false,
    "box": [
      1470,
      2548,
      384,
      34
    ],
    "id": 512,
    "indented": true,
    "parent": 511,
    "text": "",
    "type": "LINE"
  },
  {
    "addresses": [],
    "box": [
      1470,
      2548,
      384,
      34
    ],
    "checked": false,
    "id": 511,
    "ner_xml": "<CARDINAL>193</CARDINAL>Larue-Chorin, cordon.\n",
    "origin": "computer",
    "parent": 446,
    "persons": [],
    "text_ocr": "193 Larue-Chorin, cordon.\n",
    "type": "ENTRY"
  },
  {
    "EOL": false,
    "box": [
      1468,
      2584,
      294,
      62
    ],
    "id": 514,
    "indented": true,
    "parent": 513,
    "text": "",
    "type": "LINE"
  },
  {
    "addresses": [],
    "box": [
      1468,
      2584,
      294,
      62
    ],
    "checked": false,
    "id": 513,
    "ner_xml": "<PER>Lebon</PER>,<ACT>épicier.\n194 Lisle</ACT>,<ACT>medecin.\n</ACT>",
    "origin": "computer",
    "parent": 446,
    "persons": [
      "Lebon"
    ],
    "text_ocr": "Lebon, épicier.\n194 Lisle, medecin.\n",
    "type": "ENTRY"
  },
  {
    "EOL": false,
    "box": [
      1470,
      2646,
      284,
      30
    ],
    "id": 516,
    "indented": true,
    "parent": 515,
    "text": "",
    "type": "LINE"
  },
  {
    "addresses": [],
    "box": [
      1470,
      2646,
      284,
      30
    ],
    "checked": false,
    "id": 515,
    "ner_xml": "<CARDINAL>195</CARDINAL><PER>Lemoine</PER>,<ACT>vis.\n</ACT>",
    "origin": "computer",
    "parent": 446,
    "persons": [
      "Lemoine"
    ],
    "text_ocr": "195 Lemoine, vis.\n",
    "type": "ENTRY"
  },
  {
    "EOL": false,
    "box": [
      1468,
      2676,
      310,
      32
    ],
    "id": 518,
    "indented": true,
    "parent": 517,
    "text": "",
    "type": "LINE"
  },
  {
    "addresses": [],
    "box": [
      1468,
      2676,
      310,
      32
    ],
    "checked": false,
    "id": 517,
    "ner_xml": "<CARDINAL>199</CARDINAL><PER>Leroux</PER>,<ACT>éptoter.\n</ACT>",
    "origin": "computer",
    "parent": 446,
    "persons": [
      "Leroux"
    ],
    "text_ocr": "199 Leroux, éptoter.\n",
    "type": "ENTRY"
  },
  {
    "EOL": false,
    "box": [
      1468,
      2706,
      370,
      64
    ],
    "id": 520,
    "indented": true,
    "parent": 519,
    "text": "",
    "type": "LINE"
  },
  {
    "addresses": [],
    "box": [
      1468,
      2706,
      370,
      64
    ],
    "checked": false,
    "id": 519,
    "ner_xml": "<PER>Duprer</PER>, charpeniser.\n<CARDINAL>201</CARDINAL>Blot,<ACT>médecin.\n</ACT>",
    "origin": "computer",
    "parent": 446,
    "persons": [
      "Duprer"
    ],
    "text_ocr": "Duprer, charpeniser.\n201 Blot, médecin.\n",
    "type": "ENTRY"
  },
  {
    "EOL": false,
    "box": [
      1468,
      2772,
      256,
      30
    ],
    "id": 522,
    "indented": true,
    "parent": 521,
    "text": "",
    "type": "LINE"
  },
  {
    "addresses": [],
    "box": [
      1468,
      2772,
      256,
      30
    ],
    "checked": false,
    "id": 521,
    "ner_xml": "<CARDINAL>203</CARDINAL><PER>Pentat</PER>,<ACT>vins.\n</ACT>",
    "origin": "computer",
    "parent": 446,
    "persons": [
      "Pentat"
    ],
    "text_ocr": "203 Pentat, vins.\n",
    "type": "ENTRY"
  },
  {
    "box": [
      1460,
      204,
      396,
      2598
    ],
    "id": 446,
    "parent": 445,
    "type": "COLUMN_LEVEL_2"
  },
  {
    "box": [
      1460,
      204,
      396,
      2598
    ],
    "id": 445,
    "parent": 444,
    "type": "SECTION_LEVEL_2"
  },
  {
    "box": [
      1460,
      204,
      396,
      2598
    ],
    "id": 444,
    "parent": 258,
    "type": "COLUMN_LEVEL_1"
  },
  {
    "box": [
      204,
      204,
      1652,
      2598
    ],
    "id": 258,
    "parent": 256,
    "type": "SECTION_LEVEL_1"
  },
  {
    "box": [
      204,
      144,
      1652,
      2658
    ],
    "id": 256,
    "type": "PAGE"
  }
]
