[
  {
    "box": [
      54,
      129,
      786,
      14
    ],
    "checked": false,
    "id": 257,
    "origin": "computer",
    "parent": 256,
    "text": "DES ADRESSES DE PANHIS,\n",
    "type": "TITLE_LEVEL_1"
  },
  {
    "EOL": false,
    "box": [
      59,
      157,
      311,
      22
    ],
    "id": 263,
    "indented": false,
    "parent": 262,
    "text": "",
    "type": "LINE"
  },
  {
    "addresses": [
      {
        "street_name": "Cléry",
        "street_numbers": [
          "9"
        ]
      }
    ],
    "box": [
      59,
      157,
      311,
      22
    ],
    "checked": true,
    "id": 262,
    "origin": "human",
    "parent": 261,
    "persons": [
      "Collignon (C.)"
    ],
    "score": 1,
    "text_ocr": "##Collignon (C.)##, ££peint. a.££ @@Cléry@@, $$9$$.\n",
    "type": "ENTRY"
  },
  {
    "EOL": false,
    "box": [
      59,
      179,
      301,
      22
    ],
    "id": 265,
    "indented": true,
    "parent": 264,
    "text": "",
    "type": "LINE"
  },
  {
    "addresses": [
      {
        "street_name": "Cléry",
        "street_numbers": [
          "9"
        ]
      }
    ],
    "box": [
      59,
      179,
      301,
      22
    ],
    "checked": true,
    "id": 264,
    "origin": "human",
    "parent": 261,
    "persons": [
      "Collignon (G)"
    ],
    "score": 0.5,
    "text_ocr": "##Collignon (G)##, ££pianiste££, @@Cléry@@, $$9$$.\n",
    "type": "ENTRY"
  },
  {
    "EOL": false,
    "box": [
      60,
      198,
      348,
      23
    ],
    "id": 267,
    "indented": true,
    "parent": 266,
    "text": "",
    "type": "LINE"
  },
  {
    "addresses": [
      {
        "street_name": "f. St Martin",
        "street_numbers": [
          "66"
        ]
      }
    ],
    "box": [
      60,
      198,
      348,
      23
    ],
    "checked": true,
    "id": 266,
    "origin": "human",
    "parent": 261,
    "persons": [
      "Collignon"
    ],
    "score": 0.5,
    "text_ocr": "##Collignon##, ££vannier££, @@f. St Martin@@, $$66$$.\n",
    "type": "ENTRY"
  },
  {
    "EOL": false,
    "box": [
      59,
      221,
      357,
      20
    ],
    "id": 269,
    "indented": true,
    "parent": 268,
    "text": "",
    "type": "LINE"
  },
  {
    "addresses": [
      {
        "street_name": "foss. St Germ l'Auxer.",
        "street_numbers": [
          "1"
        ]
      }
    ],
    "box": [
      59,
      221,
      357,
      20
    ],
    "checked": true,
    "id": 268,
    "origin": "human",
    "parent": 261,
    "persons": [
      "Collin"
    ],
    "score": 0.25,
    "text_ocr": "##Collin##, ££avoc.££ @@foss. St Germ l'Auxer.@@, $$1$$.\n",
    "type": "ENTRY"
  },
  {
    "EOL": false,
    "box": [
      58,
      243,
      274,
      21
    ],
    "id": 271,
    "indented": true,
    "parent": 270,
    "text": "",
    "type": "LINE"
  },
  {
    "addresses": [
      {
        "street_name": "Grammont",
        "street_numbers": [
          "16"
        ]
      }
    ],
    "box": [
      58,
      243,
      274,
      21
    ],
    "checked": true,
    "id": 270,
    "origin": "human",
    "parent": 261,
    "persons": [
      "Collin"
    ],
    "score": 0.75,
    "text_ocr": "##Collin##, ££avoué££, @@Grammont@@, $$16$$.\n",
    "type": "ENTRY"
  },
  {
    "EOL": false,
    "box": [
      58,
      264,
      367,
      23
    ],
    "id": 273,
    "indented": true,
    "parent": 272,
    "text": "",
    "type": "LINE"
  },
  {
    "addresses": [
      {
        "street_name": "St Dominiq.",
        "street_numbers": [
          "133"
        ]
      }
    ],
    "box": [
      58,
      264,
      367,
      23
    ],
    "checked": true,
    "id": 272,
    "origin": "human",
    "parent": 261,
    "persons": [
      "Collin (Vve)"
    ],
    "score": 0.65,
    "text_ocr": "##Collin (Vve)##, ££bois à b.££ @@St Dominiq.@@ $$133$$,\n",
    "type": "ENTRY"
  },
  {
    "EOL": false,
    "box": [
      59,
      286,
      360,
      20
    ],
    "id": 275,
    "indented": true,
    "parent": 274,
    "text": "",
    "type": "LINE"
  },
  {
    "addresses": [
      {
        "street_name": "Petit Bourbon St Sulp.",
        "street_numbers": [
          "10"
        ]
      }
    ],
    "box": [
      59,
      286,
      360,
      20
    ],
    "checked": true,
    "id": 274,
    "origin": "human",
    "parent": 261,
    "persons": [
      "Collin"
    ],
    "score": 0.5,
    "text_ocr": "##Collin##, ££bott.££ @@Petit Bourbon St Sulp.@@ $$10$$.\n",
    "type": "ENTRY"
  },
  {
    "EOL": false,
    "box": [
      58,
      309,
      208,
      20
    ],
    "id": 277,
    "indented": true,
    "parent": 276,
    "text": "",
    "type": "LINE"
  },
  {
    "addresses": [
      {
        "street_name": "Bleue",
        "street_numbers": [
          "35"
        ]
      }
    ],
    "box": [
      58,
      309,
      208,
      20
    ],
    "checked": true,
    "id": 276,
    "origin": "human",
    "parent": 261,
    "persons": [
      "Collin"
    ],
    "score": 1,
    "text_ocr": "##Collin##, ££bott.££ @@Bleue@@, $$35$$.\n",
    "type": "ENTRY"
  },
  {
    "EOL": false,
    "box": [
      59,
      331,
      238,
      19
    ],
    "id": 279,
    "indented": true,
    "parent": 278,
    "text": "",
    "type": "LINE"
  },
  {
    "addresses": [
      {
        "street_name": "Cotuellerie",
        "street_numbers": []
      }
    ],
    "box": [
      59,
      331,
      238,
      19
    ],
    "checked": true,
    "id": 278,
    "origin": "human",
    "parent": 261,
    "persons": [
      "Collin"
    ],
    "score": 0.375,
    "street_number": "",
    "text_ocr": "##Collin##, ££camb.££ @@Cotuellerie@@,\n",
    "type": "ENTRY"
  },
  {
    "EOL": false,
    "box": [
      58,
      353,
      208,
      22
    ],
    "id": 281,
    "indented": true,
    "parent": 280,
    "text": "",
    "type": "LINE"
  },
  {
    "addresses": [
      {
        "street_name": "Bièvre",
        "street_numbers": [
          "2"
        ]
      }
    ],
    "box": [
      58,
      353,
      208,
      22
    ],
    "checked": true,
    "id": 280,
    "origin": "human",
    "parent": 261,
    "persons": [
      "Collin"
    ],
    "score": 1,
    "text_ocr": "##Collin##, ££coiff.££ @@Bièvre@@, $$2$$.\n",
    "type": "ENTRY"
  },
  {
    "EOL": false,
    "box": [
      59,
      373,
      312,
      23
    ],
    "id": 283,
    "indented": true,
    "parent": 282,
    "text": "",
    "type": "LINE"
  },
  {
    "addresses": [
      {
        "street_name": "Orléans St Hon.",
        "street_numbers": [
          "4"
        ]
      }
    ],
    "box": [
      59,
      373,
      312,
      23
    ],
    "checked": true,
    "id": 282,
    "origin": "human",
    "parent": 261,
    "persons": [
      "Collin"
    ],
    "score": 0.33333333333333337,
    "text_ocr": "##Collin##, ££corroy.££ @@Orléans St Hon.@@ $$4$$.\n",
    "type": "ENTRY"
  },
  {
    "EOL": false,
    "box": [
      58,
      395,
      356,
      21
    ],
    "id": 285,
    "indented": true,
    "parent": 284,
    "text": "",
    "type": "LINE"
  },
  {
    "addresses": [
      {
        "street_name": "Beaurepaire",
        "street_numbers": [
          "11"
        ]
      }
    ],
    "box": [
      58,
      395,
      356,
      21
    ],
    "checked": true,
    "id": 284,
    "origin": "human",
    "parent": 261,
    "persons": [
      "Collin (mad.)"
    ],
    "score": 1,
    "text_ocr": "##Collin (mad.)##, ££coutur.££ @@Beaurepaire@@, $$11$$.\n",
    "type": "ENTRY"
  },
  {
    "EOL": false,
    "box": [
      57,
      418,
      267,
      20
    ],
    "id": 287,
    "indented": true,
    "parent": 286,
    "text": "",
    "type": "LINE"
  },
  {
    "addresses": [
      {
        "street_name": "Lareynie",
        "street_numbers": [
          "9"
        ]
      }
    ],
    "box": [
      57,
      418,
      267,
      20
    ],
    "checked": true,
    "id": 286,
    "origin": "human",
    "parent": 261,
    "persons": [
      "Collin"
    ],
    "score": 0.5,
    "text_ocr": "##Collin##, ££couvert.££ @@Lareynie@@; $$9$$.\n",
    "type": "ENTRY"
  },
  {
    "EOL": false,
    "box": [
      56,
      438,
      336,
      23
    ],
    "id": 289,
    "indented": true,
    "parent": 288,
    "text": "",
    "type": "LINE"
  },
  {
    "addresses": [
      {
        "street_name": "St André des Arts",
        "street_numbers": [
          "75"
        ]
      }
    ],
    "box": [
      56,
      438,
      336,
      23
    ],
    "checked": true,
    "id": 288,
    "origin": "human",
    "parent": 261,
    "persons": [
      "Collin"
    ],
    "score": 0.25,
    "text_ocr": "##Collin##, ££grav.££ @@St André des Arts@@, $$75$$.\n",
    "type": "ENTRY"
  },
  {
    "EOL": false,
    "box": [
      57,
      460,
      379,
      23
    ],
    "id": 291,
    "indented": true,
    "parent": 290,
    "text": "",
    "type": "LINE"
  },
  {
    "EOL": false,
    "box": [
      81,
      484,
      163,
      17
    ],
    "id": 292,
    "indented": false,
    "parent": 290,
    "text": "",
    "type": "LINE"
  },
  {
    "addresses": [
      {
        "street_name": "impasse des\nFeuillantines",
        "street_numbers": [
          "10"
        ]
      }
    ],
    "box": [
      57,
      460,
      379,
      41
    ],
    "checked": true,
    "id": 290,
    "origin": "human",
    "parent": 261,
    "persons": [
      "Collin (Ch. Etien.)"
    ],
    "score": 1,
    "text_ocr": "##Collin (Ch. Etien.)##, ££topog.££ @@impasse des\nFeuillantines@@, $$10$$.\n",
    "type": "ENTRY"
  },
  {
    "EOL": false,
    "box": [
      57,
      504,
      308,
      21
    ],
    "id": 294,
    "indented": true,
    "parent": 293,
    "text": "",
    "type": "LINE"
  },
  {
    "addresses": [
      {
        "street_name": "Nve St Eustache",
        "street_numbers": [
          "1"
        ]
      }
    ],
    "box": [
      57,
      504,
      308,
      21
    ],
    "checked": true,
    "id": 293,
    "origin": "human",
    "parent": 261,
    "persons": [
      "Collin"
    ],
    "score": 0.5,
    "text_ocr": "##Collin##, ££horl.££ @@Nve St Eustache@@, $$1$$,\n",
    "type": "ENTRY"
  },
  {
    "EOL": false,
    "box": [
      57,
      525,
      350,
      19
    ],
    "id": 296,
    "indented": true,
    "parent": 295,
    "text": "",
    "type": "LINE"
  },
  {
    "addresses": [
      {
        "street_name": "Foss. Montmart.",
        "street_numbers": [
          "7"
        ]
      }
    ],
    "box": [
      57,
      525,
      350,
      19
    ],
    "checked": true,
    "id": 295,
    "origin": "human",
    "parent": 261,
    "persons": [
      "Collin"
    ],
    "score": 0.875,
    "text_ocr": "##Collin##. ££instr. à v.££ @@Foss. Montmart.@@ $$7$$.\n",
    "type": "ENTRY"
  },
  {
    "EOL": false,
    "box": [
      56,
      548,
      271,
      20
    ],
    "id": 298,
    "indented": true,
    "parent": 297,
    "text": "",
    "type": "LINE"
  },
  {
    "addresses": [
      {
        "street_name": "Deux-Ponts",
        "street_numbers": [
          "1"
        ]
      }
    ],
    "box": [
      56,
      548,
      271,
      20
    ],
    "checked": true,
    "id": 297,
    "origin": "human",
    "parent": 261,
    "persons": [
      "Collin"
    ],
    "score": 1,
    "text_ocr": "##Collin##, ££limon.££ @@Deux-Ponts@@, $$1$$.\n",
    "type": "ENTRY"
  },
  {
    "EOL": false,
    "box": [
      56,
      571,
      250,
      16
    ],
    "id": 300,
    "indented": true,
    "parent": 299,
    "text": "",
    "type": "LINE"
  },
  {
    "addresses": [
      {
        "street_name": "Provence",
        "street_numbers": [
          "21"
        ]
      }
    ],
    "box": [
      56,
      571,
      250,
      16
    ],
    "checked": true,
    "id": 299,
    "origin": "human",
    "parent": 261,
    "persons": [
      "Collin"
    ],
    "score": 1,
    "text_ocr": "##Collin##. ££méd.££ @@Provence@@, $$21$$.\n",
    "type": "ENTRY"
  },
  {
    "EOL": false,
    "box": [
      56,
      591,
      313,
      21
    ],
    "id": 302,
    "indented": true,
    "parent": 301,
    "text": "",
    "type": "LINE"
  },
  {
    "addresses": [
      {
        "street_name": "q. de Jemmapes",
        "street_numbers": [
          "88"
        ]
      }
    ],
    "box": [
      56,
      591,
      313,
      21
    ],
    "checked": true,
    "id": 301,
    "origin": "human",
    "parent": 261,
    "persons": [
      "Collin"
    ],
    "score": 0.5,
    "text_ocr": "##Collin##, ££cisel.££ @@q. de Jemmapes@@, $$88$$.\n",
    "type": "ENTRY"
  },
  {
    "EOL": false,
    "box": [
      57,
      613,
      241,
      22
    ],
    "id": 304,
    "indented": true,
    "parent": 303,
    "text": "",
    "type": "LINE"
  },
  {
    "addresses": [
      {
        "street_name": "Dauphine",
        "street_numbers": [
          "46"
        ]
      }
    ],
    "box": [
      57,
      613,
      241,
      22
    ],
    "checked": true,
    "id": 303,
    "origin": "human",
    "parent": 261,
    "persons": [
      "Collin"
    ],
    "score": 1,
    "text_ocr": "##Collin##, ££orf.££ @@Dauphine@@, $$46$$.\n",
    "type": "ENTRY"
  },
  {
    "EOL": false,
    "box": [
      57,
      635,
      379,
      23
    ],
    "id": 306,
    "indented": true,
    "parent": 305,
    "text": "",
    "type": "LINE"
  },
  {
    "EOL": false,
    "box": [
      78,
      658,
      100,
      16
    ],
    "id": 307,
    "indented": false,
    "parent": 305,
    "text": "",
    "type": "LINE"
  },
  {
    "addresses": [
      {
        "street_name": "St Louis\nen l'Ile",
        "street_numbers": [
          "3"
        ]
      }
    ],
    "box": [
      57,
      635,
      379,
      39
    ],
    "checked": true,
    "id": 305,
    "origin": "human",
    "parent": 261,
    "persons": [
      "Collin et comp"
    ],
    "score": 0,
    "text_ocr": "##Collin et comp##. ££imp. sur étof.££ @@St Louis\nen l'Ile@@. $$3$$.\n",
    "type": "ENTRY"
  },
  {
    "EOL": false,
    "box": [
      56,
      678,
      379,
      21
    ],
    "id": 309,
    "indented": true,
    "parent": 308,
    "text": "",
    "type": "LINE"
  },
  {
    "addresses": [
      {
        "street_name": "Grenelle St G",
        "street_numbers": [
          "126"
        ]
      }
    ],
    "box": [
      56,
      678,
      379,
      21
    ],
    "checked": true,
    "id": 308,
    "origin": "human",
    "parent": 261,
    "persons": [
      "Collin (mad.)"
    ],
    "score": 0.5,
    "text_ocr": "##Collin (mad.)##, ££instr.££ @@Grenelle St G@@, $$126$$.\n",
    "type": "ENTRY"
  },
  {
    "EOL": false,
    "box": [
      56,
      700,
      380,
      22
    ],
    "id": 311,
    "indented": true,
    "parent": 310,
    "text": "",
    "type": "LINE"
  },
  {
    "EOL": false,
    "box": [
      79,
      724,
      83,
      14
    ],
    "id": 312,
    "indented": false,
    "parent": 310,
    "text": "",
    "type": "LINE"
  },
  {
    "addresses": [
      {
        "street_name": "au Palais\nBourbon",
        "street_numbers": []
      }
    ],
    "box": [
      56,
      700,
      380,
      38
    ],
    "checked": true,
    "id": 310,
    "origin": "human",
    "parent": 261,
    "persons": [
      "Collin Beloya (mad.)"
    ],
    "score": 0.07142857142857142,
    "street_number": "",
    "text_ocr": "##Collin Beloya (mad.)##, ££peint. a.££ @@au Palais\nBourbon@@.\n",
    "type": "ENTRY"
  },
  {
    "EOL": false,
    "box": [
      57,
      743,
      277,
      22
    ],
    "id": 314,
    "indented": true,
    "parent": 313,
    "text": "",
    "type": "LINE"
  },
  {
    "addresses": [
      {
        "street_name": " f. du Temple",
        "street_numbers": [
          "5"
        ]
      }
    ],
    "box": [
      57,
      743,
      277,
      22
    ],
    "checked": true,
    "id": 313,
    "origin": "human",
    "parent": 261,
    "persons": [
      "Collin"
    ],
    "score": 0.5,
    "text_ocr": "##Collin##, ££plaq.££@@ f. du Temple@@, $$5$$.\n",
    "type": "ENTRY"
  },
  {
    "EOL": false,
    "box": [
      57,
      765,
      349,
      22
    ],
    "id": 316,
    "indented": true,
    "parent": 315,
    "text": "",
    "type": "LINE"
  },
  {
    "addresses": [
      {
        "street_name": "f. St Antoine",
        "street_numbers": [
          "13"
        ]
      }
    ],
    "box": [
      57,
      765,
      349,
      22
    ],
    "checked": true,
    "id": 315,
    "origin": "human",
    "parent": 261,
    "persons": [
      "Collin (Ch.)"
    ],
    "score": 0.5,
    "text_ocr": "##Collin (Ch.)##, ££quinc.££ @@f. St Antoine@@, $$13$$.\n",
    "type": "ENTRY"
  },
  {
    "EOL": false,
    "box": [
      56,
      787,
      362,
      17
    ],
    "id": 318,
    "indented": true,
    "parent": 317,
    "text": "",
    "type": "LINE"
  },
  {
    "addresses": [
      {
        "street_name": "J.J. Rousseau",
        "street_numbers": [
          "15"
        ]
      }
    ],
    "box": [
      56,
      787,
      362,
      17
    ],
    "checked": true,
    "id": 317,
    "origin": "human",
    "parent": 261,
    "persons": [
      "Collin"
    ],
    "score": 0.5,
    "text_ocr": "##Collin##. ££rec. de rent.££ @@J.J. Rousseau@@, $$15$$.\n",
    "type": "ENTRY"
  },
  {
    "EOL": false,
    "box": [
      56,
      808,
      348,
      20
    ],
    "id": 320,
    "indented": true,
    "parent": 319,
    "text": "",
    "type": "LINE"
  },
  {
    "addresses": [
      {
        "street_name": "St Martin",
        "street_numbers": [
          "110"
        ]
      }
    ],
    "box": [
      56,
      808,
      348,
      20
    ],
    "checked": true,
    "id": 319,
    "origin": "human",
    "parent": 261,
    "persons": [
      "Collin frères"
    ],
    "score": 0.5,
    "text_ocr": "##Collin frères##, ££rouenn.££ @@St Martin@@, $$110$$.",
    "type": "ENTRY"
  },
  {
    "EOL": false,
    "box": [
      56,
      831,
      282,
      18
    ],
    "id": 322,
    "indented": true,
    "parent": 321,
    "text": "",
    "type": "LINE"
  },
  {
    "addresses": [
      {
        "street_name": "f. St Antoine",
        "street_numbers": [
          "55"
        ]
      }
    ],
    "box": [
      56,
      831,
      282,
      18
    ],
    "checked": true,
    "id": 321,
    "origin": "human",
    "parent": 261,
    "persons": [
      "Collin"
    ],
    "score": 0.6,
    "text_ocr": "##Collin##, ££serr.££ @@f. St Antoine@@, $$55$$.\n",
    "type": "ENTRY"
  },
  {
    "EOL": false,
    "box": [
      56,
      852,
      308,
      21
    ],
    "id": 324,
    "indented": true,
    "parent": 323,
    "text": "",
    "type": "LINE"
  },
  {
    "addresses": [
      {
        "street_name": "Tibautodé",
        "street_numbers": [
          "15"
        ]
      }
    ],
    "box": [
      56,
      852,
      308,
      21
    ],
    "checked": true,
    "id": 323,
    "origin": "human",
    "parent": 261,
    "persons": [
      "Collineau"
    ],
    "score": 0.5,
    "text_ocr": "##Collineau##, ££draps££, @@Tibautodé@@, $$15$$.\n",
    "type": "ENTRY"
  },
  {
    "EOL": false,
    "box": [
      56,
      874,
      334,
      20
    ],
    "id": 326,
    "indented": true,
    "parent": 325,
    "text": "",
    "type": "LINE"
  },
  {
    "addresses": [
      {
        "street_name": " Ste Appoline",
        "street_numbers": [
          "8"
        ]
      }
    ],
    "box": [
      56,
      874,
      334,
      20
    ],
    "checked": true,
    "id": 325,
    "origin": "human",
    "parent": 261,
    "persons": [
      "Collineau"
    ],
    "score": 0.5,
    "text_ocr": "##Collineau## µµ::LH::µµ, ££méd££,@@ Ste Appoline@@, $$8$$.\n",
    "type": "ENTRY"
  },
  {
    "EOL": false,
    "box": [
      55,
      895,
      378,
      20
    ],
    "id": 328,
    "indented": true,
    "parent": 327,
    "text": "",
    "type": "LINE"
  },
  {
    "addresses": [
      {
        "street_name": "Ferme des Mathurins",
        "street_numbers": [
          "28"
        ]
      }
    ],
    "box": [
      55,
      895,
      378,
      20
    ],
    "checked": true,
    "id": 327,
    "origin": "human",
    "parent": 261,
    "persons": [
      "Collinet"
    ],
    "score": 0.5,
    "text_ocr": "##Collinet##, ££ébén.££ @@Ferme des Mathurins@@, $$28$$.\n",
    "type": "ENTRY"
  },
  {
    "EOL": false,
    "box": [
      56,
      917,
      294,
      21
    ],
    "id": 330,
    "indented": true,
    "parent": 329,
    "text": "",
    "type": "LINE"
  },
  {
    "addresses": [
      {
        "street_name": "Coq St Hon.",
        "street_numbers": [
          "4"
        ]
      }
    ],
    "box": [
      56,
      917,
      294,
      21
    ],
    "checked": true,
    "id": 329,
    "origin": "human",
    "parent": 261,
    "persons": [
      "Collinet"
    ],
    "score": 0,
    "text_ocr": "##Collinet##, ££musiq.££ @@Coq St Hon.@@ $$4$$.\n",
    "type": "ENTRY"
  },
  {
    "EOL": false,
    "box": [
      55,
      939,
      260,
      20
    ],
    "id": 332,
    "indented": true,
    "parent": 331,
    "text": "",
    "type": "LINE"
  },
  {
    "addresses": [
      {
        "street_name": "Vivienne",
        "street_numbers": [
          "5"
        ]
      }
    ],
    "box": [
      55,
      939,
      260,
      20
    ],
    "checked": true,
    "id": 331,
    "origin": "human",
    "parent": 261,
    "persons": [
      "Collinet"
    ],
    "score": 1,
    "text_ocr": "##Collinet##, ££taill.££ @@Vivienne@@, $$5$$.\n",
    "type": "ENTRY"
  },
  {
    "EOL": false,
    "box": [
      55,
      961,
      377,
      23
    ],
    "id": 334,
    "indented": true,
    "parent": 333,
    "text": "",
    "type": "LINE"
  },
  {
    "EOL": false,
    "box": [
      77,
      984,
      118,
      18
    ],
    "id": 335,
    "indented": false,
    "parent": 333,
    "text": "",
    "type": "LINE"
  },
  {
    "addresses": [
      {
        "street_name": "Mon-\ntorgueil",
        "street_numbers": [
          "82"
        ]
      }
    ],
    "box": [
      55,
      961,
      377,
      41
    ],
    "checked": true,
    "id": 333,
    "origin": "human",
    "parent": 261,
    "persons": [
      "Collingwood Marshall"
    ],
    "score": 0.9583333333333333,
    "text_ocr": "##Collingwood Marshall##, ££peaussier££, @@Mon-\ntorgueil@@, $$82$$.\n",
    "type": "ENTRY"
  },
  {
    "EOL": false,
    "box": [
      56,
      1004,
      228,
      20
    ],
    "id": 337,
    "indented": true,
    "parent": 336,
    "text": "",
    "type": "LINE"
  },
  {
    "addresses": [
      {
        "street_name": "Hauteville",
        "street_numbers": [
          "54"
        ]
      }
    ],
    "box": [
      56,
      1004,
      228,
      20
    ],
    "checked": true,
    "id": 336,
    "origin": "human",
    "parent": 261,
    "persons": [
      "Collioud"
    ],
    "score": 1,
    "text_ocr": "##Collioud##, @@Hauteville@@, $$54$$.\n",
    "type": "ENTRY"
  },
  {
    "EOL": false,
    "box": [
      55,
      1025,
      317,
      21
    ],
    "id": 339,
    "indented": true,
    "parent": 338,
    "text": "",
    "type": "LINE"
  },
  {
    "addresses": [
      {
        "street_name": "Lavandières",
        "street_numbers": [
          "25"
        ]
      }
    ],
    "box": [
      55,
      1025,
      317,
      21
    ],
    "checked": true,
    "id": 338,
    "origin": "human",
    "parent": 261,
    "persons": [
      "Collis fils"
    ],
    "score": 0.5,
    "text_ocr": "##Collis fils##, ££bonnet.££ @@Lavandières@@, $$25$$.\n",
    "type": "ENTRY"
  },
  {
    "EOL": false,
    "box": [
      54,
      1048,
      379,
      22
    ],
    "id": 341,
    "indented": true,
    "parent": 340,
    "text": "",
    "type": "LINE"
  },
  {
    "addresses": [
      {
        "street_name": "Marché aux Poirées",
        "street_numbers": [
          "15"
        ]
      }
    ],
    "box": [
      54,
      1048,
      379,
      22
    ],
    "checked": true,
    "id": 340,
    "origin": "human",
    "parent": 261,
    "persons": [
      "Collomb"
    ],
    "score": 0.5,
    "text_ocr": "##Collomb##, ££fruit.££ @@Marché aux Poirées@@, $$15$$.\n",
    "type": "ENTRY"
  },
  {
    "EOL": false,
    "box": [
      55,
      1070,
      291,
      19
    ],
    "id": 343,
    "indented": true,
    "parent": 342,
    "text": "",
    "type": "LINE"
  },
  {
    "addresses": [
      {
        "street_name": "St Martin",
        "street_numbers": [
          "228"
        ]
      }
    ],
    "box": [
      55,
      1070,
      291,
      19
    ],
    "checked": true,
    "id": 342,
    "origin": "human",
    "parent": 261,
    "persons": [
      "Collomb"
    ],
    "score": 0.5,
    "text_ocr": "##Collomb##, ££méd.££ @@St Martin@@, $$228$$.\n",
    "type": "ENTRY"
  },
  {
    "EOL": false,
    "box": [
      54,
      1092,
      271,
      20
    ],
    "id": 345,
    "indented": true,
    "parent": 344,
    "text": "",
    "type": "LINE"
  },
  {
    "addresses": [
      {
        "street_name": "Aumaire",
        "street_numbers": [
          "63"
        ]
      }
    ],
    "box": [
      54,
      1092,
      271,
      20
    ],
    "checked": true,
    "id": 344,
    "origin": "human",
    "parent": 261,
    "persons": [
      "Collomb"
    ],
    "score": 0.75,
    "text_ocr": "##Collomb##, ££optic.££, @@Aumaire@@, $$63$$.\n",
    "type": "ENTRY"
  },
  {
    "EOL": false,
    "box": [
      55,
      1113,
      335,
      21
    ],
    "id": 347,
    "indented": true,
    "parent": 346,
    "text": "",
    "type": "LINE"
  },
  {
    "addresses": [
      {
        "street_name": "Meslay",
        "street_numbers": [
          "3"
        ]
      }
    ],
    "box": [
      55,
      1113,
      335,
      21
    ],
    "checked": true,
    "id": 346,
    "origin": "human",
    "parent": 261,
    "persons": [
      "Collomb-Clerc"
    ],
    "score": 1,
    "text_ocr": "##Collomb-Clerc##, ££grainet.££ @@Meslay@@, $$3$$.\n",
    "type": "ENTRY"
  },
  {
    "EOL": false,
    "box": [
      55,
      1133,
      350,
      20
    ],
    "id": 349,
    "indented": true,
    "parent": 348,
    "text": "",
    "type": "LINE"
  },
  {
    "addresses": [
      {
        "street_name": "St Honoré",
        "street_numbers": [
          "320"
        ]
      }
    ],
    "box": [
      55,
      1133,
      350,
      20
    ],
    "checked": true,
    "id": 348,
    "origin": "human",
    "parent": 261,
    "persons": [
      "Collomb-Clerc"
    ],
    "score": 0.5,
    "text_ocr": "##Collomb-Clerc##, ££horl.££ @@St Honoré@@, $$320$$.\n",
    "type": "ENTRY"
  },
  {
    "EOL": false,
    "box": [
      55,
      1156,
      315,
      21
    ],
    "id": 351,
    "indented": true,
    "parent": 350,
    "text": "",
    "type": "LINE"
  },
  {
    "addresses": [
      {
        "street_name": "Montaigne",
        "street_numbers": [
          "20"
        ]
      }
    ],
    "box": [
      55,
      1156,
      315,
      21
    ],
    "checked": true,
    "id": 350,
    "origin": "human",
    "parent": 261,
    "persons": [
      "Collombet"
    ],
    "score": 0.9444444444444444,
    "text_ocr": "##Collombet##, ££plomb.££ @@Montaigne@@, $$20$$.\n",
    "type": "ENTRY"
  },
  {
    "EOL": false,
    "box": [
      55,
      1178,
      376,
      22
    ],
    "id": 353,
    "indented": true,
    "parent": 352,
    "text": "",
    "type": "LINE"
  },
  {
    "addresses": [
      {
        "street_name": "Mandar",
        "street_numbers": [
          "14"
        ]
      }
    ],
    "box": [
      55,
      1178,
      376,
      22
    ],
    "checked": true,
    "id": 352,
    "origin": "human",
    "parent": 261,
    "persons": [
      "Collongnes (P.)"
    ],
    "score": 1,
    "text_ocr": "##Collongnes (P.)##, ££men. ébén.££ @@Mandar@@, $$14$$.\n",
    "type": "ENTRY"
  },
  {
    "EOL": false,
    "box": [
      55,
      1200,
      261,
      20
    ],
    "id": 355,
    "indented": true,
    "parent": 354,
    "text": "",
    "type": "LINE"
  },
  {
    "addresses": [
      {
        "street_name": "Moulins",
        "street_numbers": [
          "21"
        ]
      }
    ],
    "box": [
      55,
      1200,
      261,
      20
    ],
    "checked": true,
    "id": 354,
    "origin": "human",
    "parent": 261,
    "persons": [
      "Collot"
    ],
    "score": 1,
    "text_ocr": "##Collot##, ££avoué££, @@Moulins@@, $$21$$.\n",
    "type": "ENTRY"
  },
  {
    "EOL": false,
    "box": [
      55,
      1222,
      248,
      20
    ],
    "id": 357,
    "indented": true,
    "parent": 356,
    "text": "",
    "type": "LINE"
  },
  {
    "addresses": [
      {
        "street_name": "du Colysée",
        "street_numbers": []
      }
    ],
    "box": [
      55,
      1222,
      248,
      20
    ],
    "checked": true,
    "id": 356,
    "origin": "human",
    "parent": 261,
    "persons": [
      "Collot"
    ],
    "score": 0.25,
    "street_number": "",
    "text_ocr": "##Collot##, ££bains££, @@du Colysée@@.\n",
    "type": "ENTRY"
  },
  {
    "EOL": false,
    "box": [
      55,
      1244,
      360,
      19
    ],
    "id": 359,
    "indented": true,
    "parent": 358,
    "text": "",
    "type": "LINE"
  },
  {
    "addresses": [
      {
        "street_name": "C. du Comm. St Aud.",
        "street_numbers": [
          "24"
        ]
      }
    ],
    "box": [
      55,
      1244,
      360,
      19
    ],
    "checked": true,
    "id": 358,
    "origin": "human",
    "parent": 261,
    "persons": [
      "Collot"
    ],
    "score": 0.5,
    "text_ocr": "##Collot##, ££bott.££ @@C. du Comm. St Aud.@@, $$24$$.\n",
    "type": "ENTRY"
  },
  {
    "EOL": false,
    "box": [
      55,
      1265,
      353,
      19
    ],
    "id": 361,
    "indented": true,
    "parent": 360,
    "text": "",
    "type": "LINE"
  },
  {
    "addresses": [
      {
        "street_name": "f. St Antoine",
        "street_numbers": [
          "163"
        ]
      }
    ],
    "box": [
      55,
      1265,
      353,
      19
    ],
    "checked": true,
    "id": 360,
    "origin": "human",
    "parent": 261,
    "persons": [
      "Collot"
    ],
    "score": 0.5,
    "text_ocr": "##Collot##, ££bott. cord.££ @@f. St Antoine@@, $$163$$.\n",
    "type": "ENTRY"
  },
  {
    "EOL": false,
    "box": [
      55,
      1287,
      303,
      21
    ],
    "id": 363,
    "indented": true,
    "parent": 362,
    "text": "",
    "type": "LINE"
  },
  {
    "addresses": [
      {
        "street_name": "Quincampoix",
        "street_numbers": [
          "11"
        ]
      }
    ],
    "box": [
      55,
      1287,
      303,
      21
    ],
    "checked": true,
    "id": 362,
    "origin": "human",
    "parent": 261,
    "persons": [
      "Collot"
    ],
    "score": 0.5,
    "text_ocr": "##Collot##, ££bronze££ @@Quincampoix@@, $$11$$.\n",
    "type": "ENTRY"
  },
  {
    "EOL": false,
    "box": [
      54,
      1309,
      267,
      19
    ],
    "id": 365,
    "indented": true,
    "parent": 364,
    "text": "",
    "type": "LINE"
  },
  {
    "addresses": [
      {
        "street_name": "Castiglione",
        "street_numbers": [
          "3"
        ]
      }
    ],
    "box": [
      54,
      1309,
      267,
      19
    ],
    "checked": true,
    "id": 364,
    "origin": "human",
    "parent": 261,
    "persons": [
      "Collot"
    ],
    "score": 1,
    "text_ocr": "##Collot##, ££curios.££ @@Castiglione@@, $$3$$.\n",
    "type": "ENTRY"
  },
  {
    "EOL": false,
    "box": [
      55,
      1330,
      360,
      21
    ],
    "id": 367,
    "indented": true,
    "parent": 366,
    "text": "",
    "type": "LINE"
  },
  {
    "addresses": [
      {
        "street_name": "Quincampoix",
        "street_numbers": [
          "11"
        ]
      }
    ],
    "box": [
      55,
      1330,
      360,
      21
    ],
    "checked": true,
    "id": 366,
    "origin": "human",
    "parent": 261,
    "persons": [
      "Collot (mad.)"
    ],
    "score": 1,
    "text_ocr": "##Collot (mad.)##, ££fleur.££ @@Quincampoix@@, $$11$$.\n",
    "type": "ENTRY"
  },
  {
    "EOL": false,
    "box": [
      55,
      1352,
      321,
      20
    ],
    "id": 369,
    "indented": true,
    "parent": 368,
    "text": "",
    "type": "LINE"
  },
  {
    "addresses": [
      {
        "street_name": "de l'Hôpital St L.",
        "street_numbers": [
          "12"
        ]
      }
    ],
    "box": [
      55,
      1352,
      321,
      20
    ],
    "checked": true,
    "id": 368,
    "origin": "human",
    "parent": 261,
    "persons": [
      "Collot"
    ],
    "score": 0.08333333333333333,
    "text_ocr": "##Collot##, ££men.££ @@de l'Hôpital St L.@@ $$12$$.\n",
    "type": "ENTRY"
  },
  {
    "EOL": false,
    "box": [
      55,
      1374,
      322,
      19
    ],
    "id": 371,
    "indented": true,
    "parent": 370,
    "text": "",
    "type": "LINE"
  },
  {
    "addresses": [
      {
        "street_name": "N. D. de Lorette",
        "street_numbers": [
          "1"
        ]
      }
    ],
    "box": [
      55,
      1374,
      322,
      19
    ],
    "checked": true,
    "id": 370,
    "origin": "human",
    "parent": 261,
    "persons": [
      "Collot"
    ],
    "score": 0.5,
    "text_ocr": "##Collot##, ££nouv.££ @@N. D. de Lorette@@, $$1$$.\n",
    "type": "ENTRY"
  },
  {
    "EOL": false,
    "box": [
      57,
      1395,
      284,
      19
    ],
    "id": 373,
    "indented": true,
    "parent": 372,
    "text": "",
    "type": "LINE"
  },
  {
    "addresses": [
      {
        "street_name": "Palais-Royal",
        "street_numbers": [
          "116"
        ]
      }
    ],
    "box": [
      57,
      1395,
      284,
      19
    ],
    "checked": true,
    "id": 372,
    "origin": "human",
    "parent": 261,
    "persons": [
      "Collot"
    ],
    "score": 0.9285714285714286,
    "text_ocr": "##Collot##, ££rest.££, @@Palais-Royal@@, $$116$$.\n",
    "type": "ENTRY"
  },
  {
    "EOL": false,
    "box": [
      58,
      1416,
      296,
      17
    ],
    "id": 375,
    "indented": true,
    "parent": 374,
    "text": "",
    "type": "LINE"
  },
  {
    "addresses": [
      {
        "street_name": "Pont aux Ch.",
        "street_numbers": [
          "15"
        ]
      }
    ],
    "box": [
      58,
      1416,
      296,
      17
    ],
    "checked": true,
    "id": 374,
    "origin": "human",
    "parent": 261,
    "persons": [
      "Collot"
    ],
    "score": 0.33333333333333337,
    "text_ocr": "##Collot##., ££serrur.££ @@Pont aux Ch.@@ $$15$$.\n",
    "type": "ENTRY"
  },
  {
    "EOL": false,
    "box": [
      58,
      1437,
      373,
      24
    ],
    "id": 377,
    "indented": true,
    "parent": 376,
    "text": "",
    "type": "LINE"
  },
  {
    "EOL": false,
    "box": [
      83,
      1459,
      124,
      15
    ],
    "id": 378,
    "indented": false,
    "parent": 376,
    "text": "",
    "type": "LINE"
  },
  {
    "addresses": [
      {
        "street_name": "à l'Hôtel\ndes Monnaies",
        "street_numbers": []
      }
    ],
    "box": [
      58,
      1437,
      373,
      37
    ],
    "checked": true,
    "id": 376,
    "origin": "human",
    "parent": 261,
    "persons": [
      "Collot"
    ],
    "score": 0.33333333333333337,
    "street_number": "",
    "text_ocr": "##Collot## µµ::LH::µµ ££direct. de la fabriq.££ @@à l'Hôtel\ndes Monnaies@@.\n",
    "type": "ENTRY"
  },
  {
    "EOL": false,
    "box": [
      59,
      1481,
      280,
      19
    ],
    "id": 380,
    "indented": true,
    "parent": 379,
    "text": "",
    "type": "LINE"
  },
  {
    "addresses": [
      {
        "street_name": "Galande",
        "street_numbers": [
          "25"
        ]
      }
    ],
    "box": [
      59,
      1481,
      280,
      19
    ],
    "checked": true,
    "id": 379,
    "origin": "human",
    "parent": 261,
    "persons": [
      "Colmache"
    ],
    "score": 1,
    "text_ocr": "##Colmache##, ££distil.££ @@Galande@@, $$25$$.\n",
    "type": "ENTRY"
  },
  {
    "EOL": false,
    "box": [
      58,
      1502,
      374,
      22
    ],
    "id": 382,
    "indented": true,
    "parent": 381,
    "text": "",
    "type": "LINE"
  },
  {
    "addresses": [
      {
        "street_name": "Royale St Martin",
        "street_numbers": [
          "20"
        ]
      }
    ],
    "box": [
      58,
      1502,
      374,
      22
    ],
    "checked": true,
    "id": 381,
    "origin": "human",
    "parent": 261,
    "persons": [
      "Colmache"
    ],
    "score": 0.5,
    "text_ocr": "##Colmache##, ££distil.££ @@Royale St Martin@@, $$20$$.\n",
    "type": "ENTRY"
  },
  {
    "EOL": false,
    "box": [
      58,
      1523,
      376,
      22
    ],
    "id": 384,
    "indented": true,
    "parent": 383,
    "text": "",
    "type": "LINE"
  },
  {
    "addresses": [
      {
        "street_name": "St Denis",
        "street_numbers": [
          "310"
        ]
      }
    ],
    "box": [
      58,
      1523,
      376,
      22
    ],
    "checked": true,
    "id": 383,
    "origin": "human",
    "parent": 261,
    "persons": [
      "Colmache"
    ],
    "score": 0.5,
    "text_ocr": "##Colmache##, ££retord. passent.££ @@St Denis@@, $$310$$.\n",
    "type": "ENTRY"
  },
  {
    "EOL": false,
    "box": [
      59,
      1544,
      275,
      22
    ],
    "id": 386,
    "indented": true,
    "parent": 385,
    "text": "",
    "type": "LINE"
  },
  {
    "addresses": [
      {
        "street_name": "Temple",
        "street_numbers": [
          "102"
        ]
      }
    ],
    "box": [
      59,
      1544,
      275,
      22
    ],
    "checked": true,
    "id": 385,
    "origin": "human",
    "parent": 261,
    "persons": [
      "Colmann"
    ],
    "score": 0.9166666666666667,
    "text_ocr": "##Colmann##, ££merc.££ @@Temple@@, $$102$$.\n",
    "type": "ENTRY"
  },
  {
    "EOL": false,
    "box": [
      58,
      1566,
      354,
      25
    ],
    "id": 388,
    "indented": true,
    "parent": 387,
    "text": "",
    "type": "LINE"
  },
  {
    "addresses": [
      {
        "street_name": "Palais-Royal",
        "street_numbers": [
          "61"
        ]
      }
    ],
    "box": [
      58,
      1566,
      354,
      25
    ],
    "checked": true,
    "id": 387,
    "origin": "human",
    "parent": 261,
    "persons": [
      "Colmant (mad.)"
    ],
    "score": 1,
    "text_ocr": "##Colmant (mad.)##, ££bott.££, @@Palais-Royal@@, $$61$$.\n",
    "type": "ENTRY"
  },
  {
    "box": [
      54,
      157,
      385,
      1437
    ],
    "id": 261,
    "parent": 260,
    "type": "COLUMN_LEVEL_2"
  },
  {
    "box": [
      54,
      157,
      385,
      1437
    ],
    "id": 260,
    "parent": 259,
    "type": "SECTION_LEVEL_2"
  },
  {
    "box": [
      54,
      156,
      385,
      1438
    ],
    "id": 259,
    "parent": 258,
    "type": "COLUMN_LEVEL_1"
  },
  {
    "EOL": false,
    "box": [
      461,
      157,
      274,
      19
    ],
    "id": 393,
    "indented": false,
    "parent": 392,
    "text": "",
    "type": "LINE"
  },
  {
    "addresses": [
      {
        "street_name": "Coquillière",
        "street_numbers": [
          "42"
        ]
      }
    ],
    "box": [
      461,
      157,
      274,
      19
    ],
    "checked": true,
    "id": 392,
    "origin": "human",
    "parent": 391,
    "persons": [
      "Colmet"
    ],
    "score": 0.5,
    "text_ocr": "##Colmet##, ££avoc.££ @@Coquillière@@, $$42$$.\n",
    "type": "ENTRY"
  },
  {
    "EOL": false,
    "box": [
      461,
      179,
      313,
      19
    ],
    "id": 395,
    "indented": true,
    "parent": 394,
    "text": "",
    "type": "LINE"
  },
  {
    "addresses": [
      {
        "street_name": "pl. Dauphine",
        "street_numbers": [
          "12"
        ]
      }
    ],
    "box": [
      461,
      179,
      313,
      19
    ],
    "checked": true,
    "id": 394,
    "origin": "human",
    "parent": 391,
    "persons": [
      "Colmet"
    ],
    "score": 0.9333333333333333,
    "text_ocr": "##Colmet##, ££avoué££, @@pl. Dauphine@@, $$12$$.\n",
    "type": "ENTRY"
  },
  {
    "EOL": false,
    "box": [
      461,
      200,
      357,
      18
    ],
    "id": 397,
    "indented": true,
    "parent": 396,
    "text": "",
    "type": "LINE"
  },
  {
    "addresses": [
      {
        "street_name": "Rosiers",
        "street_numbers": [
          "17"
        ]
      }
    ],
    "box": [
      461,
      200,
      357,
      18
    ],
    "checked": true,
    "id": 396,
    "origin": "human",
    "parent": 391,
    "persons": [
      "Colmet de Santerre"
    ],
    "score": 1,
    "text_ocr": "##Colmet de Santerre##, ££avoué££, @@Rosiers@@, $$17$$.\n",
    "type": "ENTRY"
  },
  {
    "EOL": false,
    "box": [
      461,
      221,
      336,
      20
    ],
    "id": 399,
    "indented": true,
    "parent": 398,
    "text": "",
    "type": "LINE"
  },
  {
    "addresses": [
      {
        "street_name": "St Méry",
        "street_numbers": [
          "12"
        ]
      }
    ],
    "box": [
      461,
      221,
      336,
      20
    ],
    "checked": true,
    "id": 398,
    "origin": "human",
    "parent": 391,
    "persons": [
      "Colmet-Daage"
    ],
    "score": 0.5,
    "text_ocr": "##Colmet-Daage##, ££pharm.££ @@St Méry@@, $$12$$.\n",
    "type": "ENTRY"
  },
  {
    "EOL": false,
    "box": [
      461,
      242,
      345,
      21
    ],
    "id": 401,
    "indented": true,
    "parent": 400,
    "text": "",
    "type": "LINE"
  },
  {
    "addresses": [
      {
        "street_name": "Vaugirard",
        "street_numbers": [
          "78"
        ]
      }
    ],
    "box": [
      461,
      242,
      345,
      21
    ],
    "checked": true,
    "id": 400,
    "origin": "human",
    "parent": 391,
    "persons": [
      "Cologne (mlle)"
    ],
    "score": 1,
    "text_ocr": "##Cologne (mlle)##, ££instit.££, @@Vaugirard@@, $$78$$.\n",
    "type": "ENTRY"
  },
  {
    "EOL": false,
    "box": [
      461,
      265,
      378,
      20
    ],
    "id": 403,
    "indented": true,
    "parent": 402,
    "text": "",
    "type": "LINE"
  },
  {
    "EOL": false,
    "box": [
      483,
      287,
      72,
      18
    ],
    "id": 404,
    "indented": false,
    "parent": 402,
    "text": "",
    "type": "LINE"
  },
  {
    "addresses": [
      {
        "street_name": "Bretagne",
        "street_numbers": [
          "58"
        ]
      }
    ],
    "box": [
      461,
      265,
      378,
      40
    ],
    "checked": true,
    "id": 402,
    "origin": "human",
    "parent": 391,
    "persons": [
      "Colombart père"
    ],
    "score": 0.5,
    "text_ocr": "##Colombart père##, ££art. en chev.££ @@Breta-\ngne@@, $$58$$.\n",
    "type": "ENTRY"
  },
  {
    "EOL": false,
    "box": [
      461,
      307,
      379,
      20
    ],
    "id": 406,
    "indented": true,
    "parent": 405,
    "text": "",
    "type": "LINE"
  },
  {
    "EOL": false,
    "box": [
      483,
      330,
      85,
      19
    ],
    "id": 407,
    "indented": false,
    "parent": 405,
    "text": "",
    "type": "LINE"
  },
  {
    "addresses": [
      {
        "street_name": "Cherche-\nMidi",
        "street_numbers": [
          "91"
        ]
      }
    ],
    "box": [
      461,
      307,
      379,
      42
    ],
    "checked": true,
    "id": 405,
    "origin": "human",
    "parent": 391,
    "persons": [
      "Colombat de l'Isère"
    ],
    "score": 1,
    "text_ocr": "##Colombat de l'Isère## µµ::LH::µµ ££méd.££ @@Cherche-\nMidi@@, $$91$$.\n",
    "type": "ENTRY"
  },
  {
    "EOL": false,
    "box": [
      461,
      351,
      324,
      19
    ],
    "id": 409,
    "indented": true,
    "parent": 408,
    "text": "",
    "type": "LINE"
  },
  {
    "addresses": [
      {
        "street_name": "Paon St Andr.",
        "street_numbers": [
          "8"
        ]
      }
    ],
    "box": [
      461,
      351,
      324,
      19
    ],
    "checked": true,
    "id": 408,
    "origin": "human",
    "parent": 391,
    "persons": [
      "Colombe"
    ],
    "score": 0.25,
    "text_ocr": "##Colombe##, ££bains££, @@Paon St Andr.@@, $$8$$.\n",
    "type": "ENTRY"
  },
  {
    "EOL": false,
    "box": [
      461,
      373,
      295,
      18
    ],
    "id": 411,
    "indented": true,
    "parent": 410,
    "text": "",
    "type": "LINE"
  },
  {
    "addresses": [
      {
        "street_name": "Nve St Gilles",
        "street_numbers": [
          "8"
        ]
      }
    ],
    "box": [
      461,
      373,
      295,
      18
    ],
    "checked": true,
    "id": 410,
    "origin": "human",
    "parent": 391,
    "persons": [
      "Colombe"
    ],
    "score": 0.5,
    "text_ocr": "##Colombe##, ££men.££ @@Nve St Gilles@@, $$8$$.\n",
    "type": "ENTRY"
  },
  {
    "EOL": false,
    "box": [
      461,
      394,
      325,
      20
    ],
    "id": 413,
    "indented": true,
    "parent": 412,
    "text": "",
    "type": "LINE"
  },
  {
    "addresses": [
      {
        "street_name": "Transnonain",
        "street_numbers": [
          "20"
        ]
      }
    ],
    "box": [
      461,
      394,
      325,
      20
    ],
    "checked": true,
    "id": 412,
    "origin": "human",
    "parent": 391,
    "persons": [
      "Colombel"
    ],
    "score": 0.5,
    "text_ocr": "##Colombel##, ££bouch.££ @@Transnonain@@, $$20$$.\n",
    "type": "ENTRY"
  },
  {
    "EOL": false,
    "box": [
      461,
      416,
      319,
      22
    ],
    "id": 415,
    "indented": true,
    "parent": 414,
    "text": "",
    "type": "LINE"
  },
  {
    "addresses": [
      {
        "street_name": "f. St Denis",
        "street_numbers": [
          "39"
        ]
      }
    ],
    "box": [
      461,
      416,
      319,
      22
    ],
    "checked": true,
    "id": 414,
    "origin": "human",
    "parent": 391,
    "persons": [
      "Colombet"
    ],
    "score": 0.5,
    "text_ocr": "##Colombet##, ££porcel.££ @@f. St Denis@@, $$39$$.\n",
    "type": "ENTRY"
  },
  {
    "EOL": false,
    "box": [
      461,
      439,
      321,
      18
    ],
    "id": 417,
    "indented": true,
    "parent": 416,
    "text": "",
    "type": "LINE"
  },
  {
    "addresses": [
      {
        "street_name": "aux Ours",
        "street_numbers": [
          "23"
        ]
      }
    ],
    "box": [
      461,
      439,
      321,
      18
    ],
    "checked": true,
    "id": 416,
    "origin": "human",
    "parent": 391,
    "persons": [
      "Colombet"
    ],
    "score": 0.5,
    "text_ocr": "##Colombet##, ££commiss.££ @@aux Ours@@, $$23$$.\n",
    "type": "ENTRY"
  },
  {
    "EOL": false,
    "box": [
      460,
      461,
      380,
      20
    ],
    "id": 419,
    "indented": true,
    "parent": 418,
    "text": "",
    "type": "LINE"
  },
  {
    "EOL": false,
    "box": [
      483,
      484,
      64,
      17
    ],
    "id": 420,
    "indented": false,
    "parent": 418,
    "text": "",
    "type": "LINE"
  },
  {
    "addresses": [
      {
        "street_name": "Grand Chan-\ntier",
        "street_numbers": [
          "4"
        ]
      }
    ],
    "box": [
      460,
      461,
      380,
      40
    ],
    "checked": true,
    "id": 418,
    "origin": "human",
    "parent": 391,
    "persons": [
      "Colombet et comp."
    ],
    "score": 0.5,
    "text_ocr": "##Colombet et comp.## ££évent.££ @@Grand Chan-\ntier@@, $$4$$.\n",
    "type": "ENTRY"
  },
  {
    "EOL": false,
    "box": [
      459,
      504,
      283,
      20
    ],
    "id": 422,
    "indented": true,
    "parent": 421,
    "text": "",
    "type": "LINE"
  },
  {
    "addresses": [
      {
        "street_name": "Cordiers",
        "street_numbers": [
          "14"
        ]
      }
    ],
    "box": [
      459,
      504,
      283,
      20
    ],
    "checked": true,
    "id": 421,
    "origin": "human",
    "parent": 391,
    "persons": [
      "Colombier"
    ],
    "score": 0.5,
    "text_ocr": "##Colombier##, ££vins££, @@Cordiers@@, $$14$$.\n",
    "type": "ENTRY"
  },
  {
    "EOL": false,
    "box": [
      460,
      525,
      356,
      20
    ],
    "id": 424,
    "indented": true,
    "parent": 423,
    "text": "",
    "type": "LINE"
  },
  {
    "addresses": [
      {
        "street_name": "Bons-Enf.",
        "street_numbers": [
          "32"
        ]
      }
    ],
    "box": [
      460,
      525,
      356,
      20
    ],
    "checked": true,
    "id": 423,
    "origin": "human",
    "parent": 391,
    "persons": [
      "Colombier aîné"
    ],
    "score": 0.5,
    "text_ocr": "##Colombier aîné##, ££tonnel.££ @@Bons-Enf.@@, $$32$$.\n",
    "type": "ENTRY"
  },
  {
    "EOL": false,
    "box": [
      459,
      549,
      379,
      21
    ],
    "id": 426,
    "indented": true,
    "parent": 425,
    "text": "",
    "type": "LINE"
  },
  {
    "EOL": false,
    "box": [
      482,
      572,
      77,
      17
    ],
    "id": 427,
    "indented": false,
    "parent": 425,
    "text": "",
    "type": "LINE"
  },
  {
    "addresses": [
      {
        "street_name": "pass. Saulnier",
        "street_numbers": [
          "11"
        ]
      }
    ],
    "box": [
      459,
      549,
      379,
      40
    ],
    "checked": true,
    "id": 425,
    "origin": "human",
    "parent": 391,
    "persons": [
      "Colombiez et comp."
    ],
    "score": 0.8888888888888888,
    "text_ocr": "##Colombiez et comp.## ££comm.££ @@pass. Saul-\nnier@@, $$11$$.\n",
    "type": "ENTRY"
  },
  {
    "EOL": false,
    "box": [
      459,
      592,
      358,
      21
    ],
    "id": 429,
    "indented": true,
    "parent": 428,
    "text": "",
    "type": "LINE"
  },
  {
    "addresses": [
      {
        "street_name": "Nve du Luxemb.",
        "street_numbers": [
          "4"
        ]
      }
    ],
    "box": [
      459,
      592,
      358,
      21
    ],
    "checked": true,
    "id": 428,
    "origin": "human",
    "parent": 391,
    "persons": [
      "Colombin"
    ],
    "score": 0.5,
    "text_ocr": "##Colombin##, ££pâtiss.££ @@Nve du Luxemb.@@, $$4$$.\n",
    "type": "ENTRY"
  },
  {
    "EOL": false,
    "box": [
      459,
      614,
      315,
      22
    ],
    "id": 431,
    "indented": true,
    "parent": 430,
    "text": "",
    "type": "LINE"
  },
  {
    "addresses": [
      {
        "street_name": "Ste Appoline",
        "street_numbers": [
          "15"
        ]
      }
    ],
    "box": [
      459,
      614,
      315,
      22
    ],
    "checked": true,
    "id": 430,
    "origin": "human",
    "parent": 391,
    "persons": [
      "Colombus"
    ],
    "score": 0.5,
    "text_ocr": "##Colombus##, ££tap.££ @@Ste Appoline@@, $$15$$.\n",
    "type": "ENTRY"
  },
  {
    "EOL": false,
    "box": [
      460,
      636,
      380,
      21
    ],
    "id": 433,
    "indented": true,
    "parent": 432,
    "text": "",
    "type": "LINE"
  },
  {
    "EOL": false,
    "box": [
      482,
      658,
      79,
      19
    ],
    "id": 434,
    "indented": false,
    "parent": 432,
    "text": "",
    "type": "LINE"
  },
  {
    "addresses": [
      {
        "street_name": "f. St Martin",
        "street_numbers": [
          "150"
        ]
      }
    ],
    "box": [
      460,
      636,
      380,
      41
    ],
    "checked": true,
    "id": 432,
    "origin": "human",
    "parent": 391,
    "persons": [
      "Colomby"
    ],
    "score": 0.5,
    "text_ocr": "##Colomby##, ££direct. aux incur.££ @@f. St Mar-\ntin@@, $$150$$.\n",
    "type": "ENTRY"
  },
  {
    "EOL": false,
    "box": [
      460,
      680,
      249,
      19
    ],
    "id": 436,
    "indented": true,
    "parent": 435,
    "text": "",
    "type": "LINE"
  },
  {
    "addresses": [
      {
        "street_name": "Baillif",
        "street_numbers": [
          "2"
        ]
      }
    ],
    "box": [
      460,
      680,
      249,
      19
    ],
    "checked": true,
    "id": 435,
    "origin": "human",
    "parent": 391,
    "persons": [
      "Colomès"
    ],
    "score": 0.5,
    "text_ocr": "##Colomès##, ££déput.££, @@Baillif@@, $$2$$.\n",
    "type": "ENTRY"
  },
  {
    "EOL": false,
    "box": [
      460,
      700,
      272,
      22
    ],
    "id": 438,
    "indented": true,
    "parent": 437,
    "text": "",
    "type": "LINE"
  },
  {
    "addresses": [
      {
        "street_name": "Godot",
        "street_numbers": [
          "34"
        ]
      }
    ],
    "box": [
      460,
      700,
      272,
      22
    ],
    "checked": true,
    "id": 437,
    "origin": "human",
    "parent": 391,
    "persons": [
      "Colon (PP.)"
    ],
    "score": 0.8,
    "text_ocr": "##Colon (PP.)##, ££méd.££, @@Godot@@, $$34$$.\n",
    "type": "ENTRY"
  },
  {
    "EOL": false,
    "box": [
      459,
      723,
      357,
      21
    ],
    "id": 440,
    "indented": true,
    "parent": 439,
    "text": "",
    "type": "LINE"
  },
  {
    "addresses": [
      {
        "street_name": "St Honoré",
        "street_numbers": [
          "43"
        ]
      }
    ],
    "box": [
      459,
      723,
      357,
      21
    ],
    "checked": true,
    "id": 439,
    "origin": "human",
    "parent": 391,
    "persons": [
      "Colon et Rouze"
    ],
    "score": 0.5,
    "text_ocr": "##Colon et Rouze##, ££draps££, @@St Honoré@@, $$43$$.\n",
    "type": "ENTRY"
  },
  {
    "EOL": false,
    "box": [
      460,
      745,
      293,
      21
    ],
    "id": 442,
    "indented": true,
    "parent": 441,
    "text": "",
    "type": "LINE"
  },
  {
    "addresses": [
      {
        "street_name": "b. du Temple",
        "street_numbers": [
          "19"
        ]
      }
    ],
    "box": [
      460,
      745,
      293,
      21
    ],
    "checked": true,
    "id": 441,
    "origin": "human",
    "parent": 391,
    "persons": [
      "Colson"
    ],
    "score": 0.9473684210526316,
    "text_ocr": "##Colson##, ££bott.££ @@b. du Temple@@, $$19$$.\n",
    "type": "ENTRY"
  },
  {
    "EOL": false,
    "box": [
      459,
      767,
      264,
      22
    ],
    "id": 444,
    "indented": true,
    "parent": 443,
    "text": "",
    "type": "LINE"
  },
  {
    "addresses": [
      {
        "street_name": "Dragon",
        "street_numbers": [
          "3"
        ]
      }
    ],
    "box": [
      459,
      767,
      264,
      22
    ],
    "checked": true,
    "id": 443,
    "origin": "human",
    "parent": 391,
    "persons": [
      "Colson"
    ],
    "score": 1,
    "text_ocr": "##Colson##, ££peint. v.££ @@Dragon@@, $$3$$.\n",
    "type": "ENTRY"
  },
  {
    "EOL": false,
    "box": [
      459,
      789,
      329,
      21
    ],
    "id": 446,
    "indented": true,
    "parent": 445,
    "text": "",
    "type": "LINE"
  },
  {
    "addresses": [
      {
        "street_name": "Godot de Mauroy",
        "street_numbers": [
          "40"
        ]
      }
    ],
    "box": [
      459,
      789,
      329,
      21
    ],
    "checked": true,
    "id": 445,
    "origin": "human",
    "parent": 391,
    "persons": [
      "Colson"
    ],
    "score": 0.9666666666666667,
    "text_ocr": "##Colson##, ££sell.££ @@Godot de Mauroy@@, $$40$$.\n",
    "type": "ENTRY"
  },
  {
    "EOL": false,
    "box": [
      458,
      811,
      381,
      18
    ],
    "id": 448,
    "indented": true,
    "parent": 447,
    "text": "",
    "type": "LINE"
  },
  {
    "addresses": [
      {
        "street_name": "Gd Harleur",
        "street_numbers": [
          "15 bis"
        ]
      }
    ],
    "box": [
      458,
      811,
      381,
      18
    ],
    "checked": true,
    "id": 447,
    "origin": "human",
    "parent": 391,
    "persons": [
      "Colson"
    ],
    "score": 0.5,
    "text_ocr": "##Colson##, ££tourn. mét.££ @@Gd Harleur@@, $$15 bis$$.\n",
    "type": "ENTRY"
  },
  {
    "EOL": false,
    "box": [
      459,
      832,
      336,
      20
    ],
    "id": 450,
    "indented": true,
    "parent": 449,
    "text": "",
    "type": "LINE"
  },
  {
    "addresses": [
      {
        "street_name": "f. du Temple",
        "street_numbers": [
          "67"
        ]
      }
    ],
    "box": [
      459,
      832,
      336,
      20
    ],
    "checked": true,
    "id": 449,
    "origin": "human",
    "parent": 391,
    "persons": [
      "Coltey (A.)"
    ],
    "score": 0.5,
    "text_ocr": "##Coltey (A.)##, ££cisel.££ @@f. du Temple@@, $$67$$.\n",
    "type": "ENTRY"
  },
  {
    "EOL": false,
    "box": [
      458,
      854,
      325,
      20
    ],
    "id": 452,
    "indented": true,
    "parent": 451,
    "text": "",
    "type": "LINE"
  },
  {
    "addresses": [
      {
        "street_name": "Pot de Fer",
        "street_numbers": [
          "11"
        ]
      }
    ],
    "box": [
      458,
      854,
      325,
      20
    ],
    "checked": true,
    "id": 451,
    "origin": "human",
    "parent": 391,
    "persons": [
      "Coltier frères"
    ],
    "score": 1,
    "text_ocr": "##Coltier frères##, ££cisel.££, @@Pot de Fer@@, $$11$$.\n",
    "type": "ENTRY"
  },
  {
    "EOL": false,
    "box": [
      458,
      877,
      313,
      21
    ],
    "id": 454,
    "indented": true,
    "parent": 453,
    "text": "",
    "type": "LINE"
  },
  {
    "addresses": [
      {
        "street_name": "Beaux-Arts",
        "street_numbers": [
          "9"
        ]
      }
    ],
    "box": [
      458,
      877,
      313,
      21
    ],
    "checked": true,
    "id": 453,
    "origin": "human",
    "parent": 391,
    "persons": [
      "lomaira"
    ],
    "score": 0.5,
    "text_ocr": "Comaira, ££peint. à.££ @@Beaux-Arts@@, $$9$$.\n",
    "type": "ENTRY"
  },
  {
    "EOL": false,
    "box": [
      457,
      898,
      293,
      20
    ],
    "id": 456,
    "indented": true,
    "parent": 455,
    "text": "",
    "type": "LINE"
  },
  {
    "addresses": [
      {
        "street_name": "Montholon",
        "street_numbers": [
          "9"
        ]
      }
    ],
    "box": [
      457,
      898,
      293,
      20
    ],
    "checked": true,
    "id": 455,
    "origin": "human",
    "parent": 391,
    "persons": [
      "Comas"
    ],
    "score": 0.5,
    "text_ocr": "##Comas##, ££grainet.££ @@Montholon@@, $$9$$.\n",
    "type": "ENTRY"
  },
  {
    "EOL": false,
    "box": [
      458,
      920,
      379,
      21
    ],
    "id": 458,
    "indented": true,
    "parent": 457,
    "text": "",
    "type": "LINE"
  },
  {
    "addresses": [
      {
        "street_name": "P. Carreau",
        "street_numbers": [
          "39"
        ]
      }
    ],
    "box": [
      458,
      920,
      379,
      21
    ],
    "checked": true,
    "id": 457,
    "origin": "human",
    "parent": 391,
    "persons": [
      "Combadière et c."
    ],
    "score": 0.9285714285714286,
    "text_ocr": "##Combadière et c.##, ££quinc.££ @@P. Carreau@@, $$39$$,\n",
    "type": "ENTRY"
  },
  {
    "EOL": false,
    "box": [
      457,
      942,
      305,
      19
    ],
    "id": 460,
    "indented": true,
    "parent": 459,
    "text": "",
    "type": "LINE"
  },
  {
    "addresses": [
      {
        "street_name": "Fleurus",
        "street_numbers": [
          "3"
        ]
      }
    ],
    "box": [
      457,
      942,
      305,
      19
    ],
    "checked": true,
    "id": 459,
    "origin": "human",
    "parent": 391,
    "persons": [
      "Combalot nev."
    ],
    "score": 0.5,
    "text_ocr": "##Combalot nev.## ££brass.££, @@Fleurus@@, $$3$$.\n",
    "type": "ENTRY"
  },
  {
    "EOL": false,
    "box": [
      456,
      964,
      275,
      21
    ],
    "id": 462,
    "indented": true,
    "parent": 461,
    "text": "",
    "type": "LINE"
  },
  {
    "addresses": [
      {
        "street_name": "Ste Avoye",
        "street_numbers": [
          "29"
        ]
      }
    ],
    "box": [
      456,
      964,
      275,
      21
    ],
    "checked": true,
    "id": 461,
    "origin": "human",
    "parent": 391,
    "persons": [
      "Combat"
    ],
    "score": 0.5,
    "text_ocr": "##Combat##, ££épic.££ @@Ste Avoye@@, $$29$$.\n",
    "type": "ENTRY"
  },
  {
    "EOL": false,
    "box": [
      457,
      985,
      360,
      21
    ],
    "id": 464,
    "indented": true,
    "parent": 463,
    "text": "",
    "type": "LINE"
  },
  {
    "addresses": [
      {
        "street_name": "St Nicolas d'Antin",
        "street_numbers": [
          "11"
        ]
      }
    ],
    "box": [
      457,
      985,
      360,
      21
    ],
    "checked": true,
    "id": 463,
    "origin": "human",
    "parent": 391,
    "persons": [
      "Combaz"
    ],
    "score": 0.5,
    "text_ocr": "##Combaz##, ££crépin££ @@St Nicolas d'Antin@@, $$11$$.\n",
    "type": "ENTRY"
  },
  {
    "EOL": false,
    "box": [
      456,
      1007,
      379,
      21
    ],
    "id": 466,
    "indented": true,
    "parent": 465,
    "text": "",
    "type": "LINE"
  },
  {
    "addresses": [
      {
        "street_name": "cab. litt.",
        "street_numbers": [
          "2"
        ]
      }
    ],
    "box": [
      456,
      1007,
      379,
      21
    ],
    "checked": true,
    "id": 465,
    "origin": "human",
    "parent": 391,
    "persons": [
      "Combe (mad.)"
    ],
    "score": 0.25,
    "text_ocr": "##Combe (mad.)##, @@cab. litt.@@@@ b. Bonne N.@@ $$2$$.\n",
    "type": "ENTRY"
  },
  {
    "EOL": false,
    "box": [
      457,
      1029,
      360,
      21
    ],
    "id": 468,
    "indented": true,
    "parent": 467,
    "text": "",
    "type": "LINE"
  },
  {
    "addresses": [
      {
        "street_name": "Vieille du Temple",
        "street_numbers": [
          "146"
        ]
      }
    ],
    "box": [
      457,
      1029,
      360,
      21
    ],
    "checked": true,
    "id": 467,
    "origin": "human",
    "parent": 391,
    "persons": [
      "Combe"
    ],
    "score": 0.9411764705882353,
    "text_ocr": "##Combe##, ££limon.££ @@Vieille du Temple@@, $$146$$.\n",
    "type": "ENTRY"
  },
  {
    "EOL": false,
    "box": [
      457,
      1051,
      316,
      21
    ],
    "id": 470,
    "indented": true,
    "parent": 469,
    "text": "",
    "type": "LINE"
  },
  {
    "addresses": [
      {
        "street_name": "Boucher",
        "street_numbers": [
          "4"
        ]
      }
    ],
    "box": [
      457,
      1051,
      316,
      21
    ],
    "checked": true,
    "id": 469,
    "origin": "human",
    "parent": 391,
    "persons": [
      "Combe (mad.)"
    ],
    "score": 1,
    "text_ocr": "##Combe (mad.)##, ££merc.££ @@Boucher@@, $$4$$.\n",
    "type": "ENTRY"
  },
  {
    "EOL": false,
    "box": [
      457,
      1073,
      280,
      19
    ],
    "id": 472,
    "indented": true,
    "parent": 471,
    "text": "",
    "type": "LINE"
  },
  {
    "addresses": [
      {
        "street_name": "St Martin",
        "street_numbers": [
          "193"
        ]
      }
    ],
    "box": [
      457,
      1073,
      280,
      19
    ],
    "checked": true,
    "id": 471,
    "origin": "human",
    "parent": 391,
    "persons": [
      "Combé"
    ],
    "score": 0.5,
    "text_ocr": "##Combé##, ££optic.££ @@St Martin@@, $$193$$.\n",
    "type": "ENTRY"
  },
  {
    "EOL": false,
    "box": [
      456,
      1093,
      380,
      24
    ],
    "id": 474,
    "indented": true,
    "parent": 473,
    "text": "",
    "type": "LINE"
  },
  {
    "EOL": false,
    "box": [
      480,
      1116,
      150,
      19
    ],
    "id": 475,
    "indented": false,
    "parent": 473,
    "text": "",
    "type": "LINE"
  },
  {
    "addresses": [
      {
        "street_name": "Fossés\nMontmartre",
        "street_numbers": [
          "10"
        ]
      }
    ],
    "box": [
      456,
      1093,
      380,
      42
    ],
    "checked": true,
    "id": 473,
    "origin": "human",
    "parent": 391,
    "persons": [
      "Combelle et Ad. Dousdebès"
    ],
    "score": 0.5,
    "text_ocr": "##Combelle et Ad. Dousdebès##, ££gaze££ @@Fossés\nMontmartre@@, $$10$$.\n",
    "type": "ENTRY"
  },
  {
    "EOL": false,
    "box": [
      457,
      1138,
      292,
      22
    ],
    "id": 477,
    "indented": true,
    "parent": 476,
    "text": "",
    "type": "LINE"
  },
  {
    "addresses": [],
    "box": [
      457,
      1138,
      292,
      22
    ],
    "checked": true,
    "id": 476,
    "origin": "human",
    "parent": 391,
    "persons": [
      "Combemâle"
    ],
    "score": 0,
    "street": "",
    "street_number": "",
    "text_ocr": "##Combemâle##, ££chef aux finances££.\n",
    "type": "ENTRY"
  },
  {
    "EOL": false,
    "box": [
      456,
      1159,
      381,
      23
    ],
    "id": 479,
    "indented": true,
    "parent": 478,
    "text": "",
    "type": "LINE"
  },
  {
    "EOL": false,
    "box": [
      479,
      1182,
      79,
      19
    ],
    "id": 480,
    "indented": false,
    "parent": 478,
    "text": "",
    "type": "LINE"
  },
  {
    "addresses": [
      {
        "street_name": "N. D. de Lo-\nrette",
        "street_numbers": [
          "6"
        ]
      }
    ],
    "box": [
      456,
      1159,
      381,
      42
    ],
    "checked": true,
    "id": 478,
    "origin": "human",
    "parent": 391,
    "persons": [
      "Comberousse (A. de)"
    ],
    "score": 0.5,
    "text_ocr": "##Comberousse (A. de)##, ££avoc.££ @@N. D. de Lo-\nrette@@ , $$6$$.\n",
    "type": "ENTRY"
  },
  {
    "EOL": false,
    "box": [
      457,
      1203,
      314,
      22
    ],
    "id": 482,
    "indented": true,
    "parent": 481,
    "text": "",
    "type": "LINE"
  },
  {
    "addresses": [],
    "box": [
      457,
      1203,
      314,
      22
    ],
    "checked": true,
    "id": 481,
    "origin": "human",
    "parent": 391,
    "persons": [
      "Comberousse (B. de)"
    ],
    "score": 0.25,
    "street": "",
    "street_number": "",
    "text_ocr": "##Comberousse (B. de)##, ££avoc.££, idem.\n",
    "type": "ENTRY"
  },
  {
    "EOL": false,
    "box": [
      457,
      1224,
      378,
      23
    ],
    "id": 484,
    "indented": true,
    "parent": 483,
    "text": "",
    "type": "LINE"
  },
  {
    "addresses": [
      {
        "street_name": "b. du Temple",
        "street_numbers": [
          "46"
        ]
      }
    ],
    "box": [
      457,
      1224,
      378,
      23
    ],
    "checked": true,
    "id": 483,
    "origin": "human",
    "parent": 391,
    "persons": [
      "Combes (M. V.)"
    ],
    "score": 0.95,
    "text_ocr": "##Combes (M. V.)##, ££méd.££ @@b. du Temple@@, $$46$$.\n",
    "type": "ENTRY"
  },
  {
    "EOL": false,
    "box": [
      457,
      1247,
      306,
      22
    ],
    "id": 486,
    "indented": true,
    "parent": 485,
    "text": "",
    "type": "LINE"
  },
  {
    "addresses": [
      {
        "street_name": "Coquillière",
        "street_numbers": [
          "19"
        ]
      }
    ],
    "box": [
      457,
      1247,
      306,
      22
    ],
    "checked": true,
    "id": 485,
    "origin": "human",
    "parent": 391,
    "persons": [
      "Combes"
    ],
    "score": 1,
    "text_ocr": "##Combes##, ££parap.££ @@Coquillière@@, $$19$$.\n",
    "type": "ENTRY"
  },
  {
    "EOL": false,
    "box": [
      457,
      1269,
      307,
      22
    ],
    "id": 488,
    "indented": true,
    "parent": 487,
    "text": "",
    "type": "LINE"
  },
  {
    "addresses": [
      {
        "street_name": "Palais-Royal",
        "street_numbers": [
          "26"
        ]
      }
    ],
    "box": [
      457,
      1269,
      307,
      22
    ],
    "checked": true,
    "id": 487,
    "origin": "human",
    "parent": 391,
    "persons": [
      "Combes"
    ],
    "score": 0.9615384615384616,
    "text_ocr": "##Combes##, ££parap.££ @@Palais-Royal@@, $$26$$.\n",
    "type": "ENTRY"
  },
  {
    "EOL": false,
    "box": [
      457,
      1290,
      378,
      23
    ],
    "id": 490,
    "indented": true,
    "parent": 489,
    "text": "",
    "type": "LINE"
  },
  {
    "addresses": [
      {
        "street_name": "b. St Martin",
        "street_numbers": [
          "45"
        ]
      }
    ],
    "box": [
      457,
      1290,
      378,
      23
    ],
    "checked": true,
    "id": 489,
    "origin": "human",
    "parent": 391,
    "persons": [
      "Combes jeune"
    ],
    "score": 0.75,
    "text_ocr": "##Combes jeune##, ££parap.££ @@b. St Martin@@ , $$45$$.\n",
    "type": "ENTRY"
  },
  {
    "EOL": false,
    "box": [
      457,
      1312,
      356,
      21
    ],
    "id": 492,
    "indented": true,
    "parent": 491,
    "text": "",
    "type": "LINE"
  },
  {
    "addresses": [
      {
        "street_name": "St Denis",
        "street_numbers": [
          "356"
        ]
      }
    ],
    "box": [
      457,
      1312,
      356,
      21
    ],
    "checked": true,
    "id": 491,
    "origin": "human",
    "parent": 391,
    "persons": [
      "Combes"
    ],
    "score": 0.5,
    "text_ocr": "##Combes##, ££sacs de dames££, @@St Denis@@, $$356$$.\n",
    "type": "ENTRY"
  },
  {
    "EOL": false,
    "box": [
      457,
      1333,
      353,
      24
    ],
    "id": 494,
    "indented": true,
    "parent": 493,
    "text": "",
    "type": "LINE"
  },
  {
    "addresses": [
      {
        "street_name": "Dauphine",
        "street_numbers": [
          "54"
        ]
      }
    ],
    "box": [
      457,
      1333,
      353,
      24
    ],
    "checked": true,
    "id": 493,
    "origin": "human",
    "parent": 391,
    "persons": [
      "Combes-Papon"
    ],
    "score": 1,
    "text_ocr": "##Combes-Papon##, ££parap.££ @@Dauphine@@, $$54$$.\n",
    "type": "ENTRY"
  },
  {
    "EOL": false,
    "box": [
      458,
      1356,
      280,
      18
    ],
    "id": 496,
    "indented": true,
    "parent": 495,
    "text": "",
    "type": "LINE"
  },
  {
    "addresses": [
      {
        "street_name": "Beautreillis",
        "street_numbers": [
          "4"
        ]
      }
    ],
    "box": [
      458,
      1356,
      280,
      18
    ],
    "checked": true,
    "id": 495,
    "origin": "human",
    "parent": 391,
    "persons": [
      "Combet"
    ],
    "score": 0.9583333333333333,
    "text_ocr": "##Combet##, ££limes££, @@Beautreillis@@., $$4$$.\n",
    "type": "ENTRY"
  },
  {
    "EOL": false,
    "box": [
      457,
      1377,
      275,
      23
    ],
    "id": 498,
    "indented": true,
    "parent": 497,
    "text": "",
    "type": "LINE"
  },
  {
    "addresses": [
      {
        "street_name": "Albouy",
        "street_numbers": [
          "8"
        ]
      }
    ],
    "box": [
      457,
      1377,
      275,
      23
    ],
    "checked": true,
    "id": 497,
    "origin": "human",
    "parent": 391,
    "persons": [
      "Combettes"
    ],
    "score": 0.8333333333333334,
    "text_ocr": "##Combettes##, ££ornem.££ @@Albouy@@, $$8$$.\n",
    "type": "ENTRY"
  },
  {
    "EOL": false,
    "box": [
      457,
      1400,
      316,
      21
    ],
    "id": 500,
    "indented": true,
    "parent": 499,
    "text": "",
    "type": "LINE"
  },
  {
    "addresses": [
      {
        "street_name": "St Antoine",
        "street_numbers": [
          "158"
        ]
      }
    ],
    "box": [
      457,
      1400,
      316,
      21
    ],
    "checked": true,
    "id": 499,
    "origin": "human",
    "parent": 391,
    "persons": [
      "Combier"
    ],
    "score": 0,
    "text_ocr": "##Combier##, ££quinc.££ @@St Antoine@@, $$158$$.\n",
    "type": "ENTRY"
  },
  {
    "EOL": false,
    "box": [
      457,
      1420,
      378,
      22
    ],
    "id": 502,
    "indented": true,
    "parent": 501,
    "text": "",
    "type": "LINE"
  },
  {
    "addresses": [
      {
        "street_name": "St Mart.",
        "street_numbers": [
          "205"
        ]
      }
    ],
    "box": [
      457,
      1420,
      378,
      22
    ],
    "checked": true,
    "id": 501,
    "origin": "human",
    "parent": 391,
    "persons": [
      "Combres"
    ],
    "score": 0.8571428571428572,
    "text_ocr": "##Combres##, ££caract. à jours££, @@St Mart.@@ $$205$$.\n",
    "type": "ENTRY"
  },
  {
    "EOL": false,
    "box": [
      457,
      1441,
      275,
      23
    ],
    "id": 504,
    "indented": true,
    "parent": 503,
    "text": "",
    "type": "LINE"
  },
  {
    "addresses": [
      {
        "street_name": "Pépinière",
        "street_numbers": [
          "30"
        ]
      }
    ],
    "box": [
      457,
      1441,
      275,
      23
    ],
    "checked": true,
    "id": 503,
    "origin": "human",
    "parent": 391,
    "persons": [
      "Combret"
    ],
    "score": 1,
    "text_ocr": "##Combret##, ££épic.££ @@Pépinière@@, $$30$$.\n",
    "type": "ENTRY"
  },
  {
    "EOL": false,
    "box": [
      457,
      1463,
      327,
      20
    ],
    "id": 506,
    "indented": true,
    "parent": 505,
    "text": "",
    "type": "LINE"
  },
  {
    "addresses": [
      {
        "street_name": "Tixeranderie",
        "street_numbers": [
          "77"
        ]
      }
    ],
    "box": [
      457,
      1463,
      327,
      20
    ],
    "checked": true,
    "id": 505,
    "origin": "human",
    "parent": 391,
    "persons": [
      "Combret"
    ],
    "score": 0.5,
    "text_ocr": "##Combret##, ££herbor.££ @@Tixeranderie@@., $$77$$.\n",
    "type": "ENTRY"
  },
  {
    "EOL": false,
    "box": [
      457,
      1485,
      324,
      20
    ],
    "id": 508,
    "indented": true,
    "parent": 507,
    "text": "",
    "type": "LINE"
  },
  {
    "addresses": [
      {
        "street_name": "Maison-Neuve",
        "street_numbers": [
          "2"
        ]
      }
    ],
    "box": [
      457,
      1485,
      324,
      20
    ],
    "checked": true,
    "id": 507,
    "origin": "human",
    "parent": 391,
    "persons": [
      "Combret"
    ],
    "score": 0.5,
    "text_ocr": "##Combret##, ££ouate££, @@Maison-Neuve@@, $$2$$.\n",
    "type": "ENTRY"
  },
  {
    "EOL": false,
    "box": [
      457,
      1507,
      345,
      22
    ],
    "id": 510,
    "indented": true,
    "parent": 509,
    "text": "",
    "type": "LINE"
  },
  {
    "addresses": [
      {
        "street_name": "f. St Denis",
        "street_numbers": [
          "53"
        ]
      }
    ],
    "box": [
      457,
      1507,
      345,
      22
    ],
    "checked": true,
    "id": 509,
    "origin": "human",
    "parent": 391,
    "persons": [
      "Comeau (L. de)"
    ],
    "score": 0.5,
    "text_ocr": "##Comeau (L. de)##, ££méd.££ @@f. St Denis@@, $$53$$.\n",
    "type": "ENTRY"
  },
  {
    "EOL": false,
    "box": [
      458,
      1529,
      317,
      18
    ],
    "id": 512,
    "indented": true,
    "parent": 511,
    "text": "",
    "type": "LINE"
  },
  {
    "addresses": [
      {
        "street_name": "Seine St Germ.",
        "street_numbers": [
          "9"
        ]
      }
    ],
    "box": [
      458,
      1529,
      317,
      18
    ],
    "checked": true,
    "id": 511,
    "origin": "human",
    "parent": 391,
    "persons": [
      "Comeleran"
    ],
    "score": 0.03571428571428571,
    "text_ocr": "##Comeleran##, ££rel.££ @@Seine St Germ.@@ $$9$$.\n",
    "type": "ENTRY"
  },
  {
    "EOL": false,
    "box": [
      457,
      1550,
      330,
      23
    ],
    "id": 514,
    "indented": true,
    "parent": 513,
    "text": "",
    "type": "LINE"
  },
  {
    "addresses": [
      {
        "street_name": "St Paul",
        "street_numbers": [
          "5"
        ]
      }
    ],
    "box": [
      457,
      1550,
      330,
      23
    ],
    "checked": true,
    "id": 513,
    "origin": "human",
    "parent": 391,
    "persons": [
      "Cominal"
    ],
    "score": 0.5,
    "text_ocr": "##Cominal##, ££imp. sur étoff.££ @@St Paul@@. $$5$$.\n",
    "type": "ENTRY"
  },
  {
    "EOL": false,
    "box": [
      458,
      1572,
      262,
      22
    ],
    "id": 516,
    "indented": true,
    "parent": 515,
    "text": "",
    "type": "LINE"
  },
  {
    "addresses": [
      {
        "street_name": "Bretagne",
        "street_numbers": [
          "22"
        ]
      }
    ],
    "box": [
      458,
      1572,
      262,
      22
    ],
    "checked": true,
    "id": 515,
    "origin": "human",
    "parent": 391,
    "persons": [
      "Cominet"
    ],
    "score": 1,
    "text_ocr": "##Cominet##, ££rest.££ @@Bretagne@@, $$22$$.\n",
    "type": "ENTRY"
  },
  {
    "box": [
      453,
      156,
      387,
      1438
    ],
    "id": 391,
    "parent": 390,
    "type": "COLUMN_LEVEL_2"
  },
  {
    "box": [
      453,
      156,
      387,
      1438
    ],
    "id": 390,
    "parent": 389,
    "type": "SECTION_LEVEL_2"
  },
  {
    "box": [
      453,
      156,
      387,
      1438
    ],
    "id": 389,
    "parent": 258,
    "type": "COLUMN_LEVEL_1"
  },
  {
    "box": [
      54,
      156,
      786,
      1438
    ],
    "id": 258,
    "parent": 256,
    "type": "SECTION_LEVEL_1"
  },
  {
    "box": [
      54,
      129,
      786,
      1465
    ],
    "id": 256,
    "type": "PAGE"
  }
]
