[
  {
    "EOL": false,
    "box": [
      62,
      160,
      380,
      21
    ],
    "id": 262,
    "indented": true,
    "parent": 261,
    "text": "",
    "type": "LINE"
  },
  {
    "EOL": false,
    "box": [
      84,
      183,
      120,
      18
    ],
    "id": 263,
    "indented": false,
    "parent": 261,
    "text": "",
    "type": "LINE"
  },
  {
    "addresses": [
      {
        "street_name": "Seine Saint\nGermain",
        "street_numbers": [
          "27"
        ]
      }
    ],
    "box": [
      62,
      160,
      380,
      41
    ],
    "checked": true,
    "id": 261,
    "origin": "human",
    "parent": 260,
    "persons": [
      "Menjot de Dammartin"
    ],
    "score": 0.5,
    "text_ocr": "##Menjot de Dammartin##, ££avoc££, @@Seine Saint\nGermain@@, $$27$$.\n",
    "type": "ENTRY"
  },
  {
    "EOL": false,
    "box": [
      62,
      204,
      328,
      21
    ],
    "id": 265,
    "indented": true,
    "parent": 264,
    "text": "",
    "type": "LINE"
  },
  {
    "addresses": [
      {
        "street_name": "de la Croix",
        "street_numbers": [
          "6 bis"
        ]
      }
    ],
    "box": [
      62,
      204,
      328,
      21
    ],
    "checked": true,
    "id": 264,
    "origin": "human",
    "parent": 260,
    "persons": [
      "Menne"
    ],
    "score": 0.25,
    "text_ocr": "##Menne##, ££cartonn.££, @@de la Croix@@, $$6 bis$$.",
    "type": "ENTRY"
  },
  {
    "EOL": false,
    "box": [
      61,
      225,
      378,
      21
    ],
    "id": 267,
    "indented": true,
    "parent": 266,
    "text": "",
    "type": "LINE"
  },
  {
    "addresses": [
      {
        "street_name": "St Martin",
        "street_numbers": [
          "251"
        ]
      }
    ],
    "box": [
      61,
      225,
      378,
      21
    ],
    "checked": true,
    "id": 266,
    "origin": "human",
    "parent": 260,
    "persons": [
      "Mennecies fils"
    ],
    "score": 0.5,
    "text_ocr": "##Mennecies fils##, ££cartonn.££ @@St Martin@@ , $$251$$.\n",
    "type": "ENTRY"
  },
  {
    "EOL": false,
    "box": [
      61,
      247,
      354,
      23
    ],
    "id": 269,
    "indented": true,
    "parent": 268,
    "text": "",
    "type": "LINE"
  },
  {
    "addresses": [
      {
        "street_name": "St Martin",
        "street_numbers": [
          "281"
        ]
      }
    ],
    "box": [
      61,
      247,
      354,
      23
    ],
    "checked": true,
    "id": 268,
    "origin": "human",
    "parent": 260,
    "persons": [
      "Mennel"
    ],
    "score": 0.5,
    "text_ocr": "##Mennel##, ££bij. en faux££, @@St Martin@@, $$281$$.\n",
    "type": "ENTRY"
  },
  {
    "EOL": false,
    "box": [
      60,
      270,
      292,
      22
    ],
    "id": 271,
    "indented": true,
    "parent": 270,
    "text": "",
    "type": "LINE"
  },
  {
    "addresses": [
      {
        "street_name": "Charenton",
        "street_numbers": [
          "12"
        ]
      }
    ],
    "box": [
      60,
      270,
      292,
      22
    ],
    "checked": true,
    "id": 270,
    "origin": "human",
    "parent": 260,
    "persons": [
      "Meneret"
    ],
    "score": 1,
    "text_ocr": "##Meneret##, ££charp.££ @@Charenton@@, $$12$$.\n",
    "type": "ENTRY"
  },
  {
    "EOL": false,
    "box": [
      61,
      292,
      262,
      21
    ],
    "id": 273,
    "indented": true,
    "parent": 272,
    "text": "",
    "type": "LINE"
  },
  {
    "addresses": [
      {
        "street_name": "Chapon",
        "street_numbers": [
          "22"
        ]
      }
    ],
    "box": [
      61,
      292,
      262,
      21
    ],
    "checked": true,
    "id": 272,
    "origin": "human",
    "parent": 260,
    "persons": [
      "Meneret"
    ],
    "score": 1,
    "text_ocr": "##Meneret##, ££lunet.££ @@Chapon@@, $$22$$.\n",
    "type": "ENTRY"
  },
  {
    "EOL": false,
    "box": [
      61,
      313,
      326,
      23
    ],
    "id": 275,
    "indented": true,
    "parent": 274,
    "text": "",
    "type": "LINE"
  },
  {
    "addresses": [
      {
        "street_name": "pl. Dauphine",
        "street_numbers": [
          "16"
        ]
      }
    ],
    "box": [
      61,
      313,
      326,
      23
    ],
    "checked": true,
    "id": 274,
    "origin": "human",
    "parent": 260,
    "persons": [
      "Menessier"
    ],
    "score": 1,
    "text_ocr": "##Menessier##, ££orfèv.££ @@pl. Dauphine@@, $$16$$.\n",
    "type": "ENTRY"
  },
  {
    "EOL": false,
    "box": [
      61,
      336,
      342,
      21
    ],
    "id": 277,
    "indented": true,
    "parent": 276,
    "text": "",
    "type": "LINE"
  },
  {
    "addresses": [
      {
        "street_name": "Quincamp.",
        "street_numbers": [
          "47"
        ]
      }
    ],
    "box": [
      61,
      336,
      342,
      21
    ],
    "checked": true,
    "id": 276,
    "origin": "human",
    "parent": 260,
    "persons": [
      "Mennet-Possoz"
    ],
    "score": 0.5,
    "text_ocr": "##Mennet-Possoz##, ££étoff.££ @@Quincamp.@@ $$47$$.\n",
    "type": "ENTRY"
  },
  {
    "EOL": false,
    "box": [
      61,
      357,
      379,
      23
    ],
    "id": 279,
    "indented": true,
    "parent": 278,
    "text": "",
    "type": "LINE"
  },
  {
    "EOL": false,
    "box": [
      82,
      381,
      104,
      19
    ],
    "id": 280,
    "indented": false,
    "parent": 278,
    "text": "",
    "type": "LINE"
  },
  {
    "addresses": [
      {
        "street_name": "Ma-\nrais",
        "street_numbers": [
          "11 bis"
        ]
      }
    ],
    "box": [
      61,
      357,
      379,
      43
    ],
    "checked": true,
    "id": 278,
    "origin": "human",
    "parent": 260,
    "persons": [
      "Menod-Moricau (Mad.)"
    ],
    "score": 0.4285714285714286,
    "text_ocr": "##Menod-Moricau (Mad.)##, ££pensionn.££ @@Ma-\nrais@@, $$11 bis$$.\n",
    "type": "ENTRY"
  },
  {
    "EOL": false,
    "box": [
      60,
      401,
      348,
      23
    ],
    "id": 282,
    "indented": true,
    "parent": 281,
    "text": "",
    "type": "LINE"
  },
  {
    "addresses": [
      {
        "street_name": "b. St Martin",
        "street_numbers": [
          "2"
        ]
      }
    ],
    "box": [
      60,
      401,
      348,
      23
    ],
    "checked": true,
    "id": 281,
    "origin": "human",
    "parent": 260,
    "persons": [
      "Menoret (Amb.)"
    ],
    "score": 0.65,
    "text_ocr": "##Menoret (Amb.)##, ££lib.££ @@b. St Martin@@, $$2$$.\n",
    "type": "ENTRY"
  },
  {
    "EOL": false,
    "box": [
      60,
      424,
      320,
      21
    ],
    "id": 284,
    "indented": true,
    "parent": 283,
    "text": "",
    "type": "LINE"
  },
  {
    "addresses": [
      {
        "street_name": "Université",
        "street_numbers": [
          "17"
        ]
      }
    ],
    "box": [
      60,
      424,
      320,
      21
    ],
    "checked": true,
    "id": 283,
    "origin": "human",
    "parent": 260,
    "persons": [
      "Menou (comte de)"
    ],
    "score": 1,
    "text_ocr": "##Menou (comte de)##, @@Université@@, $$17$$.\n",
    "type": "ENTRY"
  },
  {
    "EOL": false,
    "box": [
      61,
      446,
      341,
      22
    ],
    "id": 286,
    "indented": true,
    "parent": 285,
    "text": "",
    "type": "LINE"
  },
  {
    "addresses": [
      {
        "street_name": "St Denis",
        "street_numbers": [
          "148"
        ]
      }
    ],
    "box": [
      61,
      446,
      341,
      22
    ],
    "checked": true,
    "id": 285,
    "origin": "human",
    "parent": 260,
    "persons": [
      "Menoud (A.)"
    ],
    "score": 0.5,
    "text_ocr": "##Menoud (A.)##, ££horlog.££ @@St Denis@@, $$148$$.\n",
    "type": "ENTRY"
  },
  {
    "EOL": false,
    "box": [
      61,
      469,
      288,
      20
    ],
    "id": 288,
    "indented": true,
    "parent": 287,
    "text": "",
    "type": "LINE"
  },
  {
    "addresses": [
      {
        "street_name": "Lareynie",
        "street_numbers": [
          "20"
        ]
      }
    ],
    "box": [
      61,
      469,
      288,
      20
    ],
    "checked": true,
    "id": 287,
    "origin": "human",
    "parent": 260,
    "persons": [
      "Menour"
    ],
    "score": 0.4375,
    "text_ocr": "##Menour##, ££menuis.££, @@Lareynie@@, $$20$$.\n",
    "type": "ENTRY"
  },
  {
    "EOL": false,
    "box": [
      61,
      490,
      316,
      21
    ],
    "id": 290,
    "indented": true,
    "parent": 289,
    "text": "",
    "type": "LINE"
  },
  {
    "addresses": [
      {
        "street_name": "f. Montmartre",
        "street_numbers": [
          "33"
        ]
      }
    ],
    "box": [
      61,
      490,
      316,
      21
    ],
    "checked": true,
    "id": 289,
    "origin": "human",
    "parent": 260,
    "persons": [
      "Mens"
    ],
    "score": 1,
    "text_ocr": "##Mens##, ££dentist.££ @@f. Montmartre@@, $$33$$.\n",
    "type": "ENTRY"
  },
  {
    "EOL": false,
    "box": [
      60,
      513,
      304,
      22
    ],
    "id": 292,
    "indented": true,
    "parent": 291,
    "text": "",
    "type": "LINE"
  },
  {
    "addresses": [
      {
        "street_name": "Lareynie",
        "street_numbers": [
          "19"
        ]
      }
    ],
    "box": [
      60,
      513,
      304,
      22
    ],
    "checked": true,
    "id": 291,
    "origin": "human",
    "parent": 260,
    "persons": [
      "Mensuy"
    ],
    "score": 0.9375,
    "text_ocr": "##Mensuy##, ££fromages££, @@Lareynie@@, $$19$$.\n",
    "type": "ENTRY"
  },
  {
    "EOL": false,
    "box": [
      61,
      534,
      293,
      22
    ],
    "id": 294,
    "indented": true,
    "parent": 293,
    "text": "",
    "type": "LINE"
  },
  {
    "addresses": [
      {
        "street_name": "Nonandières",
        "street_numbers": [
          "8"
        ]
      }
    ],
    "box": [
      61,
      534,
      293,
      22
    ],
    "checked": true,
    "id": 293,
    "origin": "human",
    "parent": 260,
    "persons": [
      "Mentel"
    ],
    "score": 0.5,
    "text_ocr": "##Mentel##, ££bouch.££ @@Nonandières@@, $$8$$.\n",
    "type": "ENTRY"
  },
  {
    "EOL": false,
    "box": [
      59,
      557,
      225,
      22
    ],
    "id": 296,
    "indented": true,
    "parent": 295,
    "text": "",
    "type": "LINE"
  },
  {
    "addresses": [],
    "box": [
      59,
      557,
      225,
      22
    ],
    "checked": true,
    "id": 295,
    "origin": "human",
    "parent": 260,
    "persons": [
      "Mentel"
    ],
    "score": 0,
    "street": "",
    "street_number": "",
    "text_ocr": "##Mentel##, ££chef aux forêts££.\n",
    "type": "ENTRY"
  },
  {
    "EOL": false,
    "box": [
      59,
      579,
      370,
      22
    ],
    "id": 298,
    "indented": true,
    "parent": 297,
    "text": "",
    "type": "LINE"
  },
  {
    "addresses": [
      {
        "street_name": "Jeûneurs",
        "street_numbers": [
          "14"
        ]
      }
    ],
    "box": [
      59,
      579,
      370,
      22
    ],
    "checked": true,
    "id": 297,
    "origin": "human",
    "parent": 260,
    "persons": [
      "Mention"
    ],
    "score": 1,
    "text_ocr": "##Mention## et ##Vaguer##, ££orfèv.££ @@Jeûneurs@@, $$14$$.\n",
    "type": "ENTRY"
  },
  {
    "EOL": false,
    "box": [
      60,
      601,
      380,
      23
    ],
    "id": 300,
    "indented": true,
    "parent": 299,
    "text": "",
    "type": "LINE"
  },
  {
    "EOL": false,
    "box": [
      82,
      624,
      125,
      21
    ],
    "id": 301,
    "indented": false,
    "parent": 299,
    "text": "",
    "type": "LINE"
  },
  {
    "addresses": [
      {
        "street_name": "f.\ndu Temple",
        "street_numbers": [
          "1"
        ]
      }
    ],
    "box": [
      60,
      601,
      380,
      44
    ],
    "checked": true,
    "id": 299,
    "origin": "human",
    "parent": 260,
    "persons": [
      "Mention (Mad.)"
    ],
    "score": 0.5,
    "text_ocr": "##Mention (Mad.)##, ££commiss. m. de piété££, @@f.\ndu Temple@@, $$1$$.\n",
    "type": "ENTRY"
  },
  {
    "EOL": false,
    "box": [
      60,
      645,
      324,
      21
    ],
    "id": 303,
    "indented": true,
    "parent": 302,
    "text": "",
    "type": "LINE"
  },
  {
    "addresses": [
      {
        "street_name": "M. le Prince",
        "street_numbers": [
          "49"
        ]
      }
    ],
    "box": [
      60,
      645,
      324,
      21
    ],
    "checked": true,
    "id": 302,
    "origin": "human",
    "parent": 260,
    "persons": [
      "Mentzer"
    ],
    "score": 0.5,
    "text_ocr": "##Mentzer##, ££maçon££, @@M. le Prince@@, $$49$$.\n",
    "type": "ENTRY"
  },
  {
    "EOL": false,
    "box": [
      60,
      667,
      310,
      20
    ],
    "id": 305,
    "indented": true,
    "parent": 304,
    "text": "",
    "type": "LINE"
  },
  {
    "addresses": [
      {
        "street_name": "Mail",
        "street_numbers": [
          "17"
        ]
      }
    ],
    "box": [
      60,
      667,
      310,
      20
    ],
    "checked": true,
    "id": 304,
    "origin": "human",
    "parent": 260,
    "persons": [
      "Mentzer"
    ],
    "score": 1,
    "text_ocr": "##Mentzer## et ##Hardy##, ££épic.££ @@Mail@@, $$17$$.\n",
    "type": "ENTRY"
  },
  {
    "EOL": false,
    "box": [
      59,
      688,
      345,
      22
    ],
    "id": 307,
    "indented": true,
    "parent": 306,
    "text": "",
    "type": "LINE"
  },
  {
    "addresses": [
      {
        "street_name": "d'Enghien",
        "street_numbers": [
          "35"
        ]
      }
    ],
    "box": [
      59,
      688,
      345,
      22
    ],
    "checked": true,
    "id": 306,
    "origin": "human",
    "parent": 260,
    "persons": [
      "Menu (L.)"
    ],
    "score": 0.8888888888888888,
    "text_ocr": "##Menu (L.)##, ££h. de loi££, @@d'Enghien@@, $$35$$.\n",
    "type": "ENTRY"
  },
  {
    "EOL": false,
    "box": [
      60,
      711,
      336,
      22
    ],
    "id": 309,
    "indented": true,
    "parent": 308,
    "text": "",
    "type": "LINE"
  },
  {
    "addresses": [
      {
        "street_name": "Paradis Poissonnière",
        "street_numbers": [
          "5"
        ]
      }
    ],
    "box": [
      60,
      711,
      336,
      22
    ],
    "checked": true,
    "id": 308,
    "origin": "human",
    "parent": 260,
    "persons": [
      "Menu"
    ],
    "score": 0.5,
    "text_ocr": "##Menu##, µµprop.µµ @@Paradis Poissonnière@@, $$5$$.\n",
    "type": "ENTRY"
  },
  {
    "EOL": false,
    "box": [
      61,
      732,
      280,
      25
    ],
    "id": 311,
    "indented": true,
    "parent": 310,
    "text": "",
    "type": "LINE"
  },
  {
    "addresses": [
      {
        "street_name": "cl. St Méry",
        "street_numbers": [
          "16"
        ]
      }
    ],
    "box": [
      61,
      732,
      280,
      25
    ],
    "checked": true,
    "id": 310,
    "origin": "human",
    "parent": 260,
    "persons": [
      "Menuel"
    ],
    "score": 0.5,
    "text_ocr": "##Menuel##, ££épic.££ @@cl. St Méry@@, $$16$$.\n",
    "type": "ENTRY"
  },
  {
    "EOL": false,
    "box": [
      61,
      755,
      266,
      21
    ],
    "id": 313,
    "indented": true,
    "parent": 312,
    "text": "",
    "type": "LINE"
  },
  {
    "addresses": [
      {
        "street_name": "Pépinière",
        "street_numbers": [
          "7"
        ]
      }
    ],
    "box": [
      61,
      755,
      266,
      21
    ],
    "checked": true,
    "id": 312,
    "origin": "human",
    "parent": 260,
    "persons": [
      "Menut"
    ],
    "score": 0.875,
    "text_ocr": "##Menut##, ££mécan.££ @@Pépinière@@, $$7$$.\n",
    "type": "ENTRY"
  },
  {
    "EOL": false,
    "box": [
      60,
      778,
      343,
      21
    ],
    "id": 315,
    "indented": true,
    "parent": 314,
    "text": "",
    "type": "LINE"
  },
  {
    "addresses": [
      {
        "street_name": "pass. Charlemagne",
        "street_numbers": [
          "9"
        ]
      }
    ],
    "box": [
      60,
      778,
      343,
      21
    ],
    "checked": true,
    "id": 314,
    "origin": "human",
    "parent": 260,
    "persons": [
      "Meny"
    ],
    "score": 0.5,
    "text_ocr": "##Meny##, ££menuis.££ @@pass. Charlemagne@@, $$9$$.\n",
    "type": "ENTRY"
  },
  {
    "EOL": false,
    "box": [
      60,
      799,
      225,
      23
    ],
    "id": 317,
    "indented": true,
    "parent": 316,
    "text": "",
    "type": "LINE"
  },
  {
    "addresses": [
      {
        "street_name": "Meslay",
        "street_numbers": [
          "52"
        ]
      }
    ],
    "box": [
      60,
      799,
      225,
      23
    ],
    "checked": true,
    "id": 316,
    "origin": "human",
    "parent": 260,
    "persons": [
      "Meny"
    ],
    "score": 1,
    "text_ocr": "##Meny##, µµprop.µµ @@Meslay@@, $$52$$.\n",
    "type": "ENTRY"
  },
  {
    "EOL": false,
    "box": [
      59,
      820,
      254,
      20
    ],
    "id": 319,
    "indented": true,
    "parent": 318,
    "text": "",
    "type": "LINE"
  },
  {
    "addresses": [
      {
        "street_name": "Malart",
        "street_numbers": [
          "20"
        ]
      }
    ],
    "box": [
      59,
      820,
      254,
      20
    ],
    "checked": true,
    "id": 318,
    "origin": "human",
    "parent": 260,
    "persons": [
      "Meon"
    ],
    "score": 0.9166666666666667,
    "text_ocr": "##Meon##, ££menuis.££ @@Malart@@, $$20$$.\n",
    "type": "ENTRY"
  },
  {
    "EOL": false,
    "box": [
      58,
      843,
      321,
      22
    ],
    "id": 321,
    "indented": true,
    "parent": 320,
    "text": "",
    "type": "LINE"
  },
  {
    "addresses": [
      {
        "street_name": "St Severin",
        "street_numbers": [
          "11"
        ]
      }
    ],
    "box": [
      58,
      843,
      321,
      22
    ],
    "checked": true,
    "id": 320,
    "origin": "human",
    "parent": 260,
    "persons": [
      "Mequignon"
    ],
    "score": 0.5,
    "text_ocr": "##Mequignon##, ££nouv.££ @@St Severin@@, $$11$$.\n",
    "type": "ENTRY"
  },
  {
    "EOL": false,
    "box": [
      58,
      866,
      383,
      21
    ],
    "id": 323,
    "indented": true,
    "parent": 322,
    "text": "",
    "type": "LINE"
  },
  {
    "addresses": [
      {
        "street_name": "p. Saumon",
        "street_numbers": [
          "29"
        ]
      }
    ],
    "box": [
      58,
      866,
      383,
      21
    ],
    "checked": true,
    "id": 322,
    "origin": "human",
    "parent": 260,
    "persons": [
      "Méquignon jeune"
    ],
    "score": 0.75,
    "text_ocr": "##Méquignon jeune## , ££taill.££ @@p. Saumon@@, $$29$$.\n",
    "type": "ENTRY"
  },
  {
    "EOL": false,
    "box": [
      58,
      887,
      384,
      22
    ],
    "id": 325,
    "indented": true,
    "parent": 324,
    "text": "",
    "type": "LINE"
  },
  {
    "addresses": [
      {
        "street_name": "Grands August.",
        "street_numbers": [
          "9"
        ]
      }
    ],
    "box": [
      58,
      887,
      384,
      22
    ],
    "checked": true,
    "id": 324,
    "origin": "human",
    "parent": 260,
    "persons": [
      "Méquignon junior"
    ],
    "score": 0.75,
    "text_ocr": "##Méquignon junior## , ££lib.££ @@Grands August.@@ $$9$$.\n",
    "type": "ENTRY"
  },
  {
    "EOL": false,
    "box": [
      58,
      909,
      351,
      22
    ],
    "id": 327,
    "indented": true,
    "parent": 326,
    "text": "",
    "type": "LINE"
  },
  {
    "addresses": [
      {
        "street_name": "Jardinet",
        "street_numbers": [
          "13"
        ]
      }
    ],
    "box": [
      58,
      909,
      351,
      22
    ],
    "checked": true,
    "id": 326,
    "origin": "human",
    "parent": 260,
    "persons": [
      "Méquignon-Marvis"
    ],
    "score": 0.9375,
    "text_ocr": "##Méquignon-Marvis##. ££lib.££. @@Jardinet@@, $$13$$.\n",
    "type": "ENTRY"
  },
  {
    "EOL": false,
    "box": [
      56,
      931,
      364,
      22
    ],
    "id": 329,
    "indented": true,
    "parent": 328,
    "text": "",
    "type": "LINE"
  },
  {
    "addresses": [
      {
        "street_name": "Louis Philippe",
        "street_numbers": [
          "10"
        ]
      }
    ],
    "box": [
      56,
      931,
      364,
      22
    ],
    "checked": true,
    "id": 328,
    "origin": "human",
    "parent": 260,
    "persons": [
      "Mera"
    ],
    "score": 1,
    "text_ocr": "##Mera##, ££tourn. en b.££ @@Louis Philippe@@, $$10$$.\n",
    "type": "ENTRY"
  },
  {
    "EOL": false,
    "box": [
      57,
      953,
      385,
      21
    ],
    "id": 331,
    "indented": true,
    "parent": 330,
    "text": "",
    "type": "LINE"
  },
  {
    "addresses": [
      {
        "street_name": "Grenier St Lazare",
        "street_numbers": [
          "29"
        ]
      }
    ],
    "box": [
      57,
      953,
      385,
      21
    ],
    "checked": true,
    "id": 330,
    "origin": "human",
    "parent": 260,
    "persons": [
      "Mérandet"
    ],
    "score": 0.5,
    "text_ocr": "##Mérandet## , ££émaill.££ @@Grenier St Lazare@@, $$29$$.\n",
    "type": "ENTRY"
  },
  {
    "EOL": false,
    "box": [
      56,
      975,
      386,
      23
    ],
    "id": 333,
    "indented": true,
    "parent": 332,
    "text": "",
    "type": "LINE"
  },
  {
    "addresses": [
      {
        "street_name": "Grange Bat.",
        "street_numbers": [
          "26"
        ]
      }
    ],
    "box": [
      56,
      975,
      386,
      23
    ],
    "checked": true,
    "id": 332,
    "origin": "human",
    "parent": 260,
    "persons": [
      "Mérante"
    ],
    "score": 0.125,
    "text_ocr": "##Mérante##, ££prof. de danse££, @@Grange Bat.@@ $$26$$.\n",
    "type": "ENTRY"
  },
  {
    "EOL": false,
    "box": [
      57,
      997,
      314,
      21
    ],
    "id": 335,
    "indented": true,
    "parent": 334,
    "text": "",
    "type": "LINE"
  },
  {
    "addresses": [
      {
        "street_name": "Sts Pères",
        "street_numbers": [
          "17 bis"
        ]
      }
    ],
    "box": [
      57,
      997,
      314,
      21
    ],
    "checked": true,
    "id": 334,
    "origin": "human",
    "parent": 260,
    "persons": [
      "Merat"
    ],
    "score": 0.5,
    "text_ocr": "##Merat## µµ::LH::µµ, ££méd.££ @@Sts Pères@@, $$17 bis$$.\n",
    "type": "ENTRY"
  },
  {
    "EOL": false,
    "box": [
      56,
      1019,
      334,
      22
    ],
    "id": 337,
    "indented": true,
    "parent": 336,
    "text": "",
    "type": "LINE"
  },
  {
    "addresses": [
      {
        "street_name": "N. D. de Nazareth",
        "street_numbers": [
          "20"
        ]
      }
    ],
    "box": [
      56,
      1019,
      334,
      22
    ],
    "checked": true,
    "id": 336,
    "origin": "human",
    "parent": 260,
    "persons": [
      "Meray"
    ],
    "score": 0.5,
    "text_ocr": "##Meray##, ££méd.££ @@N. D. de Nazareth@@, $$20$$.\n",
    "type": "ENTRY"
  },
  {
    "EOL": false,
    "box": [
      56,
      1042,
      314,
      21
    ],
    "id": 339,
    "indented": true,
    "parent": 338,
    "text": "",
    "type": "LINE"
  },
  {
    "addresses": [
      {
        "street_name": "Bac",
        "street_numbers": [
          "21"
        ]
      }
    ],
    "box": [
      56,
      1042,
      314,
      21
    ],
    "checked": true,
    "id": 338,
    "origin": "human",
    "parent": 260,
    "persons": [
      "Merceint (Mad.)"
    ],
    "score": 1,
    "text_ocr": "##Merceint (Mad.)##, ££corsets££, @@Bac@@, $$21$$.\n",
    "type": "ENTRY"
  },
  {
    "EOL": false,
    "box": [
      57,
      1063,
      277,
      22
    ],
    "id": 341,
    "indented": true,
    "parent": 340,
    "text": "",
    "type": "LINE"
  },
  {
    "addresses": [
      {
        "street_name": "St Méry",
        "street_numbers": [
          "12"
        ]
      }
    ],
    "box": [
      57,
      1063,
      277,
      22
    ],
    "checked": true,
    "id": 340,
    "origin": "human",
    "parent": 260,
    "persons": [
      "Mercier"
    ],
    "score": 0.5,
    "text_ocr": "##Mercier##, ££avoué££, @@St Méry@@, $$12$$.\n",
    "type": "ENTRY"
  },
  {
    "EOL": false,
    "box": [
      57,
      1084,
      291,
      22
    ],
    "id": 343,
    "indented": true,
    "parent": 342,
    "text": "",
    "type": "LINE"
  },
  {
    "addresses": [
      {
        "street_name": "Ne St Roch",
        "street_numbers": [
          "41"
        ]
      }
    ],
    "box": [
      57,
      1084,
      291,
      22
    ],
    "checked": true,
    "id": 342,
    "origin": "human",
    "parent": 260,
    "persons": [
      "Mercier"
    ],
    "score": 0.5,
    "text_ocr": "##Mercier##, ££avoc.££ @@Ne St Roch@@, $$41$$.\n",
    "type": "ENTRY"
  },
  {
    "EOL": false,
    "box": [
      56,
      1107,
      320,
      21
    ],
    "id": 345,
    "indented": true,
    "parent": 344,
    "text": "",
    "type": "LINE"
  },
  {
    "addresses": [
      {
        "street_name": "f. St Denis",
        "street_numbers": [
          "110"
        ]
      }
    ],
    "box": [
      56,
      1107,
      320,
      21
    ],
    "checked": true,
    "id": 344,
    "origin": "human",
    "parent": 260,
    "persons": [
      "Mercier"
    ],
    "score": 0.5,
    "text_ocr": "##Mercier##, ££auberg.££ @@f. St Denis@@, $$110$$.\n",
    "type": "ENTRY"
  },
  {
    "EOL": false,
    "box": [
      56,
      1129,
      343,
      20
    ],
    "id": 347,
    "indented": true,
    "parent": 346,
    "text": "",
    "type": "LINE"
  },
  {
    "addresses": [
      {
        "street_name": "Prêtres St Paul",
        "street_numbers": [
          "23"
        ]
      }
    ],
    "box": [
      56,
      1129,
      343,
      20
    ],
    "checked": true,
    "id": 346,
    "origin": "human",
    "parent": 260,
    "persons": [
      "Mercier"
    ],
    "score": 0.5,
    "text_ocr": "##Mercier##, ££bonnet.££ @@Prêtres St Paul@@, $$23$$.\n",
    "type": "ENTRY"
  },
  {
    "EOL": false,
    "box": [
      57,
      1151,
      386,
      20
    ],
    "id": 349,
    "indented": true,
    "parent": 348,
    "text": "",
    "type": "LINE"
  },
  {
    "addresses": [
      {
        "street_name": "St Jacques la Bouch.",
        "street_numbers": [
          "52"
        ]
      }
    ],
    "box": [
      57,
      1151,
      386,
      20
    ],
    "checked": true,
    "id": 348,
    "origin": "human",
    "parent": 260,
    "persons": [
      "Mercier"
    ],
    "score": 0.5,
    "text_ocr": "##Mercier##, ££bonnet.££ @@St Jacques la Bouch.@@ $$52$$.\n",
    "type": "ENTRY"
  },
  {
    "EOL": false,
    "box": [
      57,
      1172,
      267,
      21
    ],
    "id": 351,
    "indented": true,
    "parent": 350,
    "text": "",
    "type": "LINE"
  },
  {
    "addresses": [
      {
        "street_name": "Taitbout",
        "street_numbers": [
          "21"
        ]
      }
    ],
    "box": [
      57,
      1172,
      267,
      21
    ],
    "checked": true,
    "id": 350,
    "origin": "human",
    "parent": 260,
    "persons": [
      "Mercier"
    ],
    "score": 0.9375,
    "text_ocr": "##Mercier##, ££boul.££ @@Taitbout@@, $$21$$.\n",
    "type": "ENTRY"
  },
  {
    "EOL": false,
    "box": [
      56,
      1194,
      300,
      20
    ],
    "id": 353,
    "indented": true,
    "parent": 352,
    "text": "",
    "type": "LINE"
  },
  {
    "addresses": [
      {
        "street_name": "Pastourelle",
        "street_numbers": [
          "5"
        ]
      }
    ],
    "box": [
      56,
      1194,
      300,
      20
    ],
    "checked": true,
    "id": 352,
    "origin": "human",
    "parent": 260,
    "persons": [
      "Mercier"
    ],
    "score": 1,
    "text_ocr": "##Mercier##, ££bronze££, @@Pastourelle@@, $$5$$.\n",
    "type": "ENTRY"
  },
  {
    "EOL": false,
    "box": [
      56,
      1216,
      277,
      21
    ],
    "id": 355,
    "indented": true,
    "parent": 354,
    "text": "",
    "type": "LINE"
  },
  {
    "addresses": [
      {
        "street_name": "St Denis",
        "street_numbers": [
          "259"
        ]
      }
    ],
    "box": [
      56,
      1216,
      277,
      21
    ],
    "checked": true,
    "id": 354,
    "origin": "human",
    "parent": 260,
    "persons": [
      "Mercier"
    ],
    "score": 0.5,
    "text_ocr": "##Mercier##, ££bross.££, @@St Denis@@, $$259$$.\n",
    "type": "ENTRY"
  },
  {
    "EOL": false,
    "box": [
      57,
      1238,
      386,
      22
    ],
    "id": 357,
    "indented": true,
    "parent": 356,
    "text": "",
    "type": "LINE"
  },
  {
    "EOL": false,
    "box": [
      79,
      1262,
      85,
      19
    ],
    "id": 358,
    "indented": false,
    "parent": 356,
    "text": "",
    "type": "LINE"
  },
  {
    "addresses": [
      {
        "street_name": "Basse du Rem-\npart",
        "street_numbers": [
          "78"
        ]
      }
    ],
    "box": [
      57,
      1238,
      386,
      43
    ],
    "checked": true,
    "id": 356,
    "origin": "human",
    "parent": 260,
    "persons": [
      "Mercier (Ve)"
    ],
    "score": 0.5,
    "text_ocr": "##Mercier (Ve)##, ££cab. litt.££ @@Basse du Rem-\npart@@, $$78$$.\n",
    "type": "ENTRY"
  },
  {
    "EOL": false,
    "box": [
      57,
      1283,
      314,
      21
    ],
    "id": 360,
    "indented": true,
    "parent": 359,
    "text": "",
    "type": "LINE"
  },
  {
    "addresses": [
      {
        "street_name": "Seine St Germ.",
        "street_numbers": [
          "27"
        ]
      }
    ],
    "box": [
      57,
      1283,
      314,
      21
    ],
    "checked": true,
    "id": 359,
    "origin": "human",
    "parent": 260,
    "persons": [
      "Mercier"
    ],
    "score": 0.25,
    "text_ocr": "##Mercier##, ££coiff.££ @@Seine St Germ.@@ $$27$$.\n",
    "type": "ENTRY"
  },
  {
    "EOL": false,
    "box": [
      56,
      1305,
      354,
      21
    ],
    "id": 362,
    "indented": true,
    "parent": 361,
    "text": "",
    "type": "LINE"
  },
  {
    "addresses": [
      {
        "street_name": "Godot",
        "street_numbers": [
          "1"
        ]
      }
    ],
    "box": [
      56,
      1305,
      354,
      21
    ],
    "checked": true,
    "id": 361,
    "origin": "human",
    "parent": 260,
    "persons": [
      "Mercier (le baron)"
    ],
    "score": 0.8,
    "text_ocr": "##Mercier (le baron)## µµ::LH::µµ, ££dép.££ @@Godot@@, $$1$$.\n",
    "type": "ENTRY"
  },
  {
    "EOL": false,
    "box": [
      55,
      1327,
      302,
      20
    ],
    "id": 364,
    "indented": true,
    "parent": 363,
    "text": "",
    "type": "LINE"
  },
  {
    "addresses": [
      {
        "street_name": "Grénétat",
        "street_numbers": [
          "12"
        ]
      }
    ],
    "box": [
      55,
      1327,
      302,
      20
    ],
    "checked": true,
    "id": 363,
    "origin": "human",
    "parent": 260,
    "persons": [
      "Mercier"
    ],
    "score": 0.9375,
    "text_ocr": "##Mercier##, ££dor. mét.££, @@Grénétat@@, $$12$$.\n",
    "type": "ENTRY"
  },
  {
    "EOL": false,
    "box": [
      57,
      1348,
      325,
      21
    ],
    "id": 366,
    "indented": true,
    "parent": 365,
    "text": "",
    "type": "LINE"
  },
  {
    "addresses": [
      {
        "street_name": "f. St Antoine",
        "street_numbers": [
          "110"
        ]
      }
    ],
    "box": [
      57,
      1348,
      325,
      21
    ],
    "checked": true,
    "id": 365,
    "origin": "human",
    "parent": 260,
    "persons": [
      "Mercier"
    ],
    "score": 0.5,
    "text_ocr": "##Mercier##, ££ébén.££ @@f. St Antoine@@, $$110$$.\n",
    "type": "ENTRY"
  },
  {
    "EOL": false,
    "box": [
      57,
      1370,
      271,
      22
    ],
    "id": 368,
    "indented": true,
    "parent": 367,
    "text": "",
    "type": "LINE"
  },
  {
    "addresses": [
      {
        "street_name": "pl. Royale",
        "street_numbers": [
          "9"
        ]
      }
    ],
    "box": [
      57,
      1370,
      271,
      22
    ],
    "checked": true,
    "id": 367,
    "origin": "human",
    "parent": 260,
    "persons": [
      "Mercier"
    ],
    "score": 1,
    "text_ocr": "##Mercier##, ££ébén.££ @@pl. Royale@@, $$9$$.\n",
    "type": "ENTRY"
  },
  {
    "EOL": false,
    "box": [
      56,
      1392,
      364,
      24
    ],
    "id": 370,
    "indented": true,
    "parent": 369,
    "text": "",
    "type": "LINE"
  },
  {
    "addresses": [
      {
        "street_name": "Ne St Méry",
        "street_numbers": [
          "30"
        ]
      }
    ],
    "box": [
      56,
      1392,
      364,
      24
    ],
    "checked": true,
    "id": 369,
    "origin": "human",
    "parent": 260,
    "persons": [
      "Mercier (Ve)"
    ],
    "score": 0.5,
    "text_ocr": "##Mercier (Ve)##, ££émaill.££, @@Ne St Méry@@, $$30$$.\n",
    "type": "ENTRY"
  },
  {
    "EOL": false,
    "box": [
      56,
      1414,
      291,
      21
    ],
    "id": 372,
    "indented": true,
    "parent": 371,
    "text": "",
    "type": "LINE"
  },
  {
    "addresses": [
      {
        "street_name": "St Jacques",
        "street_numbers": [
          "170"
        ]
      }
    ],
    "box": [
      56,
      1414,
      291,
      21
    ],
    "checked": true,
    "id": 371,
    "origin": "human",
    "parent": 260,
    "persons": [
      "Mercier"
    ],
    "score": 0.5,
    "text_ocr": "##Mercier##, ££épic.££ @@St Jacques@@, $$170$$.\n",
    "type": "ENTRY"
  },
  {
    "EOL": false,
    "box": [
      56,
      1436,
      347,
      22
    ],
    "id": 374,
    "indented": true,
    "parent": 373,
    "text": "",
    "type": "LINE"
  },
  {
    "addresses": [
      {
        "street_name": "enclos du Temple",
        "street_numbers": [
          "26"
        ]
      }
    ],
    "box": [
      56,
      1436,
      347,
      22
    ],
    "checked": true,
    "id": 373,
    "origin": "human",
    "parent": 260,
    "persons": [
      "Mercier"
    ],
    "score": 0.5,
    "text_ocr": "##Mercier##, ££ferb.££ @@enclos du Temple@@, $$26$$.\n",
    "type": "ENTRY"
  },
  {
    "EOL": false,
    "box": [
      56,
      1458,
      327,
      21
    ],
    "id": 376,
    "indented": true,
    "parent": 375,
    "text": "",
    "type": "LINE"
  },
  {
    "addresses": [
      {
        "street_name": "Ne St Martin",
        "street_numbers": [
          "1"
        ]
      }
    ],
    "box": [
      56,
      1458,
      327,
      21
    ],
    "checked": true,
    "id": 375,
    "origin": "human",
    "parent": 260,
    "persons": [
      "Mercier"
    ],
    "score": 0.5,
    "text_ocr": "##Mercier##, ££gainier££, @@Ne St Martin@@, $$1$$.\n",
    "type": "ENTRY"
  },
  {
    "EOL": false,
    "box": [
      56,
      1479,
      387,
      25
    ],
    "id": 378,
    "indented": true,
    "parent": 377,
    "text": "",
    "type": "LINE"
  },
  {
    "addresses": [
      {
        "street_name": "St Bernard",
        "street_numbers": [
          "13"
        ]
      }
    ],
    "box": [
      56,
      1479,
      387,
      25
    ],
    "checked": true,
    "id": 377,
    "origin": "human",
    "parent": 260,
    "persons": [
      "Mercier"
    ],
    "score": 0.5,
    "text_ocr": "##Mercier##, ££grav. sur bois££, @@St Bernard@@, $$13$$.\n",
    "type": "ENTRY"
  },
  {
    "EOL": false,
    "box": [
      56,
      1501,
      321,
      22
    ],
    "id": 380,
    "indented": true,
    "parent": 379,
    "text": "",
    "type": "LINE"
  },
  {
    "addresses": [
      {
        "street_name": "Feydeau",
        "street_numbers": [
          "3"
        ]
      }
    ],
    "box": [
      56,
      1501,
      321,
      22
    ],
    "checked": true,
    "id": 379,
    "origin": "human",
    "parent": 260,
    "persons": [
      "Mercier (Mad.)"
    ],
    "score": 0.9375,
    "text_ocr": "##Mercier (Mad.)##, ££hotel££, @@Feydeau@@, $$3$$.\n",
    "type": "ENTRY"
  },
  {
    "EOL": false,
    "box": [
      56,
      1523,
      274,
      20
    ],
    "id": 382,
    "indented": true,
    "parent": 381,
    "text": "",
    "type": "LINE"
  },
  {
    "addresses": [
      {
        "street_name": "St Nicaise",
        "street_numbers": [
          "2"
        ]
      }
    ],
    "box": [
      56,
      1523,
      274,
      20
    ],
    "checked": true,
    "id": 381,
    "origin": "human",
    "parent": 260,
    "persons": [
      "Mercier"
    ],
    "score": 0.5,
    "text_ocr": "##Mercier##, ££hotel££ @@St Nicaise@@, $$2$$.\n",
    "type": "ENTRY"
  },
  {
    "EOL": false,
    "box": [
      56,
      1545,
      227,
      21
    ],
    "id": 384,
    "indented": true,
    "parent": 383,
    "text": "",
    "type": "LINE"
  },
  {
    "addresses": [
      {
        "street_name": "Arcis",
        "street_numbers": [
          "8"
        ]
      }
    ],
    "box": [
      56,
      1545,
      227,
      21
    ],
    "checked": true,
    "id": 383,
    "origin": "human",
    "parent": 260,
    "persons": [
      "Mercier"
    ],
    "score": 0.25,
    "text_ocr": "##Mercier##, ££lamp.££ @@Arcis@@, $$8$$.\n",
    "type": "ENTRY"
  },
  {
    "EOL": false,
    "box": [
      57,
      1566,
      317,
      22
    ],
    "id": 386,
    "indented": true,
    "parent": 385,
    "text": "",
    "type": "LINE"
  },
  {
    "addresses": [
      {
        "street_name": "V. du Temple",
        "street_numbers": [
          "142"
        ]
      }
    ],
    "box": [
      57,
      1566,
      317,
      22
    ],
    "checked": true,
    "id": 385,
    "origin": "human",
    "parent": 260,
    "persons": [
      "Mercier"
    ],
    "score": 0.75,
    "text_ocr": "##Mercier##, ££lib.££ @@V. du Temple@@, $$142$$.\n",
    "type": "ENTRY"
  },
  {
    "EOL": false,
    "box": [
      56,
      1588,
      309,
      22
    ],
    "id": 388,
    "indented": true,
    "parent": 387,
    "text": "",
    "type": "LINE"
  },
  {
    "addresses": [
      {
        "street_name": "St Honoré",
        "street_numbers": [
          "196"
        ]
      }
    ],
    "box": [
      56,
      1588,
      309,
      22
    ],
    "checked": true,
    "id": 387,
    "origin": "human",
    "parent": 260,
    "persons": [
      "Mercier"
    ],
    "score": 0.4,
    "text_ocr": "##Mercier##, ££limon.££ @@St Honoré@@, $$196$$.\n",
    "type": "ENTRY"
  },
  {
    "box": [
      55,
      159,
      391,
      1451
    ],
    "id": 260,
    "parent": 259,
    "type": "COLUMN_LEVEL_2"
  },
  {
    "box": [
      55,
      159,
      391,
      1451
    ],
    "id": 259,
    "parent": 258,
    "type": "SECTION_LEVEL_2"
  },
  {
    "box": [
      55,
      131,
      391,
      1479
    ],
    "id": 258,
    "parent": 257,
    "type": "COLUMN_LEVEL_1"
  },
  {
    "EOL": false,
    "box": [
      462,
      131,
      119,
      13
    ],
    "id": 393,
    "indented": false,
    "parent": 392,
    "text": "",
    "type": "LINE"
  },
  {
    "addresses": [],
    "box": [
      462,
      131,
      119,
      13
    ],
    "checked": false,
    "id": 392,
    "origin": "computer",
    "parent": 391,
    "persons": [
      ">>"
    ],
    "score": 0,
    "street": "",
    "street_number": "",
    "text_ocr": "», DE PAHIS,\n",
    "type": "ENTRY"
  },
  {
    "EOL": false,
    "box": [
      468,
      135,
      384,
      44
    ],
    "id": 395,
    "indented": true,
    "parent": 394,
    "text": "",
    "type": "LINE"
  },
  {
    "addresses": [
      {
        "street_name": "Moulins",
        "street_numbers": [
          "3"
        ]
      }
    ],
    "box": [
      468,
      135,
      384,
      44
    ],
    "checked": true,
    "id": 394,
    "origin": "human",
    "parent": 391,
    "persons": [
      "Mercier (Mlle)"
    ],
    "score": 1,
    "text_ocr": "##Mercier (Mlle)##, ££ling.££ @@Moulins@@, $$3$$.\n",
    "type": "ENTRY"
  },
  {
    "EOL": false,
    "box": [
      467,
      180,
      352,
      21
    ],
    "id": 397,
    "indented": true,
    "parent": 396,
    "text": "",
    "type": "LINE"
  },
  {
    "addresses": [
      {
        "street_name": "Ne Ménilmontant",
        "street_numbers": [
          "6"
        ]
      }
    ],
    "box": [
      467,
      180,
      352,
      21
    ],
    "checked": true,
    "id": 396,
    "origin": "human",
    "parent": 391,
    "persons": [
      "Mercier"
    ],
    "score": 0.5,
    "text_ocr": "##Mercier##, ££marb.££ @@Ne Ménilmontant@@, $$6$$.\n",
    "type": "ENTRY"
  },
  {
    "EOL": false,
    "box": [
      467,
      202,
      326,
      21
    ],
    "id": 399,
    "indented": true,
    "parent": 398,
    "text": "",
    "type": "LINE"
  },
  {
    "addresses": [
      {
        "street_name": "Ne Bourg l'Abbé",
        "street_numbers": [
          "8"
        ]
      }
    ],
    "box": [
      467,
      202,
      326,
      21
    ],
    "checked": true,
    "id": 398,
    "origin": "human",
    "parent": 391,
    "persons": [
      "Mercier"
    ],
    "score": 0.5,
    "text_ocr": "##Mercier##, ££méd.££ @@Ne Bourg l'Abbé@@, $$8$$.\n",
    "type": "ENTRY"
  },
  {
    "EOL": false,
    "box": [
      468,
      224,
      383,
      19
    ],
    "id": 401,
    "indented": true,
    "parent": 400,
    "text": "",
    "type": "LINE"
  },
  {
    "addresses": [
      {
        "street_name": "St And. des Art.",
        "street_numbers": [
          "25"
        ]
      }
    ],
    "box": [
      468,
      224,
      383,
      19
    ],
    "checked": true,
    "id": 400,
    "origin": "human",
    "parent": 391,
    "persons": [
      "Mercier (Mad.)"
    ],
    "score": 0.16666666666666666,
    "text_ocr": "##Mercier (Mad.)##, ££mod.££ @@St And. des Art.@@ $$25$$.\n",
    "type": "ENTRY"
  },
  {
    "EOL": false,
    "box": [
      467,
      246,
      267,
      20
    ],
    "id": 403,
    "indented": true,
    "parent": 402,
    "text": "",
    "type": "LINE"
  },
  {
    "addresses": [
      {
        "street_name": "St Martin",
        "street_numbers": [
          "20"
        ]
      }
    ],
    "box": [
      467,
      246,
      267,
      20
    ],
    "checked": true,
    "id": 402,
    "origin": "human",
    "parent": 391,
    "persons": [
      "Mercier"
    ],
    "score": 0.0625,
    "text_ocr": "##Mercier##, ££pap.££ @@St Martin@@, $$20$$.\n",
    "type": "ENTRY"
  },
  {
    "EOL": false,
    "box": [
      467,
      268,
      349,
      22
    ],
    "id": 405,
    "indented": true,
    "parent": 404,
    "text": "",
    "type": "LINE"
  },
  {
    "addresses": [
      {
        "street_name": "Richelieu",
        "street_numbers": [
          "31"
        ]
      }
    ],
    "box": [
      467,
      268,
      349,
      22
    ],
    "checked": true,
    "id": 404,
    "origin": "human",
    "parent": 391,
    "persons": [
      "Mercier (Mlle)"
    ],
    "score": 0.5,
    "text_ocr": "##Mercier (Mlle)##, ££parap.££ @@Richelieu@@, $$31$$.\n",
    "type": "ENTRY"
  },
  {
    "EOL": false,
    "box": [
      467,
      290,
      287,
      22
    ],
    "id": 407,
    "indented": true,
    "parent": 406,
    "text": "",
    "type": "LINE"
  },
  {
    "addresses": [
      {
        "street_name": "Pastourelle",
        "street_numbers": [
          "7"
        ]
      }
    ],
    "box": [
      467,
      290,
      287,
      22
    ],
    "checked": true,
    "id": 406,
    "origin": "human",
    "parent": 391,
    "persons": [
      "Mercier"
    ],
    "score": 1,
    "text_ocr": "##Mercier##, ££peint.££ @@Pastourelle@@, $$7$$.\n",
    "type": "ENTRY"
  },
  {
    "EOL": false,
    "box": [
      467,
      312,
      299,
      22
    ],
    "id": 409,
    "indented": true,
    "parent": 408,
    "text": "",
    "type": "LINE"
  },
  {
    "addresses": [
      {
        "street_name": "St Martin",
        "street_numbers": [
          "98"
        ]
      }
    ],
    "box": [
      467,
      312,
      299,
      22
    ],
    "checked": true,
    "id": 408,
    "origin": "human",
    "parent": 391,
    "persons": [
      "Mercier"
    ],
    "score": 0.5,
    "text_ocr": "##Mercier##, ££pharm.££ @@St Martin@@, $$98$$.\n",
    "type": "ENTRY"
  },
  {
    "EOL": false,
    "box": [
      466,
      334,
      387,
      22
    ],
    "id": 411,
    "indented": true,
    "parent": 410,
    "text": "",
    "type": "LINE"
  },
  {
    "addresses": [
      {
        "street_name": "Basse St Pierre Amel",
        "street_numbers": [
          "4"
        ]
      }
    ],
    "box": [
      466,
      334,
      387,
      22
    ],
    "checked": true,
    "id": 410,
    "origin": "human",
    "parent": 391,
    "persons": [
      "Mercier"
    ],
    "score": 0.5,
    "text_ocr": "##Mercier##, ££pianos££, @@Basse St Pierre Amel@@, $$4$$.\n",
    "type": "ENTRY"
  },
  {
    "EOL": false,
    "box": [
      467,
      356,
      350,
      22
    ],
    "id": 413,
    "indented": true,
    "parent": 412,
    "text": "",
    "type": "LINE"
  },
  {
    "addresses": [
      {
        "street_name": "Roquette",
        "street_numbers": [
          "52"
        ]
      }
    ],
    "box": [
      467,
      356,
      350,
      22
    ],
    "checked": true,
    "id": 412,
    "origin": "human",
    "parent": 391,
    "persons": [
      "Mercier"
    ],
    "score": 0.9375,
    "text_ocr": "##Mercier##, ££pot. de terre££, @@Roquette@@, $$52$$.\n",
    "type": "ENTRY"
  },
  {
    "EOL": false,
    "box": [
      466,
      378,
      389,
      23
    ],
    "id": 415,
    "indented": true,
    "parent": 414,
    "text": "",
    "type": "LINE"
  },
  {
    "EOL": false,
    "box": [
      488,
      402,
      99,
      18
    ],
    "id": 416,
    "indented": false,
    "parent": 414,
    "text": "",
    "type": "LINE"
  },
  {
    "addresses": [
      {
        "street_name": "Cinq Dia-\nmants",
        "street_numbers": [
          "16"
        ]
      }
    ],
    "box": [
      466,
      378,
      389,
      42
    ],
    "checked": true,
    "id": 414,
    "origin": "human",
    "parent": 391,
    "persons": [
      "Mercier jeune"
    ],
    "score": 0.9333333333333333,
    "text_ocr": "##Mercier jeune##, ££régl. de pap.££ @@Cinq Dia-\nmants@@, $$16$$.\n",
    "type": "ENTRY"
  },
  {
    "EOL": false,
    "box": [
      466,
      422,
      303,
      19
    ],
    "id": 418,
    "indented": true,
    "parent": 417,
    "text": "",
    "type": "LINE"
  },
  {
    "addresses": [
      {
        "street_name": "Seine",
        "street_numbers": [
          "27"
        ]
      }
    ],
    "box": [
      466,
      422,
      303,
      19
    ],
    "checked": true,
    "id": 417,
    "origin": "human",
    "parent": 391,
    "persons": [
      "Mercier"
    ],
    "score": 1,
    "text_ocr": "##Mercier##, ££rest, de tab.££ @@Seine@@, $$27$$.\n",
    "type": "ENTRY"
  },
  {
    "EOL": false,
    "box": [
      467,
      444,
      388,
      22
    ],
    "id": 420,
    "indented": true,
    "parent": 419,
    "text": "",
    "type": "LINE"
  },
  {
    "addresses": [
      {
        "street_name": "Ancienne Com.",
        "street_numbers": [
          "22"
        ]
      }
    ],
    "box": [
      467,
      444,
      388,
      22
    ],
    "checked": true,
    "id": 419,
    "origin": "human",
    "parent": 391,
    "persons": [
      "Mercier (Mad.)"
    ],
    "score": 0,
    "text_ocr": "##Mercier (Mad.)##, ££sage-f.££ @@Ancienne Com.@@ $$22$$.\n",
    "type": "ENTRY"
  },
  {
    "EOL": false,
    "box": [
      467,
      467,
      266,
      20
    ],
    "id": 422,
    "indented": true,
    "parent": 421,
    "text": "",
    "type": "LINE"
  },
  {
    "addresses": [
      {
        "street_name": "Beaujolais",
        "street_numbers": [
          "1"
        ]
      }
    ],
    "box": [
      467,
      467,
      266,
      20
    ],
    "checked": true,
    "id": 421,
    "origin": "human",
    "parent": 391,
    "persons": [
      "Mercier"
    ],
    "score": 0.5,
    "text_ocr": "##Mercier##, ££serr.££ @@Beaujolais@@, $$1$$.\n",
    "type": "ENTRY"
  },
  {
    "EOL": false,
    "box": [
      466,
      489,
      288,
      21
    ],
    "id": 424,
    "indented": true,
    "parent": 423,
    "text": "",
    "type": "LINE"
  },
  {
    "addresses": [
      {
        "street_name": "Popincourt",
        "street_numbers": [
          "32"
        ]
      }
    ],
    "box": [
      466,
      489,
      288,
      21
    ],
    "checked": true,
    "id": 423,
    "origin": "human",
    "parent": 391,
    "persons": [
      "Mercier"
    ],
    "score": 1,
    "text_ocr": "##Mercier##, ££serr.££, @@Popincourt@@, $$32$$.\n",
    "type": "ENTRY"
  },
  {
    "EOL": false,
    "box": [
      466,
      511,
      274,
      19
    ],
    "id": 426,
    "indented": true,
    "parent": 425,
    "text": "",
    "type": "LINE"
  },
  {
    "addresses": [
      {
        "street_name": "aux Ours",
        "street_numbers": [
          "20"
        ]
      }
    ],
    "box": [
      466,
      511,
      274,
      19
    ],
    "checked": true,
    "id": 425,
    "origin": "human",
    "parent": 391,
    "persons": [
      "Mercier"
    ],
    "score": 0.5,
    "text_ocr": "##Mercier##, ££spart.££ @@aux Ours@@, $$20$$.\n",
    "type": "ENTRY"
  },
  {
    "EOL": false,
    "box": [
      465,
      531,
      321,
      22
    ],
    "id": 428,
    "indented": true,
    "parent": 427,
    "text": "",
    "type": "LINE"
  },
  {
    "addresses": [
      {
        "street_name": "Ne St Martin",
        "street_numbers": [
          "1"
        ]
      }
    ],
    "box": [
      465,
      531,
      321,
      22
    ],
    "checked": true,
    "id": 427,
    "origin": "human",
    "parent": 391,
    "persons": [
      "Mercier"
    ],
    "score": 0.5,
    "text_ocr": "##Mercier##, ££tablet.££ @@Ne St Martin@@, $$1$$.\n",
    "type": "ENTRY"
  },
  {
    "EOL": false,
    "box": [
      466,
      554,
      358,
      20
    ],
    "id": 430,
    "indented": true,
    "parent": 429,
    "text": "",
    "type": "LINE"
  },
  {
    "addresses": [
      {
        "street_name": "Jean Robert",
        "street_numbers": [
          "22"
        ]
      }
    ],
    "box": [
      466,
      554,
      358,
      20
    ],
    "checked": true,
    "id": 429,
    "origin": "human",
    "parent": 391,
    "persons": [
      "Mercier ainé"
    ],
    "score": 1,
    "text_ocr": "##Mercier ainé##, ££tablet.££ @@Jean Robert@@, $$22$$.\n",
    "type": "ENTRY"
  },
  {
    "EOL": false,
    "box": [
      465,
      577,
      353,
      20
    ],
    "id": 432,
    "indented": true,
    "parent": 431,
    "text": "",
    "type": "LINE"
  },
  {
    "addresses": [
      {
        "street_name": "Gravilliers",
        "street_numbers": [
          "28"
        ]
      }
    ],
    "box": [
      465,
      577,
      353,
      20
    ],
    "checked": true,
    "id": 431,
    "origin": "human",
    "parent": 391,
    "persons": [
      "Mercier jeune"
    ],
    "score": 1,
    "text_ocr": "##Mercier jeune##, ££tablet.££ @@Gravilliers@@, $$28$$.\n",
    "type": "ENTRY"
  },
  {
    "EOL": false,
    "box": [
      465,
      598,
      333,
      21
    ],
    "id": 434,
    "indented": true,
    "parent": 433,
    "text": "",
    "type": "LINE"
  },
  {
    "addresses": [
      {
        "street_name": "Ste Avoye",
        "street_numbers": [
          "61"
        ]
      }
    ],
    "box": [
      465,
      598,
      333,
      21
    ],
    "checked": true,
    "id": 433,
    "origin": "human",
    "parent": 391,
    "persons": [
      "Mercier fils"
    ],
    "score": 0.5,
    "text_ocr": "##Mercier fils##, ££tablet.££ @@Ste Avoye@@, $$61$$.\n",
    "type": "ENTRY"
  },
  {
    "EOL": false,
    "box": [
      466,
      620,
      306,
      22
    ],
    "id": 436,
    "indented": true,
    "parent": 435,
    "text": "",
    "type": "LINE"
  },
  {
    "addresses": [
      {
        "street_name": "Bibliothèque",
        "street_numbers": [
          "23"
        ]
      }
    ],
    "box": [
      466,
      620,
      306,
      22
    ],
    "checked": true,
    "id": 435,
    "origin": "human",
    "parent": 391,
    "persons": [
      "Mercier"
    ],
    "score": 0.5,
    "text_ocr": "##Mercier##, ££taill.££ @@Bibliothèque@@, $$23$$.\n",
    "type": "ENTRY"
  },
  {
    "EOL": false,
    "box": [
      467,
      643,
      367,
      21
    ],
    "id": 438,
    "indented": true,
    "parent": 437,
    "text": "",
    "type": "LINE"
  },
  {
    "addresses": [
      {
        "street_name": "St Vincent de Paul",
        "street_numbers": [
          "1"
        ]
      }
    ],
    "box": [
      467,
      643,
      367,
      21
    ],
    "checked": true,
    "id": 437,
    "origin": "human",
    "parent": 391,
    "persons": [
      "Mercier"
    ],
    "score": 0.5,
    "text_ocr": "##Mercier##, ££tapiss.££ @@St Vincent de Paul@@, $$1$$.\n",
    "type": "ENTRY"
  },
  {
    "EOL": false,
    "box": [
      467,
      665,
      367,
      19
    ],
    "id": 440,
    "indented": true,
    "parent": 439,
    "text": "",
    "type": "LINE"
  },
  {
    "addresses": [
      {
        "street_name": "Jean Beausire",
        "street_numbers": [
          "15"
        ]
      }
    ],
    "box": [
      467,
      665,
      367,
      19
    ],
    "checked": true,
    "id": 439,
    "origin": "human",
    "parent": 391,
    "persons": [
      "Mercier"
    ],
    "score": 1,
    "text_ocr": "##Mercier##, ££tourn. mét.££ @@Jean Beausire@@, $$15$$.\n",
    "type": "ENTRY"
  },
  {
    "EOL": false,
    "box": [
      467,
      687,
      262,
      19
    ],
    "id": 442,
    "indented": true,
    "parent": 441,
    "text": "",
    "type": "LINE"
  },
  {
    "addresses": [
      {
        "street_name": "Beaune",
        "street_numbers": [
          "33"
        ]
      }
    ],
    "box": [
      467,
      687,
      262,
      19
    ],
    "checked": true,
    "id": 441,
    "origin": "human",
    "parent": 391,
    "persons": [
      "Mercier"
    ],
    "score": 1,
    "text_ocr": "##Mercier##, ££vann.££ @@Beaune@@, $$33$$.\n",
    "type": "ENTRY"
  },
  {
    "EOL": false,
    "box": [
      468,
      709,
      338,
      19
    ],
    "id": 444,
    "indented": true,
    "parent": 443,
    "text": "",
    "type": "LINE"
  },
  {
    "addresses": [
      {
        "street_name": "St Sauveur",
        "street_numbers": [
          "22"
        ]
      }
    ],
    "box": [
      468,
      709,
      338,
      19
    ],
    "checked": true,
    "id": 443,
    "origin": "human",
    "parent": 391,
    "persons": [
      "Mercier"
    ],
    "score": 0.5,
    "text_ocr": "##Mercier##, ££veilleuses££, @@St Sauveur@@, $$22$$\n",
    "type": "ENTRY"
  },
  {
    "EOL": false,
    "box": [
      467,
      730,
      391,
      24
    ],
    "id": 446,
    "indented": true,
    "parent": 445,
    "text": "",
    "type": "LINE"
  },
  {
    "EOL": false,
    "box": [
      487,
      753,
      81,
      19
    ],
    "id": 447,
    "indented": false,
    "parent": 445,
    "text": "",
    "type": "LINE"
  },
  {
    "addresses": [
      {
        "street_name": "q. Napo-\nléon",
        "street_numbers": [
          "23"
        ]
      }
    ],
    "box": [
      467,
      730,
      391,
      42
    ],
    "checked": true,
    "id": 445,
    "origin": "human",
    "parent": 391,
    "persons": [
      "Mercier"
    ],
    "score": 0.5,
    "text_ocr": "##Mercier## µµ::LH::µµ, ££chef à l'enregistr.££ @@q. Napo-\nléon@@, $$23$$.\n",
    "type": "ENTRY"
  },
  {
    "EOL": false,
    "box": [
      469,
      775,
      390,
      22
    ],
    "id": 449,
    "indented": true,
    "parent": 448,
    "text": "",
    "type": "LINE"
  },
  {
    "addresses": [
      {
        "street_name": "Lesdiguières",
        "street_numbers": [
          "8"
        ]
      }
    ],
    "box": [
      469,
      775,
      390,
      22
    ],
    "checked": true,
    "id": 448,
    "origin": "human",
    "parent": 391,
    "persons": [
      "Mercier dit Langevin"
    ],
    "score": 0.9583333333333333,
    "text_ocr": "##Mercier dit Langevin##, ££serr.££ @@Lesdiguières@@. $$8$$.\n",
    "type": "ENTRY"
  },
  {
    "EOL": false,
    "box": [
      467,
      797,
      284,
      21
    ],
    "id": 451,
    "indented": true,
    "parent": 450,
    "text": "",
    "type": "LINE"
  },
  {
    "addresses": [
      {
        "street_name": "Ste Anne",
        "street_numbers": [
          "63"
        ]
      }
    ],
    "box": [
      467,
      797,
      284,
      21
    ],
    "checked": true,
    "id": 450,
    "origin": "human",
    "parent": 391,
    "persons": [
      "Mercieu"
    ],
    "score": 0.5,
    "text_ocr": "##Mercieu##, ££porcel.££ @@Ste Anne@@, $$63$$.\n",
    "type": "ENTRY"
  },
  {
    "EOL": false,
    "box": [
      467,
      820,
      268,
      20
    ],
    "id": 453,
    "indented": true,
    "parent": 452,
    "text": "",
    "type": "LINE"
  },
  {
    "addresses": [
      {
        "street_name": "Ponceau",
        "street_numbers": [
          "22"
        ]
      }
    ],
    "box": [
      467,
      820,
      268,
      20
    ],
    "checked": true,
    "id": 452,
    "origin": "human",
    "parent": 391,
    "persons": [
      "Mercieul"
    ],
    "score": 1,
    "text_ocr": "##Mercieul##, ££pap.££ @@Ponceau@@, $$22$$.\n",
    "type": "ENTRY"
  },
  {
    "EOL": false,
    "box": [
      466,
      841,
      392,
      21
    ],
    "id": 455,
    "indented": true,
    "parent": 454,
    "text": "",
    "type": "LINE"
  },
  {
    "addresses": [
      {
        "street_name": "Ne Petits Champs",
        "street_numbers": [
          "5"
        ]
      }
    ],
    "box": [
      466,
      841,
      392,
      21
    ],
    "checked": true,
    "id": 454,
    "origin": "human",
    "parent": 391,
    "persons": [
      "Merckel"
    ],
    "score": 0.5,
    "text_ocr": "##Merckel##, ££briquets££, @@Ne Petits Champs@@, $$5$$.\n",
    "type": "ENTRY"
  },
  {
    "EOL": false,
    "box": [
      466,
      863,
      393,
      23
    ],
    "id": 457,
    "indented": true,
    "parent": 456,
    "text": "",
    "type": "LINE"
  },
  {
    "EOL": false,
    "box": [
      490,
      886,
      72,
      17
    ],
    "id": 458,
    "indented": false,
    "parent": 456,
    "text": "",
    "type": "LINE"
  },
  {
    "addresses": [
      {
        "street_name": "Bouloy, hôtel des\nFermes",
        "street_numbers": []
      }
    ],
    "box": [
      466,
      863,
      393,
      40
    ],
    "checked": true,
    "id": 456,
    "origin": "human",
    "parent": 391,
    "persons": [
      "Merckel (L.)"
    ],
    "score": 0.4375,
    "street_number": "",
    "text_ocr": "##Merckel (L.)##, ££briquets££, @@Bouloy, hôtel des\nFermes@@.\n",
    "type": "ENTRY"
  },
  {
    "EOL": false,
    "box": [
      466,
      907,
      305,
      21
    ],
    "id": 460,
    "indented": true,
    "parent": 459,
    "text": "",
    "type": "LINE"
  },
  {
    "addresses": [
      {
        "street_name": "Beaux Arts",
        "street_numbers": [
          "11"
        ]
      }
    ],
    "box": [
      466,
      907,
      305,
      21
    ],
    "checked": true,
    "id": 459,
    "origin": "human",
    "parent": 391,
    "persons": [
      "Mercklein"
    ],
    "score": 1,
    "text_ocr": "##Mercklein##, ££lib.££ @@Beaux Arts@@, $$11$$.\n",
    "type": "ENTRY"
  },
  {
    "EOL": false,
    "box": [
      466,
      930,
      285,
      22
    ],
    "id": 462,
    "indented": true,
    "parent": 461,
    "text": "",
    "type": "LINE"
  },
  {
    "addresses": [
      {
        "street_name": "Bûcherie",
        "street_numbers": [
          "6"
        ]
      }
    ],
    "box": [
      466,
      930,
      285,
      22
    ],
    "checked": true,
    "id": 461,
    "origin": "human",
    "parent": 391,
    "persons": [
      "Mercklein"
    ],
    "score": 1,
    "text_ocr": "##Mercklein##, ££optiq.££ @@Bûcherie@@, $$6$$.\n",
    "type": "ENTRY"
  },
  {
    "EOL": false,
    "box": [
      467,
      952,
      255,
      22
    ],
    "id": 464,
    "indented": true,
    "parent": 463,
    "text": "",
    "type": "LINE"
  },
  {
    "addresses": [
      {
        "street_name": "Chantre",
        "street_numbers": [
          "23"
        ]
      }
    ],
    "box": [
      467,
      952,
      255,
      22
    ],
    "checked": true,
    "id": 463,
    "origin": "human",
    "parent": 391,
    "persons": [
      "Merckx"
    ],
    "score": 0.9285714285714286,
    "text_ocr": "##Merckx##, ££épic.££ @@Chantre@@, $$23$$.\n",
    "type": "ENTRY"
  },
  {
    "EOL": false,
    "box": [
      467,
      974,
      369,
      22
    ],
    "id": 466,
    "indented": true,
    "parent": 465,
    "text": "",
    "type": "LINE"
  },
  {
    "addresses": [
      {
        "street_name": "Aubry le Boucher",
        "street_numbers": [
          "18"
        ]
      }
    ],
    "box": [
      467,
      974,
      369,
      22
    ],
    "checked": true,
    "id": 465,
    "origin": "human",
    "parent": 391,
    "persons": [
      "Mercky"
    ],
    "score": 1,
    "text_ocr": "##Mercky##, ££merc.££ @@Aubry le Boucher@@, $$18$$.\n",
    "type": "ENTRY"
  },
  {
    "EOL": false,
    "box": [
      468,
      996,
      311,
      20
    ],
    "id": 468,
    "indented": true,
    "parent": 467,
    "text": "",
    "type": "LINE"
  },
  {
    "addresses": [
      {
        "street_name": "Las-Cases",
        "street_numbers": [
          "4"
        ]
      }
    ],
    "box": [
      468,
      996,
      311,
      20
    ],
    "checked": true,
    "id": 467,
    "origin": "human",
    "parent": 391,
    "persons": [
      "Mereaux"
    ],
    "score": 1,
    "text_ocr": "##Mereaux##, ££peint. v.££ @@Las-Cases@@, $$4$$.\n",
    "type": "ENTRY"
  },
  {
    "EOL": false,
    "box": [
      467,
      1017,
      390,
      22
    ],
    "id": 470,
    "indented": true,
    "parent": 469,
    "text": "",
    "type": "LINE"
  },
  {
    "EOL": false,
    "box": [
      489,
      1041,
      83,
      19
    ],
    "id": 471,
    "indented": false,
    "parent": 469,
    "text": "",
    "type": "LINE"
  },
  {
    "addresses": [
      {
        "street_name": "Thibau-\ntodé",
        "street_numbers": [
          "14"
        ]
      }
    ],
    "box": [
      467,
      1017,
      390,
      43
    ],
    "checked": true,
    "id": 469,
    "origin": "human",
    "parent": 391,
    "persons": [
      "Meress-Chédeville"
    ],
    "score": 0.5,
    "text_ocr": "##Meress-Chédeville##, ££dentelles££, @@Thibau-\ntodé@@, $$14$$.\n",
    "type": "ENTRY"
  },
  {
    "EOL": false,
    "box": [
      468,
      1062,
      300,
      22
    ],
    "id": 473,
    "indented": true,
    "parent": 472,
    "text": "",
    "type": "LINE"
  },
  {
    "addresses": [
      {
        "street_name": "q. de la Rapée",
        "street_numbers": [
          "29"
        ]
      }
    ],
    "box": [
      468,
      1062,
      300,
      22
    ],
    "checked": true,
    "id": 472,
    "origin": "human",
    "parent": 391,
    "persons": [
      "Meret"
    ],
    "score": 0.5,
    "text_ocr": "##Meret##, ££bois££, @@q. de la Rapée@@, $$29$$.\n",
    "type": "ENTRY"
  },
  {
    "EOL": false,
    "box": [
      468,
      1085,
      266,
      20
    ],
    "id": 475,
    "indented": true,
    "parent": 474,
    "text": "",
    "type": "LINE"
  },
  {
    "addresses": [
      {
        "street_name": "Grammont",
        "street_numbers": [
          "16"
        ]
      }
    ],
    "box": [
      468,
      1085,
      266,
      20
    ],
    "checked": true,
    "id": 474,
    "origin": "human",
    "parent": 391,
    "persons": [
      "Meret"
    ],
    "score": 0.5,
    "text_ocr": "##Meret##, ££men££ @@Grammont@@, $$16$$.\n",
    "type": "ENTRY"
  },
  {
    "EOL": false,
    "box": [
      471,
      1107,
      386,
      21
    ],
    "id": 477,
    "indented": true,
    "parent": 476,
    "text": "",
    "type": "LINE"
  },
  {
    "addresses": [
      {
        "street_name": "Bourg l'Abbé",
        "street_numbers": [
          "5"
        ]
      }
    ],
    "box": [
      471,
      1107,
      386,
      21
    ],
    "checked": true,
    "id": 476,
    "origin": "human",
    "parent": 391,
    "persons": [
      "Meret"
    ],
    "score": 1,
    "text_ocr": "##Meret## et ##Hansch##, ££fleur.££ @@Bourg l'Abbé@@, $$5$$.\n",
    "type": "ENTRY"
  },
  {
    "EOL": false,
    "box": [
      469,
      1128,
      334,
      20
    ],
    "id": 479,
    "indented": true,
    "parent": 478,
    "text": "",
    "type": "LINE"
  },
  {
    "addresses": [
      {
        "street_name": "Breteuil",
        "street_numbers": [
          "6"
        ]
      }
    ],
    "box": [
      469,
      1128,
      334,
      20
    ],
    "checked": true,
    "id": 478,
    "origin": "human",
    "parent": 391,
    "persons": [
      "Meret"
    ],
    "score": 1,
    "text_ocr": "##Meret## et ##Girard##, ££lunet.££ @@Breteuil@@, $$6$$.\n",
    "type": "ENTRY"
  },
  {
    "EOL": false,
    "box": [
      468,
      1150,
      324,
      22
    ],
    "id": 481,
    "indented": true,
    "parent": 480,
    "text": "",
    "type": "LINE"
  },
  {
    "addresses": [
      {
        "street_name": "pl. du Châtelet",
        "street_numbers": [
          "6"
        ]
      }
    ],
    "box": [
      468,
      1150,
      324,
      22
    ],
    "checked": true,
    "id": 480,
    "origin": "human",
    "parent": 391,
    "persons": [
      "Merger"
    ],
    "score": 1,
    "text_ocr": "##Merger##, ££avoué££, @@pl. du Châtelet@@, $$6$$.\n",
    "type": "ENTRY"
  },
  {
    "EOL": false,
    "box": [
      468,
      1172,
      389,
      23
    ],
    "id": 483,
    "indented": true,
    "parent": 482,
    "text": "",
    "type": "LINE"
  },
  {
    "EOL": false,
    "box": [
      491,
      1194,
      81,
      20
    ],
    "id": 484,
    "indented": false,
    "parent": 482,
    "text": "",
    "type": "LINE"
  },
  {
    "addresses": [
      {
        "street_name": "Prètres St\nPaul",
        "street_numbers": [
          "24"
        ]
      }
    ],
    "box": [
      468,
      1172,
      389,
      42
    ],
    "checked": true,
    "id": 482,
    "origin": "human",
    "parent": 391,
    "persons": [
      "Merger (L.)"
    ],
    "score": 0,
    "text_ocr": "##Merger (L.)##, ££chaufferettes££, @@Prètres St\nPaul@@, $$24$$.\n",
    "type": "ENTRY"
  },
  {
    "EOL": false,
    "box": [
      469,
      1216,
      270,
      22
    ],
    "id": 486,
    "indented": true,
    "parent": 485,
    "text": "",
    "type": "LINE"
  },
  {
    "addresses": [
      {
        "street_name": "Poliveau",
        "street_numbers": [
          "26"
        ]
      }
    ],
    "box": [
      469,
      1216,
      270,
      22
    ],
    "checked": true,
    "id": 485,
    "origin": "human",
    "parent": 391,
    "persons": [
      "Mergery"
    ],
    "score": 1,
    "text_ocr": "##Mergery##, µµprop.µµ @@Poliveau@@, $$26$$.\n",
    "type": "ENTRY"
  },
  {
    "EOL": false,
    "box": [
      469,
      1239,
      294,
      20
    ],
    "id": 488,
    "indented": true,
    "parent": 487,
    "text": "",
    "type": "LINE"
  },
  {
    "addresses": [
      {
        "street_name": "St Honoré",
        "street_numbers": [
          "154"
        ]
      }
    ],
    "box": [
      469,
      1239,
      294,
      20
    ],
    "checked": true,
    "id": 487,
    "origin": "human",
    "parent": 391,
    "persons": [
      "Merglé"
    ],
    "score": 0.5,
    "text_ocr": "##Merglé##, ££taill.££, @@St Honoré@@, $$154$$.\n",
    "type": "ENTRY"
  },
  {
    "EOL": false,
    "box": [
      468,
      1260,
      387,
      20
    ],
    "id": 490,
    "indented": true,
    "parent": 489,
    "text": "",
    "type": "LINE"
  },
  {
    "addresses": [
      {
        "street_name": "St Benoit St M.",
        "street_numbers": [
          "1"
        ]
      }
    ],
    "box": [
      468,
      1260,
      387,
      20
    ],
    "checked": true,
    "id": 489,
    "origin": "human",
    "parent": 391,
    "persons": [
      "Meri ainé"
    ],
    "score": 0.25,
    "text_ocr": "##Meri ainé##, ££boutons££, @@St Benoit St M.@@ $$1$$.\n",
    "type": "ENTRY"
  },
  {
    "EOL": false,
    "box": [
      469,
      1282,
      281,
      22
    ],
    "id": 492,
    "indented": true,
    "parent": 491,
    "text": "",
    "type": "LINE"
  },
  {
    "addresses": [
      {
        "street_name": "f. St Martin",
        "street_numbers": [
          "51"
        ]
      }
    ],
    "box": [
      469,
      1282,
      281,
      22
    ],
    "checked": true,
    "id": 491,
    "origin": "human",
    "parent": 391,
    "persons": [
      "Méri"
    ],
    "score": 0.5,
    "text_ocr": "##Méri##, ££quinc.££ @@f. St Martin@@, $$51$$.\n",
    "type": "ENTRY"
  },
  {
    "EOL": false,
    "box": [
      469,
      1304,
      339,
      22
    ],
    "id": 494,
    "indented": true,
    "parent": 493,
    "text": "",
    "type": "LINE"
  },
  {
    "addresses": [
      {
        "street_name": "q. des Ormes",
        "street_numbers": [
          "20"
        ]
      }
    ],
    "box": [
      469,
      1304,
      339,
      22
    ],
    "checked": true,
    "id": 493,
    "origin": "human",
    "parent": 391,
    "persons": [
      "Méricant"
    ],
    "score": 0.5,
    "text_ocr": "##Méricant##, ££coutel.££ @@q. des Ormes@@, $$20$$.\n",
    "type": "ENTRY"
  },
  {
    "EOL": false,
    "box": [
      469,
      1327,
      387,
      24
    ],
    "id": 496,
    "indented": true,
    "parent": 495,
    "text": "",
    "type": "LINE"
  },
  {
    "addresses": [
      {
        "street_name": "Ne des Pet. Champs",
        "street_numbers": [
          "64"
        ]
      }
    ],
    "box": [
      469,
      1327,
      387,
      24
    ],
    "checked": true,
    "id": 495,
    "origin": "human",
    "parent": 391,
    "persons": [
      "Méricant"
    ],
    "score": 0.75,
    "text_ocr": "##Méricant##, ££coutel.££ @@Ne des Pet. Champs@@, $$64$$.\n",
    "type": "ENTRY"
  },
  {
    "EOL": false,
    "box": [
      469,
      1349,
      344,
      22
    ],
    "id": 498,
    "indented": true,
    "parent": 497,
    "text": "",
    "type": "LINE"
  },
  {
    "addresses": [
      {
        "street_name": "Poliveau",
        "street_numbers": [
          "16"
        ]
      }
    ],
    "box": [
      469,
      1349,
      344,
      22
    ],
    "checked": true,
    "id": 497,
    "origin": "human",
    "parent": 391,
    "persons": [
      "Méricant"
    ],
    "score": 1,
    "text_ocr": "##Méricant##, ££prod. chim.££ @@Poliveau@@, 18.\n",
    "type": "ENTRY"
  },
  {
    "EOL": false,
    "box": [
      469,
      1370,
      257,
      23
    ],
    "id": 500,
    "indented": true,
    "parent": 499,
    "text": "",
    "type": "LINE"
  },
  {
    "addresses": [
      {
        "street_name": "Billettes",
        "street_numbers": [
          "17"
        ]
      }
    ],
    "box": [
      469,
      1370,
      257,
      23
    ],
    "checked": true,
    "id": 499,
    "origin": "human",
    "parent": 391,
    "persons": [
      "Mérice"
    ],
    "score": 0.9444444444444444,
    "text_ocr": "##Mérice##, µµprop.µµ @@Billettes@@, $$17$$.\n",
    "type": "ENTRY"
  },
  {
    "EOL": false,
    "box": [
      468,
      1392,
      365,
      19
    ],
    "id": 502,
    "indented": true,
    "parent": 501,
    "text": "",
    "type": "LINE"
  },
  {
    "addresses": [
      {
        "street_name": "Filles du Calvaire",
        "street_numbers": [
          "13"
        ]
      }
    ],
    "box": [
      468,
      1392,
      365,
      19
    ],
    "checked": true,
    "id": 501,
    "origin": "human",
    "parent": 391,
    "persons": [
      "Méridias"
    ],
    "score": 1,
    "text_ocr": "##Méridias##, ££coul.££ @@Filles du Calvaire@@, $$13$$.\n",
    "type": "ENTRY"
  },
  {
    "EOL": false,
    "box": [
      469,
      1414,
      347,
      21
    ],
    "id": 504,
    "indented": true,
    "parent": 503,
    "text": "",
    "type": "LINE"
  },
  {
    "addresses": [
      {
        "street_name": "St Denis",
        "street_numbers": [
          "252"
        ]
      }
    ],
    "box": [
      469,
      1414,
      347,
      21
    ],
    "checked": true,
    "id": 503,
    "origin": "human",
    "parent": 391,
    "persons": [
      "Mériel frères"
    ],
    "score": 0.5,
    "text_ocr": "##Mériel frères##, ££dentell.££ @@St Denis@@, $$252$$.\n",
    "type": "ENTRY"
  },
  {
    "EOL": false,
    "box": [
      469,
      1436,
      339,
      22
    ],
    "id": 506,
    "indented": true,
    "parent": 505,
    "text": "",
    "type": "LINE"
  },
  {
    "addresses": [
      {
        "street_name": "Ste Avoye",
        "street_numbers": [
          "42"
        ]
      }
    ],
    "box": [
      469,
      1436,
      339,
      22
    ],
    "checked": true,
    "id": 505,
    "origin": "human",
    "parent": 391,
    "persons": [
      "Merienne"
    ],
    "score": 0.3,
    "text_ocr": "##Merienne##, ££bij. en or££, @@Ste Avoye@@, $$42$$.\n",
    "type": "ENTRY"
  },
  {
    "EOL": false,
    "box": [
      471,
      1458,
      351,
      22
    ],
    "id": 508,
    "indented": true,
    "parent": 507,
    "text": "",
    "type": "LINE"
  },
  {
    "addresses": [
      {
        "street_name": "pass. du Ponceau",
        "street_numbers": []
      }
    ],
    "box": [
      471,
      1458,
      351,
      22
    ],
    "checked": true,
    "id": 507,
    "origin": "human",
    "parent": 391,
    "persons": [
      "Merieult"
    ],
    "score": 0.5,
    "street_number": "",
    "text_ocr": "##Merieult##, ££peint. v.££ @@pass. du Ponceau@@.\n",
    "type": "ENTRY"
  },
  {
    "EOL": false,
    "box": [
      467,
      1480,
      390,
      21
    ],
    "id": 510,
    "indented": true,
    "parent": 509,
    "text": "",
    "type": "LINE"
  },
  {
    "EOL": false,
    "box": [
      490,
      1502,
      152,
      20
    ],
    "id": 511,
    "indented": false,
    "parent": 509,
    "text": "",
    "type": "LINE"
  },
  {
    "addresses": [
      {
        "street_name": "Fossés St Germain\nl’Auxerrois",
        "street_numbers": [
          "36"
        ]
      }
    ],
    "box": [
      467,
      1480,
      390,
      42
    ],
    "checked": true,
    "id": 509,
    "origin": "human",
    "parent": 391,
    "persons": [
      "Merigot-Mélin"
    ],
    "score": 0.5,
    "text_ocr": "##Merigot-Mélin##, ££taill.££ @@Fossés St Germain\nl’Auxerrois@@, $$36$$.\n",
    "type": "ENTRY"
  },
  {
    "EOL": false,
    "box": [
      468,
      1524,
      389,
      23
    ],
    "id": 513,
    "indented": true,
    "parent": 512,
    "text": "",
    "type": "LINE"
  },
  {
    "EOL": false,
    "box": [
      491,
      1548,
      89,
      19
    ],
    "id": 514,
    "indented": false,
    "parent": 512,
    "text": "",
    "type": "LINE"
  },
  {
    "addresses": [
      {
        "street_name": "Marais St Germain",
        "street_numbers": [
          "20"
        ]
      }
    ],
    "box": [
      468,
      1524,
      389,
      43
    ],
    "checked": true,
    "id": 512,
    "origin": "human",
    "parent": 391,
    "persons": [
      "Merigot-Rochefort"
    ],
    "score": 0.5,
    "text_ocr": "##Merigot-Rochefort##, ££avoc.££ @@Marais St Ger-\nmain@@, $$20$$.\n",
    "type": "ENTRY"
  },
  {
    "EOL": false,
    "box": [
      468,
      1567,
      388,
      23
    ],
    "id": 516,
    "indented": true,
    "parent": 515,
    "text": "",
    "type": "LINE"
  },
  {
    "addresses": [
      {
        "street_name": "Moulins",
        "street_numbers": [
          "15"
        ]
      }
    ],
    "box": [
      468,
      1567,
      388,
      23
    ],
    "checked": true,
    "id": 515,
    "origin": "human",
    "parent": 391,
    "persons": [
      "Mérilhon"
    ],
    "score": 1,
    "text_ocr": "##Mérilhon## µµ::LH::µµ, ££cons. c. de c.££ @@Moulins@@, $$15$$.\n",
    "type": "ENTRY"
  },
  {
    "EOL": false,
    "box": [
      467,
      1590,
      329,
      20
    ],
    "id": 518,
    "indented": true,
    "parent": 517,
    "text": "",
    "type": "LINE"
  },
  {
    "addresses": [
      {
        "street_name": "Montmartre",
        "street_numbers": [
          "131"
        ]
      }
    ],
    "box": [
      467,
      1590,
      329,
      20
    ],
    "checked": true,
    "id": 517,
    "origin": "human",
    "parent": 391,
    "persons": [
      "Merillon"
    ],
    "score": 0.5,
    "text_ocr": "##Merillon##, ££charc.££ @@Montmartre@@, $$131$$.\n",
    "type": "ENTRY"
  },
  {
    "box": [
      462,
      131,
      397,
      1479
    ],
    "id": 391,
    "parent": 390,
    "type": "COLUMN_LEVEL_2"
  },
  {
    "box": [
      462,
      131,
      397,
      1479
    ],
    "id": 390,
    "parent": 389,
    "type": "SECTION_LEVEL_2"
  },
  {
    "box": [
      462,
      131,
      397,
      1479
    ],
    "id": 389,
    "parent": 257,
    "type": "COLUMN_LEVEL_1"
  },
  {
    "box": [
      55,
      131,
      804,
      1479
    ],
    "id": 257,
    "parent": 256,
    "type": "SECTION_LEVEL_1"
  },
  {
    "box": [
      55,
      131,
      804,
      1479
    ],
    "id": 256,
    "type": "PAGE"
  }
]
