{
  "content": [
    {
      "EOL": false, 
      "box": [
        159, 
        117, 
        38, 
        17
      ], 
      "id": 262, 
      "indented": false, 
      "parent": 261, 
      "text": "", 
      "type": "LINE"
    }, 
    {
      "addresses": [], 
      "box": [
        159, 
        117, 
        38, 
        17
      ], 
      "checked": false, 
      "id": 261, 
      "origin": "computer", 
      "parent": 260, 
      "persons": [
        ""
      ], 
      "score": -1, 
      "street": "", 
      "street_number": "", 
      "text_ocr": "421\n", 
      "type": "ENTRY"
    }, 
    {
      "EOL": false, 
      "box": [
        159, 
        123, 
        405, 
        49
      ], 
      "id": 264, 
      "indented": true, 
      "parent": 263, 
      "text": "", 
      "type": "LINE"
    }, 
    {
      "addresses": [
        {
          "street_name": "St Denis", 
          "street_numbers": [
            "214"
          ]
        }
      ], 
      "box": [
        159, 
        123, 
        405, 
        49
      ], 
      "checked": true, 
      "id": 263, 
      "origin": "human", 
      "parent": 260, 
      "persons": [
        "Petit (Mlle)"
      ], 
      "score": 0.5, 
      "text_ocr": "##Petit (Mlle)##, \u00a3\u00a3brod.\u00a3\u00a3, @@St Denis@@, $$214$$.\n", 
      "type": "ENTRY"
    }, 
    {
      "EOL": false, 
      "box": [
        161, 
        173, 
        257, 
        19
      ], 
      "id": 266, 
      "indented": true, 
      "parent": 265, 
      "text": "", 
      "type": "LINE"
    }, 
    {
      "addresses": [], 
      "box": [
        161, 
        173, 
        257, 
        19
      ], 
      "checked": false, 
      "id": 265, 
      "origin": "computer", 
      "parent": 260, 
      "persons": [
        "petit brod"
      ], 
      "score": 0.5, 
      "street": "", 
      "text_ocr": "Petit brod. St Martin, 203.\n", 
      "type": "ENTRY"
    }, 
    {
      "EOL": false, 
      "box": [
        160, 
        196, 
        308, 
        22
      ], 
      "id": 268, 
      "indented": true, 
      "parent": 267, 
      "text": "", 
      "type": "LINE"
    }, 
    {
      "addresses": [
        {
          "street_name": "Perle", 
          "street_numbers": [
            "28"
          ]
        }
      ], 
      "box": [
        160, 
        196, 
        308, 
        22
      ], 
      "checked": true, 
      "id": 267, 
      "origin": "human", 
      "parent": 260, 
      "persons": [
        "Petit"
      ], 
      "score": 1.0, 
      "text_ocr": "##Petit##, \u00a3\u00a3bronze\u00a3\u00a3, @@Perle@@, $$28$$, @@Marais@@.\n", 
      "type": "ENTRY"
    }, 
    {
      "EOL": false, 
      "box": [
        160, 
        218, 
        293, 
        22
      ], 
      "id": 270, 
      "indented": true, 
      "parent": 269, 
      "text": "", 
      "type": "LINE"
    }, 
    {
      "addresses": [
        {
          "street_name": "Beaubourg", 
          "street_numbers": [
            "32"
          ]
        }
      ], 
      "box": [
        160, 
        218, 
        293, 
        22
      ], 
      "checked": true, 
      "id": 269, 
      "origin": "human", 
      "parent": 260, 
      "persons": [
        "Petit"
      ], 
      "score": 1.0, 
      "text_ocr": "##Petit##, \u00a3\u00a3brossier\u00a3\u00a3, @@Beaubourg@@, $$32$$.\n", 
      "type": "ENTRY"
    }, 
    {
      "EOL": false, 
      "box": [
        162, 
        240, 
        354, 
        23
      ], 
      "id": 272, 
      "indented": true, 
      "parent": 271, 
      "text": "", 
      "type": "LINE"
    }, 
    {
      "addresses": [
        {
          "street_name": "St Honor\u00e9", 
          "street_numbers": [
            "340"
          ]
        }
      ], 
      "box": [
        162, 
        240, 
        354, 
        23
      ], 
      "checked": true, 
      "id": 271, 
      "origin": "human", 
      "parent": 260, 
      "persons": [
        "Petit (B. L.)"
      ], 
      "score": 0.5, 
      "text_ocr": "##Petit (B. L.)##, \u00a3\u00a3chang.\u00a3\u00a3 @@St Honor\u00e9@@, $$340$$.\n", 
      "type": "ENTRY"
    }, 
    {
      "EOL": false, 
      "box": [
        159, 
        263, 
        206, 
        23
      ], 
      "id": 274, 
      "indented": true, 
      "parent": 273, 
      "text": "", 
      "type": "LINE"
    }, 
    {
      "addresses": [
        {
          "street_name": "Mail", 
          "street_numbers": [
            "23"
          ]
        }
      ], 
      "box": [
        159, 
        263, 
        206, 
        23
      ], 
      "checked": true, 
      "id": 273, 
      "origin": "human", 
      "parent": 260, 
      "persons": [
        "Petit"
      ], 
      "score": 1.0, 
      "text_ocr": "##Petit##, \u00a3\u00a3chap.\u00a3\u00a3 @@Mail@@, $$23$$.\n", 
      "type": "ENTRY"
    }, 
    {
      "EOL": false, 
      "box": [
        159, 
        286, 
        283, 
        22
      ], 
      "id": 276, 
      "indented": true, 
      "parent": 275, 
      "text": "", 
      "type": "LINE"
    }, 
    {
      "addresses": [
        {
          "street_name": "Charenton", 
          "street_numbers": [
            "22"
          ]
        }
      ], 
      "box": [
        159, 
        286, 
        283, 
        22
      ], 
      "checked": true, 
      "id": 275, 
      "origin": "human", 
      "parent": 260, 
      "persons": [
        "Petit"
      ], 
      "score": 1.0, 
      "text_ocr": "##Petit##, \u00a3\u00a3charp.\u00a3\u00a3 @@Charenton@@, $$22$$.\n", 
      "type": "ENTRY"
    }, 
    {
      "EOL": false, 
      "box": [
        159, 
        308, 
        293, 
        24
      ], 
      "id": 278, 
      "indented": true, 
      "parent": 277, 
      "text": "", 
      "type": "LINE"
    }, 
    {
      "addresses": [
        {
          "street_name": "St Hippolyte", 
          "street_numbers": [
            "15"
          ]
        }
      ], 
      "box": [
        159, 
        308, 
        293, 
        24
      ], 
      "checked": true, 
      "id": 277, 
      "origin": "human", 
      "parent": 260, 
      "persons": [
        "Petit"
      ], 
      "score": 0.5, 
      "text_ocr": "##Petit##, \u00a3\u00a3charr.\u00a3\u00a3 @@St Hippolyte@@, $$15$$.\n", 
      "type": "ENTRY"
    }, 
    {
      "EOL": false, 
      "box": [
        159, 
        331, 
        358, 
        22
      ], 
      "id": 280, 
      "indented": true, 
      "parent": 279, 
      "text": "", 
      "type": "LINE"
    }, 
    {
      "addresses": [
        {
          "street_name": "cour de la Juiverie", 
          "street_numbers": [
            "16"
          ]
        }
      ], 
      "box": [
        159, 
        331, 
        358, 
        22
      ], 
      "checked": true, 
      "id": 279, 
      "origin": "human", 
      "parent": 260, 
      "persons": [
        "Petit"
      ], 
      "score": 0.75, 
      "text_ocr": "##Petit##, \u00a3\u00a3chaud.\u00a3\u00a3 @@cour de la Juiverie@@, $$16$$.\n", 
      "type": "ENTRY"
    }, 
    {
      "EOL": false, 
      "box": [
        160, 
        353, 
        398, 
        26
      ], 
      "id": 282, 
      "indented": true, 
      "parent": 281, 
      "text": "", 
      "type": "LINE"
    }, 
    {
      "addresses": [
        {
          "street_name": "Meslay", 
          "street_numbers": [
            "24"
          ]
        }
      ], 
      "box": [
        160, 
        353, 
        398, 
        26
      ], 
      "checked": true, 
      "id": 281, 
      "origin": "human", 
      "parent": 260, 
      "persons": [
        "Petit (Jules)"
      ], 
      "score": 1.0, 
      "text_ocr": "##Petit (Jules)##, \u00a3\u00a3commiss. quinc.\u00a3\u00a3 @@Meslay@@, $$24$$.\n", 
      "type": "ENTRY"
    }, 
    {
      "EOL": false, 
      "box": [
        160, 
        376, 
        355, 
        25
      ], 
      "id": 284, 
      "indented": true, 
      "parent": 283, 
      "text": "", 
      "type": "LINE"
    }, 
    {
      "addresses": [
        {
          "street_name": "d'Anjou", 
          "street_numbers": [
            "21"
          ]
        }
      ], 
      "box": [
        160, 
        376, 
        355, 
        25
      ], 
      "checked": true, 
      "id": 283, 
      "origin": "human", 
      "parent": 260, 
      "persons": [
        "Petit"
      ], 
      "score": 0.8571428571428572, 
      "text_ocr": "##Petit##, \u00a3\u00a3cons. c. r.\u00a3\u00a3, @@d'Anjou@@, $$21$$, @@Marais@@.\n", 
      "type": "ENTRY"
    }, 
    {
      "EOL": false, 
      "box": [
        161, 
        399, 
        269, 
        22
      ], 
      "id": 286, 
      "indented": true, 
      "parent": 285, 
      "text": "", 
      "type": "LINE"
    }, 
    {
      "addresses": [
        {
          "street_name": "Bourgogne", 
          "street_numbers": [
            "44"
          ]
        }
      ], 
      "box": [
        161, 
        399, 
        269, 
        22
      ], 
      "checked": true, 
      "id": 285, 
      "origin": "human", 
      "parent": 260, 
      "persons": [
        "Petit"
      ], 
      "score": 1.0, 
      "text_ocr": "##Petit##, \u00a3\u00a3cr\u00e8m.\u00a3\u00a3 @@Bourgogne@@, $$44$$.\n", 
      "type": "ENTRY"
    }, 
    {
      "EOL": false, 
      "box": [
        161, 
        422, 
        327, 
        22
      ], 
      "id": 288, 
      "indented": true, 
      "parent": 287, 
      "text": "", 
      "type": "LINE"
    }, 
    {
      "addresses": [
        {
          "street_name": "Cimeti\u00e8re St Nicol.", 
          "street_numbers": [
            "6"
          ]
        }
      ], 
      "box": [
        161, 
        422, 
        327, 
        22
      ], 
      "checked": true, 
      "id": 287, 
      "origin": "human", 
      "parent": 260, 
      "persons": [
        "Petit"
      ], 
      "score": 0.5, 
      "text_ocr": "##Petit##, \u00a3\u00a3crist.\u00a3\u00a3 @@Cimeti\u00e8re St Nicol.@@, $$6$$.\n", 
      "type": "ENTRY"
    }, 
    {
      "EOL": false, 
      "box": [
        160, 
        444, 
        341, 
        22
      ], 
      "id": 290, 
      "indented": true, 
      "parent": 289, 
      "text": "", 
      "type": "LINE"
    }, 
    {
      "addresses": [
        {
          "street_name": "St Germ. des Pr\u00e9s", 
          "street_numbers": [
            "9"
          ]
        }
      ], 
      "box": [
        160, 
        444, 
        341, 
        22
      ], 
      "checked": true, 
      "id": 289, 
      "origin": "human", 
      "parent": 260, 
      "persons": [
        "Petit"
      ], 
      "score": 0.33333333333333337, 
      "text_ocr": "##Petit##, \u00a3\u00a3curios.\u00a3\u00a3 @@St Germ. des Pr\u00e9s@@, $$9$$.\n", 
      "type": "ENTRY"
    }, 
    {
      "EOL": false, 
      "box": [
        160, 
        467, 
        362, 
        22
      ], 
      "id": 292, 
      "indented": true, 
      "parent": 291, 
      "text": "", 
      "type": "LINE"
    }, 
    {
      "addresses": [
        {
          "street_name": "Gu\u00e9rin Boisseau", 
          "street_numbers": [
            "45"
          ]
        }
      ], 
      "box": [
        160, 
        467, 
        362, 
        22
      ], 
      "checked": true, 
      "id": 291, 
      "origin": "human", 
      "parent": 260, 
      "persons": [
        "Petit"
      ], 
      "score": 1.0, 
      "text_ocr": "##Petit##, \u00a3\u00a3dor. m\u00e9t.\u00a3\u00a3 @@Gu\u00e9rin Boisseau@@, $$45$$.\n", 
      "type": "ENTRY"
    }, 
    {
      "EOL": false, 
      "box": [
        160, 
        490, 
        284, 
        21
      ], 
      "id": 294, 
      "indented": true, 
      "parent": 293, 
      "text": "", 
      "type": "LINE"
    }, 
    {
      "addresses": [
        {
          "street_name": "f. St Antoine", 
          "street_numbers": [
            "84"
          ]
        }
      ], 
      "box": [
        160, 
        490, 
        284, 
        21
      ], 
      "checked": true, 
      "id": 293, 
      "origin": "human", 
      "parent": 260, 
      "persons": [
        "Petit"
      ], 
      "score": 0.125, 
      "text_ocr": "##Petit##, \u00a3\u00a3\u00e9b\u00e9n.\u00a3\u00a3 @@f. St Antoine@@, $$84$$.\n", 
      "type": "ENTRY"
    }, 
    {
      "EOL": false, 
      "box": [
        161, 
        512, 
        300, 
        23
      ], 
      "id": 296, 
      "indented": true, 
      "parent": 295, 
      "text": "", 
      "type": "LINE"
    }, 
    {
      "addresses": [
        {
          "street_name": "Nve St M\u00e9ry", 
          "street_numbers": [
            "18"
          ]
        }
      ], 
      "box": [
        161, 
        512, 
        300, 
        23
      ], 
      "checked": true, 
      "id": 295, 
      "origin": "human", 
      "parent": 260, 
      "persons": [
        "Petit"
      ], 
      "score": 0.5, 
      "text_ocr": "##Petit##, \u00a3\u00a3\u00e9b\u00e9nis.\u00a3\u00a3 @@Nve St M\u00e9ry@@, $$18$$.\n", 
      "type": "ENTRY"
    }, 
    {
      "EOL": false, 
      "box": [
        162, 
        535, 
        299, 
        23
      ], 
      "id": 298, 
      "indented": true, 
      "parent": 297, 
      "text": "", 
      "type": "LINE"
    }, 
    {
      "addresses": [
        {
          "street_name": "Louis le Grand", 
          "street_numbers": [
            "26"
          ]
        }
      ], 
      "box": [
        162, 
        535, 
        299, 
        23
      ], 
      "checked": true, 
      "id": 297, 
      "origin": "human", 
      "parent": 260, 
      "persons": [
        "Petit"
      ], 
      "score": 1.0, 
      "text_ocr": "##Petit##, \u00a3\u00a3\u00e9pic.\u00a3\u00a3 @@Louis le Grand@@, $$26$$.\n", 
      "type": "ENTRY"
    }, 
    {
      "EOL": false, 
      "box": [
        162, 
        558, 
        234, 
        22
      ], 
      "id": 300, 
      "indented": true, 
      "parent": 299, 
      "text": "", 
      "type": "LINE"
    }, 
    {
      "addresses": [
        {
          "street_name": "Temple", 
          "street_numbers": [
            "97"
          ]
        }
      ], 
      "box": [
        162, 
        558, 
        234, 
        22
      ], 
      "checked": true, 
      "id": 299, 
      "origin": "human", 
      "parent": 260, 
      "persons": [
        "Petit"
      ], 
      "score": 0.9166666666666667, 
      "text_ocr": "##Petit##, \u00a3\u00a3\u00e9pic.\u00a3\u00a3 @@Temple@@, $$97$$.\n", 
      "type": "ENTRY"
    }, 
    {
      "EOL": false, 
      "box": [
        161, 
        581, 
        329, 
        21
      ], 
      "id": 302, 
      "indented": true, 
      "parent": 301, 
      "text": "", 
      "type": "LINE"
    }, 
    {
      "addresses": [
        {
          "street_name": "Chauss\u00e9e d'Antin", 
          "street_numbers": [
            "59"
          ]
        }
      ], 
      "box": [
        161, 
        581, 
        329, 
        21
      ], 
      "checked": true, 
      "id": 301, 
      "origin": "human", 
      "parent": 260, 
      "persons": [
        "Petit"
      ], 
      "score": 0.5, 
      "text_ocr": "##Petit##, \u00a3\u00a3\u00e9pic.\u00a3\u00a3 @@Chauss\u00e9e d'Antin@@, $$59$$.\n", 
      "type": "ENTRY"
    }, 
    {
      "EOL": false, 
      "box": [
        162, 
        603, 
        304, 
        22
      ], 
      "id": 304, 
      "indented": true, 
      "parent": 303, 
      "text": "", 
      "type": "LINE"
    }, 
    {
      "addresses": [
        {
          "street_name": "f. St Martin", 
          "street_numbers": [
            "32"
          ]
        }
      ], 
      "box": [
        162, 
        603, 
        304, 
        22
      ], 
      "checked": true, 
      "id": 303, 
      "origin": "human", 
      "parent": 260, 
      "persons": [
        "Petit"
      ], 
      "score": 0.5, 
      "text_ocr": "##Petit##, \u00a3\u00a3fa\u00efence\u00a3\u00a3, @@f. St Martin@@, $$32$$.\n", 
      "type": "ENTRY"
    }, 
    {
      "EOL": false, 
      "box": [
        162, 
        625, 
        318, 
        23
      ], 
      "id": 306, 
      "indented": true, 
      "parent": 305, 
      "text": "", 
      "type": "LINE"
    }, 
    {
      "addresses": [
        {
          "street_name": "Roquette", 
          "street_numbers": [
            "67"
          ]
        }
      ], 
      "box": [
        162, 
        625, 
        318, 
        23
      ], 
      "checked": true, 
      "id": 305, 
      "origin": "human", 
      "parent": 260, 
      "persons": [
        "Petit"
      ], 
      "score": 1.0, 
      "text_ocr": "##Petit##, \u00a3\u00a3filat. laine\u00a3\u00a3, @@Roquette@@, $$67$$.\n", 
      "type": "ENTRY"
    }, 
    {
      "EOL": false, 
      "box": [
        162, 
        648, 
        332, 
        23
      ], 
      "id": 308, 
      "indented": true, 
      "parent": 307, 
      "text": "", 
      "type": "LINE"
    }, 
    {
      "addresses": [
        {
          "street_name": "Ruelle Pell\u00e9", 
          "street_numbers": [
            "24"
          ]
        }
      ], 
      "box": [
        162, 
        648, 
        332, 
        23
      ], 
      "checked": true, 
      "id": 307, 
      "origin": "human", 
      "parent": 260, 
      "persons": [
        "Petit"
      ], 
      "score": 0.75, 
      "text_ocr": "##Petit##, \u00a3\u00a3fond. ferb.\u00a3\u00a3 @@Ruelle Pell\u00e9@@, $$24$$.\n", 
      "type": "ENTRY"
    }, 
    {
      "EOL": false, 
      "box": [
        163, 
        671, 
        272, 
        24
      ], 
      "id": 310, 
      "indented": true, 
      "parent": 309, 
      "text": "", 
      "type": "LINE"
    }, 
    {
      "addresses": [
        {
          "street_name": "Val de Grace", 
          "street_numbers": [
            "9"
          ]
        }
      ], 
      "box": [
        163, 
        671, 
        272, 
        24
      ], 
      "checked": true, 
      "id": 309, 
      "origin": "human", 
      "parent": 260, 
      "persons": [
        "Petit"
      ], 
      "score": 1.0, 
      "text_ocr": "##Petit##, \u00a3\u00a3grav.\u00a3\u00a3 @@Val de Grace@@, $$9$$.\n", 
      "type": "ENTRY"
    }, 
    {
      "EOL": false, 
      "box": [
        164, 
        694, 
        325, 
        23
      ], 
      "id": 312, 
      "indented": true, 
      "parent": 311, 
      "text": "", 
      "type": "LINE"
    }, 
    {
      "addresses": [
        {
          "street_name": "St Andr\u00e9 des Arts", 
          "street_numbers": [
            "8"
          ]
        }
      ], 
      "box": [
        164, 
        694, 
        325, 
        23
      ], 
      "checked": true, 
      "id": 311, 
      "origin": "human", 
      "parent": 260, 
      "persons": [
        "Petit"
      ], 
      "score": 0.5, 
      "text_ocr": "##Petit##, \u00a3\u00a3herb.\u00a3\u00a3 @@St Andr\u00e9 des Arts@@, $$8$$.\n", 
      "type": "ENTRY"
    }, 
    {
      "EOL": false, 
      "box": [
        163, 
        716, 
        276, 
        22
      ], 
      "id": 314, 
      "indented": true, 
      "parent": 313, 
      "text": "", 
      "type": "LINE"
    }, 
    {
      "addresses": [
        {
          "street_name": "Ph\u00e9lippeaux", 
          "street_numbers": [
            "26"
          ]
        }
      ], 
      "box": [
        163, 
        716, 
        276, 
        22
      ], 
      "checked": true, 
      "id": 313, 
      "origin": "human", 
      "parent": 260, 
      "persons": [
        "Petit"
      ], 
      "score": 0.5, 
      "text_ocr": "##Petit##, \u00a3\u00a3herb.\u00a3\u00a3 @@Ph\u00e9lippeaux@@, $$26$$.\n", 
      "type": "ENTRY"
    }, 
    {
      "EOL": false, 
      "box": [
        164, 
        738, 
        355, 
        21
      ], 
      "id": 316, 
      "indented": true, 
      "parent": 315, 
      "text": "", 
      "type": "LINE"
    }, 
    {
      "addresses": [
        {
          "street_name": "Fos. St G. l'Auxerr.", 
          "street_numbers": [
            "22"
          ]
        }
      ], 
      "box": [
        164, 
        738, 
        355, 
        21
      ], 
      "checked": true, 
      "id": 315, 
      "origin": "human", 
      "parent": 260, 
      "persons": [
        "Petit"
      ], 
      "score": 0.5, 
      "text_ocr": "##Petit##, \u00a3\u00a3horl.\u00a3\u00a3 @@Fos. St G. l'Auxerr.@@, $$22$$.\n", 
      "type": "ENTRY"
    }, 
    {
      "EOL": false, 
      "box": [
        164, 
        761, 
        327, 
        23
      ], 
      "id": 318, 
      "indented": true, 
      "parent": 317, 
      "text": "", 
      "type": "LINE"
    }, 
    {
      "addresses": [
        {
          "street_name": "Aumaire", 
          "street_numbers": [
            "11"
          ]
        }
      ], 
      "box": [
        164, 
        761, 
        327, 
        23
      ], 
      "checked": true, 
      "id": 317, 
      "origin": "human", 
      "parent": 260, 
      "persons": [
        "Petit (Ch. F.)"
      ], 
      "score": 0.5, 
      "text_ocr": "##Petit (Ch. F.)##, \u00a3\u00a3horl.\u00a3\u00a3 @@Aumaire@@, $$11$$.\n", 
      "type": "ENTRY"
    }, 
    {
      "EOL": false, 
      "box": [
        165, 
        783, 
        395, 
        24
      ], 
      "id": 320, 
      "indented": true, 
      "parent": 319, 
      "text": "", 
      "type": "LINE"
    }, 
    {
      "addresses": [
        {
          "street_name": "St Honor.", 
          "street_numbers": [
            "340"
          ]
        }
      ], 
      "box": [
        165, 
        783, 
        395, 
        24
      ], 
      "checked": true, 
      "id": 319, 
      "origin": "human", 
      "parent": 260, 
      "persons": [
        "Petit (B. L)"
      ], 
      "score": 0.5, 
      "text_ocr": "##Petit (B. L)##, \u00a3\u00a3horl., chang.\u00a3\u00a3 @@St Honor.@@, $$340$$.\n", 
      "type": "ENTRY"
    }, 
    {
      "EOL": false, 
      "box": [
        166, 
        807, 
        289, 
        21
      ], 
      "id": 322, 
      "indented": true, 
      "parent": 321, 
      "text": "", 
      "type": "LINE"
    }, 
    {
      "addresses": [
        {
          "street_name": "q. St Michel", 
          "street_numbers": [
            "13"
          ]
        }
      ], 
      "box": [
        166, 
        807, 
        289, 
        21
      ], 
      "checked": true, 
      "id": 321, 
      "origin": "human", 
      "parent": 260, 
      "persons": [
        "Petit"
      ], 
      "score": 0.5, 
      "text_ocr": "##Petit##, \u00a3\u00a3hotel\u00a3\u00a3, @@q. St Michel@@, $$13$$.\n", 
      "type": "ENTRY"
    }, 
    {
      "EOL": false, 
      "box": [
        166, 
        829, 
        269, 
        22
      ], 
      "id": 324, 
      "indented": true, 
      "parent": 323, 
      "text": "", 
      "type": "LINE"
    }, 
    {
      "addresses": [
        {
          "street_name": "Port Mahon", 
          "street_numbers": [
            "9"
          ]
        }
      ], 
      "box": [
        166, 
        829, 
        269, 
        22
      ], 
      "checked": true, 
      "id": 323, 
      "origin": "human", 
      "parent": 260, 
      "persons": [
        "Petit"
      ], 
      "score": 1.0, 
      "text_ocr": "##Petit##, \u00a3\u00a3hotel\u00a3\u00a3, @@Port Mahon@@, $$9$$.\n", 
      "type": "ENTRY"
    }, 
    {
      "EOL": false, 
      "box": [
        166, 
        852, 
        311, 
        23
      ], 
      "id": 326, 
      "indented": true, 
      "parent": 325, 
      "text": "", 
      "type": "LINE"
    }, 
    {
      "addresses": [
        {
          "street_name": "Bourgogne", 
          "street_numbers": [
            "25"
          ]
        }
      ], 
      "box": [
        166, 
        852, 
        311, 
        23
      ], 
      "checked": true, 
      "id": 325, 
      "origin": "human", 
      "parent": 260, 
      "persons": [
        "Petit"
      ], 
      "score": 1.0, 
      "text_ocr": "##Petit##, \u00a3\u00a3imp. lith.\u00a3\u00a3 @@Bourgogne@@, $$25$$.\n", 
      "type": "ENTRY"
    }, 
    {
      "EOL": false, 
      "box": [
        166, 
        874, 
        193, 
        23
      ], 
      "id": 328, 
      "indented": true, 
      "parent": 327, 
      "text": "", 
      "type": "LINE"
    }, 
    {
      "addresses": [
        {
          "street_name": "Jouy", 
          "street_numbers": [
            "9"
          ]
        }
      ], 
      "box": [
        166, 
        874, 
        193, 
        23
      ], 
      "checked": true, 
      "id": 327, 
      "origin": "human", 
      "parent": 260, 
      "persons": [
        "Petit"
      ], 
      "score": 1.0, 
      "text_ocr": "##Petit##, \u00a3\u00a3inst.\u00a3\u00a3 @@Jouy@@. $$9$$.\n", 
      "type": "ENTRY"
    }, 
    {
      "EOL": false, 
      "box": [
        167, 
        897, 
        373, 
        22
      ], 
      "id": 330, 
      "indented": true, 
      "parent": 329, 
      "text": "", 
      "type": "LINE"
    }, 
    {
      "addresses": [
        {
          "street_name": "St Jacq.", 
          "street_numbers": [
            "174"
          ]
        }
      ], 
      "box": [
        167, 
        897, 
        373, 
        22
      ], 
      "checked": true, 
      "id": 329, 
      "origin": "human", 
      "parent": 260, 
      "persons": [
        "Petit"
      ], 
      "score": 0.5, 
      "text_ocr": "##Petit##, \u00a3\u00a3instrum. math\u00e9m.\u00a3\u00a3 @@St Jacq.@@ $$174$$.\n", 
      "type": "ENTRY"
    }, 
    {
      "EOL": false, 
      "box": [
        167, 
        920, 
        233, 
        21
      ], 
      "id": 332, 
      "indented": true, 
      "parent": 331, 
      "text": "", 
      "type": "LINE"
    }, 
    {
      "addresses": [
        {
          "street_name": "Martyrs", 
          "street_numbers": [
            "7"
          ]
        }
      ], 
      "box": [
        167, 
        920, 
        233, 
        21
      ], 
      "checked": true, 
      "id": 331, 
      "origin": "human", 
      "parent": 260, 
      "persons": [
        "Petit"
      ], 
      "score": 1.0, 
      "text_ocr": "##Petit##, \u00a3\u00a3layet.\u00a3\u00a3 @@Martyrs@@, $$7$$.\n", 
      "type": "ENTRY"
    }, 
    {
      "EOL": false, 
      "box": [
        167, 
        942, 
        253, 
        22
      ], 
      "id": 334, 
      "indented": true, 
      "parent": 333, 
      "text": "", 
      "type": "LINE"
    }, 
    {
      "addresses": [
        {
          "street_name": "Universit\u00e9", 
          "street_numbers": [
            "3"
          ]
        }
      ], 
      "box": [
        167, 
        942, 
        253, 
        22
      ], 
      "checked": true, 
      "id": 333, 
      "origin": "human", 
      "parent": 260, 
      "persons": [
        "Petit"
      ], 
      "score": 1.0, 
      "text_ocr": "##Petit##, \u00a3\u00a3layet.\u00a3\u00a3 @@Universit\u00e9@@, $$3$$.\n", 
      "type": "ENTRY"
    }, 
    {
      "EOL": false, 
      "box": [
        167, 
        965, 
        247, 
        22
      ], 
      "id": 336, 
      "indented": true, 
      "parent": 335, 
      "text": "", 
      "type": "LINE"
    }, 
    {
      "addresses": [
        {
          "street_name": "Gindre", 
          "street_numbers": [
            "5"
          ]
        }
      ], 
      "box": [
        167, 
        965, 
        247, 
        22
      ], 
      "checked": true, 
      "id": 335, 
      "origin": "human", 
      "parent": 260, 
      "persons": [
        "Petit"
      ], 
      "score": 0.9166666666666667, 
      "text_ocr": "##Petit##, \u00a3\u00a3ma\u00e7onn.\u00a3\u00a3 @@Gindre@@, $$5$$.\n", 
      "type": "ENTRY"
    }, 
    {
      "EOL": false, 
      "box": [
        167, 
        987, 
        341, 
        20
      ], 
      "id": 338, 
      "indented": true, 
      "parent": 337, 
      "text": "", 
      "type": "LINE"
    }, 
    {
      "addresses": [
        {
          "street_name": "Recollets", 
          "street_numbers": [
            "8"
          ]
        }
      ], 
      "box": [
        167, 
        987, 
        341, 
        20
      ], 
      "checked": true, 
      "id": 337, 
      "origin": "human", 
      "parent": 260, 
      "persons": [
        "Petit (Franc)"
      ], 
      "score": 0.5, 
      "text_ocr": "##Petit (Franc)##, \u00a3\u00a3maconn.\u00a3\u00a3, @@Recollets@@, $$8$$.\n", 
      "type": "ENTRY"
    }, 
    {
      "EOL": false, 
      "box": [
        167, 
        1010, 
        391, 
        22
      ], 
      "id": 340, 
      "indented": true, 
      "parent": 339, 
      "text": "", 
      "type": "LINE"
    }, 
    {
      "addresses": [
        {
          "street_name": "St Hyacinthe St Mic", 
          "street_numbers": [
            "25"
          ]
        }
      ], 
      "box": [
        167, 
        1010, 
        391, 
        22
      ], 
      "checked": true, 
      "id": 339, 
      "origin": "human", 
      "parent": 260, 
      "persons": [
        "Petit (H.)"
      ], 
      "score": 0.5, 
      "text_ocr": "##Petit (H.)##, \u00a3\u00a3m\u00e9d.\u00a3\u00a3 @@St Hyacinthe St Mic@@, $$25$$.\n", 
      "type": "ENTRY"
    }, 
    {
      "EOL": false, 
      "box": [
        168, 
        1032, 
        305, 
        22
      ], 
      "id": 342, 
      "indented": true, 
      "parent": 341, 
      "text": "", 
      "type": "LINE"
    }, 
    {
      "addresses": [
        {
          "street_name": "Od\u00e9on", 
          "street_numbers": [
            "31"
          ]
        }
      ], 
      "box": [
        168, 
        1032, 
        305, 
        22
      ], 
      "checked": true, 
      "id": 341, 
      "origin": "human", 
      "parent": 260, 
      "persons": [
        "Petit (Ismerie)"
      ], 
      "score": 1.0, 
      "text_ocr": "##Petit (Ismerie)##, \u00a3\u00a3m\u00e9d.\u00a3\u00a3 @@Od\u00e9on@@, $$31$$.\n", 
      "type": "ENTRY"
    }, 
    {
      "EOL": false, 
      "box": [
        168, 
        1055, 
        252, 
        21
      ], 
      "id": 344, 
      "indented": true, 
      "parent": 343, 
      "text": "", 
      "type": "LINE"
    }, 
    {
      "addresses": [
        {
          "street_name": "Cond\u00e9", 
          "street_numbers": [
            "30"
          ]
        }
      ], 
      "box": [
        168, 
        1055, 
        252, 
        21
      ], 
      "checked": true, 
      "id": 343, 
      "origin": "human", 
      "parent": 260, 
      "persons": [
        "Petit"
      ], 
      "score": 0.5, 
      "text_ocr": "##Petit## \u00b5\u00b5::LH::\u00b5\u00b5 \u00a3\u00a3m\u00e9d.\u00a3\u00a3 @@Cond\u00e9@@, $$30$$.\n", 
      "type": "ENTRY"
    }, 
    {
      "EOL": false, 
      "box": [
        168, 
        1077, 
        380, 
        22
      ], 
      "id": 346, 
      "indented": true, 
      "parent": 345, 
      "text": "", 
      "type": "LINE"
    }, 
    {
      "addresses": [
        {
          "street_name": "Nve Luxemb.", 
          "street_numbers": [
            "3"
          ]
        }
      ], 
      "box": [
        168, 
        1077, 
        380, 
        22
      ], 
      "checked": true, 
      "id": 345, 
      "origin": "human", 
      "parent": 260, 
      "persons": [
        "Petit (Charles)"
      ], 
      "score": 0.125, 
      "text_ocr": "##Petit (Charles)## \u00b5\u00b5::LH::\u00b5\u00b5, \u00a3\u00a3m\u00e9d.\u00a3\u00a3 @@Nve Luxemb.@@ $$3$$.\n", 
      "type": "ENTRY"
    }, 
    {
      "EOL": false, 
      "box": [
        169, 
        1101, 
        232, 
        21
      ], 
      "id": 348, 
      "indented": true, 
      "parent": 347, 
      "text": "", 
      "type": "LINE"
    }, 
    {
      "addresses": [
        {
          "street_name": "Papillon", 
          "street_numbers": [
            "12"
          ]
        }
      ], 
      "box": [
        169, 
        1101, 
        232, 
        21
      ], 
      "checked": true, 
      "id": 347, 
      "origin": "human", 
      "parent": 260, 
      "persons": [
        "Petit"
      ], 
      "score": 0.5, 
      "text_ocr": "##Petit##, \u00a3\u00a3men.\u00a3\u00a3 @@Papillon@@, $$12$$.\n", 
      "type": "ENTRY"
    }, 
    {
      "EOL": false, 
      "box": [
        169, 
        1123, 
        302, 
        22
      ], 
      "id": 350, 
      "indented": true, 
      "parent": 349, 
      "text": "", 
      "type": "LINE"
    }, 
    {
      "addresses": [
        {
          "street_name": "Moreau", 
          "street_numbers": [
            "10"
          ]
        }
      ], 
      "box": [
        169, 
        1123, 
        302, 
        22
      ], 
      "checked": true, 
      "id": 349, 
      "origin": "human", 
      "parent": 260, 
      "persons": [
        "Petit (A.D.)"
      ], 
      "score": 0.5, 
      "text_ocr": "##Petit (A.D.)##, \u00a3\u00a3men.\u00a3\u00a3 @@Moreau@@, $$10$$.\n", 
      "type": "ENTRY"
    }, 
    {
      "EOL": false, 
      "box": [
        168, 
        1146, 
        244, 
        18
      ], 
      "id": 352, 
      "indented": true, 
      "parent": 351, 
      "text": "", 
      "type": "LINE"
    }, 
    {
      "addresses": [
        {
          "street_name": "Princesse", 
          "street_numbers": [
            "13"
          ]
        }
      ], 
      "box": [
        168, 
        1146, 
        244, 
        18
      ], 
      "checked": true, 
      "id": 351, 
      "origin": "human", 
      "parent": 260, 
      "persons": [
        "Petit"
      ], 
      "score": 0.4, 
      "text_ocr": "##Petit##, \u00a3\u00a3men.\u00a3\u00a3 @@Princesse@@, $$13$$.\n", 
      "type": "ENTRY"
    }, 
    {
      "EOL": false, 
      "box": [
        169, 
        1167, 
        339, 
        23
      ], 
      "id": 354, 
      "indented": true, 
      "parent": 353, 
      "text": "", 
      "type": "LINE"
    }, 
    {
      "addresses": [
        {
          "street_name": "P\u00e9pini\u00e8re", 
          "street_numbers": [
            "125"
          ]
        }
      ], 
      "box": [
        169, 
        1167, 
        339, 
        23
      ], 
      "checked": true, 
      "id": 353, 
      "origin": "human", 
      "parent": 260, 
      "persons": [
        "Petit (Fran\u00e7.)"
      ], 
      "score": 1.0, 
      "text_ocr": "##Petit (Fran\u00e7.)##, \u00a3\u00a3men.\u00a3\u00a3 @@P\u00e9pini\u00e8re@@, $$125$$.\n", 
      "type": "ENTRY"
    }, 
    {
      "EOL": false, 
      "box": [
        170, 
        1191, 
        289, 
        19
      ], 
      "id": 356, 
      "indented": true, 
      "parent": 355, 
      "text": "", 
      "type": "LINE"
    }, 
    {
      "addresses": [
        {
          "street_name": "Montmartre", 
          "street_numbers": [
            "152"
          ]
        }
      ], 
      "box": [
        170, 
        1191, 
        289, 
        19
      ], 
      "checked": true, 
      "id": 355, 
      "origin": "human", 
      "parent": 260, 
      "persons": [
        "Petit"
      ], 
      "score": 0.5, 
      "text_ocr": "##Petit##, \u00a3\u00a3merc.\u00a3\u00a3 @@Montmartre@@, $$152$$.\n", 
      "type": "ENTRY"
    }, 
    {
      "EOL": false, 
      "box": [
        170, 
        1212, 
        334, 
        20
      ], 
      "id": 358, 
      "indented": true, 
      "parent": 357, 
      "text": "", 
      "type": "LINE"
    }, 
    {
      "addresses": [
        {
          "street_name": "Ancienne Com\u00e9die", 
          "street_numbers": [
            "24"
          ]
        }
      ], 
      "box": [
        170, 
        1212, 
        334, 
        20
      ], 
      "checked": true, 
      "id": 357, 
      "origin": "human", 
      "parent": 260, 
      "persons": [
        "Petit"
      ], 
      "score": 1.0, 
      "text_ocr": "##Petit##, \u00a3\u00a3merc.\u00a3\u00a3, @@Ancienne Com\u00e9die@@, $$24$$.\n", 
      "type": "ENTRY"
    }, 
    {
      "EOL": false, 
      "box": [
        171, 
        1235, 
        296, 
        21
      ], 
      "id": 360, 
      "indented": true, 
      "parent": 359, 
      "text": "", 
      "type": "LINE"
    }, 
    {
      "addresses": [
        {
          "street_name": "Vivienne", 
          "street_numbers": [
            "6"
          ]
        }
      ], 
      "box": [
        171, 
        1235, 
        296, 
        21
      ], 
      "checked": true, 
      "id": 359, 
      "origin": "human", 
      "parent": 260, 
      "persons": [
        "Petit (A.)"
      ], 
      "score": 1.0, 
      "text_ocr": "##Petit (A.)##, \u00a3\u00a3musiq.\u00a3\u00a3, @@Vivienne@@, $$6$$.\n", 
      "type": "ENTRY"
    }, 
    {
      "EOL": false, 
      "box": [
        171, 
        1258, 
        268, 
        19
      ], 
      "id": 362, 
      "indented": true, 
      "parent": 361, 
      "text": "", 
      "type": "LINE"
    }, 
    {
      "addresses": [
        {
          "street_name": "f. St Martin", 
          "street_numbers": [
            "13"
          ]
        }
      ], 
      "box": [
        171, 
        1258, 
        268, 
        19
      ], 
      "checked": true, 
      "id": 361, 
      "origin": "human", 
      "parent": 260, 
      "persons": [
        "Petit"
      ], 
      "score": 0.5, 
      "text_ocr": "##Petit##, \u00a3\u00a3n\u00e9g.\u00a3\u00a3 @@f. St Martin@@, $$13$$.\n", 
      "type": "ENTRY"
    }, 
    {
      "EOL": false, 
      "box": [
        171, 
        1278, 
        391, 
        24
      ], 
      "id": 364, 
      "indented": true, 
      "parent": 363, 
      "text": "", 
      "type": "LINE"
    }, 
    {
      "addresses": [
        {
          "street_name": "Deux Boules", 
          "street_numbers": [
            "3"
          ]
        }
      ], 
      "box": [
        171, 
        1278, 
        391, 
        24
      ], 
      "checked": true, 
      "id": 363, 
      "origin": "human", 
      "parent": 260, 
      "persons": [
        "Petit (G.) et comp."
      ], 
      "score": 1.0, 
      "text_ocr": "##Petit (G.) et comp.## \u00a3\u00a3n\u00e9g.\u00a3\u00a3 @@Deux Boules@@, $$3$$.\n", 
      "type": "ENTRY"
    }, 
    {
      "EOL": false, 
      "box": [
        171, 
        1301, 
        389, 
        22
      ], 
      "id": 366, 
      "indented": true, 
      "parent": 365, 
      "text": "", 
      "type": "LINE"
    }, 
    {
      "addresses": [
        {
          "street_name": "Bourb Villen.", 
          "street_numbers": [
            "37"
          ]
        }
      ], 
      "box": [
        171, 
        1301, 
        389, 
        22
      ], 
      "checked": true, 
      "id": 365, 
      "origin": "human", 
      "parent": 260, 
      "persons": [
        "Petit jeune (Vve)"
      ], 
      "score": 0.5, 
      "text_ocr": "##Petit jeune (Vve)##, \u00a3\u00a3n\u00e9g.\u00a3\u00a3 @@Bourb Villen.@@ $$37$$.\n", 
      "type": "ENTRY"
    }, 
    {
      "EOL": false, 
      "box": [
        172, 
        1325, 
        278, 
        21
      ], 
      "id": 368, 
      "indented": true, 
      "parent": 367, 
      "text": "", 
      "type": "LINE"
    }, 
    {
      "addresses": [
        {
          "street_name": "Temple", 
          "street_numbers": [
            "36"
          ]
        }
      ], 
      "box": [
        172, 
        1325, 
        278, 
        21
      ], 
      "checked": true, 
      "id": 367, 
      "origin": "human", 
      "parent": 260, 
      "persons": [
        "Petit"
      ], 
      "score": 0.9166666666666667, 
      "text_ocr": "##Petit##, \u00a3\u00a3nourrices\u00a3\u00a3, @@Temple@@, $$36$$.\n", 
      "type": "ENTRY"
    }, 
    {
      "EOL": false, 
      "box": [
        173, 
        1346, 
        371, 
        23
      ], 
      "id": 370, 
      "indented": true, 
      "parent": 369, 
      "text": "", 
      "type": "LINE"
    }, 
    {
      "addresses": [
        {
          "street_name": "pl. de l'Ecole", 
          "street_numbers": [
            "3"
          ]
        }
      ], 
      "box": [
        173, 
        1346, 
        371, 
        23
      ], 
      "checked": true, 
      "id": 369, 
      "origin": "human", 
      "parent": 260, 
      "persons": [
        "Petit (Mlle)"
      ], 
      "score": 0.9333333333333333, 
      "text_ocr": "##Petit (Mlle)##, \u00a3\u00a3parfum.\u00a3\u00a3 @@pl. de l'Ecole@@, $$3$$.\n", 
      "type": "ENTRY"
    }, 
    {
      "EOL": false, 
      "box": [
        173, 
        1370, 
        279, 
        22
      ], 
      "id": 372, 
      "indented": true, 
      "parent": 371, 
      "text": "", 
      "type": "LINE"
    }, 
    {
      "addresses": [
        {
          "street_name": "St Denis", 
          "street_numbers": [
            "129"
          ]
        }
      ], 
      "box": [
        173, 
        1370, 
        279, 
        22
      ], 
      "checked": true, 
      "id": 371, 
      "origin": "human", 
      "parent": 260, 
      "persons": [
        "Petit"
      ], 
      "score": 0.25, 
      "text_ocr": "##Petit##, \u00a3\u00a3peignes\u00a3\u00a3, @@St Denis@@, $$129$$.", 
      "type": "ENTRY"
    }, 
    {
      "EOL": false, 
      "box": [
        173, 
        1391, 
        390, 
        23
      ], 
      "id": 374, 
      "indented": true, 
      "parent": 373, 
      "text": "", 
      "type": "LINE"
    }, 
    {
      "addresses": [
        {
          "street_name": "faub. du Temple", 
          "street_numbers": [
            "113"
          ]
        }
      ], 
      "box": [
        173, 
        1391, 
        390, 
        23
      ], 
      "checked": true, 
      "id": 373, 
      "origin": "human", 
      "parent": 260, 
      "persons": [
        "Petit"
      ], 
      "score": 0.4722222222222222, 
      "text_ocr": "##Petit##, \u00a3\u00a3peig. \u00e0 tisser\u00a3\u00a3, @@faub. du Temple@@, $$113$$.\n", 
      "type": "ENTRY"
    }, 
    {
      "EOL": false, 
      "box": [
        173, 
        1414, 
        309, 
        21
      ], 
      "id": 376, 
      "indented": true, 
      "parent": 375, 
      "text": "", 
      "type": "LINE"
    }, 
    {
      "addresses": [
        {
          "street_name": "Montorgueil", 
          "street_numbers": [
            "21"
          ]
        }
      ], 
      "box": [
        173, 
        1414, 
        309, 
        21
      ], 
      "checked": true, 
      "id": 375, 
      "origin": "human", 
      "parent": 260, 
      "persons": [
        "Petit"
      ], 
      "score": 1.0, 
      "text_ocr": "##Petit##, \u00a3\u00a3peint. v.\u00a3\u00a3 @@Montorgueil@@, $$21$$.\n", 
      "type": "ENTRY"
    }, 
    {
      "EOL": false, 
      "box": [
        173, 
        1435, 
        377, 
        23
      ], 
      "id": 378, 
      "indented": true, 
      "parent": 377, 
      "text": "", 
      "type": "LINE"
    }, 
    {
      "addresses": [
        {
          "street_name": "Madeleine", 
          "street_numbers": [
            "15"
          ]
        }
      ], 
      "box": [
        173, 
        1435, 
        377, 
        23
      ], 
      "checked": true, 
      "id": 377, 
      "origin": "human", 
      "parent": 260, 
      "persons": [
        "Petit (L. M)"
      ], 
      "score": 1.0, 
      "text_ocr": "##Petit (L. M)##, \u00a3\u00a3peint. a.\u00a3\u00a3 @@Madeleine@@, $$15$$.\n", 
      "type": "ENTRY"
    }, 
    {
      "EOL": false, 
      "box": [
        173, 
        1459, 
        364, 
        21
      ], 
      "id": 380, 
      "indented": true, 
      "parent": 379, 
      "text": "", 
      "type": "LINE"
    }, 
    {
      "addresses": [
        {
          "street_name": "Saussayes", 
          "street_numbers": [
            "14"
          ]
        }
      ], 
      "box": [
        173, 
        1459, 
        364, 
        21
      ], 
      "checked": true, 
      "id": 379, 
      "origin": "human", 
      "parent": 260, 
      "persons": [
        "Petit (Victor)"
      ], 
      "score": 0.9444444444444444, 
      "text_ocr": "##Petit (Victor)##, \u00a3\u00a3peint.. v.\u00a3\u00a3 @@Saussayes@@, $$14$$.\n", 
      "type": "ENTRY"
    }, 
    {
      "EOL": false, 
      "box": [
        174, 
        1481, 
        301, 
        21
      ], 
      "id": 382, 
      "indented": true, 
      "parent": 381, 
      "text": "", 
      "type": "LINE"
    }, 
    {
      "addresses": [
        {
          "street_name": "Cit\u00e9", 
          "street_numbers": [
            "19"
          ]
        }
      ], 
      "box": [
        174, 
        1481, 
        301, 
        21
      ], 
      "checked": true, 
      "id": 381, 
      "origin": "human", 
      "parent": 260, 
      "persons": [
        "Petit (Adrien)"
      ], 
      "score": 0.8333333333333334, 
      "text_ocr": "##Petit (Adrien)##, \u00a3\u00a3pharm.\u00a3\u00a3, @@Cit\u00e9@@, $$19$$.\n", 
      "type": "ENTRY"
    }, 
    {
      "EOL": false, 
      "box": [
        174, 
        1503, 
        290, 
        22
      ], 
      "id": 384, 
      "indented": true, 
      "parent": 383, 
      "text": "", 
      "type": "LINE"
    }, 
    {
      "addresses": [
        {
          "street_name": "St Martin", 
          "street_numbers": [
            "228"
          ]
        }
      ], 
      "box": [
        174, 
        1503, 
        290, 
        22
      ], 
      "checked": true, 
      "id": 383, 
      "origin": "human", 
      "parent": 260, 
      "persons": [
        "Petit"
      ], 
      "score": 0.5, 
      "text_ocr": "##Petit##, \u00a3\u00a3pharm.\u00a3\u00a3 @@St Martin@@, $$228$$.\n", 
      "type": "ENTRY"
    }, 
    {
      "EOL": false, 
      "box": [
        174, 
        1525, 
        380, 
        22
      ], 
      "id": 386, 
      "indented": true, 
      "parent": 385, 
      "text": "", 
      "type": "LINE"
    }, 
    {
      "addresses": [
        {
          "street_name": "N. D. des Victoires", 
          "street_numbers": [
            "46"
          ]
        }
      ], 
      "box": [
        174, 
        1525, 
        380, 
        22
      ], 
      "checked": true, 
      "id": 385, 
      "origin": "human", 
      "parent": 260, 
      "persons": [
        "Petit"
      ], 
      "score": 0.5, 
      "text_ocr": "##Petit##, \u00a3\u00a3pharm.\u00a3\u00a3 @@N. D. des Victoires@@, $$46$$.\n", 
      "type": "ENTRY"
    }, 
    {
      "EOL": false, 
      "box": [
        175, 
        1548, 
        300, 
        21
      ], 
      "id": 388, 
      "indented": true, 
      "parent": 387, 
      "text": "", 
      "type": "LINE"
    }, 
    {
      "addresses": [
        {
          "street_name": "Richer", 
          "street_numbers": [
            "4"
          ]
        }
      ], 
      "box": [
        175, 
        1548, 
        300, 
        21
      ], 
      "checked": true, 
      "id": 387, 
      "origin": "human", 
      "parent": 260, 
      "persons": [
        "Petit"
      ], 
      "score": 0.4166666666666667, 
      "text_ocr": "##Petit##, \u00a3\u00a3prof. de danse\u00a3\u00a3, @@Richer@@, $$4$$.\n", 
      "type": "ENTRY"
    }, 
    {
      "EOL": false, 
      "box": [
        175, 
        1570, 
        326, 
        21
      ], 
      "id": 390, 
      "indented": true, 
      "parent": 389, 
      "text": "", 
      "type": "LINE"
    }, 
    {
      "addresses": [
        {
          "street_name": "f. du Roule", 
          "street_numbers": [
            "15"
          ]
        }
      ], 
      "box": [
        175, 
        1570, 
        326, 
        21
      ], 
      "checked": true, 
      "id": 389, 
      "origin": "human", 
      "parent": 260, 
      "persons": [
        "Petit (C.)"
      ], 
      "score": 0.5, 
      "text_ocr": "##Petit (C.)##, \u00a3\u00a3relieur\u00a3\u00a3, @@f. du Roule@@, $$15$$.\n", 
      "type": "ENTRY"
    }, 
    {
      "EOL": false, 
      "box": [
        175, 
        1592, 
        363, 
        22
      ], 
      "id": 392, 
      "indented": true, 
      "parent": 391, 
      "text": "", 
      "type": "LINE"
    }, 
    {
      "addresses": [
        {
          "street_name": "St Jacques", 
          "street_numbers": [
            "80"
          ]
        }
      ], 
      "box": [
        175, 
        1592, 
        363, 
        22
      ], 
      "checked": true, 
      "id": 391, 
      "origin": "human", 
      "parent": 260, 
      "persons": [
        "Petit (Mad.)"
      ], 
      "score": 0.0, 
      "text_ocr": "##Petit (Mad.)##, \u00a3\u00a3sage-f.\u00a3\u00a3 @@St Jacques@@, $$80$$.\n", 
      "type": "ENTRY"
    }, 
    {
      "EOL": false, 
      "box": [
        175, 
        1615, 
        243, 
        22
      ], 
      "id": 394, 
      "indented": true, 
      "parent": 393, 
      "text": "", 
      "type": "LINE"
    }, 
    {
      "addresses": [
        {
          "street_name": "Arbre Sec", 
          "street_numbers": [
            "43"
          ]
        }
      ], 
      "box": [
        175, 
        1615, 
        243, 
        22
      ], 
      "checked": true, 
      "id": 393, 
      "origin": "human", 
      "parent": 260, 
      "persons": [
        "Petit"
      ], 
      "score": 1.0, 
      "text_ocr": "##Petit##, \u00a3\u00a3serr.\u00a3\u00a3 @@Arbre Sec@@, $$43$$,\n", 
      "type": "ENTRY"
    }, 
    {
      "box": [
        159, 
        117, 
        405, 
        1520
      ], 
      "id": 260, 
      "parent": 259, 
      "type": "COLUMN_LEVEL_2"
    }, 
    {
      "box": [
        159, 
        117, 
        405, 
        1520
      ], 
      "id": 259, 
      "parent": 258, 
      "type": "SECTION_LEVEL_2"
    }, 
    {
      "box": [
        159, 
        117, 
        405, 
        1520
      ], 
      "id": 258, 
      "parent": 257, 
      "type": "COLUMN_LEVEL_1"
    }, 
    {
      "EOL": false, 
      "box": [
        576, 
        118, 
        71, 
        20
      ], 
      "id": 399, 
      "indented": false, 
      "parent": 398, 
      "text": "", 
      "type": "LINE"
    }, 
    {
      "addresses": [], 
      "box": [
        576, 
        118, 
        71, 
        20
      ], 
      "checked": false, 
      "id": 398, 
      "origin": "computer", 
      "parent": 397, 
      "persons": [
        ""
      ], 
      "score": -1, 
      "street": "", 
      "street_number": "", 
      "text_ocr": "N\u00c9RALE\n", 
      "type": "ENTRY"
    }, 
    {
      "EOL": false, 
      "box": [
        579, 
        152, 
        289, 
        23
      ], 
      "id": 401, 
      "indented": true, 
      "parent": 400, 
      "text": "", 
      "type": "LINE"
    }, 
    {
      "addresses": [
        {
          "street_name": "Ste Anne", 
          "street_numbers": [
            "18"
          ]
        }
      ], 
      "box": [
        579, 
        152, 
        289, 
        23
      ], 
      "checked": true, 
      "id": 400, 
      "origin": "human", 
      "parent": 397, 
      "persons": [
        "Petit (L.)"
      ], 
      "score": 0.5, 
      "text_ocr": "##Petit (L.)##, \u00a3\u00a3taill.\u00a3\u00a3 @@Ste Anne@@, $$18$$.\n", 
      "type": "ENTRY"
    }, 
    {
      "EOL": false, 
      "box": [
        580, 
        176, 
        230, 
        22
      ], 
      "id": 403, 
      "indented": true, 
      "parent": 402, 
      "text": "", 
      "type": "LINE"
    }, 
    {
      "addresses": [
        {
          "street_name": "Temple", 
          "street_numbers": [
            "85"
          ]
        }
      ], 
      "box": [
        580, 
        176, 
        230, 
        22
      ], 
      "checked": true, 
      "id": 402, 
      "origin": "human", 
      "parent": 397, 
      "persons": [
        "Petit"
      ], 
      "score": 1.0, 
      "text_ocr": "##Petit##, \u00a3\u00a3taill.\u00a3\u00a3 @@Temple@@, $$85$$.\n", 
      "type": "ENTRY"
    }, 
    {
      "EOL": false, 
      "box": [
        579, 
        198, 
        378, 
        22
      ], 
      "id": 405, 
      "indented": true, 
      "parent": 404, 
      "text": "", 
      "type": "LINE"
    }, 
    {
      "addresses": [
        {
          "street_name": "b. Bonne Nouv.", 
          "street_numbers": [
            "26"
          ]
        }
      ], 
      "box": [
        579, 
        198, 
        378, 
        22
      ], 
      "checked": true, 
      "id": 404, 
      "origin": "human", 
      "parent": 397, 
      "persons": [
        "Petit(Th.)"
      ], 
      "score": 0.75, 
      "text_ocr": "##Petit(Th.)##, \u00a3\u00a3tapiss.\u00a3\u00a3 @@b. Bonne Nouv.@@, $$26$$.\n", 
      "type": "ENTRY"
    }, 
    {
      "EOL": false, 
      "box": [
        580, 
        221, 
        234, 
        20
      ], 
      "id": 407, 
      "indented": true, 
      "parent": 406, 
      "text": "", 
      "type": "LINE"
    }, 
    {
      "addresses": [
        {
          "street_name": "Beaune", 
          "street_numbers": [
            "29"
          ]
        }
      ], 
      "box": [
        580, 
        221, 
        234, 
        20
      ], 
      "checked": true, 
      "id": 406, 
      "origin": "human", 
      "parent": 397, 
      "persons": [
        "Petit"
      ], 
      "score": 0.5, 
      "text_ocr": "##Petit##, \u00a3\u00a3teint.\u00a3\u00a3, @@Beaune@@, $$29$$.\n", 
      "type": "ENTRY"
    }, 
    {
      "EOL": false, 
      "box": [
        579, 
        243, 
        391, 
        22
      ], 
      "id": 409, 
      "indented": true, 
      "parent": 408, 
      "text": "", 
      "type": "LINE"
    }, 
    {
      "EOL": false, 
      "box": [
        602, 
        266, 
        85, 
        21
      ], 
      "id": 410, 
      "indented": false, 
      "parent": 408, 
      "text": "", 
      "type": "LINE"
    }, 
    {
      "addresses": [
        {
          "street_name": "St Nicolas d\u2019Antin", 
          "street_numbers": [
            "6"
          ]
        }
      ], 
      "box": [
        579, 
        243, 
        391, 
        44
      ], 
      "checked": true, 
      "id": 408, 
      "origin": "human", 
      "parent": 397, 
      "persons": [
        "Petit"
      ], 
      "score": 0.5, 
      "text_ocr": "##Petit##, \u00a3\u00a3teint.\u00a3\u00a3 @@St Nicolas d\u2019Antin@@, @@Nve Pet.\nP\u00e8res@@, $$6$$.\n", 
      "type": "ENTRY"
    }, 
    {
      "EOL": false, 
      "box": [
        581, 
        288, 
        373, 
        21
      ], 
      "id": 412, 
      "indented": true, 
      "parent": 411, 
      "text": "", 
      "type": "LINE"
    }, 
    {
      "addresses": [
        {
          "street_name": "Foss\u00e9s St Bernard", 
          "street_numbers": [
            "14"
          ]
        }
      ], 
      "box": [
        581, 
        288, 
        373, 
        21
      ], 
      "checked": true, 
      "id": 411, 
      "origin": "human", 
      "parent": 397, 
      "persons": [
        "Petit"
      ], 
      "score": 0.5, 
      "text_ocr": "##Petit##, \u00a3\u00a3tonnelier\u00a3\u00a3, @@Foss\u00e9s St Bernard@@, $$14$$.\n", 
      "type": "ENTRY"
    }, 
    {
      "EOL": false, 
      "box": [
        580, 
        311, 
        393, 
        23
      ], 
      "id": 414, 
      "indented": true, 
      "parent": 413, 
      "text": "", 
      "type": "LINE"
    }, 
    {
      "EOL": false, 
      "box": [
        604, 
        333, 
        136, 
        21
      ], 
      "id": 415, 
      "indented": false, 
      "parent": 413, 
      "text": "", 
      "type": "LINE"
    }, 
    {
      "addresses": [
        {
          "street_name": "Charbonnier\nSt Antoine", 
          "street_numbers": [
            "5"
          ]
        }
      ], 
      "box": [
        580, 
        311, 
        393, 
        43
      ], 
      "checked": true, 
      "id": 413, 
      "origin": "human", 
      "parent": 397, 
      "persons": [
        "Petit (Adr.)"
      ], 
      "score": 0.5, 
      "text_ocr": "##Petit (Adr.)##, \u00a3\u00a3tourn. en bois\u00a3\u00a3, @@Charbonnier\nSt Antoine@@, $$5$$.\n", 
      "type": "ENTRY"
    }, 
    {
      "EOL": false, 
      "box": [
        581, 
        356, 
        380, 
        23
      ], 
      "id": 417, 
      "indented": true, 
      "parent": 416, 
      "text": "", 
      "type": "LINE"
    }, 
    {
      "addresses": [
        {
          "street_name": "Mazarine", 
          "street_numbers": [
            "36"
          ]
        }
      ], 
      "box": [
        581, 
        356, 
        380, 
        23
      ], 
      "checked": true, 
      "id": 416, 
      "origin": "human", 
      "parent": 397, 
      "persons": [
        "Petit et comp."
      ], 
      "score": 1.0, 
      "text_ocr": "##Petit et comp.##, \u00a3\u00a3voit. publ.\u00a3\u00a3 @@Mazarine@@, $$36$$.\n", 
      "type": "ENTRY"
    }, 
    {
      "EOL": false, 
      "box": [
        581, 
        378, 
        391, 
        23
      ], 
      "id": 419, 
      "indented": true, 
      "parent": 418, 
      "text": "", 
      "type": "LINE"
    }, 
    {
      "addresses": [
        {
          "street_name": "Grenelle St Germ.", 
          "street_numbers": [
            "86"
          ]
        }
      ], 
      "box": [
        581, 
        378, 
        391, 
        23
      ], 
      "checked": true, 
      "id": 418, 
      "origin": "human", 
      "parent": 397, 
      "persons": [
        "Petit"
      ], 
      "score": 0.0, 
      "text_ocr": "##Petit##, \u00a3\u00a3chef \u00e0 l\u2019Int.\u00a3\u00a3 @@Grenelle St Germ.@@ $$86$$.\n", 
      "type": "ENTRY"
    }, 
    {
      "EOL": false, 
      "box": [
        582, 
        401, 
        380, 
        23
      ], 
      "id": 421, 
      "indented": true, 
      "parent": 420, 
      "text": "", 
      "type": "LINE"
    }, 
    {
      "addresses": [
        {
          "street_name": "Poliveau", 
          "street_numbers": [
            "7"
          ]
        }
      ], 
      "box": [
        582, 
        401, 
        380, 
        23
      ], 
      "checked": true, 
      "id": 420, 
      "origin": "human", 
      "parent": 397, 
      "persons": [
        "Petit"
      ], 
      "score": 1.0, 
      "text_ocr": "##Petit##, \u00a3\u00a3\u00e9conom. Salp\u00e9tri\u00e8re\u00a3\u00a3, @@Poliveau@@, $$7$$.\n", 
      "type": "ENTRY"
    }, 
    {
      "EOL": false, 
      "box": [
        583, 
        424, 
        251, 
        23
      ], 
      "id": 423, 
      "indented": true, 
      "parent": 422, 
      "text": "", 
      "type": "LINE"
    }, 
    {
      "addresses": [
        {
          "street_name": "Lombards", 
          "street_numbers": [
            "25"
          ]
        }
      ], 
      "box": [
        583, 
        424, 
        251, 
        23
      ], 
      "checked": true, 
      "id": 422, 
      "origin": "human", 
      "parent": 397, 
      "persons": [
        "Petit"
      ], 
      "score": 1.0, 
      "text_ocr": "##Petit##, \u00b5\u00b5prop.\u00b5\u00b5 @@Lombards@@, $$25$$.\n", 
      "type": "ENTRY"
    }, 
    {
      "EOL": false, 
      "box": [
        582, 
        446, 
        224, 
        23
      ], 
      "id": 425, 
      "indented": true, 
      "parent": 424, 
      "text": "", 
      "type": "LINE"
    }, 
    {
      "addresses": [
        {
          "street_name": "Meslay", 
          "street_numbers": [
            "39"
          ]
        }
      ], 
      "box": [
        582, 
        446, 
        224, 
        23
      ], 
      "checked": true, 
      "id": 424, 
      "origin": "human", 
      "parent": 397, 
      "persons": [
        "Petit"
      ], 
      "score": 1.0, 
      "text_ocr": "##Petit##, \u00b5\u00b5prop.\u00b5\u00b5 @@Meslay@@, $$39$$.\n", 
      "type": "ENTRY"
    }, 
    {
      "EOL": false, 
      "box": [
        582, 
        469, 
        381, 
        23
      ], 
      "id": 427, 
      "indented": true, 
      "parent": 426, 
      "text": "", 
      "type": "LINE"
    }, 
    {
      "addresses": [
        {
          "street_name": "Jour", 
          "street_numbers": [
            "13"
          ]
        }
      ], 
      "box": [
        582, 
        469, 
        381, 
        23
      ], 
      "checked": true, 
      "id": 426, 
      "origin": "human", 
      "parent": 397, 
      "persons": [
        "Petit et Bertauts"
      ], 
      "score": 1.0, 
      "text_ocr": "##Petit et Bertauts##, \u00a3\u00a3imp. lithog.\u00a3\u00a3 @@Jour@@, $$13$$.\n", 
      "type": "ENTRY"
    }, 
    {
      "EOL": false, 
      "box": [
        583, 
        491, 
        392, 
        21
      ], 
      "id": 429, 
      "indented": true, 
      "parent": 428, 
      "text": "", 
      "type": "LINE"
    }, 
    {
      "EOL": false, 
      "box": [
        604, 
        515, 
        55, 
        19
      ], 
      "id": 430, 
      "indented": false, 
      "parent": 428, 
      "text": "", 
      "type": "LINE"
    }, 
    {
      "addresses": [
        {
          "street_name": "Tablette-\nrie", 
          "street_numbers": [
            "3"
          ]
        }
      ], 
      "box": [
        583, 
        491, 
        392, 
        43
      ], 
      "checked": true, 
      "id": 428, 
      "origin": "human", 
      "parent": 397, 
      "persons": [
        "Petit et Forest nev."
      ], 
      "score": 0.5, 
      "text_ocr": "##Petit et Forest nev.##, \u00a3\u00a3me\u00e7anic.\u00a3\u00a3, @@Tablette-\nrie@@, $$3$$.\n", 
      "type": "ENTRY"
    }, 
    {
      "EOL": false, 
      "box": [
        583, 
        537, 
        392, 
        23
      ], 
      "id": 432, 
      "indented": true, 
      "parent": 431, 
      "text": "", 
      "type": "LINE"
    }, 
    {
      "EOL": false, 
      "box": [
        606, 
        560, 
        87, 
        18
      ], 
      "id": 433, 
      "indented": false, 
      "parent": 431, 
      "text": "", 
      "type": "LINE"
    }, 
    {
      "addresses": [
        {
          "street_name": "Coq\nH\u00e9ron", 
          "street_numbers": [
            "3"
          ]
        }
      ], 
      "box": [
        583, 
        537, 
        392, 
        41
      ], 
      "checked": true, 
      "id": 431, 
      "origin": "human", 
      "parent": 397, 
      "persons": [
        "Petit, Loisel et comp."
      ], 
      "score": 0.9444444444444444, 
      "text_ocr": "##Petit, Loisel et comp.## \u00a3\u00a3voit. publ.\u00a3\u00a3 @@Coq\nH\u00e9ron@@, $$3$$.\n", 
      "type": "ENTRY"
    }, 
    {
      "EOL": false, 
      "box": [
        583, 
        582, 
        392, 
        21
      ], 
      "id": 435, 
      "indented": true, 
      "parent": 434, 
      "text": "", 
      "type": "LINE"
    }, 
    {
      "EOL": false, 
      "box": [
        606, 
        606, 
        67, 
        19
      ], 
      "id": 436, 
      "indented": false, 
      "parent": 434, 
      "text": "", 
      "type": "LINE"
    }, 
    {
      "addresses": [
        {
          "street_name": "Culture Ste Cathe-\nrine", 
          "street_numbers": [
            "3"
          ]
        }
      ], 
      "box": [
        583, 
        582, 
        392, 
        43
      ], 
      "checked": true, 
      "id": 434, 
      "origin": "human", 
      "parent": 397, 
      "persons": [
        "Petit et Mabire"
      ], 
      "score": 0.5, 
      "text_ocr": "##Petit et Mabire##, \u00a3\u00a3met.\u00a3\u00a3 @@Culture Ste Cathe-\nrine@@, $$3$$.\n", 
      "type": "ENTRY"
    }, 
    {
      "EOL": false, 
      "box": [
        584, 
        627, 
        393, 
        23
      ], 
      "id": 438, 
      "indented": true, 
      "parent": 437, 
      "text": "", 
      "type": "LINE"
    }, 
    {
      "EOL": false, 
      "box": [
        606, 
        650, 
        92, 
        20
      ], 
      "id": 439, 
      "indented": false, 
      "parent": 437, 
      "text": "", 
      "type": "LINE"
    }, 
    {
      "addresses": [
        {
          "street_name": "Montmar-\ntre", 
          "street_numbers": [
            "121"
          ]
        }
      ], 
      "box": [
        584, 
        627, 
        393, 
        43
      ], 
      "checked": true, 
      "id": 437, 
      "origin": "human", 
      "parent": 397, 
      "persons": [
        "Petit (L) et Pulleux"
      ], 
      "score": 0.9545454545454546, 
      "text_ocr": "##Petit (L) et Pulleux##, \u00a3\u00a3draps\u00a3\u00a3, @@Montmar-\ntre@@, $$121$$.\n", 
      "type": "ENTRY"
    }, 
    {
      "EOL": false, 
      "box": [
        584, 
        671, 
        369, 
        24
      ], 
      "id": 441, 
      "indented": true, 
      "parent": 440, 
      "text": "", 
      "type": "LINE"
    }, 
    {
      "addresses": [
        {
          "street_name": "Nve St M\u00e9ry", 
          "street_numbers": [
            "46"
          ]
        }
      ], 
      "box": [
        584, 
        671, 
        369, 
        24
      ], 
      "checked": true, 
      "id": 440, 
      "origin": "human", 
      "parent": 397, 
      "persons": [
        "Petit (Mad.)"
      ], 
      "score": 0.5, 
      "text_ocr": "##Petit (Mad.)##, \u00a3\u00a3reperc.\u00a3\u00a3, @@Nve St M\u00e9ry@@, $$46$$.", 
      "type": "ENTRY"
    }, 
    {
      "EOL": false, 
      "box": [
        585, 
        695, 
        297, 
        21
      ], 
      "id": 443, 
      "indented": true, 
      "parent": 442, 
      "text": "", 
      "type": "LINE"
    }, 
    {
      "addresses": [
        {
          "street_name": "St Maur", 
          "street_numbers": [
            "100"
          ]
        }
      ], 
      "box": [
        585, 
        695, 
        297, 
        21
      ], 
      "checked": true, 
      "id": 442, 
      "origin": "human", 
      "parent": 397, 
      "persons": [
        "Petitbois"
      ], 
      "score": 0.33333333333333337, 
      "text_ocr": "##Petitbois##, \u00a3\u00a3instit.\u00a3\u00a3 @@St Maur@@, $$100$$.\n", 
      "type": "ENTRY"
    }, 
    {
      "EOL": false, 
      "box": [
        585, 
        717, 
        392, 
        23
      ], 
      "id": 445, 
      "indented": true, 
      "parent": 444, 
      "text": "", 
      "type": "LINE"
    }, 
    {
      "EOL": false, 
      "box": [
        607, 
        741, 
        170, 
        21
      ], 
      "id": 446, 
      "indented": false, 
      "parent": 444, 
      "text": "", 
      "type": "LINE"
    }, 
    {
      "addresses": [
        {
          "street_name": "Quincampoix", 
          "street_numbers": [
            "11"
          ]
        }
      ], 
      "box": [
        585, 
        717, 
        392, 
        45
      ], 
      "checked": true, 
      "id": 444, 
      "origin": "human", 
      "parent": 397, 
      "persons": [
        "Petit-Caillot"
      ], 
      "score": 1.0, 
      "text_ocr": "##Petit-Caillot##, \u00a3\u00a3imp. en caract. \u00e0 jour\u00a3\u00a3,\n@@Quincampoix@@, $$11$$.", 
      "type": "ENTRY"
    }, 
    {
      "EOL": false, 
      "box": [
        586, 
        761, 
        358, 
        24
      ], 
      "id": 448, 
      "indented": true, 
      "parent": 447, 
      "text": "", 
      "type": "LINE"
    }, 
    {
      "addresses": [
        {
          "street_name": "St Martin", 
          "street_numbers": [
            "166"
          ]
        }
      ], 
      "box": [
        586, 
        761, 
        358, 
        24
      ], 
      "checked": true, 
      "id": 447, 
      "origin": "human", 
      "parent": 397, 
      "persons": [
        "Petit-Colas"
      ], 
      "score": 0.5, 
      "text_ocr": "##Petit-Colas##, \u00a3\u00a3bij. en or\u00a3\u00a3, @@St Martin@@, $$166$$.\n", 
      "type": "ENTRY"
    }, 
    {
      "EOL": false, 
      "box": [
        585, 
        785, 
        287, 
        23
      ], 
      "id": 450, 
      "indented": true, 
      "parent": 449, 
      "text": "", 
      "type": "LINE"
    }, 
    {
      "addresses": [
        {
          "street_name": "Cl\u00e9ry", 
          "street_numbers": [
            "78"
          ]
        }
      ], 
      "box": [
        585, 
        785, 
        287, 
        23
      ], 
      "checked": true, 
      "id": 449, 
      "origin": "human", 
      "parent": 397, 
      "persons": [
        "Petitcolin"
      ], 
      "score": 0.5, 
      "text_ocr": "##Petitcolin##, \u00a3\u00a3bougies\u00a3\u00a3, @@Cl\u00e9ry@@, $$78$$.\n", 
      "type": "ENTRY"
    }, 
    {
      "EOL": false, 
      "box": [
        585, 
        807, 
        393, 
        21
      ], 
      "id": 452, 
      "indented": true, 
      "parent": 451, 
      "text": "", 
      "type": "LINE"
    }, 
    {
      "EOL": false, 
      "box": [
        608, 
        831, 
        216, 
        19
      ], 
      "id": 453, 
      "indented": false, 
      "parent": 451, 
      "text": "", 
      "type": "LINE"
    }, 
    {
      "addresses": [
        {
          "street_name": "Victoire", 
          "street_numbers": [
            "25"
          ]
        }
      ], 
      "box": [
        585, 
        807, 
        393, 
        43
      ], 
      "checked": true, 
      "id": 451, 
      "origin": "human", 
      "parent": 397, 
      "persons": [
        "Petit de Maurienne"
      ], 
      "score": 1.0, 
      "text_ocr": "##Petit de Maurienne##, \u00a3\u00a3memb. du cons. de\nsalubrit\u00e9\u00a3\u00a3, @@Victoire@@, $$25$$.\n", 
      "type": "ENTRY"
    }, 
    {
      "EOL": false, 
      "box": [
        586, 
        852, 
        391, 
        21
      ], 
      "id": 455, 
      "indented": true, 
      "parent": 454, 
      "text": "", 
      "type": "LINE"
    }, 
    {
      "addresses": [
        {
          "street_name": "Michel le Comt.", 
          "street_numbers": [
            "24"
          ]
        }
      ], 
      "box": [
        586, 
        852, 
        391, 
        21
      ], 
      "checked": true, 
      "id": 454, 
      "origin": "human", 
      "parent": 397, 
      "persons": [
        "Petit-Dexmier"
      ], 
      "score": 0.4642857142857143, 
      "text_ocr": "##Petit-Dexmier##, \u00a3\u00a3avou\u00e9\u00a3\u00a3, @@Michel le Comt.@@ $$24$$.\n", 
      "type": "ENTRY"
    }, 
    {
      "EOL": false, 
      "box": [
        586, 
        875, 
        352, 
        21
      ], 
      "id": 457, 
      "indented": true, 
      "parent": 456, 
      "text": "", 
      "type": "LINE"
    }, 
    {
      "addresses": [
        {
          "street_name": "St Honor\u00e9", 
          "street_numbers": [
            "119"
          ]
        }
      ], 
      "box": [
        586, 
        875, 
        352, 
        21
      ], 
      "checked": true, 
      "id": 456, 
      "origin": "human", 
      "parent": 397, 
      "persons": [
        "Petit-Dejon"
      ], 
      "score": 0.5, 
      "text_ocr": "##Petit-Dejon##, \u00a3\u00a3charc.\u00a3\u00a3, @@St Honor\u00e9@@, $$119$$.\n", 
      "type": "ENTRY"
    }, 
    {
      "EOL": false, 
      "box": [
        586, 
        898, 
        368, 
        22
      ], 
      "id": 459, 
      "indented": true, 
      "parent": 458, 
      "text": "", 
      "type": "LINE"
    }, 
    {
      "addresses": [
        {
          "street_name": "b. Montmartre", 
          "street_numbers": [
            "9"
          ]
        }
      ], 
      "box": [
        586, 
        898, 
        368, 
        22
      ], 
      "checked": true, 
      "id": 458, 
      "origin": "human", 
      "parent": 397, 
      "persons": [
        "Petiteau"
      ], 
      "score": 0.5, 
      "text_ocr": "##Petiteau##, \u00a3\u00a3bij. en or\u00a3\u00a3, @@b. Montmartre@@, $$9$$.\n", 
      "type": "ENTRY"
    }, 
    {
      "EOL": false, 
      "box": [
        586, 
        920, 
        378, 
        21
      ], 
      "id": 461, 
      "indented": true, 
      "parent": 460, 
      "text": "", 
      "type": "LINE"
    }, 
    {
      "addresses": [
        {
          "street_name": "Rochechouart", 
          "street_numbers": [
            "19"
          ]
        }
      ], 
      "box": [
        586, 
        920, 
        378, 
        21
      ], 
      "checked": true, 
      "id": 460, 
      "origin": "human", 
      "parent": 397, 
      "persons": [
        "Petiteau"
      ], 
      "score": 0.5, 
      "text_ocr": "##Petiteau##, \u00a3\u00a3chaudronn.\u00a3\u00a3 @@Rochechouart@@, $$19$$.\n", 
      "type": "ENTRY"
    }, 
    {
      "EOL": false, 
      "box": [
        586, 
        942, 
        387, 
        23
      ], 
      "id": 463, 
      "indented": true, 
      "parent": 462, 
      "text": "", 
      "type": "LINE"
    }, 
    {
      "addresses": [
        {
          "street_name": "Croix des Pet. Champs", 
          "street_numbers": [
            "9"
          ]
        }
      ], 
      "box": [
        586, 
        942, 
        387, 
        23
      ], 
      "checked": true, 
      "id": 462, 
      "origin": "human", 
      "parent": 397, 
      "persons": [
        "Petiteau"
      ], 
      "score": 0.16666666666666666, 
      "text_ocr": "##Petiteau##, \u00a3\u00a3coif.\u00a3\u00a3 @@Croix des Pet. Champs@@, $$9$$.\n", 
      "type": "ENTRY"
    }, 
    {
      "EOL": false, 
      "box": [
        586, 
        964, 
        390, 
        23
      ], 
      "id": 465, 
      "indented": true, 
      "parent": 464, 
      "text": "", 
      "type": "LINE"
    }, 
    {
      "EOL": false, 
      "box": [
        606, 
        988, 
        122, 
        20
      ], 
      "id": 466, 
      "indented": false, 
      "parent": 464, 
      "text": "", 
      "type": "LINE"
    }, 
    {
      "addresses": [
        {
          "street_name": "Four St\nGermain", 
          "street_numbers": [
            "28"
          ]
        }
      ], 
      "box": [
        586, 
        964, 
        390, 
        44
      ], 
      "checked": true, 
      "id": 464, 
      "origin": "human", 
      "parent": 397, 
      "persons": [
        "Petite Pierre"
      ], 
      "score": 0.5, 
      "text_ocr": "##Petite Pierre##, \u00a3\u00a3prof. d'\u00e9criture\u00a3\u00a3. @@Four St\nGermain@@, $$28$$.\n", 
      "type": "ENTRY"
    }, 
    {
      "EOL": false, 
      "box": [
        585, 
        1010, 
        370, 
        21
      ], 
      "id": 468, 
      "indented": true, 
      "parent": 467, 
      "text": "", 
      "type": "LINE"
    }, 
    {
      "addresses": [
        {
          "street_name": "Ouest", 
          "street_numbers": [
            "22"
          ]
        }
      ], 
      "box": [
        585, 
        1010, 
        370, 
        21
      ], 
      "checked": true, 
      "id": 467, 
      "origin": "human", 
      "parent": 397, 
      "persons": [
        "Petitet"
      ], 
      "score": 1.0, 
      "text_ocr": "##Petitet## \u00b5\u00b5::LH::\u00b5\u00b5, \u00a3\u00a3chef \u00e0 la guerre\u00a3\u00a3, @@Ouest@@, $$22$$.\n", 
      "type": "ENTRY"
    }, 
    {
      "EOL": false, 
      "box": [
        585, 
        1032, 
        372, 
        20
      ], 
      "id": 470, 
      "indented": true, 
      "parent": 469, 
      "text": "", 
      "type": "LINE"
    }, 
    {
      "addresses": [
        {
          "street_name": "Mauv. Paroles", 
          "street_numbers": [
            "6"
          ]
        }
      ], 
      "box": [
        585, 
        1032, 
        372, 
        20
      ], 
      "checked": true, 
      "id": 469, 
      "origin": "human", 
      "parent": 397, 
      "persons": [
        "Petitet-Fassier"
      ], 
      "score": 0.8571428571428572, 
      "text_ocr": "##Petitet-Fassier##, \u00a3\u00a3nouv.\u00a3\u00a3 @@Mauv. Paroles@@, $$6$$.\n", 
      "type": "ENTRY"
    }, 
    {
      "EOL": false, 
      "box": [
        585, 
        1054, 
        391, 
        21
      ], 
      "id": 472, 
      "indented": true, 
      "parent": 471, 
      "text": "", 
      "type": "LINE"
    }, 
    {
      "addresses": [
        {
          "street_name": "faub. St Denis", 
          "street_numbers": [
            "106"
          ]
        }
      ], 
      "box": [
        585, 
        1054, 
        391, 
        21
      ], 
      "checked": true, 
      "id": 471, 
      "origin": "human", 
      "parent": 397, 
      "persons": [
        "Petitfils jeune"
      ], 
      "score": 0.5, 
      "text_ocr": "##Petitfils jeune##, \u00a3\u00a3verres\u00a3\u00a3, @@faub. St Denis@@, $$106$$.\n", 
      "type": "ENTRY"
    }, 
    {
      "EOL": false, 
      "box": [
        585, 
        1077, 
        320, 
        19
      ], 
      "id": 474, 
      "indented": true, 
      "parent": 473, 
      "text": "", 
      "type": "LINE"
    }, 
    {
      "addresses": [
        {
          "street_name": "Arbre Sec", 
          "street_numbers": [
            "15"
          ]
        }
      ], 
      "box": [
        585, 
        1077, 
        320, 
        19
      ], 
      "checked": true, 
      "id": 473, 
      "origin": "human", 
      "parent": 397, 
      "persons": [
        "Petit-Grand"
      ], 
      "score": 1.0, 
      "text_ocr": "##Petit-Grand##, \u00a3\u00a3m\u00e9d.\u00a3\u00a3 @@Arbre Sec@@, $$15$$.\n", 
      "type": "ENTRY"
    }, 
    {
      "EOL": false, 
      "box": [
        586, 
        1099, 
        376, 
        21
      ], 
      "id": 476, 
      "indented": true, 
      "parent": 475, 
      "text": "", 
      "type": "LINE"
    }, 
    {
      "addresses": [
        {
          "street_name": "Ancienne Com\u00e9die", 
          "street_numbers": [
            "14"
          ]
        }
      ], 
      "box": [
        586, 
        1099, 
        376, 
        21
      ], 
      "checked": true, 
      "id": 475, 
      "origin": "human", 
      "parent": 397, 
      "persons": [
        "Petitjean"
      ], 
      "score": 1.0, 
      "text_ocr": "##Petitjean##, \u00a3\u00a3avoc.\u00a3\u00a3, @@Ancienne Com\u00e9die@@, $$14$$.\n", 
      "type": "ENTRY"
    }, 
    {
      "EOL": false, 
      "box": [
        586, 
        1122, 
        369, 
        18
      ], 
      "id": 478, 
      "indented": true, 
      "parent": 477, 
      "text": "", 
      "type": "LINE"
    }, 
    {
      "addresses": [
        {
          "street_name": "St Antoine", 
          "street_numbers": [
            "195"
          ]
        }
      ], 
      "box": [
        586, 
        1122, 
        369, 
        18
      ], 
      "checked": true, 
      "id": 477, 
      "origin": "human", 
      "parent": 397, 
      "persons": [
        "Petit-Jean"
      ], 
      "score": 0.5, 
      "text_ocr": "##Petit-Jean## \u00a3\u00a3batt. d'or.\u00a3\u00a3 @@St Antoine@@, $$195$$.\n", 
      "type": "ENTRY"
    }, 
    {
      "EOL": false, 
      "box": [
        587, 
        1144, 
        365, 
        22
      ], 
      "id": 480, 
      "indented": true, 
      "parent": 479, 
      "text": "", 
      "type": "LINE"
    }, 
    {
      "addresses": [
        {
          "street_name": "Montmorency", 
          "street_numbers": [
            "39"
          ]
        }
      ], 
      "box": [
        587, 
        1144, 
        365, 
        22
      ], 
      "checked": true, 
      "id": 479, 
      "origin": "human", 
      "parent": 397, 
      "persons": [
        "Petitjean"
      ], 
      "score": 0.9545454545454546, 
      "text_ocr": "##Petitjean##, \u00a3\u00a3brossier\u00a3\u00a3, @@Montmorency@@,$$39$$.\n", 
      "type": "ENTRY"
    }, 
    {
      "EOL": false, 
      "box": [
        587, 
        1166, 
        345, 
        22
      ], 
      "id": 482, 
      "indented": true, 
      "parent": 481, 
      "text": "", 
      "type": "LINE"
    }, 
    {
      "addresses": [
        {
          "street_name": "Simon le Franc", 
          "street_numbers": [
            "8"
          ]
        }
      ], 
      "box": [
        587, 
        1166, 
        345, 
        22
      ], 
      "checked": true, 
      "id": 481, 
      "origin": "human", 
      "parent": 397, 
      "persons": [
        "Petit-Jean"
      ], 
      "score": 0.9666666666666667, 
      "text_ocr": "##Petit-Jean##, \u00a3\u00a3casq.\u00a3\u00a3 @@Simon le Franc@@, $$8$$.\n", 
      "type": "ENTRY"
    }, 
    {
      "EOL": false, 
      "box": [
        586, 
        1188, 
        357, 
        24
      ], 
      "id": 484, 
      "indented": true, 
      "parent": 483, 
      "text": "", 
      "type": "LINE"
    }, 
    {
      "addresses": [
        {
          "street_name": "Petites Ecuries", 
          "street_numbers": [
            "41"
          ]
        }
      ], 
      "box": [
        586, 
        1188, 
        357, 
        24
      ], 
      "checked": true, 
      "id": 483, 
      "origin": "human", 
      "parent": 397, 
      "persons": [
        "Petitjean"
      ], 
      "score": 0.9285714285714286, 
      "text_ocr": "##Petitjean##, \u00a3\u00a3tapiss.\u00a3\u00a3 @@Petites Ecuries@@, $$41$$.\n", 
      "type": "ENTRY"
    }, 
    {
      "EOL": false, 
      "box": [
        587, 
        1211, 
        329, 
        22
      ], 
      "id": 486, 
      "indented": true, 
      "parent": 485, 
      "text": "", 
      "type": "LINE"
    }, 
    {
      "addresses": [
        {
          "street_name": "p. Venise", 
          "street_numbers": [
            "2"
          ]
        }
      ], 
      "box": [
        587, 
        1211, 
        329, 
        22
      ], 
      "checked": true, 
      "id": 485, 
      "origin": "human", 
      "parent": 397, 
      "persons": [
        "Petitjean"
      ], 
      "score": 1.0, 
      "text_ocr": "##Petitjean##, \u00a3\u00a3tourn. m\u00e9t.\u00a3\u00a3 @@p. Venise@@, $$2$$.\n", 
      "type": "ENTRY"
    }, 
    {
      "EOL": false, 
      "box": [
        588, 
        1233, 
        389, 
        23
      ], 
      "id": 488, 
      "indented": true, 
      "parent": 487, 
      "text": "", 
      "type": "LINE"
    }, 
    {
      "addresses": [
        {
          "street_name": "f. St Ant.", 
          "street_numbers": [
            "25"
          ]
        }
      ], 
      "box": [
        588, 
        1233, 
        389, 
        23
      ], 
      "checked": true, 
      "id": 487, 
      "origin": "human", 
      "parent": 397, 
      "persons": [
        "Petitmangin (Mad.)"
      ], 
      "score": 0.5, 
      "text_ocr": "##Petitmangin (Mad.)##, \u00a3\u00a3sage-f.\u00a3\u00a3. @@f. St Ant.@@, $$25$$.\n", 
      "type": "ENTRY"
    }, 
    {
      "EOL": false, 
      "box": [
        587, 
        1256, 
        332, 
        19
      ], 
      "id": 490, 
      "indented": true, 
      "parent": 489, 
      "text": "", 
      "type": "LINE"
    }, 
    {
      "addresses": [
        {
          "street_name": "Transnonain", 
          "street_numbers": [
            "3"
          ]
        }
      ], 
      "box": [
        587, 
        1256, 
        332, 
        19
      ], 
      "checked": true, 
      "id": 489, 
      "origin": "human", 
      "parent": 397, 
      "persons": [
        "Petit-Marc"
      ], 
      "score": 0.25, 
      "text_ocr": "##Petit-Marc##, \u00a3\u00a3bimb.\u00a3\u00a3 @@Transnonain@@, $$3$$.\n", 
      "type": "ENTRY"
    }, 
    {
      "EOL": false, 
      "box": [
        588, 
        1277, 
        389, 
        23
      ], 
      "id": 492, 
      "indented": true, 
      "parent": 491, 
      "text": "", 
      "type": "LINE"
    }, 
    {
      "addresses": [
        {
          "street_name": "Ne Pet. Champs", 
          "street_numbers": [
            "16"
          ]
        }
      ], 
      "box": [
        588, 
        1277, 
        389, 
        23
      ], 
      "checked": true, 
      "id": 491, 
      "origin": "human", 
      "parent": 397, 
      "persons": [
        "Petit-Mayeur"
      ], 
      "score": 0.5, 
      "text_ocr": "##Petit-Mayeur##, \u00a3\u00a3taill.\u00a3\u00a3, @@Ne Pet. Champs@@, $$16$$.\n", 
      "type": "ENTRY"
    }, 
    {
      "EOL": false, 
      "box": [
        588, 
        1301, 
        287, 
        21
      ], 
      "id": 494, 
      "indented": true, 
      "parent": 493, 
      "text": "", 
      "type": "LINE"
    }, 
    {
      "addresses": [
        {
          "street_name": "Chabrol", 
          "street_numbers": [
            "31"
          ]
        }
      ], 
      "box": [
        588, 
        1301, 
        287, 
        21
      ], 
      "checked": true, 
      "id": 493, 
      "origin": "human", 
      "parent": 397, 
      "persons": [
        "Petit-Morel"
      ], 
      "score": 1.0, 
      "text_ocr": "##Petit-Morel##, \u00a3\u00a3n\u00e9g.\u00a3\u00a3 @@Chabrol@@, $$31$$.\n", 
      "type": "ENTRY"
    }, 
    {
      "EOL": false, 
      "box": [
        588, 
        1321, 
        389, 
        24
      ], 
      "id": 496, 
      "indented": true, 
      "parent": 495, 
      "text": "", 
      "type": "LINE"
    }, 
    {
      "EOL": false, 
      "box": [
        610, 
        1348, 
        87, 
        18
      ], 
      "id": 497, 
      "indented": false, 
      "parent": 495, 
      "text": "", 
      "type": "LINE"
    }, 
    {
      "addresses": [
        {
          "street_name": "Vic-\ntoire", 
          "street_numbers": [
            "12"
          ]
        }
      ], 
      "box": [
        588, 
        1321, 
        389, 
        45
      ], 
      "checked": true, 
      "id": 495, 
      "origin": "human", 
      "parent": 397, 
      "persons": [
        "Petitot (A.)"
      ], 
      "score": 0.8888888888888888, 
      "text_ocr": "##Petitot (A.)## \u00b5\u00b5::LH::\u00b5\u00b5 \u00a3\u00a3chef \u00e0 l'inst. pub.\u00a3\u00a3 @@Vic-\ntoire@@, $$12$$.\n", 
      "type": "ENTRY"
    }, 
    {
      "EOL": false, 
      "box": [
        589, 
        1367, 
        290, 
        23
      ], 
      "id": 499, 
      "indented": true, 
      "parent": 498, 
      "text": "", 
      "type": "LINE"
    }, 
    {
      "addresses": [
        {
          "street_name": "Coquilli\u00e8re", 
          "street_numbers": [
            "48"
          ]
        }
      ], 
      "box": [
        589, 
        1367, 
        290, 
        23
      ], 
      "checked": true, 
      "id": 498, 
      "origin": "human", 
      "parent": 397, 
      "persons": [
        "Petitot"
      ], 
      "score": 0.5, 
      "text_ocr": "##Petitot##, \u00a3\u00a3chap.\u00a3\u00a3 @@Coquilli\u00e8re@@, $$48$$.\n", 
      "type": "ENTRY"
    }, 
    {
      "EOL": false, 
      "box": [
        589, 
        1388, 
        363, 
        21
      ], 
      "id": 501, 
      "indented": true, 
      "parent": 500, 
      "text": "", 
      "type": "LINE"
    }, 
    {
      "addresses": [
        {
          "street_name": "boul. Poissonni\u00e8re", 
          "street_numbers": [
            "12"
          ]
        }
      ], 
      "box": [
        589, 
        1388, 
        363, 
        21
      ], 
      "checked": true, 
      "id": 500, 
      "origin": "human", 
      "parent": 397, 
      "persons": [
        "Petitot"
      ], 
      "score": 1.0, 
      "text_ocr": "##Petitot##, \u00a3\u00a3modes\u00a3\u00a3, @@boul. Poissonni\u00e8re@@, $$12$$.\n", 
      "type": "ENTRY"
    }, 
    {
      "EOL": false, 
      "box": [
        589, 
        1412, 
        299, 
        22
      ], 
      "id": 503, 
      "indented": true, 
      "parent": 502, 
      "text": "", 
      "type": "LINE"
    }, 
    {
      "addresses": [
        {
          "street_name": "Frondeurs", 
          "street_numbers": [
            "2"
          ]
        }
      ], 
      "box": [
        589, 
        1412, 
        299, 
        22
      ], 
      "checked": true, 
      "id": 502, 
      "origin": "human", 
      "parent": 397, 
      "persons": [
        "Petitot"
      ], 
      "score": 0.5, 
      "text_ocr": "##Petitot##, \u00a3\u00a3socques\u00a3\u00a3, @@Frondeurs@@, $$2$$.\n", 
      "type": "ENTRY"
    }, 
    {
      "EOL": false, 
      "box": [
        589, 
        1434, 
        327, 
        21
      ], 
      "id": 505, 
      "indented": true, 
      "parent": 504, 
      "text": "", 
      "type": "LINE"
    }, 
    {
      "addresses": [
        {
          "street_name": "l'Est", 
          "street_numbers": [
            "7"
          ]
        }
      ], 
      "box": [
        589, 
        1434, 
        327, 
        21
      ], 
      "checked": true, 
      "id": 504, 
      "origin": "human", 
      "parent": 397, 
      "persons": [
        "Petit et fils"
      ], 
      "score": 0.75, 
      "text_ocr": "##Petit et fils## \u00b5\u00b5::LH::\u00b5\u00b5, \u00a3\u00a3statuaire\u00a3\u00a3, @@l'Est@@, $$7$$.\n", 
      "type": "ENTRY"
    }, 
    {
      "EOL": false, 
      "box": [
        590, 
        1457, 
        301, 
        22
      ], 
      "id": 507, 
      "indented": true, 
      "parent": 506, 
      "text": "", 
      "type": "LINE"
    }, 
    {
      "addresses": [
        {
          "street_name": "Castex", 
          "street_numbers": [
            "9"
          ]
        }
      ], 
      "box": [
        590, 
        1457, 
        301, 
        22
      ], 
      "checked": true, 
      "id": 506, 
      "origin": "human", 
      "parent": 397, 
      "persons": [
        "Petitpas"
      ], 
      "score": 0.75, 
      "text_ocr": "##Petitpas##, \u00a3\u00a3estampeur\u00a3\u00a3, @@Castex@@, $$9$$.\n", 
      "type": "ENTRY"
    }, 
    {
      "EOL": false, 
      "box": [
        590, 
        1480, 
        254, 
        22
      ], 
      "id": 509, 
      "indented": true, 
      "parent": 508, 
      "text": "", 
      "type": "LINE"
    }, 
    {
      "addresses": [
        {
          "street_name": "Gren\u00e9tat", 
          "street_numbers": [
            "3"
          ]
        }
      ], 
      "box": [
        590, 
        1480, 
        254, 
        22
      ], 
      "checked": true, 
      "id": 508, 
      "origin": "human", 
      "parent": 397, 
      "persons": [
        "Petitpas"
      ], 
      "score": 0.8888888888888888, 
      "text_ocr": "##Petitpas##, \u00a3\u00a3herb.\u00a3\u00a3 @@Gren\u00e9tat@@, $$3$$.\n", 
      "type": "ENTRY"
    }, 
    {
      "EOL": false, 
      "box": [
        591, 
        1502, 
        278, 
        22
      ], 
      "id": 511, 
      "indented": true, 
      "parent": 510, 
      "text": "", 
      "type": "LINE"
    }, 
    {
      "addresses": [
        {
          "street_name": "Temple", 
          "street_numbers": [
            "11"
          ]
        }
      ], 
      "box": [
        591, 
        1502, 
        278, 
        22
      ], 
      "checked": true, 
      "id": 510, 
      "origin": "human", 
      "parent": 397, 
      "persons": [
        "Petitpas"
      ], 
      "score": 0.4166666666666667, 
      "text_ocr": "##Petitpas##, \u00a3\u00a3teintur.\u00a3\u00a3 @@Temple@@, $$11$$.\n", 
      "type": "ENTRY"
    }, 
    {
      "EOL": false, 
      "box": [
        591, 
        1524, 
        308, 
        23
      ], 
      "id": 513, 
      "indented": true, 
      "parent": 512, 
      "text": "", 
      "type": "LINE"
    }, 
    {
      "addresses": [
        {
          "street_name": "Ste Anastase", 
          "street_numbers": [
            "7"
          ]
        }
      ], 
      "box": [
        591, 
        1524, 
        308, 
        23
      ], 
      "checked": true, 
      "id": 512, 
      "origin": "human", 
      "parent": 397, 
      "persons": [
        "Petitpont"
      ], 
      "score": 0.5, 
      "text_ocr": "##Petitpont##, \u00b5\u00b5prop.\u00b5\u00b5 @@Ste Anastase@@, $$7$$.\n", 
      "type": "ENTRY"
    }, 
    {
      "EOL": false, 
      "box": [
        592, 
        1544, 
        386, 
        25
      ], 
      "id": 515, 
      "indented": true, 
      "parent": 514, 
      "text": "", 
      "type": "LINE"
    }, 
    {
      "addresses": [
        {
          "street_name": "q. M\u00e9gisserie", 
          "street_numbers": [
            "36"
          ]
        }
      ], 
      "box": [
        592, 
        1544, 
        386, 
        25
      ], 
      "checked": true, 
      "id": 514, 
      "origin": "human", 
      "parent": 397, 
      "persons": [
        "Petitpr\u00eatre"
      ], 
      "score": 1.0, 
      "text_ocr": "##Petitpr\u00eatre##, \u00a3\u00a3passement.\u00a3\u00a3, @@q. M\u00e9gisserie@@, $$36$$.\n", 
      "type": "ENTRY"
    }, 
    {
      "EOL": false, 
      "box": [
        591, 
        1569, 
        387, 
        22
      ], 
      "id": 517, 
      "indented": true, 
      "parent": 516, 
      "text": "", 
      "type": "LINE"
    }, 
    {
      "EOL": false, 
      "box": [
        614, 
        1592, 
        135, 
        19
      ], 
      "id": 518, 
      "indented": false, 
      "parent": 516, 
      "text": "", 
      "type": "LINE"
    }, 
    {
      "addresses": [
        {
          "street_name": "Marivaux, Ital", 
          "street_numbers": []
        }
      ], 
      "box": [
        591, 
        1569, 
        387, 
        42
      ], 
      "checked": true, 
      "id": 516, 
      "origin": "human", 
      "parent": 397, 
      "persons": [
        "Petit-Raymond (M. et Mad.)"
      ], 
      "score": 0.5, 
      "street_number": "", 
      "text_ocr": "##Petit-Raymond (M. et Mad.)##, \u00a3\u00a3corsets\u00a3\u00a3,\n@@Marivaux, Ital@@\n", 
      "type": "ENTRY"
    }, 
    {
      "EOL": false, 
      "box": [
        591, 
        1612, 
        346, 
        25
      ], 
      "id": 520, 
      "indented": true, 
      "parent": 519, 
      "text": "", 
      "type": "LINE"
    }, 
    {
      "addresses": [
        {
          "street_name": "Rempart St Hon.", 
          "street_numbers": [
            "11"
          ]
        }
      ], 
      "box": [
        591, 
        1612, 
        346, 
        25
      ], 
      "checked": true, 
      "id": 519, 
      "origin": "human", 
      "parent": 397, 
      "persons": [
        "Peton"
      ], 
      "score": 0.5, 
      "text_ocr": "##Peton##, \u00a3\u00a3restaur.\u00a3\u00a3, @@Rempart St Hon.@@, $$11$$.\n", 
      "type": "ENTRY"
    }, 
    {
      "box": [
        576, 
        117, 
        402, 
        1520
      ], 
      "id": 397, 
      "parent": 396, 
      "type": "COLUMN_LEVEL_2"
    }, 
    {
      "box": [
        576, 
        117, 
        402, 
        1520
      ], 
      "id": 396, 
      "parent": 395, 
      "type": "SECTION_LEVEL_2"
    }, 
    {
      "box": [
        576, 
        117, 
        402, 
        1520
      ], 
      "id": 395, 
      "parent": 257, 
      "type": "COLUMN_LEVEL_1"
    }, 
    {
      "box": [
        159, 
        117, 
        819, 
        1520
      ], 
      "id": 257, 
      "parent": 256, 
      "type": "SECTION_LEVEL_1"
    }, 
    {
      "box": [
        159, 
        117, 
        819, 
        1520
      ], 
      "id": 256, 
      "type": "PAGE"
    }
  ], 
  "mode": "cached"
}
