[
  {
    "EOL": false,
    "box": [
      159,
      117,
      38,
      17
    ],
    "id": 262,
    "indented": false,
    "parent": 261,
    "text": "",
    "type": "LINE"
  },
  {
    "addresses": [],
    "box": [
      159,
      117,
      38,
      17
    ],
    "checked": false,
    "id": 261,
    "origin": "computer",
    "parent": 260,
    "persons": [
      ""
    ],
    "score": -1,
    "street": "",
    "street_number": "",
    "text_ocr": "421\n",
    "type": "ENTRY"
  },
  {
    "EOL": false,
    "box": [
      159,
      123,
      405,
      49
    ],
    "id": 264,
    "indented": true,
    "parent": 263,
    "text": "",
    "type": "LINE"
  },
  {
    "addresses": [
      {
        "street_name": "St Denis",
        "street_numbers": [
          "214"
        ]
      }
    ],
    "box": [
      159,
      123,
      405,
      49
    ],
    "checked": true,
    "id": 263,
    "origin": "human",
    "parent": 260,
    "persons": [
      "Petit (Mlle)"
    ],
    "score": 0.5,
    "text_ocr": "##Petit (Mlle)##, ££brod.££, @@St Denis@@, $$214$$.\n",
    "type": "ENTRY"
  },
  {
    "EOL": false,
    "box": [
      161,
      173,
      257,
      19
    ],
    "id": 266,
    "indented": true,
    "parent": 265,
    "text": "",
    "type": "LINE"
  },
  {
    "addresses": [],
    "box": [
      161,
      173,
      257,
      19
    ],
    "checked": false,
    "id": 265,
    "origin": "computer",
    "parent": 260,
    "persons": [
      "petit brod"
    ],
    "score": 0.5,
    "street": "",
    "text_ocr": "Petit brod. St Martin, 203.\n",
    "type": "ENTRY"
  },
  {
    "EOL": false,
    "box": [
      160,
      196,
      308,
      22
    ],
    "id": 268,
    "indented": true,
    "parent": 267,
    "text": "",
    "type": "LINE"
  },
  {
    "addresses": [
      {
        "street_name": "Perle",
        "street_numbers": [
          "28"
        ]
      }
    ],
    "box": [
      160,
      196,
      308,
      22
    ],
    "checked": true,
    "id": 267,
    "origin": "human",
    "parent": 260,
    "persons": [
      "Petit"
    ],
    "score": 1,
    "text_ocr": "##Petit##, ££bronze££, @@Perle@@, $$28$$, @@Marais@@.\n",
    "type": "ENTRY"
  },
  {
    "EOL": false,
    "box": [
      160,
      218,
      293,
      22
    ],
    "id": 270,
    "indented": true,
    "parent": 269,
    "text": "",
    "type": "LINE"
  },
  {
    "addresses": [
      {
        "street_name": "Beaubourg",
        "street_numbers": [
          "32"
        ]
      }
    ],
    "box": [
      160,
      218,
      293,
      22
    ],
    "checked": true,
    "id": 269,
    "origin": "human",
    "parent": 260,
    "persons": [
      "Petit"
    ],
    "score": 1,
    "text_ocr": "##Petit##, ££brossier££, @@Beaubourg@@, $$32$$.\n",
    "type": "ENTRY"
  },
  {
    "EOL": false,
    "box": [
      162,
      240,
      354,
      23
    ],
    "id": 272,
    "indented": true,
    "parent": 271,
    "text": "",
    "type": "LINE"
  },
  {
    "addresses": [
      {
        "street_name": "St Honoré",
        "street_numbers": [
          "340"
        ]
      }
    ],
    "box": [
      162,
      240,
      354,
      23
    ],
    "checked": true,
    "id": 271,
    "origin": "human",
    "parent": 260,
    "persons": [
      "Petit (B. L.)"
    ],
    "score": 0.5,
    "text_ocr": "##Petit (B. L.)##, ££chang.££ @@St Honoré@@, $$340$$.\n",
    "type": "ENTRY"
  },
  {
    "EOL": false,
    "box": [
      159,
      263,
      206,
      23
    ],
    "id": 274,
    "indented": true,
    "parent": 273,
    "text": "",
    "type": "LINE"
  },
  {
    "addresses": [
      {
        "street_name": "Mail",
        "street_numbers": [
          "23"
        ]
      }
    ],
    "box": [
      159,
      263,
      206,
      23
    ],
    "checked": true,
    "id": 273,
    "origin": "human",
    "parent": 260,
    "persons": [
      "Petit"
    ],
    "score": 1,
    "text_ocr": "##Petit##, ££chap.££ @@Mail@@, $$23$$.\n",
    "type": "ENTRY"
  },
  {
    "EOL": false,
    "box": [
      159,
      286,
      283,
      22
    ],
    "id": 276,
    "indented": true,
    "parent": 275,
    "text": "",
    "type": "LINE"
  },
  {
    "addresses": [
      {
        "street_name": "Charenton",
        "street_numbers": [
          "22"
        ]
      }
    ],
    "box": [
      159,
      286,
      283,
      22
    ],
    "checked": true,
    "id": 275,
    "origin": "human",
    "parent": 260,
    "persons": [
      "Petit"
    ],
    "score": 1,
    "text_ocr": "##Petit##, ££charp.££ @@Charenton@@, $$22$$.\n",
    "type": "ENTRY"
  },
  {
    "EOL": false,
    "box": [
      159,
      308,
      293,
      24
    ],
    "id": 278,
    "indented": true,
    "parent": 277,
    "text": "",
    "type": "LINE"
  },
  {
    "addresses": [
      {
        "street_name": "St Hippolyte",
        "street_numbers": [
          "15"
        ]
      }
    ],
    "box": [
      159,
      308,
      293,
      24
    ],
    "checked": true,
    "id": 277,
    "origin": "human",
    "parent": 260,
    "persons": [
      "Petit"
    ],
    "score": 0.5,
    "text_ocr": "##Petit##, ££charr.££ @@St Hippolyte@@, $$15$$.\n",
    "type": "ENTRY"
  },
  {
    "EOL": false,
    "box": [
      159,
      331,
      358,
      22
    ],
    "id": 280,
    "indented": true,
    "parent": 279,
    "text": "",
    "type": "LINE"
  },
  {
    "addresses": [
      {
        "street_name": "cour de la Juiverie",
        "street_numbers": [
          "16"
        ]
      }
    ],
    "box": [
      159,
      331,
      358,
      22
    ],
    "checked": true,
    "id": 279,
    "origin": "human",
    "parent": 260,
    "persons": [
      "Petit"
    ],
    "score": 0.75,
    "text_ocr": "##Petit##, ££chaud.££ @@cour de la Juiverie@@, $$16$$.\n",
    "type": "ENTRY"
  },
  {
    "EOL": false,
    "box": [
      160,
      353,
      398,
      26
    ],
    "id": 282,
    "indented": true,
    "parent": 281,
    "text": "",
    "type": "LINE"
  },
  {
    "addresses": [
      {
        "street_name": "Meslay",
        "street_numbers": [
          "24"
        ]
      }
    ],
    "box": [
      160,
      353,
      398,
      26
    ],
    "checked": true,
    "id": 281,
    "origin": "human",
    "parent": 260,
    "persons": [
      "Petit (Jules)"
    ],
    "score": 1,
    "text_ocr": "##Petit (Jules)##, ££commiss. quinc.££ @@Meslay@@, $$24$$.\n",
    "type": "ENTRY"
  },
  {
    "EOL": false,
    "box": [
      160,
      376,
      355,
      25
    ],
    "id": 284,
    "indented": true,
    "parent": 283,
    "text": "",
    "type": "LINE"
  },
  {
    "addresses": [
      {
        "street_name": "d'Anjou",
        "street_numbers": [
          "21"
        ]
      }
    ],
    "box": [
      160,
      376,
      355,
      25
    ],
    "checked": true,
    "id": 283,
    "origin": "human",
    "parent": 260,
    "persons": [
      "Petit"
    ],
    "score": 0.8571428571428572,
    "text_ocr": "##Petit##, ££cons. c. r.££, @@d'Anjou@@, $$21$$, @@Marais@@.\n",
    "type": "ENTRY"
  },
  {
    "EOL": false,
    "box": [
      161,
      399,
      269,
      22
    ],
    "id": 286,
    "indented": true,
    "parent": 285,
    "text": "",
    "type": "LINE"
  },
  {
    "addresses": [
      {
        "street_name": "Bourgogne",
        "street_numbers": [
          "44"
        ]
      }
    ],
    "box": [
      161,
      399,
      269,
      22
    ],
    "checked": true,
    "id": 285,
    "origin": "human",
    "parent": 260,
    "persons": [
      "Petit"
    ],
    "score": 1,
    "text_ocr": "##Petit##, ££crèm.££ @@Bourgogne@@, $$44$$.\n",
    "type": "ENTRY"
  },
  {
    "EOL": false,
    "box": [
      161,
      422,
      327,
      22
    ],
    "id": 288,
    "indented": true,
    "parent": 287,
    "text": "",
    "type": "LINE"
  },
  {
    "addresses": [
      {
        "street_name": "Cimetière St Nicol.",
        "street_numbers": [
          "6"
        ]
      }
    ],
    "box": [
      161,
      422,
      327,
      22
    ],
    "checked": true,
    "id": 287,
    "origin": "human",
    "parent": 260,
    "persons": [
      "Petit"
    ],
    "score": 0.5,
    "text_ocr": "##Petit##, ££crist.££ @@Cimetière St Nicol.@@, $$6$$.\n",
    "type": "ENTRY"
  },
  {
    "EOL": false,
    "box": [
      160,
      444,
      341,
      22
    ],
    "id": 290,
    "indented": true,
    "parent": 289,
    "text": "",
    "type": "LINE"
  },
  {
    "addresses": [
      {
        "street_name": "St Germ. des Prés",
        "street_numbers": [
          "9"
        ]
      }
    ],
    "box": [
      160,
      444,
      341,
      22
    ],
    "checked": true,
    "id": 289,
    "origin": "human",
    "parent": 260,
    "persons": [
      "Petit"
    ],
    "score": 0.33333333333333337,
    "text_ocr": "##Petit##, ££curios.££ @@St Germ. des Prés@@, $$9$$.\n",
    "type": "ENTRY"
  },
  {
    "EOL": false,
    "box": [
      160,
      467,
      362,
      22
    ],
    "id": 292,
    "indented": true,
    "parent": 291,
    "text": "",
    "type": "LINE"
  },
  {
    "addresses": [
      {
        "street_name": "Guérin Boisseau",
        "street_numbers": [
          "45"
        ]
      }
    ],
    "box": [
      160,
      467,
      362,
      22
    ],
    "checked": true,
    "id": 291,
    "origin": "human",
    "parent": 260,
    "persons": [
      "Petit"
    ],
    "score": 1,
    "text_ocr": "##Petit##, ££dor. mét.££ @@Guérin Boisseau@@, $$45$$.\n",
    "type": "ENTRY"
  },
  {
    "EOL": false,
    "box": [
      160,
      490,
      284,
      21
    ],
    "id": 294,
    "indented": true,
    "parent": 293,
    "text": "",
    "type": "LINE"
  },
  {
    "addresses": [
      {
        "street_name": "f. St Antoine",
        "street_numbers": [
          "84"
        ]
      }
    ],
    "box": [
      160,
      490,
      284,
      21
    ],
    "checked": true,
    "id": 293,
    "origin": "human",
    "parent": 260,
    "persons": [
      "Petit"
    ],
    "score": 0.125,
    "text_ocr": "##Petit##, ££ébén.££ @@f. St Antoine@@, $$84$$.\n",
    "type": "ENTRY"
  },
  {
    "EOL": false,
    "box": [
      161,
      512,
      300,
      23
    ],
    "id": 296,
    "indented": true,
    "parent": 295,
    "text": "",
    "type": "LINE"
  },
  {
    "addresses": [
      {
        "street_name": "Nve St Méry",
        "street_numbers": [
          "18"
        ]
      }
    ],
    "box": [
      161,
      512,
      300,
      23
    ],
    "checked": true,
    "id": 295,
    "origin": "human",
    "parent": 260,
    "persons": [
      "Petit"
    ],
    "score": 0.5,
    "text_ocr": "##Petit##, ££ébénis.££ @@Nve St Méry@@, $$18$$.\n",
    "type": "ENTRY"
  },
  {
    "EOL": false,
    "box": [
      162,
      535,
      299,
      23
    ],
    "id": 298,
    "indented": true,
    "parent": 297,
    "text": "",
    "type": "LINE"
  },
  {
    "addresses": [
      {
        "street_name": "Louis le Grand",
        "street_numbers": [
          "26"
        ]
      }
    ],
    "box": [
      162,
      535,
      299,
      23
    ],
    "checked": true,
    "id": 297,
    "origin": "human",
    "parent": 260,
    "persons": [
      "Petit"
    ],
    "score": 1,
    "text_ocr": "##Petit##, ££épic.££ @@Louis le Grand@@, $$26$$.\n",
    "type": "ENTRY"
  },
  {
    "EOL": false,
    "box": [
      162,
      558,
      234,
      22
    ],
    "id": 300,
    "indented": true,
    "parent": 299,
    "text": "",
    "type": "LINE"
  },
  {
    "addresses": [
      {
        "street_name": "Temple",
        "street_numbers": [
          "97"
        ]
      }
    ],
    "box": [
      162,
      558,
      234,
      22
    ],
    "checked": true,
    "id": 299,
    "origin": "human",
    "parent": 260,
    "persons": [
      "Petit"
    ],
    "score": 0.9166666666666667,
    "text_ocr": "##Petit##, ££épic.££ @@Temple@@, $$97$$.\n",
    "type": "ENTRY"
  },
  {
    "EOL": false,
    "box": [
      161,
      581,
      329,
      21
    ],
    "id": 302,
    "indented": true,
    "parent": 301,
    "text": "",
    "type": "LINE"
  },
  {
    "addresses": [
      {
        "street_name": "Chaussée d'Antin",
        "street_numbers": [
          "59"
        ]
      }
    ],
    "box": [
      161,
      581,
      329,
      21
    ],
    "checked": true,
    "id": 301,
    "origin": "human",
    "parent": 260,
    "persons": [
      "Petit"
    ],
    "score": 0.5,
    "text_ocr": "##Petit##, ££épic.££ @@Chaussée d'Antin@@, $$59$$.\n",
    "type": "ENTRY"
  },
  {
    "EOL": false,
    "box": [
      162,
      603,
      304,
      22
    ],
    "id": 304,
    "indented": true,
    "parent": 303,
    "text": "",
    "type": "LINE"
  },
  {
    "addresses": [
      {
        "street_name": "f. St Martin",
        "street_numbers": [
          "32"
        ]
      }
    ],
    "box": [
      162,
      603,
      304,
      22
    ],
    "checked": true,
    "id": 303,
    "origin": "human",
    "parent": 260,
    "persons": [
      "Petit"
    ],
    "score": 0.5,
    "text_ocr": "##Petit##, ££faïence££, @@f. St Martin@@, $$32$$.\n",
    "type": "ENTRY"
  },
  {
    "EOL": false,
    "box": [
      162,
      625,
      318,
      23
    ],
    "id": 306,
    "indented": true,
    "parent": 305,
    "text": "",
    "type": "LINE"
  },
  {
    "addresses": [
      {
        "street_name": "Roquette",
        "street_numbers": [
          "67"
        ]
      }
    ],
    "box": [
      162,
      625,
      318,
      23
    ],
    "checked": true,
    "id": 305,
    "origin": "human",
    "parent": 260,
    "persons": [
      "Petit"
    ],
    "score": 1,
    "text_ocr": "##Petit##, ££filat. laine££, @@Roquette@@, $$67$$.\n",
    "type": "ENTRY"
  },
  {
    "EOL": false,
    "box": [
      162,
      648,
      332,
      23
    ],
    "id": 308,
    "indented": true,
    "parent": 307,
    "text": "",
    "type": "LINE"
  },
  {
    "addresses": [
      {
        "street_name": "Ruelle Pellé",
        "street_numbers": [
          "24"
        ]
      }
    ],
    "box": [
      162,
      648,
      332,
      23
    ],
    "checked": true,
    "id": 307,
    "origin": "human",
    "parent": 260,
    "persons": [
      "Petit"
    ],
    "score": 0.75,
    "text_ocr": "##Petit##, ££fond. ferb.££ @@Ruelle Pellé@@, $$24$$.\n",
    "type": "ENTRY"
  },
  {
    "EOL": false,
    "box": [
      163,
      671,
      272,
      24
    ],
    "id": 310,
    "indented": true,
    "parent": 309,
    "text": "",
    "type": "LINE"
  },
  {
    "addresses": [
      {
        "street_name": "Val de Grace",
        "street_numbers": [
          "9"
        ]
      }
    ],
    "box": [
      163,
      671,
      272,
      24
    ],
    "checked": true,
    "id": 309,
    "origin": "human",
    "parent": 260,
    "persons": [
      "Petit"
    ],
    "score": 1,
    "text_ocr": "##Petit##, ££grav.££ @@Val de Grace@@, $$9$$.\n",
    "type": "ENTRY"
  },
  {
    "EOL": false,
    "box": [
      164,
      694,
      325,
      23
    ],
    "id": 312,
    "indented": true,
    "parent": 311,
    "text": "",
    "type": "LINE"
  },
  {
    "addresses": [
      {
        "street_name": "St André des Arts",
        "street_numbers": [
          "8"
        ]
      }
    ],
    "box": [
      164,
      694,
      325,
      23
    ],
    "checked": true,
    "id": 311,
    "origin": "human",
    "parent": 260,
    "persons": [
      "Petit"
    ],
    "score": 0.5,
    "text_ocr": "##Petit##, ££herb.££ @@St André des Arts@@, $$8$$.\n",
    "type": "ENTRY"
  },
  {
    "EOL": false,
    "box": [
      163,
      716,
      276,
      22
    ],
    "id": 314,
    "indented": true,
    "parent": 313,
    "text": "",
    "type": "LINE"
  },
  {
    "addresses": [
      {
        "street_name": "Phélippeaux",
        "street_numbers": [
          "26"
        ]
      }
    ],
    "box": [
      163,
      716,
      276,
      22
    ],
    "checked": true,
    "id": 313,
    "origin": "human",
    "parent": 260,
    "persons": [
      "Petit"
    ],
    "score": 0.5,
    "text_ocr": "##Petit##, ££herb.££ @@Phélippeaux@@, $$26$$.\n",
    "type": "ENTRY"
  },
  {
    "EOL": false,
    "box": [
      164,
      738,
      355,
      21
    ],
    "id": 316,
    "indented": true,
    "parent": 315,
    "text": "",
    "type": "LINE"
  },
  {
    "addresses": [
      {
        "street_name": "Fos. St G. l'Auxerr.",
        "street_numbers": [
          "22"
        ]
      }
    ],
    "box": [
      164,
      738,
      355,
      21
    ],
    "checked": true,
    "id": 315,
    "origin": "human",
    "parent": 260,
    "persons": [
      "Petit"
    ],
    "score": 0.5,
    "text_ocr": "##Petit##, ££horl.££ @@Fos. St G. l'Auxerr.@@, $$22$$.\n",
    "type": "ENTRY"
  },
  {
    "EOL": false,
    "box": [
      164,
      761,
      327,
      23
    ],
    "id": 318,
    "indented": true,
    "parent": 317,
    "text": "",
    "type": "LINE"
  },
  {
    "addresses": [
      {
        "street_name": "Aumaire",
        "street_numbers": [
          "11"
        ]
      }
    ],
    "box": [
      164,
      761,
      327,
      23
    ],
    "checked": true,
    "id": 317,
    "origin": "human",
    "parent": 260,
    "persons": [
      "Petit (Ch. F.)"
    ],
    "score": 0.5,
    "text_ocr": "##Petit (Ch. F.)##, ££horl.££ @@Aumaire@@, $$11$$.\n",
    "type": "ENTRY"
  },
  {
    "EOL": false,
    "box": [
      165,
      783,
      395,
      24
    ],
    "id": 320,
    "indented": true,
    "parent": 319,
    "text": "",
    "type": "LINE"
  },
  {
    "addresses": [
      {
        "street_name": "St Honor.",
        "street_numbers": [
          "340"
        ]
      }
    ],
    "box": [
      165,
      783,
      395,
      24
    ],
    "checked": true,
    "id": 319,
    "origin": "human",
    "parent": 260,
    "persons": [
      "Petit (B. L)"
    ],
    "score": 0.5,
    "text_ocr": "##Petit (B. L)##, ££horl., chang.££ @@St Honor.@@, $$340$$.\n",
    "type": "ENTRY"
  },
  {
    "EOL": false,
    "box": [
      166,
      807,
      289,
      21
    ],
    "id": 322,
    "indented": true,
    "parent": 321,
    "text": "",
    "type": "LINE"
  },
  {
    "addresses": [
      {
        "street_name": "q. St Michel",
        "street_numbers": [
          "13"
        ]
      }
    ],
    "box": [
      166,
      807,
      289,
      21
    ],
    "checked": true,
    "id": 321,
    "origin": "human",
    "parent": 260,
    "persons": [
      "Petit"
    ],
    "score": 0.5,
    "text_ocr": "##Petit##, ££hotel££, @@q. St Michel@@, $$13$$.\n",
    "type": "ENTRY"
  },
  {
    "EOL": false,
    "box": [
      166,
      829,
      269,
      22
    ],
    "id": 324,
    "indented": true,
    "parent": 323,
    "text": "",
    "type": "LINE"
  },
  {
    "addresses": [
      {
        "street_name": "Port Mahon",
        "street_numbers": [
          "9"
        ]
      }
    ],
    "box": [
      166,
      829,
      269,
      22
    ],
    "checked": true,
    "id": 323,
    "origin": "human",
    "parent": 260,
    "persons": [
      "Petit"
    ],
    "score": 1,
    "text_ocr": "##Petit##, ££hotel££, @@Port Mahon@@, $$9$$.\n",
    "type": "ENTRY"
  },
  {
    "EOL": false,
    "box": [
      166,
      852,
      311,
      23
    ],
    "id": 326,
    "indented": true,
    "parent": 325,
    "text": "",
    "type": "LINE"
  },
  {
    "addresses": [
      {
        "street_name": "Bourgogne",
        "street_numbers": [
          "25"
        ]
      }
    ],
    "box": [
      166,
      852,
      311,
      23
    ],
    "checked": true,
    "id": 325,
    "origin": "human",
    "parent": 260,
    "persons": [
      "Petit"
    ],
    "score": 1,
    "text_ocr": "##Petit##, ££imp. lith.££ @@Bourgogne@@, $$25$$.\n",
    "type": "ENTRY"
  },
  {
    "EOL": false,
    "box": [
      166,
      874,
      193,
      23
    ],
    "id": 328,
    "indented": true,
    "parent": 327,
    "text": "",
    "type": "LINE"
  },
  {
    "addresses": [
      {
        "street_name": "Jouy",
        "street_numbers": [
          "9"
        ]
      }
    ],
    "box": [
      166,
      874,
      193,
      23
    ],
    "checked": true,
    "id": 327,
    "origin": "human",
    "parent": 260,
    "persons": [
      "Petit"
    ],
    "score": 1,
    "text_ocr": "##Petit##, ££inst.££ @@Jouy@@. $$9$$.\n",
    "type": "ENTRY"
  },
  {
    "EOL": false,
    "box": [
      167,
      897,
      373,
      22
    ],
    "id": 330,
    "indented": true,
    "parent": 329,
    "text": "",
    "type": "LINE"
  },
  {
    "addresses": [
      {
        "street_name": "St Jacq.",
        "street_numbers": [
          "174"
        ]
      }
    ],
    "box": [
      167,
      897,
      373,
      22
    ],
    "checked": true,
    "id": 329,
    "origin": "human",
    "parent": 260,
    "persons": [
      "Petit"
    ],
    "score": 0.5,
    "text_ocr": "##Petit##, ££instrum. mathém.££ @@St Jacq.@@ $$174$$.\n",
    "type": "ENTRY"
  },
  {
    "EOL": false,
    "box": [
      167,
      920,
      233,
      21
    ],
    "id": 332,
    "indented": true,
    "parent": 331,
    "text": "",
    "type": "LINE"
  },
  {
    "addresses": [
      {
        "street_name": "Martyrs",
        "street_numbers": [
          "7"
        ]
      }
    ],
    "box": [
      167,
      920,
      233,
      21
    ],
    "checked": true,
    "id": 331,
    "origin": "human",
    "parent": 260,
    "persons": [
      "Petit"
    ],
    "score": 1,
    "text_ocr": "##Petit##, ££layet.££ @@Martyrs@@, $$7$$.\n",
    "type": "ENTRY"
  },
  {
    "EOL": false,
    "box": [
      167,
      942,
      253,
      22
    ],
    "id": 334,
    "indented": true,
    "parent": 333,
    "text": "",
    "type": "LINE"
  },
  {
    "addresses": [
      {
        "street_name": "Université",
        "street_numbers": [
          "3"
        ]
      }
    ],
    "box": [
      167,
      942,
      253,
      22
    ],
    "checked": true,
    "id": 333,
    "origin": "human",
    "parent": 260,
    "persons": [
      "Petit"
    ],
    "score": 1,
    "text_ocr": "##Petit##, ££layet.££ @@Université@@, $$3$$.\n",
    "type": "ENTRY"
  },
  {
    "EOL": false,
    "box": [
      167,
      965,
      247,
      22
    ],
    "id": 336,
    "indented": true,
    "parent": 335,
    "text": "",
    "type": "LINE"
  },
  {
    "addresses": [
      {
        "street_name": "Gindre",
        "street_numbers": [
          "5"
        ]
      }
    ],
    "box": [
      167,
      965,
      247,
      22
    ],
    "checked": true,
    "id": 335,
    "origin": "human",
    "parent": 260,
    "persons": [
      "Petit"
    ],
    "score": 0.9166666666666667,
    "text_ocr": "##Petit##, ££maçonn.££ @@Gindre@@, $$5$$.\n",
    "type": "ENTRY"
  },
  {
    "EOL": false,
    "box": [
      167,
      987,
      341,
      20
    ],
    "id": 338,
    "indented": true,
    "parent": 337,
    "text": "",
    "type": "LINE"
  },
  {
    "addresses": [
      {
        "street_name": "Recollets",
        "street_numbers": [
          "8"
        ]
      }
    ],
    "box": [
      167,
      987,
      341,
      20
    ],
    "checked": true,
    "id": 337,
    "origin": "human",
    "parent": 260,
    "persons": [
      "Petit (Franc)"
    ],
    "score": 0.5,
    "text_ocr": "##Petit (Franc)##, ££maconn.££, @@Recollets@@, $$8$$.\n",
    "type": "ENTRY"
  },
  {
    "EOL": false,
    "box": [
      167,
      1010,
      391,
      22
    ],
    "id": 340,
    "indented": true,
    "parent": 339,
    "text": "",
    "type": "LINE"
  },
  {
    "addresses": [
      {
        "street_name": "St Hyacinthe St Mic",
        "street_numbers": [
          "25"
        ]
      }
    ],
    "box": [
      167,
      1010,
      391,
      22
    ],
    "checked": true,
    "id": 339,
    "origin": "human",
    "parent": 260,
    "persons": [
      "Petit (H.)"
    ],
    "score": 0.5,
    "text_ocr": "##Petit (H.)##, ££méd.££ @@St Hyacinthe St Mic@@, $$25$$.\n",
    "type": "ENTRY"
  },
  {
    "EOL": false,
    "box": [
      168,
      1032,
      305,
      22
    ],
    "id": 342,
    "indented": true,
    "parent": 341,
    "text": "",
    "type": "LINE"
  },
  {
    "addresses": [
      {
        "street_name": "Odéon",
        "street_numbers": [
          "31"
        ]
      }
    ],
    "box": [
      168,
      1032,
      305,
      22
    ],
    "checked": true,
    "id": 341,
    "origin": "human",
    "parent": 260,
    "persons": [
      "Petit (Ismerie)"
    ],
    "score": 1,
    "text_ocr": "##Petit (Ismerie)##, ££méd.££ @@Odéon@@, $$31$$.\n",
    "type": "ENTRY"
  },
  {
    "EOL": false,
    "box": [
      168,
      1055,
      252,
      21
    ],
    "id": 344,
    "indented": true,
    "parent": 343,
    "text": "",
    "type": "LINE"
  },
  {
    "addresses": [
      {
        "street_name": "Condé",
        "street_numbers": [
          "30"
        ]
      }
    ],
    "box": [
      168,
      1055,
      252,
      21
    ],
    "checked": true,
    "id": 343,
    "origin": "human",
    "parent": 260,
    "persons": [
      "Petit"
    ],
    "score": 0.5,
    "text_ocr": "##Petit## µµ::LH::µµ ££méd.££ @@Condé@@, $$30$$.\n",
    "type": "ENTRY"
  },
  {
    "EOL": false,
    "box": [
      168,
      1077,
      380,
      22
    ],
    "id": 346,
    "indented": true,
    "parent": 345,
    "text": "",
    "type": "LINE"
  },
  {
    "addresses": [
      {
        "street_name": "Nve Luxemb.",
        "street_numbers": [
          "3"
        ]
      }
    ],
    "box": [
      168,
      1077,
      380,
      22
    ],
    "checked": true,
    "id": 345,
    "origin": "human",
    "parent": 260,
    "persons": [
      "Petit (Charles)"
    ],
    "score": 0.125,
    "text_ocr": "##Petit (Charles)## µµ::LH::µµ, ££méd.££ @@Nve Luxemb.@@ $$3$$.\n",
    "type": "ENTRY"
  },
  {
    "EOL": false,
    "box": [
      169,
      1101,
      232,
      21
    ],
    "id": 348,
    "indented": true,
    "parent": 347,
    "text": "",
    "type": "LINE"
  },
  {
    "addresses": [
      {
        "street_name": "Papillon",
        "street_numbers": [
          "12"
        ]
      }
    ],
    "box": [
      169,
      1101,
      232,
      21
    ],
    "checked": true,
    "id": 347,
    "origin": "human",
    "parent": 260,
    "persons": [
      "Petit"
    ],
    "score": 0.5,
    "text_ocr": "##Petit##, ££men.££ @@Papillon@@, $$12$$.\n",
    "type": "ENTRY"
  },
  {
    "EOL": false,
    "box": [
      169,
      1123,
      302,
      22
    ],
    "id": 350,
    "indented": true,
    "parent": 349,
    "text": "",
    "type": "LINE"
  },
  {
    "addresses": [
      {
        "street_name": "Moreau",
        "street_numbers": [
          "10"
        ]
      }
    ],
    "box": [
      169,
      1123,
      302,
      22
    ],
    "checked": true,
    "id": 349,
    "origin": "human",
    "parent": 260,
    "persons": [
      "Petit (A.D.)"
    ],
    "score": 0.5,
    "text_ocr": "##Petit (A.D.)##, ££men.££ @@Moreau@@, $$10$$.\n",
    "type": "ENTRY"
  },
  {
    "EOL": false,
    "box": [
      168,
      1146,
      244,
      18
    ],
    "id": 352,
    "indented": true,
    "parent": 351,
    "text": "",
    "type": "LINE"
  },
  {
    "addresses": [
      {
        "street_name": "Princesse",
        "street_numbers": [
          "13"
        ]
      }
    ],
    "box": [
      168,
      1146,
      244,
      18
    ],
    "checked": true,
    "id": 351,
    "origin": "human",
    "parent": 260,
    "persons": [
      "Petit"
    ],
    "score": 0.4,
    "text_ocr": "##Petit##, ££men.££ @@Princesse@@, $$13$$.\n",
    "type": "ENTRY"
  },
  {
    "EOL": false,
    "box": [
      169,
      1167,
      339,
      23
    ],
    "id": 354,
    "indented": true,
    "parent": 353,
    "text": "",
    "type": "LINE"
  },
  {
    "addresses": [
      {
        "street_name": "Pépinière",
        "street_numbers": [
          "125"
        ]
      }
    ],
    "box": [
      169,
      1167,
      339,
      23
    ],
    "checked": true,
    "id": 353,
    "origin": "human",
    "parent": 260,
    "persons": [
      "Petit (Franç.)"
    ],
    "score": 1,
    "text_ocr": "##Petit (Franç.)##, ££men.££ @@Pépinière@@, $$125$$.\n",
    "type": "ENTRY"
  },
  {
    "EOL": false,
    "box": [
      170,
      1191,
      289,
      19
    ],
    "id": 356,
    "indented": true,
    "parent": 355,
    "text": "",
    "type": "LINE"
  },
  {
    "addresses": [
      {
        "street_name": "Montmartre",
        "street_numbers": [
          "152"
        ]
      }
    ],
    "box": [
      170,
      1191,
      289,
      19
    ],
    "checked": true,
    "id": 355,
    "origin": "human",
    "parent": 260,
    "persons": [
      "Petit"
    ],
    "score": 0.5,
    "text_ocr": "##Petit##, ££merc.££ @@Montmartre@@, $$152$$.\n",
    "type": "ENTRY"
  },
  {
    "EOL": false,
    "box": [
      170,
      1212,
      334,
      20
    ],
    "id": 358,
    "indented": true,
    "parent": 357,
    "text": "",
    "type": "LINE"
  },
  {
    "addresses": [
      {
        "street_name": "Ancienne Comédie",
        "street_numbers": [
          "24"
        ]
      }
    ],
    "box": [
      170,
      1212,
      334,
      20
    ],
    "checked": true,
    "id": 357,
    "origin": "human",
    "parent": 260,
    "persons": [
      "Petit"
    ],
    "score": 1,
    "text_ocr": "##Petit##, ££merc.££, @@Ancienne Comédie@@, $$24$$.\n",
    "type": "ENTRY"
  },
  {
    "EOL": false,
    "box": [
      171,
      1235,
      296,
      21
    ],
    "id": 360,
    "indented": true,
    "parent": 359,
    "text": "",
    "type": "LINE"
  },
  {
    "addresses": [
      {
        "street_name": "Vivienne",
        "street_numbers": [
          "6"
        ]
      }
    ],
    "box": [
      171,
      1235,
      296,
      21
    ],
    "checked": true,
    "id": 359,
    "origin": "human",
    "parent": 260,
    "persons": [
      "Petit (A.)"
    ],
    "score": 1,
    "text_ocr": "##Petit (A.)##, ££musiq.££, @@Vivienne@@, $$6$$.\n",
    "type": "ENTRY"
  },
  {
    "EOL": false,
    "box": [
      171,
      1258,
      268,
      19
    ],
    "id": 362,
    "indented": true,
    "parent": 361,
    "text": "",
    "type": "LINE"
  },
  {
    "addresses": [
      {
        "street_name": "f. St Martin",
        "street_numbers": [
          "13"
        ]
      }
    ],
    "box": [
      171,
      1258,
      268,
      19
    ],
    "checked": true,
    "id": 361,
    "origin": "human",
    "parent": 260,
    "persons": [
      "Petit"
    ],
    "score": 0.5,
    "text_ocr": "##Petit##, ££nég.££ @@f. St Martin@@, $$13$$.\n",
    "type": "ENTRY"
  },
  {
    "EOL": false,
    "box": [
      171,
      1278,
      391,
      24
    ],
    "id": 364,
    "indented": true,
    "parent": 363,
    "text": "",
    "type": "LINE"
  },
  {
    "addresses": [
      {
        "street_name": "Deux Boules",
        "street_numbers": [
          "3"
        ]
      }
    ],
    "box": [
      171,
      1278,
      391,
      24
    ],
    "checked": true,
    "id": 363,
    "origin": "human",
    "parent": 260,
    "persons": [
      "Petit (G.) et comp."
    ],
    "score": 1,
    "text_ocr": "##Petit (G.) et comp.## ££nég.££ @@Deux Boules@@, $$3$$.\n",
    "type": "ENTRY"
  },
  {
    "EOL": false,
    "box": [
      171,
      1301,
      389,
      22
    ],
    "id": 366,
    "indented": true,
    "parent": 365,
    "text": "",
    "type": "LINE"
  },
  {
    "addresses": [
      {
        "street_name": "Bourb Villen.",
        "street_numbers": [
          "37"
        ]
      }
    ],
    "box": [
      171,
      1301,
      389,
      22
    ],
    "checked": true,
    "id": 365,
    "origin": "human",
    "parent": 260,
    "persons": [
      "Petit jeune (Vve)"
    ],
    "score": 0.5,
    "text_ocr": "##Petit jeune (Vve)##, ££nég.££ @@Bourb Villen.@@ $$37$$.\n",
    "type": "ENTRY"
  },
  {
    "EOL": false,
    "box": [
      172,
      1325,
      278,
      21
    ],
    "id": 368,
    "indented": true,
    "parent": 367,
    "text": "",
    "type": "LINE"
  },
  {
    "addresses": [
      {
        "street_name": "Temple",
        "street_numbers": [
          "36"
        ]
      }
    ],
    "box": [
      172,
      1325,
      278,
      21
    ],
    "checked": true,
    "id": 367,
    "origin": "human",
    "parent": 260,
    "persons": [
      "Petit"
    ],
    "score": 0.9166666666666667,
    "text_ocr": "##Petit##, ££nourrices££, @@Temple@@, $$36$$.\n",
    "type": "ENTRY"
  },
  {
    "EOL": false,
    "box": [
      173,
      1346,
      371,
      23
    ],
    "id": 370,
    "indented": true,
    "parent": 369,
    "text": "",
    "type": "LINE"
  },
  {
    "addresses": [
      {
        "street_name": "pl. de l'Ecole",
        "street_numbers": [
          "3"
        ]
      }
    ],
    "box": [
      173,
      1346,
      371,
      23
    ],
    "checked": true,
    "id": 369,
    "origin": "human",
    "parent": 260,
    "persons": [
      "Petit (Mlle)"
    ],
    "score": 0.9333333333333333,
    "text_ocr": "##Petit (Mlle)##, ££parfum.££ @@pl. de l'Ecole@@, $$3$$.\n",
    "type": "ENTRY"
  },
  {
    "EOL": false,
    "box": [
      173,
      1370,
      279,
      22
    ],
    "id": 372,
    "indented": true,
    "parent": 371,
    "text": "",
    "type": "LINE"
  },
  {
    "addresses": [
      {
        "street_name": "St Denis",
        "street_numbers": [
          "129"
        ]
      }
    ],
    "box": [
      173,
      1370,
      279,
      22
    ],
    "checked": true,
    "id": 371,
    "origin": "human",
    "parent": 260,
    "persons": [
      "Petit"
    ],
    "score": 0.25,
    "text_ocr": "##Petit##, ££peignes££, @@St Denis@@, $$129$$.",
    "type": "ENTRY"
  },
  {
    "EOL": false,
    "box": [
      173,
      1391,
      390,
      23
    ],
    "id": 374,
    "indented": true,
    "parent": 373,
    "text": "",
    "type": "LINE"
  },
  {
    "addresses": [
      {
        "street_name": "faub. du Temple",
        "street_numbers": [
          "113"
        ]
      }
    ],
    "box": [
      173,
      1391,
      390,
      23
    ],
    "checked": true,
    "id": 373,
    "origin": "human",
    "parent": 260,
    "persons": [
      "Petit"
    ],
    "score": 0.4722222222222222,
    "text_ocr": "##Petit##, ££peig. à tisser££, @@faub. du Temple@@, $$113$$.\n",
    "type": "ENTRY"
  },
  {
    "EOL": false,
    "box": [
      173,
      1414,
      309,
      21
    ],
    "id": 376,
    "indented": true,
    "parent": 375,
    "text": "",
    "type": "LINE"
  },
  {
    "addresses": [
      {
        "street_name": "Montorgueil",
        "street_numbers": [
          "21"
        ]
      }
    ],
    "box": [
      173,
      1414,
      309,
      21
    ],
    "checked": true,
    "id": 375,
    "origin": "human",
    "parent": 260,
    "persons": [
      "Petit"
    ],
    "score": 1,
    "text_ocr": "##Petit##, ££peint. v.££ @@Montorgueil@@, $$21$$.\n",
    "type": "ENTRY"
  },
  {
    "EOL": false,
    "box": [
      173,
      1435,
      377,
      23
    ],
    "id": 378,
    "indented": true,
    "parent": 377,
    "text": "",
    "type": "LINE"
  },
  {
    "addresses": [
      {
        "street_name": "Madeleine",
        "street_numbers": [
          "15"
        ]
      }
    ],
    "box": [
      173,
      1435,
      377,
      23
    ],
    "checked": true,
    "id": 377,
    "origin": "human",
    "parent": 260,
    "persons": [
      "Petit (L. M)"
    ],
    "score": 1,
    "text_ocr": "##Petit (L. M)##, ££peint. a.££ @@Madeleine@@, $$15$$.\n",
    "type": "ENTRY"
  },
  {
    "EOL": false,
    "box": [
      173,
      1459,
      364,
      21
    ],
    "id": 380,
    "indented": true,
    "parent": 379,
    "text": "",
    "type": "LINE"
  },
  {
    "addresses": [
      {
        "street_name": "Saussayes",
        "street_numbers": [
          "14"
        ]
      }
    ],
    "box": [
      173,
      1459,
      364,
      21
    ],
    "checked": true,
    "id": 379,
    "origin": "human",
    "parent": 260,
    "persons": [
      "Petit (Victor)"
    ],
    "score": 0.9444444444444444,
    "text_ocr": "##Petit (Victor)##, ££peint.. v.££ @@Saussayes@@, $$14$$.\n",
    "type": "ENTRY"
  },
  {
    "EOL": false,
    "box": [
      174,
      1481,
      301,
      21
    ],
    "id": 382,
    "indented": true,
    "parent": 381,
    "text": "",
    "type": "LINE"
  },
  {
    "addresses": [
      {
        "street_name": "Cité",
        "street_numbers": [
          "19"
        ]
      }
    ],
    "box": [
      174,
      1481,
      301,
      21
    ],
    "checked": true,
    "id": 381,
    "origin": "human",
    "parent": 260,
    "persons": [
      "Petit (Adrien)"
    ],
    "score": 0.8333333333333334,
    "text_ocr": "##Petit (Adrien)##, ££pharm.££, @@Cité@@, $$19$$.\n",
    "type": "ENTRY"
  },
  {
    "EOL": false,
    "box": [
      174,
      1503,
      290,
      22
    ],
    "id": 384,
    "indented": true,
    "parent": 383,
    "text": "",
    "type": "LINE"
  },
  {
    "addresses": [
      {
        "street_name": "St Martin",
        "street_numbers": [
          "228"
        ]
      }
    ],
    "box": [
      174,
      1503,
      290,
      22
    ],
    "checked": true,
    "id": 383,
    "origin": "human",
    "parent": 260,
    "persons": [
      "Petit"
    ],
    "score": 0.5,
    "text_ocr": "##Petit##, ££pharm.££ @@St Martin@@, $$228$$.\n",
    "type": "ENTRY"
  },
  {
    "EOL": false,
    "box": [
      174,
      1525,
      380,
      22
    ],
    "id": 386,
    "indented": true,
    "parent": 385,
    "text": "",
    "type": "LINE"
  },
  {
    "addresses": [
      {
        "street_name": "N. D. des Victoires",
        "street_numbers": [
          "46"
        ]
      }
    ],
    "box": [
      174,
      1525,
      380,
      22
    ],
    "checked": true,
    "id": 385,
    "origin": "human",
    "parent": 260,
    "persons": [
      "Petit"
    ],
    "score": 0.5,
    "text_ocr": "##Petit##, ££pharm.££ @@N. D. des Victoires@@, $$46$$.\n",
    "type": "ENTRY"
  },
  {
    "EOL": false,
    "box": [
      175,
      1548,
      300,
      21
    ],
    "id": 388,
    "indented": true,
    "parent": 387,
    "text": "",
    "type": "LINE"
  },
  {
    "addresses": [
      {
        "street_name": "Richer",
        "street_numbers": [
          "4"
        ]
      }
    ],
    "box": [
      175,
      1548,
      300,
      21
    ],
    "checked": true,
    "id": 387,
    "origin": "human",
    "parent": 260,
    "persons": [
      "Petit"
    ],
    "score": 0.4166666666666667,
    "text_ocr": "##Petit##, ££prof. de danse££, @@Richer@@, $$4$$.\n",
    "type": "ENTRY"
  },
  {
    "EOL": false,
    "box": [
      175,
      1570,
      326,
      21
    ],
    "id": 390,
    "indented": true,
    "parent": 389,
    "text": "",
    "type": "LINE"
  },
  {
    "addresses": [
      {
        "street_name": "f. du Roule",
        "street_numbers": [
          "15"
        ]
      }
    ],
    "box": [
      175,
      1570,
      326,
      21
    ],
    "checked": true,
    "id": 389,
    "origin": "human",
    "parent": 260,
    "persons": [
      "Petit (C.)"
    ],
    "score": 0.5,
    "text_ocr": "##Petit (C.)##, ££relieur££, @@f. du Roule@@, $$15$$.\n",
    "type": "ENTRY"
  },
  {
    "EOL": false,
    "box": [
      175,
      1592,
      363,
      22
    ],
    "id": 392,
    "indented": true,
    "parent": 391,
    "text": "",
    "type": "LINE"
  },
  {
    "addresses": [
      {
        "street_name": "St Jacques",
        "street_numbers": [
          "80"
        ]
      }
    ],
    "box": [
      175,
      1592,
      363,
      22
    ],
    "checked": true,
    "id": 391,
    "origin": "human",
    "parent": 260,
    "persons": [
      "Petit (Mad.)"
    ],
    "score": 0,
    "text_ocr": "##Petit (Mad.)##, ££sage-f.££ @@St Jacques@@, $$80$$.\n",
    "type": "ENTRY"
  },
  {
    "EOL": false,
    "box": [
      175,
      1615,
      243,
      22
    ],
    "id": 394,
    "indented": true,
    "parent": 393,
    "text": "",
    "type": "LINE"
  },
  {
    "addresses": [
      {
        "street_name": "Arbre Sec",
        "street_numbers": [
          "43"
        ]
      }
    ],
    "box": [
      175,
      1615,
      243,
      22
    ],
    "checked": true,
    "id": 393,
    "origin": "human",
    "parent": 260,
    "persons": [
      "Petit"
    ],
    "score": 1,
    "text_ocr": "##Petit##, ££serr.££ @@Arbre Sec@@, $$43$$,\n",
    "type": "ENTRY"
  },
  {
    "box": [
      159,
      117,
      405,
      1520
    ],
    "id": 260,
    "parent": 259,
    "type": "COLUMN_LEVEL_2"
  },
  {
    "box": [
      159,
      117,
      405,
      1520
    ],
    "id": 259,
    "parent": 258,
    "type": "SECTION_LEVEL_2"
  },
  {
    "box": [
      159,
      117,
      405,
      1520
    ],
    "id": 258,
    "parent": 257,
    "type": "COLUMN_LEVEL_1"
  },
  {
    "EOL": false,
    "box": [
      576,
      118,
      71,
      20
    ],
    "id": 399,
    "indented": false,
    "parent": 398,
    "text": "",
    "type": "LINE"
  },
  {
    "addresses": [],
    "box": [
      576,
      118,
      71,
      20
    ],
    "checked": false,
    "id": 398,
    "origin": "computer",
    "parent": 397,
    "persons": [
      ""
    ],
    "score": -1,
    "street": "",
    "street_number": "",
    "text_ocr": "NÉRALE\n",
    "type": "ENTRY"
  },
  {
    "EOL": false,
    "box": [
      579,
      152,
      289,
      23
    ],
    "id": 401,
    "indented": true,
    "parent": 400,
    "text": "",
    "type": "LINE"
  },
  {
    "addresses": [
      {
        "street_name": "Ste Anne",
        "street_numbers": [
          "18"
        ]
      }
    ],
    "box": [
      579,
      152,
      289,
      23
    ],
    "checked": true,
    "id": 400,
    "origin": "human",
    "parent": 397,
    "persons": [
      "Petit (L.)"
    ],
    "score": 0.5,
    "text_ocr": "##Petit (L.)##, ££taill.££ @@Ste Anne@@, $$18$$.\n",
    "type": "ENTRY"
  },
  {
    "EOL": false,
    "box": [
      580,
      176,
      230,
      22
    ],
    "id": 403,
    "indented": true,
    "parent": 402,
    "text": "",
    "type": "LINE"
  },
  {
    "addresses": [
      {
        "street_name": "Temple",
        "street_numbers": [
          "85"
        ]
      }
    ],
    "box": [
      580,
      176,
      230,
      22
    ],
    "checked": true,
    "id": 402,
    "origin": "human",
    "parent": 397,
    "persons": [
      "Petit"
    ],
    "score": 1,
    "text_ocr": "##Petit##, ££taill.££ @@Temple@@, $$85$$.\n",
    "type": "ENTRY"
  },
  {
    "EOL": false,
    "box": [
      579,
      198,
      378,
      22
    ],
    "id": 405,
    "indented": true,
    "parent": 404,
    "text": "",
    "type": "LINE"
  },
  {
    "addresses": [
      {
        "street_name": "b. Bonne Nouv.",
        "street_numbers": [
          "26"
        ]
      }
    ],
    "box": [
      579,
      198,
      378,
      22
    ],
    "checked": true,
    "id": 404,
    "origin": "human",
    "parent": 397,
    "persons": [
      "Petit(Th.)"
    ],
    "score": 0.75,
    "text_ocr": "##Petit(Th.)##, ££tapiss.££ @@b. Bonne Nouv.@@, $$26$$.\n",
    "type": "ENTRY"
  },
  {
    "EOL": false,
    "box": [
      580,
      221,
      234,
      20
    ],
    "id": 407,
    "indented": true,
    "parent": 406,
    "text": "",
    "type": "LINE"
  },
  {
    "addresses": [
      {
        "street_name": "Beaune",
        "street_numbers": [
          "29"
        ]
      }
    ],
    "box": [
      580,
      221,
      234,
      20
    ],
    "checked": true,
    "id": 406,
    "origin": "human",
    "parent": 397,
    "persons": [
      "Petit"
    ],
    "score": 0.5,
    "text_ocr": "##Petit##, ££teint.££, @@Beaune@@, $$29$$.\n",
    "type": "ENTRY"
  },
  {
    "EOL": false,
    "box": [
      579,
      243,
      391,
      22
    ],
    "id": 409,
    "indented": true,
    "parent": 408,
    "text": "",
    "type": "LINE"
  },
  {
    "EOL": false,
    "box": [
      602,
      266,
      85,
      21
    ],
    "id": 410,
    "indented": false,
    "parent": 408,
    "text": "",
    "type": "LINE"
  },
  {
    "addresses": [
      {
        "street_name": "St Nicolas d’Antin",
        "street_numbers": [
          "6"
        ]
      }
    ],
    "box": [
      579,
      243,
      391,
      44
    ],
    "checked": true,
    "id": 408,
    "origin": "human",
    "parent": 397,
    "persons": [
      "Petit"
    ],
    "score": 0.5,
    "text_ocr": "##Petit##, ££teint.££ @@St Nicolas d’Antin@@, @@Nve Pet.\nPères@@, $$6$$.\n",
    "type": "ENTRY"
  },
  {
    "EOL": false,
    "box": [
      581,
      288,
      373,
      21
    ],
    "id": 412,
    "indented": true,
    "parent": 411,
    "text": "",
    "type": "LINE"
  },
  {
    "addresses": [
      {
        "street_name": "Fossés St Bernard",
        "street_numbers": [
          "14"
        ]
      }
    ],
    "box": [
      581,
      288,
      373,
      21
    ],
    "checked": true,
    "id": 411,
    "origin": "human",
    "parent": 397,
    "persons": [
      "Petit"
    ],
    "score": 0.5,
    "text_ocr": "##Petit##, ££tonnelier££, @@Fossés St Bernard@@, $$14$$.\n",
    "type": "ENTRY"
  },
  {
    "EOL": false,
    "box": [
      580,
      311,
      393,
      23
    ],
    "id": 414,
    "indented": true,
    "parent": 413,
    "text": "",
    "type": "LINE"
  },
  {
    "EOL": false,
    "box": [
      604,
      333,
      136,
      21
    ],
    "id": 415,
    "indented": false,
    "parent": 413,
    "text": "",
    "type": "LINE"
  },
  {
    "addresses": [
      {
        "street_name": "Charbonnier\nSt Antoine",
        "street_numbers": [
          "5"
        ]
      }
    ],
    "box": [
      580,
      311,
      393,
      43
    ],
    "checked": true,
    "id": 413,
    "origin": "human",
    "parent": 397,
    "persons": [
      "Petit (Adr.)"
    ],
    "score": 0.5,
    "text_ocr": "##Petit (Adr.)##, ££tourn. en bois££, @@Charbonnier\nSt Antoine@@, $$5$$.\n",
    "type": "ENTRY"
  },
  {
    "EOL": false,
    "box": [
      581,
      356,
      380,
      23
    ],
    "id": 417,
    "indented": true,
    "parent": 416,
    "text": "",
    "type": "LINE"
  },
  {
    "addresses": [
      {
        "street_name": "Mazarine",
        "street_numbers": [
          "36"
        ]
      }
    ],
    "box": [
      581,
      356,
      380,
      23
    ],
    "checked": true,
    "id": 416,
    "origin": "human",
    "parent": 397,
    "persons": [
      "Petit et comp."
    ],
    "score": 1,
    "text_ocr": "##Petit et comp.##, ££voit. publ.££ @@Mazarine@@, $$36$$.\n",
    "type": "ENTRY"
  },
  {
    "EOL": false,
    "box": [
      581,
      378,
      391,
      23
    ],
    "id": 419,
    "indented": true,
    "parent": 418,
    "text": "",
    "type": "LINE"
  },
  {
    "addresses": [
      {
        "street_name": "Grenelle St Germ.",
        "street_numbers": [
          "86"
        ]
      }
    ],
    "box": [
      581,
      378,
      391,
      23
    ],
    "checked": true,
    "id": 418,
    "origin": "human",
    "parent": 397,
    "persons": [
      "Petit"
    ],
    "score": 0,
    "text_ocr": "##Petit##, ££chef à l’Int.££ @@Grenelle St Germ.@@ $$86$$.\n",
    "type": "ENTRY"
  },
  {
    "EOL": false,
    "box": [
      582,
      401,
      380,
      23
    ],
    "id": 421,
    "indented": true,
    "parent": 420,
    "text": "",
    "type": "LINE"
  },
  {
    "addresses": [
      {
        "street_name": "Poliveau",
        "street_numbers": [
          "7"
        ]
      }
    ],
    "box": [
      582,
      401,
      380,
      23
    ],
    "checked": true,
    "id": 420,
    "origin": "human",
    "parent": 397,
    "persons": [
      "Petit"
    ],
    "score": 1,
    "text_ocr": "##Petit##, ££économ. Salpétrière££, @@Poliveau@@, $$7$$.\n",
    "type": "ENTRY"
  },
  {
    "EOL": false,
    "box": [
      583,
      424,
      251,
      23
    ],
    "id": 423,
    "indented": true,
    "parent": 422,
    "text": "",
    "type": "LINE"
  },
  {
    "addresses": [
      {
        "street_name": "Lombards",
        "street_numbers": [
          "25"
        ]
      }
    ],
    "box": [
      583,
      424,
      251,
      23
    ],
    "checked": true,
    "id": 422,
    "origin": "human",
    "parent": 397,
    "persons": [
      "Petit"
    ],
    "score": 1,
    "text_ocr": "##Petit##, µµprop.µµ @@Lombards@@, $$25$$.\n",
    "type": "ENTRY"
  },
  {
    "EOL": false,
    "box": [
      582,
      446,
      224,
      23
    ],
    "id": 425,
    "indented": true,
    "parent": 424,
    "text": "",
    "type": "LINE"
  },
  {
    "addresses": [
      {
        "street_name": "Meslay",
        "street_numbers": [
          "39"
        ]
      }
    ],
    "box": [
      582,
      446,
      224,
      23
    ],
    "checked": true,
    "id": 424,
    "origin": "human",
    "parent": 397,
    "persons": [
      "Petit"
    ],
    "score": 1,
    "text_ocr": "##Petit##, µµprop.µµ @@Meslay@@, $$39$$.\n",
    "type": "ENTRY"
  },
  {
    "EOL": false,
    "box": [
      582,
      469,
      381,
      23
    ],
    "id": 427,
    "indented": true,
    "parent": 426,
    "text": "",
    "type": "LINE"
  },
  {
    "addresses": [
      {
        "street_name": "Jour",
        "street_numbers": [
          "13"
        ]
      }
    ],
    "box": [
      582,
      469,
      381,
      23
    ],
    "checked": true,
    "id": 426,
    "origin": "human",
    "parent": 397,
    "persons": [
      "Petit et Bertauts"
    ],
    "score": 1,
    "text_ocr": "##Petit et Bertauts##, ££imp. lithog.££ @@Jour@@, $$13$$.\n",
    "type": "ENTRY"
  },
  {
    "EOL": false,
    "box": [
      583,
      491,
      392,
      21
    ],
    "id": 429,
    "indented": true,
    "parent": 428,
    "text": "",
    "type": "LINE"
  },
  {
    "EOL": false,
    "box": [
      604,
      515,
      55,
      19
    ],
    "id": 430,
    "indented": false,
    "parent": 428,
    "text": "",
    "type": "LINE"
  },
  {
    "addresses": [
      {
        "street_name": "Tablette-\nrie",
        "street_numbers": [
          "3"
        ]
      }
    ],
    "box": [
      583,
      491,
      392,
      43
    ],
    "checked": true,
    "id": 428,
    "origin": "human",
    "parent": 397,
    "persons": [
      "Petit et Forest nev."
    ],
    "score": 0.5,
    "text_ocr": "##Petit et Forest nev.##, ££meçanic.££, @@Tablette-\nrie@@, $$3$$.\n",
    "type": "ENTRY"
  },
  {
    "EOL": false,
    "box": [
      583,
      537,
      392,
      23
    ],
    "id": 432,
    "indented": true,
    "parent": 431,
    "text": "",
    "type": "LINE"
  },
  {
    "EOL": false,
    "box": [
      606,
      560,
      87,
      18
    ],
    "id": 433,
    "indented": false,
    "parent": 431,
    "text": "",
    "type": "LINE"
  },
  {
    "addresses": [
      {
        "street_name": "Coq\nHéron",
        "street_numbers": [
          "3"
        ]
      }
    ],
    "box": [
      583,
      537,
      392,
      41
    ],
    "checked": true,
    "id": 431,
    "origin": "human",
    "parent": 397,
    "persons": [
      "Petit, Loisel et comp."
    ],
    "score": 0.9444444444444444,
    "text_ocr": "##Petit, Loisel et comp.## ££voit. publ.££ @@Coq\nHéron@@, $$3$$.\n",
    "type": "ENTRY"
  },
  {
    "EOL": false,
    "box": [
      583,
      582,
      392,
      21
    ],
    "id": 435,
    "indented": true,
    "parent": 434,
    "text": "",
    "type": "LINE"
  },
  {
    "EOL": false,
    "box": [
      606,
      606,
      67,
      19
    ],
    "id": 436,
    "indented": false,
    "parent": 434,
    "text": "",
    "type": "LINE"
  },
  {
    "addresses": [
      {
        "street_name": "Culture Ste Cathe-\nrine",
        "street_numbers": [
          "3"
        ]
      }
    ],
    "box": [
      583,
      582,
      392,
      43
    ],
    "checked": true,
    "id": 434,
    "origin": "human",
    "parent": 397,
    "persons": [
      "Petit et Mabire"
    ],
    "score": 0.5,
    "text_ocr": "##Petit et Mabire##, ££met.££ @@Culture Ste Cathe-\nrine@@, $$3$$.\n",
    "type": "ENTRY"
  },
  {
    "EOL": false,
    "box": [
      584,
      627,
      393,
      23
    ],
    "id": 438,
    "indented": true,
    "parent": 437,
    "text": "",
    "type": "LINE"
  },
  {
    "EOL": false,
    "box": [
      606,
      650,
      92,
      20
    ],
    "id": 439,
    "indented": false,
    "parent": 437,
    "text": "",
    "type": "LINE"
  },
  {
    "addresses": [
      {
        "street_name": "Montmar-\ntre",
        "street_numbers": [
          "121"
        ]
      }
    ],
    "box": [
      584,
      627,
      393,
      43
    ],
    "checked": true,
    "id": 437,
    "origin": "human",
    "parent": 397,
    "persons": [
      "Petit (L) et Pulleux"
    ],
    "score": 0.9545454545454546,
    "text_ocr": "##Petit (L) et Pulleux##, ££draps££, @@Montmar-\ntre@@, $$121$$.\n",
    "type": "ENTRY"
  },
  {
    "EOL": false,
    "box": [
      584,
      671,
      369,
      24
    ],
    "id": 441,
    "indented": true,
    "parent": 440,
    "text": "",
    "type": "LINE"
  },
  {
    "addresses": [
      {
        "street_name": "Nve St Méry",
        "street_numbers": [
          "46"
        ]
      }
    ],
    "box": [
      584,
      671,
      369,
      24
    ],
    "checked": true,
    "id": 440,
    "origin": "human",
    "parent": 397,
    "persons": [
      "Petit (Mad.)"
    ],
    "score": 0.5,
    "text_ocr": "##Petit (Mad.)##, ££reperc.££, @@Nve St Méry@@, $$46$$.",
    "type": "ENTRY"
  },
  {
    "EOL": false,
    "box": [
      585,
      695,
      297,
      21
    ],
    "id": 443,
    "indented": true,
    "parent": 442,
    "text": "",
    "type": "LINE"
  },
  {
    "addresses": [
      {
        "street_name": "St Maur",
        "street_numbers": [
          "100"
        ]
      }
    ],
    "box": [
      585,
      695,
      297,
      21
    ],
    "checked": true,
    "id": 442,
    "origin": "human",
    "parent": 397,
    "persons": [
      "Petitbois"
    ],
    "score": 0.33333333333333337,
    "text_ocr": "##Petitbois##, ££instit.££ @@St Maur@@, $$100$$.\n",
    "type": "ENTRY"
  },
  {
    "EOL": false,
    "box": [
      585,
      717,
      392,
      23
    ],
    "id": 445,
    "indented": true,
    "parent": 444,
    "text": "",
    "type": "LINE"
  },
  {
    "EOL": false,
    "box": [
      607,
      741,
      170,
      21
    ],
    "id": 446,
    "indented": false,
    "parent": 444,
    "text": "",
    "type": "LINE"
  },
  {
    "addresses": [
      {
        "street_name": "Quincampoix",
        "street_numbers": [
          "11"
        ]
      }
    ],
    "box": [
      585,
      717,
      392,
      45
    ],
    "checked": true,
    "id": 444,
    "origin": "human",
    "parent": 397,
    "persons": [
      "Petit-Caillot"
    ],
    "score": 1,
    "text_ocr": "##Petit-Caillot##, ££imp. en caract. à jour££,\n@@Quincampoix@@, $$11$$.",
    "type": "ENTRY"
  },
  {
    "EOL": false,
    "box": [
      586,
      761,
      358,
      24
    ],
    "id": 448,
    "indented": true,
    "parent": 447,
    "text": "",
    "type": "LINE"
  },
  {
    "addresses": [
      {
        "street_name": "St Martin",
        "street_numbers": [
          "166"
        ]
      }
    ],
    "box": [
      586,
      761,
      358,
      24
    ],
    "checked": true,
    "id": 447,
    "origin": "human",
    "parent": 397,
    "persons": [
      "Petit-Colas"
    ],
    "score": 0.5,
    "text_ocr": "##Petit-Colas##, ££bij. en or££, @@St Martin@@, $$166$$.\n",
    "type": "ENTRY"
  },
  {
    "EOL": false,
    "box": [
      585,
      785,
      287,
      23
    ],
    "id": 450,
    "indented": true,
    "parent": 449,
    "text": "",
    "type": "LINE"
  },
  {
    "addresses": [
      {
        "street_name": "Cléry",
        "street_numbers": [
          "78"
        ]
      }
    ],
    "box": [
      585,
      785,
      287,
      23
    ],
    "checked": true,
    "id": 449,
    "origin": "human",
    "parent": 397,
    "persons": [
      "Petitcolin"
    ],
    "score": 0.5,
    "text_ocr": "##Petitcolin##, ££bougies££, @@Cléry@@, $$78$$.\n",
    "type": "ENTRY"
  },
  {
    "EOL": false,
    "box": [
      585,
      807,
      393,
      21
    ],
    "id": 452,
    "indented": true,
    "parent": 451,
    "text": "",
    "type": "LINE"
  },
  {
    "EOL": false,
    "box": [
      608,
      831,
      216,
      19
    ],
    "id": 453,
    "indented": false,
    "parent": 451,
    "text": "",
    "type": "LINE"
  },
  {
    "addresses": [
      {
        "street_name": "Victoire",
        "street_numbers": [
          "25"
        ]
      }
    ],
    "box": [
      585,
      807,
      393,
      43
    ],
    "checked": true,
    "id": 451,
    "origin": "human",
    "parent": 397,
    "persons": [
      "Petit de Maurienne"
    ],
    "score": 1,
    "text_ocr": "##Petit de Maurienne##, ££memb. du cons. de\nsalubrité££, @@Victoire@@, $$25$$.\n",
    "type": "ENTRY"
  },
  {
    "EOL": false,
    "box": [
      586,
      852,
      391,
      21
    ],
    "id": 455,
    "indented": true,
    "parent": 454,
    "text": "",
    "type": "LINE"
  },
  {
    "addresses": [
      {
        "street_name": "Michel le Comt.",
        "street_numbers": [
          "24"
        ]
      }
    ],
    "box": [
      586,
      852,
      391,
      21
    ],
    "checked": true,
    "id": 454,
    "origin": "human",
    "parent": 397,
    "persons": [
      "Petit-Dexmier"
    ],
    "score": 0.4642857142857143,
    "text_ocr": "##Petit-Dexmier##, ££avoué££, @@Michel le Comt.@@ $$24$$.\n",
    "type": "ENTRY"
  },
  {
    "EOL": false,
    "box": [
      586,
      875,
      352,
      21
    ],
    "id": 457,
    "indented": true,
    "parent": 456,
    "text": "",
    "type": "LINE"
  },
  {
    "addresses": [
      {
        "street_name": "St Honoré",
        "street_numbers": [
          "119"
        ]
      }
    ],
    "box": [
      586,
      875,
      352,
      21
    ],
    "checked": true,
    "id": 456,
    "origin": "human",
    "parent": 397,
    "persons": [
      "Petit-Dejon"
    ],
    "score": 0.5,
    "text_ocr": "##Petit-Dejon##, ££charc.££, @@St Honoré@@, $$119$$.\n",
    "type": "ENTRY"
  },
  {
    "EOL": false,
    "box": [
      586,
      898,
      368,
      22
    ],
    "id": 459,
    "indented": true,
    "parent": 458,
    "text": "",
    "type": "LINE"
  },
  {
    "addresses": [
      {
        "street_name": "b. Montmartre",
        "street_numbers": [
          "9"
        ]
      }
    ],
    "box": [
      586,
      898,
      368,
      22
    ],
    "checked": true,
    "id": 458,
    "origin": "human",
    "parent": 397,
    "persons": [
      "Petiteau"
    ],
    "score": 0.5,
    "text_ocr": "##Petiteau##, ££bij. en or££, @@b. Montmartre@@, $$9$$.\n",
    "type": "ENTRY"
  },
  {
    "EOL": false,
    "box": [
      586,
      920,
      378,
      21
    ],
    "id": 461,
    "indented": true,
    "parent": 460,
    "text": "",
    "type": "LINE"
  },
  {
    "addresses": [
      {
        "street_name": "Rochechouart",
        "street_numbers": [
          "19"
        ]
      }
    ],
    "box": [
      586,
      920,
      378,
      21
    ],
    "checked": true,
    "id": 460,
    "origin": "human",
    "parent": 397,
    "persons": [
      "Petiteau"
    ],
    "score": 0.5,
    "text_ocr": "##Petiteau##, ££chaudronn.££ @@Rochechouart@@, $$19$$.\n",
    "type": "ENTRY"
  },
  {
    "EOL": false,
    "box": [
      586,
      942,
      387,
      23
    ],
    "id": 463,
    "indented": true,
    "parent": 462,
    "text": "",
    "type": "LINE"
  },
  {
    "addresses": [
      {
        "street_name": "Croix des Pet. Champs",
        "street_numbers": [
          "9"
        ]
      }
    ],
    "box": [
      586,
      942,
      387,
      23
    ],
    "checked": true,
    "id": 462,
    "origin": "human",
    "parent": 397,
    "persons": [
      "Petiteau"
    ],
    "score": 0.16666666666666666,
    "text_ocr": "##Petiteau##, ££coif.££ @@Croix des Pet. Champs@@, $$9$$.\n",
    "type": "ENTRY"
  },
  {
    "EOL": false,
    "box": [
      586,
      964,
      390,
      23
    ],
    "id": 465,
    "indented": true,
    "parent": 464,
    "text": "",
    "type": "LINE"
  },
  {
    "EOL": false,
    "box": [
      606,
      988,
      122,
      20
    ],
    "id": 466,
    "indented": false,
    "parent": 464,
    "text": "",
    "type": "LINE"
  },
  {
    "addresses": [
      {
        "street_name": "Four St\nGermain",
        "street_numbers": [
          "28"
        ]
      }
    ],
    "box": [
      586,
      964,
      390,
      44
    ],
    "checked": true,
    "id": 464,
    "origin": "human",
    "parent": 397,
    "persons": [
      "Petite Pierre"
    ],
    "score": 0.5,
    "text_ocr": "##Petite Pierre##, ££prof. d'écriture££. @@Four St\nGermain@@, $$28$$.\n",
    "type": "ENTRY"
  },
  {
    "EOL": false,
    "box": [
      585,
      1010,
      370,
      21
    ],
    "id": 468,
    "indented": true,
    "parent": 467,
    "text": "",
    "type": "LINE"
  },
  {
    "addresses": [
      {
        "street_name": "Ouest",
        "street_numbers": [
          "22"
        ]
      }
    ],
    "box": [
      585,
      1010,
      370,
      21
    ],
    "checked": true,
    "id": 467,
    "origin": "human",
    "parent": 397,
    "persons": [
      "Petitet"
    ],
    "score": 1,
    "text_ocr": "##Petitet## µµ::LH::µµ, ££chef à la guerre££, @@Ouest@@, $$22$$.\n",
    "type": "ENTRY"
  },
  {
    "EOL": false,
    "box": [
      585,
      1032,
      372,
      20
    ],
    "id": 470,
    "indented": true,
    "parent": 469,
    "text": "",
    "type": "LINE"
  },
  {
    "addresses": [
      {
        "street_name": "Mauv. Paroles",
        "street_numbers": [
          "6"
        ]
      }
    ],
    "box": [
      585,
      1032,
      372,
      20
    ],
    "checked": true,
    "id": 469,
    "origin": "human",
    "parent": 397,
    "persons": [
      "Petitet-Fassier"
    ],
    "score": 0.8571428571428572,
    "text_ocr": "##Petitet-Fassier##, ££nouv.££ @@Mauv. Paroles@@, $$6$$.\n",
    "type": "ENTRY"
  },
  {
    "EOL": false,
    "box": [
      585,
      1054,
      391,
      21
    ],
    "id": 472,
    "indented": true,
    "parent": 471,
    "text": "",
    "type": "LINE"
  },
  {
    "addresses": [
      {
        "street_name": "faub. St Denis",
        "street_numbers": [
          "106"
        ]
      }
    ],
    "box": [
      585,
      1054,
      391,
      21
    ],
    "checked": true,
    "id": 471,
    "origin": "human",
    "parent": 397,
    "persons": [
      "Petitfils jeune"
    ],
    "score": 0.5,
    "text_ocr": "##Petitfils jeune##, ££verres££, @@faub. St Denis@@, $$106$$.\n",
    "type": "ENTRY"
  },
  {
    "EOL": false,
    "box": [
      585,
      1077,
      320,
      19
    ],
    "id": 474,
    "indented": true,
    "parent": 473,
    "text": "",
    "type": "LINE"
  },
  {
    "addresses": [
      {
        "street_name": "Arbre Sec",
        "street_numbers": [
          "15"
        ]
      }
    ],
    "box": [
      585,
      1077,
      320,
      19
    ],
    "checked": true,
    "id": 473,
    "origin": "human",
    "parent": 397,
    "persons": [
      "Petit-Grand"
    ],
    "score": 1,
    "text_ocr": "##Petit-Grand##, ££méd.££ @@Arbre Sec@@, $$15$$.\n",
    "type": "ENTRY"
  },
  {
    "EOL": false,
    "box": [
      586,
      1099,
      376,
      21
    ],
    "id": 476,
    "indented": true,
    "parent": 475,
    "text": "",
    "type": "LINE"
  },
  {
    "addresses": [
      {
        "street_name": "Ancienne Comédie",
        "street_numbers": [
          "14"
        ]
      }
    ],
    "box": [
      586,
      1099,
      376,
      21
    ],
    "checked": true,
    "id": 475,
    "origin": "human",
    "parent": 397,
    "persons": [
      "Petitjean"
    ],
    "score": 1,
    "text_ocr": "##Petitjean##, ££avoc.££, @@Ancienne Comédie@@, $$14$$.\n",
    "type": "ENTRY"
  },
  {
    "EOL": false,
    "box": [
      586,
      1122,
      369,
      18
    ],
    "id": 478,
    "indented": true,
    "parent": 477,
    "text": "",
    "type": "LINE"
  },
  {
    "addresses": [
      {
        "street_name": "St Antoine",
        "street_numbers": [
          "195"
        ]
      }
    ],
    "box": [
      586,
      1122,
      369,
      18
    ],
    "checked": true,
    "id": 477,
    "origin": "human",
    "parent": 397,
    "persons": [
      "Petit-Jean"
    ],
    "score": 0.5,
    "text_ocr": "##Petit-Jean## ££batt. d'or.££ @@St Antoine@@, $$195$$.\n",
    "type": "ENTRY"
  },
  {
    "EOL": false,
    "box": [
      587,
      1144,
      365,
      22
    ],
    "id": 480,
    "indented": true,
    "parent": 479,
    "text": "",
    "type": "LINE"
  },
  {
    "addresses": [
      {
        "street_name": "Montmorency",
        "street_numbers": [
          "39"
        ]
      }
    ],
    "box": [
      587,
      1144,
      365,
      22
    ],
    "checked": true,
    "id": 479,
    "origin": "human",
    "parent": 397,
    "persons": [
      "Petitjean"
    ],
    "score": 0.9545454545454546,
    "text_ocr": "##Petitjean##, ££brossier££, @@Montmorency@@,$$39$$.\n",
    "type": "ENTRY"
  },
  {
    "EOL": false,
    "box": [
      587,
      1166,
      345,
      22
    ],
    "id": 482,
    "indented": true,
    "parent": 481,
    "text": "",
    "type": "LINE"
  },
  {
    "addresses": [
      {
        "street_name": "Simon le Franc",
        "street_numbers": [
          "8"
        ]
      }
    ],
    "box": [
      587,
      1166,
      345,
      22
    ],
    "checked": true,
    "id": 481,
    "origin": "human",
    "parent": 397,
    "persons": [
      "Petit-Jean"
    ],
    "score": 0.9666666666666667,
    "text_ocr": "##Petit-Jean##, ££casq.££ @@Simon le Franc@@, $$8$$.\n",
    "type": "ENTRY"
  },
  {
    "EOL": false,
    "box": [
      586,
      1188,
      357,
      24
    ],
    "id": 484,
    "indented": true,
    "parent": 483,
    "text": "",
    "type": "LINE"
  },
  {
    "addresses": [
      {
        "street_name": "Petites Ecuries",
        "street_numbers": [
          "41"
        ]
      }
    ],
    "box": [
      586,
      1188,
      357,
      24
    ],
    "checked": true,
    "id": 483,
    "origin": "human",
    "parent": 397,
    "persons": [
      "Petitjean"
    ],
    "score": 0.9285714285714286,
    "text_ocr": "##Petitjean##, ££tapiss.££ @@Petites Ecuries@@, $$41$$.\n",
    "type": "ENTRY"
  },
  {
    "EOL": false,
    "box": [
      587,
      1211,
      329,
      22
    ],
    "id": 486,
    "indented": true,
    "parent": 485,
    "text": "",
    "type": "LINE"
  },
  {
    "addresses": [
      {
        "street_name": "p. Venise",
        "street_numbers": [
          "2"
        ]
      }
    ],
    "box": [
      587,
      1211,
      329,
      22
    ],
    "checked": true,
    "id": 485,
    "origin": "human",
    "parent": 397,
    "persons": [
      "Petitjean"
    ],
    "score": 1,
    "text_ocr": "##Petitjean##, ££tourn. mét.££ @@p. Venise@@, $$2$$.\n",
    "type": "ENTRY"
  },
  {
    "EOL": false,
    "box": [
      588,
      1233,
      389,
      23
    ],
    "id": 488,
    "indented": true,
    "parent": 487,
    "text": "",
    "type": "LINE"
  },
  {
    "addresses": [
      {
        "street_name": "f. St Ant.",
        "street_numbers": [
          "25"
        ]
      }
    ],
    "box": [
      588,
      1233,
      389,
      23
    ],
    "checked": true,
    "id": 487,
    "origin": "human",
    "parent": 397,
    "persons": [
      "Petitmangin (Mad.)"
    ],
    "score": 0.5,
    "text_ocr": "##Petitmangin (Mad.)##, ££sage-f.££. @@f. St Ant.@@, $$25$$.\n",
    "type": "ENTRY"
  },
  {
    "EOL": false,
    "box": [
      587,
      1256,
      332,
      19
    ],
    "id": 490,
    "indented": true,
    "parent": 489,
    "text": "",
    "type": "LINE"
  },
  {
    "addresses": [
      {
        "street_name": "Transnonain",
        "street_numbers": [
          "3"
        ]
      }
    ],
    "box": [
      587,
      1256,
      332,
      19
    ],
    "checked": true,
    "id": 489,
    "origin": "human",
    "parent": 397,
    "persons": [
      "Petit-Marc"
    ],
    "score": 0.25,
    "text_ocr": "##Petit-Marc##, ££bimb.££ @@Transnonain@@, $$3$$.\n",
    "type": "ENTRY"
  },
  {
    "EOL": false,
    "box": [
      588,
      1277,
      389,
      23
    ],
    "id": 492,
    "indented": true,
    "parent": 491,
    "text": "",
    "type": "LINE"
  },
  {
    "addresses": [
      {
        "street_name": "Ne Pet. Champs",
        "street_numbers": [
          "16"
        ]
      }
    ],
    "box": [
      588,
      1277,
      389,
      23
    ],
    "checked": true,
    "id": 491,
    "origin": "human",
    "parent": 397,
    "persons": [
      "Petit-Mayeur"
    ],
    "score": 0.5,
    "text_ocr": "##Petit-Mayeur##, ££taill.££, @@Ne Pet. Champs@@, $$16$$.\n",
    "type": "ENTRY"
  },
  {
    "EOL": false,
    "box": [
      588,
      1301,
      287,
      21
    ],
    "id": 494,
    "indented": true,
    "parent": 493,
    "text": "",
    "type": "LINE"
  },
  {
    "addresses": [
      {
        "street_name": "Chabrol",
        "street_numbers": [
          "31"
        ]
      }
    ],
    "box": [
      588,
      1301,
      287,
      21
    ],
    "checked": true,
    "id": 493,
    "origin": "human",
    "parent": 397,
    "persons": [
      "Petit-Morel"
    ],
    "score": 1,
    "text_ocr": "##Petit-Morel##, ££nég.££ @@Chabrol@@, $$31$$.\n",
    "type": "ENTRY"
  },
  {
    "EOL": false,
    "box": [
      588,
      1321,
      389,
      24
    ],
    "id": 496,
    "indented": true,
    "parent": 495,
    "text": "",
    "type": "LINE"
  },
  {
    "EOL": false,
    "box": [
      610,
      1348,
      87,
      18
    ],
    "id": 497,
    "indented": false,
    "parent": 495,
    "text": "",
    "type": "LINE"
  },
  {
    "addresses": [
      {
        "street_name": "Vic-\ntoire",
        "street_numbers": [
          "12"
        ]
      }
    ],
    "box": [
      588,
      1321,
      389,
      45
    ],
    "checked": true,
    "id": 495,
    "origin": "human",
    "parent": 397,
    "persons": [
      "Petitot (A.)"
    ],
    "score": 0.8888888888888888,
    "text_ocr": "##Petitot (A.)## µµ::LH::µµ ££chef à l'inst. pub.££ @@Vic-\ntoire@@, $$12$$.\n",
    "type": "ENTRY"
  },
  {
    "EOL": false,
    "box": [
      589,
      1367,
      290,
      23
    ],
    "id": 499,
    "indented": true,
    "parent": 498,
    "text": "",
    "type": "LINE"
  },
  {
    "addresses": [
      {
        "street_name": "Coquillière",
        "street_numbers": [
          "48"
        ]
      }
    ],
    "box": [
      589,
      1367,
      290,
      23
    ],
    "checked": true,
    "id": 498,
    "origin": "human",
    "parent": 397,
    "persons": [
      "Petitot"
    ],
    "score": 0.5,
    "text_ocr": "##Petitot##, ££chap.££ @@Coquillière@@, $$48$$.\n",
    "type": "ENTRY"
  },
  {
    "EOL": false,
    "box": [
      589,
      1388,
      363,
      21
    ],
    "id": 501,
    "indented": true,
    "parent": 500,
    "text": "",
    "type": "LINE"
  },
  {
    "addresses": [
      {
        "street_name": "boul. Poissonnière",
        "street_numbers": [
          "12"
        ]
      }
    ],
    "box": [
      589,
      1388,
      363,
      21
    ],
    "checked": true,
    "id": 500,
    "origin": "human",
    "parent": 397,
    "persons": [
      "Petitot"
    ],
    "score": 1,
    "text_ocr": "##Petitot##, ££modes££, @@boul. Poissonnière@@, $$12$$.\n",
    "type": "ENTRY"
  },
  {
    "EOL": false,
    "box": [
      589,
      1412,
      299,
      22
    ],
    "id": 503,
    "indented": true,
    "parent": 502,
    "text": "",
    "type": "LINE"
  },
  {
    "addresses": [
      {
        "street_name": "Frondeurs",
        "street_numbers": [
          "2"
        ]
      }
    ],
    "box": [
      589,
      1412,
      299,
      22
    ],
    "checked": true,
    "id": 502,
    "origin": "human",
    "parent": 397,
    "persons": [
      "Petitot"
    ],
    "score": 0.5,
    "text_ocr": "##Petitot##, ££socques££, @@Frondeurs@@, $$2$$.\n",
    "type": "ENTRY"
  },
  {
    "EOL": false,
    "box": [
      589,
      1434,
      327,
      21
    ],
    "id": 505,
    "indented": true,
    "parent": 504,
    "text": "",
    "type": "LINE"
  },
  {
    "addresses": [
      {
        "street_name": "l'Est",
        "street_numbers": [
          "7"
        ]
      }
    ],
    "box": [
      589,
      1434,
      327,
      21
    ],
    "checked": true,
    "id": 504,
    "origin": "human",
    "parent": 397,
    "persons": [
      "Petit et fils"
    ],
    "score": 0.75,
    "text_ocr": "##Petit et fils## µµ::LH::µµ, ££statuaire££, @@l'Est@@, $$7$$.\n",
    "type": "ENTRY"
  },
  {
    "EOL": false,
    "box": [
      590,
      1457,
      301,
      22
    ],
    "id": 507,
    "indented": true,
    "parent": 506,
    "text": "",
    "type": "LINE"
  },
  {
    "addresses": [
      {
        "street_name": "Castex",
        "street_numbers": [
          "9"
        ]
      }
    ],
    "box": [
      590,
      1457,
      301,
      22
    ],
    "checked": true,
    "id": 506,
    "origin": "human",
    "parent": 397,
    "persons": [
      "Petitpas"
    ],
    "score": 0.75,
    "text_ocr": "##Petitpas##, ££estampeur££, @@Castex@@, $$9$$.\n",
    "type": "ENTRY"
  },
  {
    "EOL": false,
    "box": [
      590,
      1480,
      254,
      22
    ],
    "id": 509,
    "indented": true,
    "parent": 508,
    "text": "",
    "type": "LINE"
  },
  {
    "addresses": [
      {
        "street_name": "Grenétat",
        "street_numbers": [
          "3"
        ]
      }
    ],
    "box": [
      590,
      1480,
      254,
      22
    ],
    "checked": true,
    "id": 508,
    "origin": "human",
    "parent": 397,
    "persons": [
      "Petitpas"
    ],
    "score": 0.8888888888888888,
    "text_ocr": "##Petitpas##, ££herb.££ @@Grenétat@@, $$3$$.\n",
    "type": "ENTRY"
  },
  {
    "EOL": false,
    "box": [
      591,
      1502,
      278,
      22
    ],
    "id": 511,
    "indented": true,
    "parent": 510,
    "text": "",
    "type": "LINE"
  },
  {
    "addresses": [
      {
        "street_name": "Temple",
        "street_numbers": [
          "11"
        ]
      }
    ],
    "box": [
      591,
      1502,
      278,
      22
    ],
    "checked": true,
    "id": 510,
    "origin": "human",
    "parent": 397,
    "persons": [
      "Petitpas"
    ],
    "score": 0.4166666666666667,
    "text_ocr": "##Petitpas##, ££teintur.££ @@Temple@@, $$11$$.\n",
    "type": "ENTRY"
  },
  {
    "EOL": false,
    "box": [
      591,
      1524,
      308,
      23
    ],
    "id": 513,
    "indented": true,
    "parent": 512,
    "text": "",
    "type": "LINE"
  },
  {
    "addresses": [
      {
        "street_name": "Ste Anastase",
        "street_numbers": [
          "7"
        ]
      }
    ],
    "box": [
      591,
      1524,
      308,
      23
    ],
    "checked": true,
    "id": 512,
    "origin": "human",
    "parent": 397,
    "persons": [
      "Petitpont"
    ],
    "score": 0.5,
    "text_ocr": "##Petitpont##, µµprop.µµ @@Ste Anastase@@, $$7$$.\n",
    "type": "ENTRY"
  },
  {
    "EOL": false,
    "box": [
      592,
      1544,
      386,
      25
    ],
    "id": 515,
    "indented": true,
    "parent": 514,
    "text": "",
    "type": "LINE"
  },
  {
    "addresses": [
      {
        "street_name": "q. Mégisserie",
        "street_numbers": [
          "36"
        ]
      }
    ],
    "box": [
      592,
      1544,
      386,
      25
    ],
    "checked": true,
    "id": 514,
    "origin": "human",
    "parent": 397,
    "persons": [
      "Petitprêtre"
    ],
    "score": 1,
    "text_ocr": "##Petitprêtre##, ££passement.££, @@q. Mégisserie@@, $$36$$.\n",
    "type": "ENTRY"
  },
  {
    "EOL": false,
    "box": [
      591,
      1569,
      387,
      22
    ],
    "id": 517,
    "indented": true,
    "parent": 516,
    "text": "",
    "type": "LINE"
  },
  {
    "EOL": false,
    "box": [
      614,
      1592,
      135,
      19
    ],
    "id": 518,
    "indented": false,
    "parent": 516,
    "text": "",
    "type": "LINE"
  },
  {
    "addresses": [
      {
        "street_name": "Marivaux, Ital",
        "street_numbers": []
      }
    ],
    "box": [
      591,
      1569,
      387,
      42
    ],
    "checked": true,
    "id": 516,
    "origin": "human",
    "parent": 397,
    "persons": [
      "Petit-Raymond (M. et Mad.)"
    ],
    "score": 0.5,
    "street_number": "",
    "text_ocr": "##Petit-Raymond (M. et Mad.)##, ££corsets££,\n@@Marivaux, Ital@@\n",
    "type": "ENTRY"
  },
  {
    "EOL": false,
    "box": [
      591,
      1612,
      346,
      25
    ],
    "id": 520,
    "indented": true,
    "parent": 519,
    "text": "",
    "type": "LINE"
  },
  {
    "addresses": [
      {
        "street_name": "Rempart St Hon.",
        "street_numbers": [
          "11"
        ]
      }
    ],
    "box": [
      591,
      1612,
      346,
      25
    ],
    "checked": true,
    "id": 519,
    "origin": "human",
    "parent": 397,
    "persons": [
      "Peton"
    ],
    "score": 0.5,
    "text_ocr": "##Peton##, ££restaur.££, @@Rempart St Hon.@@, $$11$$.\n",
    "type": "ENTRY"
  },
  {
    "box": [
      576,
      117,
      402,
      1520
    ],
    "id": 397,
    "parent": 396,
    "type": "COLUMN_LEVEL_2"
  },
  {
    "box": [
      576,
      117,
      402,
      1520
    ],
    "id": 396,
    "parent": 395,
    "type": "SECTION_LEVEL_2"
  },
  {
    "box": [
      576,
      117,
      402,
      1520
    ],
    "id": 395,
    "parent": 257,
    "type": "COLUMN_LEVEL_1"
  },
  {
    "box": [
      159,
      117,
      819,
      1520
    ],
    "id": 257,
    "parent": 256,
    "type": "SECTION_LEVEL_1"
  },
  {
    "box": [
      159,
      117,
      819,
      1520
    ],
    "id": 256,
    "type": "PAGE"
  }
]
