[
  {
    "box": [
      48,
      133,
      798,
      15
    ],
    "checked": true,
    "id": 257,
    "origin": "computer",
    "parent": 256,
    "text": "DES ADRESSES DE PARIS. ont\n",
    "type": "TITLE_LEVEL_1"
  },
  {
    "EOL": false,
    "box": [
      52,
      163,
      348,
      23
    ],
    "id": 263,
    "indented": false,
    "parent": 262,
    "text": "",
    "type": "LINE"
  },
  {
    "addresses": [
      {
        "street_name": "p. St Roch",
        "street_numbers": [
          "34"
        ]
      }
    ],
    "box": [
      52,
      163,
      348,
      23
    ],
    "checked": true,
    "id": 262,
    "origin": "human",
    "parent": 261,
    "persons": [
      "Starck (André)"
    ],
    "score": 0.75,
    "text_ocr": "##Starck (André)##, ££teint.££ @@p. St Roch@@, $$34$$.\n",
    "type": "ENTRY"
  },
  {
    "EOL": false,
    "box": [
      52,
      186,
      292,
      20
    ],
    "id": 265,
    "indented": true,
    "parent": 264,
    "text": "",
    "type": "LINE"
  },
  {
    "addresses": [
      {
        "street_name": "f. St Antoine",
        "street_numbers": [
          "79"
        ]
      }
    ],
    "box": [
      52,
      186,
      292,
      20
    ],
    "checked": true,
    "id": 264,
    "origin": "human",
    "parent": 261,
    "persons": [
      "Staub"
    ],
    "score": 0.125,
    "text_ocr": "##Staub##, ££ébén.££, @@f. St Antoine@@, $$79$$.\n",
    "type": "ENTRY"
  },
  {
    "EOL": false,
    "box": [
      52,
      208,
      258,
      20
    ],
    "id": 267,
    "indented": true,
    "parent": 266,
    "text": "",
    "type": "LINE"
  },
  {
    "addresses": [
      {
        "street_name": "Richelieu",
        "street_numbers": [
          "92"
        ]
      }
    ],
    "box": [
      52,
      208,
      258,
      20
    ],
    "checked": true,
    "id": 266,
    "origin": "human",
    "parent": 261,
    "persons": [
      "Staub"
    ],
    "score": 0.5,
    "text_ocr": "##Staub##, ££taill.££ @@Richelieu@@, $$92$$.\n",
    "type": "ENTRY"
  },
  {
    "EOL": false,
    "box": [
      52,
      230,
      304,
      19
    ],
    "id": 269,
    "indented": true,
    "parent": 268,
    "text": "",
    "type": "LINE"
  },
  {
    "addresses": [
      {
        "street_name": "Ne St Marc",
        "street_numbers": [
          "2"
        ]
      }
    ],
    "box": [
      52,
      230,
      304,
      19
    ],
    "checked": true,
    "id": 268,
    "origin": "human",
    "parent": 261,
    "persons": [
      "Staub et c."
    ],
    "score": 0.5,
    "text_ocr": "##Staub et c.## ££taill.££, @@Ne St Marc@@, $$2$$.\n",
    "type": "ENTRY"
  },
  {
    "EOL": false,
    "box": [
      52,
      252,
      264,
      20
    ],
    "id": 271,
    "indented": true,
    "parent": 270,
    "text": "",
    "type": "LINE"
  },
  {
    "addresses": [
      {
        "street_name": "Vrillière",
        "street_numbers": [
          "10"
        ]
      }
    ],
    "box": [
      52,
      252,
      264,
      20
    ],
    "checked": true,
    "id": 270,
    "origin": "human",
    "parent": 261,
    "persons": [
      "Stauffer"
    ],
    "score": 0.8888888888888888,
    "text_ocr": "##Stauffer##, ££taill.££ @@Vrillière@@, $$10$$.\n",
    "type": "ENTRY"
  },
  {
    "EOL": false,
    "box": [
      51,
      274,
      291,
      20
    ],
    "id": 273,
    "indented": true,
    "parent": 272,
    "text": "",
    "type": "LINE"
  },
  {
    "addresses": [
      {
        "street_name": "Lille",
        "street_numbers": [
          "29"
        ]
      }
    ],
    "box": [
      51,
      274,
      291,
      20
    ],
    "checked": true,
    "id": 272,
    "origin": "human",
    "parent": 261,
    "persons": [
      "Steenhaut"
    ],
    "score": 0.75,
    "text_ocr": "##Steenhaut##, ££tableaux££, @@Lille@@, $$29$$.\n",
    "type": "ENTRY"
  },
  {
    "EOL": false,
    "box": [
      51,
      294,
      380,
      23
    ],
    "id": 275,
    "indented": true,
    "parent": 274,
    "text": "",
    "type": "LINE"
  },
  {
    "addresses": [
      {
        "street_name": "Tournelles",
        "street_numbers": [
          "6"
        ]
      }
    ],
    "box": [
      51,
      294,
      380,
      23
    ],
    "checked": true,
    "id": 274,
    "origin": "human",
    "parent": 261,
    "persons": [
      "Stefamelly"
    ],
    "score": 1,
    "text_ocr": "##Stefamelly##, ££dor. sur bois££, @@Tournelles@@, $$6$$.\n",
    "type": "ENTRY"
  },
  {
    "EOL": false,
    "box": [
      51,
      318,
      382,
      22
    ],
    "id": 277,
    "indented": true,
    "parent": 276,
    "text": "",
    "type": "LINE"
  },
  {
    "EOL": false,
    "box": [
      74,
      342,
      146,
      19
    ],
    "id": 278,
    "indented": false,
    "parent": 276,
    "text": "",
    "type": "LINE"
  },
  {
    "addresses": [
      {
        "street_name": "Mauvais Gar-\ncons St Jean",
        "street_numbers": [
          "9"
        ]
      }
    ],
    "box": [
      51,
      318,
      382,
      43
    ],
    "checked": true,
    "id": 276,
    "origin": "human",
    "parent": 261,
    "persons": [
      "Stefanie (Mad )"
    ],
    "score": 0.5,
    "text_ocr": "##Stefanie (Mad )##, ££pensionn.££ @@Mauvais Gar-\ncons St Jean@@, $$9$$.\n",
    "type": "ENTRY"
  },
  {
    "EOL": false,
    "box": [
      51,
      361,
      319,
      22
    ],
    "id": 280,
    "indented": true,
    "parent": 279,
    "text": "",
    "type": "LINE"
  },
  {
    "addresses": [
      {
        "street_name": "Geoffroy Lasnier",
        "street_numbers": [
          "17"
        ]
      }
    ],
    "box": [
      51,
      361,
      319,
      22
    ],
    "checked": true,
    "id": 279,
    "origin": "human",
    "parent": 261,
    "persons": [
      "Steffe"
    ],
    "score": 0.9375,
    "text_ocr": "##Steffe##, ££men.££ @@Geoffroy Lasnier@@, $$17$$.\n",
    "type": "ENTRY"
  },
  {
    "EOL": false,
    "box": [
      51,
      384,
      304,
      20
    ],
    "id": 282,
    "indented": true,
    "parent": 281,
    "text": "",
    "type": "LINE"
  },
  {
    "addresses": [
      {
        "street_name": "f. St Antoine",
        "street_numbers": [
          "29"
        ]
      }
    ],
    "box": [
      51,
      384,
      304,
      20
    ],
    "checked": true,
    "id": 281,
    "origin": "human",
    "parent": 261,
    "persons": [
      "Steffen"
    ],
    "score": 0.5,
    "text_ocr": "##Steffen##, ££ébén.££ @@f. St Antoine@@, $$29$$.\n",
    "type": "ENTRY"
  },
  {
    "EOL": false,
    "box": [
      51,
      406,
      300,
      20
    ],
    "id": 284,
    "indented": true,
    "parent": 283,
    "text": "",
    "type": "LINE"
  },
  {
    "addresses": [
      {
        "street_name": "f. St Antoine",
        "street_numbers": [
          "25"
        ]
      }
    ],
    "box": [
      51,
      406,
      300,
      20
    ],
    "checked": true,
    "id": 283,
    "origin": "human",
    "parent": 261,
    "persons": [
      "Steffen"
    ],
    "score": 0.5,
    "text_ocr": "##Steffen##, ££ébén.££ @@f. St Antoine@@, $$25$$.\n",
    "type": "ENTRY"
  },
  {
    "EOL": false,
    "box": [
      50,
      428,
      309,
      21
    ],
    "id": 286,
    "indented": true,
    "parent": 285,
    "text": "",
    "type": "LINE"
  },
  {
    "addresses": [
      {
        "street_name": "J. J. Rousseau",
        "street_numbers": [
          "15"
        ]
      }
    ],
    "box": [
      50,
      428,
      309,
      21
    ],
    "checked": true,
    "id": 285,
    "origin": "human",
    "parent": 261,
    "persons": [
      "Stéger"
    ],
    "score": 0.9375,
    "text_ocr": "##Stéger##, ££taill.££ @@J. J. Rousseau@@, $$15$$.\n",
    "type": "ENTRY"
  },
  {
    "EOL": false,
    "box": [
      50,
      450,
      382,
      22
    ],
    "id": 288,
    "indented": true,
    "parent": 287,
    "text": "",
    "type": "LINE"
  },
  {
    "addresses": [
      {
        "street_name": "r. et p. de St Antoine",
        "street_numbers": [
          "69"
        ]
      }
    ],
    "box": [
      50,
      450,
      382,
      22
    ],
    "checked": true,
    "id": 287,
    "origin": "human",
    "parent": 261,
    "persons": [
      "Steigler"
    ],
    "score": 0.65,
    "text_ocr": "##Steigler##, ££taill.££ @@r. et p. de St Antoine@@, $$69$$.\n",
    "type": "ENTRY"
  },
  {
    "EOL": false,
    "box": [
      50,
      472,
      365,
      22
    ],
    "id": 290,
    "indented": true,
    "parent": 289,
    "text": "",
    "type": "LINE"
  },
  {
    "addresses": [
      {
        "street_name": "V. du Temple",
        "street_numbers": [
          "123"
        ]
      }
    ],
    "box": [
      50,
      472,
      365,
      22
    ],
    "checked": true,
    "id": 289,
    "origin": "human",
    "parent": 261,
    "persons": [
      "Stenacker"
    ],
    "score": 0.5,
    "text_ocr": "##Stenacker##, ££archit.££ @@V. du Temple@@, $$123$$.\n",
    "type": "ENTRY"
  },
  {
    "EOL": false,
    "box": [
      50,
      495,
      294,
      20
    ],
    "id": 292,
    "indented": true,
    "parent": 291,
    "text": "",
    "type": "LINE"
  },
  {
    "addresses": [
      {
        "street_name": "d'Amboise",
        "street_numbers": [
          "4"
        ]
      }
    ],
    "box": [
      50,
      495,
      294,
      20
    ],
    "checked": true,
    "id": 291,
    "origin": "human",
    "parent": 261,
    "persons": [
      "Steinbach"
    ],
    "score": 0.5,
    "text_ocr": "##Steinbach##, ££hotel££, @@d'Amboise@@, $$4$$.\n",
    "type": "ENTRY"
  },
  {
    "EOL": false,
    "box": [
      50,
      517,
      364,
      21
    ],
    "id": 294,
    "indented": true,
    "parent": 293,
    "text": "",
    "type": "LINE"
  },
  {
    "addresses": [
      {
        "street_name": "pass. du Saumon",
        "street_numbers": [
          "44"
        ]
      }
    ],
    "box": [
      50,
      517,
      364,
      21
    ],
    "checked": true,
    "id": 293,
    "origin": "human",
    "parent": 261,
    "persons": [
      "Steinmetz"
    ],
    "score": 0.75,
    "text_ocr": "##Steinmetz##, ££ébén.££ @@pass. du Saumon@@, $$44$$.\n",
    "type": "ENTRY"
  },
  {
    "EOL": false,
    "box": [
      49,
      539,
      275,
      21
    ],
    "id": 296,
    "indented": true,
    "parent": 295,
    "text": "",
    "type": "LINE"
  },
  {
    "addresses": [
      {
        "street_name": "Charlot",
        "street_numbers": [
          "11"
        ]
      }
    ],
    "box": [
      49,
      539,
      275,
      21
    ],
    "checked": true,
    "id": 295,
    "origin": "human",
    "parent": 261,
    "persons": [
      "Stemler"
    ],
    "score": 1,
    "text_ocr": "##Stemler##, ££corroy.££ @@Charlot@@, $$11$$.\n",
    "type": "ENTRY"
  },
  {
    "EOL": false,
    "box": [
      50,
      561,
      383,
      21
    ],
    "id": 298,
    "indented": true,
    "parent": 297,
    "text": "",
    "type": "LINE"
  },
  {
    "EOL": false,
    "box": [
      72,
      584,
      85,
      19
    ],
    "id": 299,
    "indented": false,
    "parent": 297,
    "text": "",
    "type": "LINE"
  },
  {
    "addresses": [
      {
        "street_name": "b. de la Made-\nleine",
        "street_numbers": [
          "19"
        ]
      }
    ],
    "box": [
      50,
      561,
      383,
      42
    ],
    "checked": true,
    "id": 297,
    "origin": "human",
    "parent": 261,
    "persons": [
      "Stephen-Drake"
    ],
    "score": 0.9807692307692308,
    "text_ocr": "##Stephen-Drake##, ££chevaux££, @@b. de la Made-\nleine@@, $$19$$.\n",
    "type": "ENTRY"
  },
  {
    "EOL": false,
    "box": [
      50,
      605,
      383,
      22
    ],
    "id": 301,
    "indented": true,
    "parent": 300,
    "text": "",
    "type": "LINE"
  },
  {
    "EOL": false,
    "box": [
      72,
      628,
      145,
      19
    ],
    "id": 302,
    "indented": false,
    "parent": 300,
    "text": "",
    "type": "LINE"
  },
  {
    "addresses": [
      {
        "street_name": "Contrescarpe\nSt Antoine",
        "street_numbers": [
          "68"
        ]
      }
    ],
    "box": [
      50,
      605,
      383,
      42
    ],
    "checked": true,
    "id": 300,
    "origin": "human",
    "parent": 261,
    "persons": [
      "Ster et comp."
    ],
    "score": 0.5,
    "text_ocr": "##Ster et comp.## ££bois des Îles££, @@Contrescarpe\nSt Antoine@@, $$68$$.\n",
    "type": "ENTRY"
  },
  {
    "EOL": false,
    "box": [
      50,
      649,
      354,
      20
    ],
    "id": 304,
    "indented": true,
    "parent": 303,
    "text": "",
    "type": "LINE"
  },
  {
    "addresses": [
      {
        "street_name": "Bourbon Villeneuve",
        "street_numbers": [
          "57"
        ]
      }
    ],
    "box": [
      50,
      649,
      354,
      20
    ],
    "checked": true,
    "id": 303,
    "origin": "human",
    "parent": 261,
    "persons": [
      "Sterlin"
    ],
    "score": 0.5,
    "text_ocr": "##Sterlin##, ££méd.££ @@Bourbon Villeneuve@@, $$57$$.\n",
    "type": "ENTRY"
  },
  {
    "EOL": false,
    "box": [
      50,
      672,
      323,
      21
    ],
    "id": 306,
    "indented": true,
    "parent": 305,
    "text": "",
    "type": "LINE"
  },
  {
    "addresses": [
      {
        "street_name": "Mouffetard",
        "street_numbers": [
          "321"
        ]
      }
    ],
    "box": [
      50,
      672,
      323,
      21
    ],
    "checked": true,
    "id": 305,
    "origin": "human",
    "parent": 261,
    "persons": [
      "Sterlingue"
    ],
    "score": 0.4,
    "text_ocr": "##Sterlingue##, ££tann.££ @@Mouffetard@@, $$321$$.\n",
    "type": "ENTRY"
  },
  {
    "EOL": false,
    "box": [
      50,
      694,
      234,
      21
    ],
    "id": 308,
    "indented": true,
    "parent": 307,
    "text": "",
    "type": "LINE"
  },
  {
    "addresses": [
      {
        "street_name": "Chauchat",
        "street_numbers": [
          "4"
        ]
      }
    ],
    "box": [
      50,
      694,
      234,
      21
    ],
    "checked": true,
    "id": 307,
    "origin": "human",
    "parent": 261,
    "persons": [
      "Stern"
    ],
    "score": 1,
    "text_ocr": "##Stern##, ££banq.££ @@Chauchat@@, $$4$$.\n",
    "type": "ENTRY"
  },
  {
    "EOL": false,
    "box": [
      50,
      716,
      382,
      20
    ],
    "id": 310,
    "indented": true,
    "parent": 309,
    "text": "",
    "type": "LINE"
  },
  {
    "addresses": [
      {
        "street_name": "Traversière St Antoine",
        "street_numbers": [
          "15"
        ]
      }
    ],
    "box": [
      50,
      716,
      382,
      20
    ],
    "checked": true,
    "id": 309,
    "origin": "human",
    "parent": 261,
    "persons": [
      "Stern"
    ],
    "score": 0.5,
    "text_ocr": "##Stern##, ££ébén.££ @@Traversière St Antoine@@, $$15$$.\n",
    "type": "ENTRY"
  },
  {
    "EOL": false,
    "box": [
      50,
      738,
      384,
      19
    ],
    "id": 312,
    "indented": true,
    "parent": 311,
    "text": "",
    "type": "LINE"
  },
  {
    "addresses": [
      {
        "street_name": "Cul. Ste Catherine",
        "street_numbers": [
          "19"
        ]
      }
    ],
    "box": [
      50,
      738,
      384,
      19
    ],
    "checked": true,
    "id": 311,
    "origin": "human",
    "parent": 261,
    "persons": [
      "Stervenaux"
    ],
    "score": 0.5,
    "text_ocr": "##Stervenaux##, ££mécan.££ @@Cul. Ste Catherine@@, $$19$$.\n",
    "type": "ENTRY"
  },
  {
    "EOL": false,
    "box": [
      50,
      760,
      384,
      24
    ],
    "id": 314,
    "indented": true,
    "parent": 313,
    "text": "",
    "type": "LINE"
  },
  {
    "EOL": false,
    "box": [
      72,
      785,
      90,
      18
    ],
    "id": 315,
    "indented": false,
    "parent": 313,
    "text": "",
    "type": "LINE"
  },
  {
    "addresses": [
      {
        "street_name": "q. Mala-\nquais",
        "street_numbers": [
          "13"
        ]
      }
    ],
    "box": [
      50,
      760,
      384,
      43
    ],
    "checked": true,
    "id": 313,
    "origin": "human",
    "parent": 261,
    "persons": [
      "Steuben (Ch.)"
    ],
    "score": 0.95,
    "text_ocr": "##Steuben (Ch.)## µµ::LH::µµ, ££peint. art.££ @@q. Mala-\nquais@@, $$13$$.\n",
    "type": "ENTRY"
  },
  {
    "EOL": false,
    "box": [
      50,
      804,
      244,
      20
    ],
    "id": 317,
    "indented": true,
    "parent": 316,
    "text": "",
    "type": "LINE"
  },
  {
    "addresses": [
      {
        "street_name": "Moreau",
        "street_numbers": [
          "10"
        ]
      }
    ],
    "box": [
      50,
      804,
      244,
      20
    ],
    "checked": true,
    "id": 316,
    "origin": "human",
    "parent": 261,
    "persons": [
      "Steuer"
    ],
    "score": 1,
    "text_ocr": "##Steuer##, ££ébén.££ @@Moreau@@, $$10$$.\n",
    "type": "ENTRY"
  },
  {
    "EOL": false,
    "box": [
      49,
      826,
      329,
      22
    ],
    "id": 319,
    "indented": true,
    "parent": 318,
    "text": "",
    "type": "LINE"
  },
  {
    "addresses": [
      {
        "street_name": "q. Pelletier",
        "street_numbers": [
          "8"
        ]
      }
    ],
    "box": [
      49,
      826,
      329,
      22
    ],
    "checked": true,
    "id": 318,
    "origin": "human",
    "parent": 261,
    "persons": [
      "Stevart"
    ],
    "score": 0.3888888888888889,
    "text_ocr": "##Stevart##, ££chap. soie££, @@q. Pelletier@@, $$8$$.\n",
    "type": "ENTRY"
  },
  {
    "EOL": false,
    "box": [
      49,
      848,
      384,
      23
    ],
    "id": 321,
    "indented": true,
    "parent": 320,
    "text": "",
    "type": "LINE"
  },
  {
    "EOL": false,
    "box": [
      71,
      870,
      83,
      20
    ],
    "id": 322,
    "indented": false,
    "parent": 320,
    "text": "",
    "type": "LINE"
  },
  {
    "addresses": [
      {
        "street_name": "passage Ste\nMarie",
        "street_numbers": [
          "9"
        ]
      }
    ],
    "box": [
      49,
      848,
      384,
      42
    ],
    "checked": true,
    "id": 320,
    "origin": "human",
    "parent": 261,
    "persons": [
      "Stevenin-Bardet"
    ],
    "score": 0.75,
    "text_ocr": "##Stevenin-Bardet##, ££pens. dem.££ @@passage Ste\nMarie@@, $$9$$.\n",
    "type": "ENTRY"
  },
  {
    "EOL": false,
    "box": [
      49,
      893,
      321,
      19
    ],
    "id": 324,
    "indented": true,
    "parent": 323,
    "text": "",
    "type": "LINE"
  },
  {
    "addresses": [
      {
        "street_name": "St Honoré",
        "street_numbers": [
          "355 bis"
        ]
      }
    ],
    "box": [
      49,
      893,
      321,
      19
    ],
    "checked": true,
    "id": 323,
    "origin": "human",
    "parent": 261,
    "persons": [
      "Stevens"
    ],
    "score": 0.5,
    "text_ocr": "##Stevens##, £\n£dent.££ @@St Honoré@@, $$355 bis$$.\n",
    "type": "ENTRY"
  },
  {
    "EOL": false,
    "box": [
      49,
      915,
      321,
      21
    ],
    "id": 326,
    "indented": true,
    "parent": 325,
    "text": "",
    "type": "LINE"
  },
  {
    "addresses": [
      {
        "street_name": "d'Anjou",
        "street_numbers": [
          "29"
        ]
      }
    ],
    "box": [
      49,
      915,
      321,
      21
    ],
    "checked": true,
    "id": 325,
    "origin": "human",
    "parent": 261,
    "persons": [
      "Stevens (Mad.)"
    ],
    "score": 0.8571428571428572,
    "text_ocr": " ##Stevens (Mad.)##, ££inst.££ @@d'Anjou@@, $$29$$.\n",
    "type": "ENTRY"
  },
  {
    "EOL": false,
    "box": [
      48,
      937,
      372,
      22
    ],
    "id": 328,
    "indented": true,
    "parent": 327,
    "text": "",
    "type": "LINE"
  },
  {
    "addresses": [
      {
        "street_name": "l'Ecole de Médecine",
        "street_numbers": [
          "14"
        ]
      }
    ],
    "box": [
      48,
      937,
      372,
      22
    ],
    "checked": true,
    "id": 327,
    "origin": "human",
    "parent": 261,
    "persons": [
      "Sthrol"
    ],
    "score": 0.9473684210526316,
    "text_ocr": "##Sthrol##, ££bouch.££ @@l'Ecole de Médecine@@, $$14$$.\n",
    "type": "ENTRY"
  },
  {
    "EOL": false,
    "box": [
      49,
      959,
      301,
      22
    ],
    "id": 330,
    "indented": true,
    "parent": 329,
    "text": "",
    "type": "LINE"
  },
  {
    "addresses": [
      {
        "street_name": "pass. Saulnier",
        "street_numbers": [
          "14"
        ]
      }
    ],
    "box": [
      49,
      959,
      301,
      22
    ],
    "checked": true,
    "id": 329,
    "origin": "human",
    "parent": 261,
    "persons": [
      "Stiebel"
    ],
    "score": 1,
    "text_ocr": "##Stiebel##, ££sell.££ @@pass. Saulnier@@, $$14$$.\n",
    "type": "ENTRY"
  },
  {
    "EOL": false,
    "box": [
      49,
      980,
      310,
      23
    ],
    "id": 332,
    "indented": true,
    "parent": 331,
    "text": "",
    "type": "LINE"
  },
  {
    "addresses": [
      {
        "street_name": "Helder",
        "street_numbers": [
          "18"
        ]
      }
    ],
    "box": [
      49,
      980,
      310,
      23
    ],
    "checked": true,
    "id": 331,
    "origin": "human",
    "parent": 261,
    "persons": [
      "Stiégelmann"
    ],
    "score": 1,
    "text_ocr": "##Stiégelmann##, ££tapiss.££ @@Helder@@, $$18$$.\n",
    "type": "ENTRY"
  },
  {
    "EOL": false,
    "box": [
      48,
      1003,
      334,
      22
    ],
    "id": 334,
    "indented": true,
    "parent": 333,
    "text": "",
    "type": "LINE"
  },
  {
    "addresses": [
      {
        "street_name": "Montorgueil",
        "street_numbers": [
          "25"
        ]
      }
    ],
    "box": [
      48,
      1003,
      334,
      22
    ],
    "checked": true,
    "id": 333,
    "origin": "human",
    "parent": 261,
    "persons": [
      "Suller (L.)"
    ],
    "score": 1,
    "text_ocr": "##Suller (L.)##, ££brod.££ @@Montorgueil@@, $$25$$.\n",
    "type": "ENTRY"
  },
  {
    "EOL": false,
    "box": [
      49,
      1025,
      339,
      23
    ],
    "id": 336,
    "indented": true,
    "parent": 335,
    "text": "",
    "type": "LINE"
  },
  {
    "addresses": [
      {
        "street_name": "p. r. de Reuilly",
        "street_numbers": [
          "16"
        ]
      }
    ],
    "box": [
      49,
      1025,
      339,
      23
    ],
    "checked": true,
    "id": 335,
    "origin": "human",
    "parent": 261,
    "persons": [
      "Stinville"
    ],
    "score": 0.5,
    "text_ocr": "##Stinville##, ££jard.££ @@p. r. de Reuilly@@, $$16$$.\n",
    "type": "ENTRY"
  },
  {
    "EOL": false,
    "box": [
      49,
      1047,
      313,
      21
    ],
    "id": 338,
    "indented": true,
    "parent": 337,
    "text": "",
    "type": "LINE"
  },
  {
    "addresses": [
      {
        "street_name": "Montorgueil",
        "street_numbers": [
          "42"
        ]
      }
    ],
    "box": [
      49,
      1047,
      313,
      21
    ],
    "checked": true,
    "id": 337,
    "origin": "human",
    "parent": 261,
    "persons": [
      "Stobrez"
    ],
    "score": 1,
    "text_ocr": "##Stobrez##, ££pâtiss££, @@Montorgueil@@, $$42$$.\n",
    "type": "ENTRY"
  },
  {
    "EOL": false,
    "box": [
      49,
      1069,
      317,
      21
    ],
    "id": 340,
    "indented": true,
    "parent": 339,
    "text": "",
    "type": "LINE"
  },
  {
    "addresses": [
      {
        "street_name": "Jarente",
        "street_numbers": [
          "6"
        ]
      }
    ],
    "box": [
      49,
      1069,
      317,
      21
    ],
    "checked": true,
    "id": 339,
    "origin": "human",
    "parent": 261,
    "persons": [
      "Stocquelet"
    ],
    "score": 1,
    "text_ocr": "##Stocquelet##, ££cisel. mét.££ @@Jarente@@, $$6$$.\n",
    "type": "ENTRY"
  },
  {
    "EOL": false,
    "box": [
      50,
      1091,
      313,
      22
    ],
    "id": 342,
    "indented": true,
    "parent": 341,
    "text": "",
    "type": "LINE"
  },
  {
    "addresses": [
      {
        "street_name": "pl. Vendôme",
        "street_numbers": [
          "8"
        ]
      }
    ],
    "box": [
      50,
      1091,
      313,
      22
    ],
    "checked": true,
    "id": 341,
    "origin": "human",
    "parent": 261,
    "persons": [
      "Stock et c."
    ],
    "score": 1,
    "text_ocr": "##Stock et c.## ££vins££, @@pl. Vendôme@@, $$8$$.\n",
    "type": "ENTRY"
  },
  {
    "EOL": false,
    "box": [
      50,
      1114,
      362,
      20
    ],
    "id": 344,
    "indented": true,
    "parent": 343,
    "text": "",
    "type": "LINE"
  },
  {
    "addresses": [
      {
        "street_name": "Pépinière",
        "street_numbers": [
          "7"
        ]
      }
    ],
    "box": [
      50,
      1114,
      362,
      20
    ],
    "checked": true,
    "id": 343,
    "origin": "human",
    "parent": 261,
    "persons": [
      "Stockuy"
    ],
    "score": 1,
    "text_ocr": "##Stockuy##, ££serrur. en voit.££ @@Pépinière@@, $$7$$.\n",
    "type": "ENTRY"
  },
  {
    "EOL": false,
    "box": [
      50,
      1135,
      381,
      23
    ],
    "id": 346,
    "indented": true,
    "parent": 345,
    "text": "",
    "type": "LINE"
  },
  {
    "addresses": [
      {
        "street_name": "f. St Antoine",
        "street_numbers": [
          "137"
        ]
      }
    ],
    "box": [
      50,
      1135,
      381,
      23
    ],
    "checked": true,
    "id": 345,
    "origin": "human",
    "parent": 261,
    "persons": [
      "Stoeglein (Martin)"
    ],
    "score": 0.125,
    "text_ocr": "##Stoeglein (Martin)##, ££ébén.££ @@f. St Antoine@@ $$137$$.\n",
    "type": "ENTRY"
  },
  {
    "EOL": false,
    "box": [
      49,
      1157,
      332,
      21
    ],
    "id": 348,
    "indented": true,
    "parent": 347,
    "text": "",
    "type": "LINE"
  },
  {
    "addresses": [
      {
        "street_name": "Godot",
        "street_numbers": [
          "18"
        ]
      }
    ],
    "box": [
      49,
      1157,
      332,
      21
    ],
    "checked": true,
    "id": 347,
    "origin": "human",
    "parent": 261,
    "persons": [
      "Stœpel"
    ],
    "score": 0.5,
    "text_ocr": "##Stœpel##, ££prof. de musiq.££ @@Godot@@, $$18$$.\n",
    "type": "ENTRY"
  },
  {
    "EOL": false,
    "box": [
      49,
      1178,
      384,
      20
    ],
    "id": 350,
    "indented": true,
    "parent": 349,
    "text": "",
    "type": "LINE"
  },
  {
    "addresses": [
      {
        "street_name": "Ste Croix de Ja Bretonn.",
        "street_numbers": [
          "42"
        ]
      }
    ],
    "box": [
      49,
      1178,
      384,
      20
    ],
    "checked": true,
    "id": 349,
    "origin": "human",
    "parent": 261,
    "persons": [
      "Stoffel"
    ],
    "score": 0.5,
    "text_ocr": "##Stoffel##, ££bott.££, @@Ste Croix de Ja Bretonn.@@, $$42$$.\n",
    "type": "ENTRY"
  },
  {
    "EOL": false,
    "box": [
      49,
      1201,
      266,
      21
    ],
    "id": 352,
    "indented": true,
    "parent": 351,
    "text": "",
    "type": "LINE"
  },
  {
    "addresses": [
      {
        "street_name": "Arcis",
        "street_numbers": [
          "8"
        ]
      }
    ],
    "box": [
      49,
      1201,
      266,
      21
    ],
    "checked": true,
    "id": 351,
    "origin": "human",
    "parent": 261,
    "persons": [
      "Stoffel (J. P.)"
    ],
    "score": 0.625,
    "text_ocr": "##Stoffel (J. P.)##, ££bott.££ @@Arcis@@, $$8$$.",
    "type": "ENTRY"
  },
  {
    "EOL": false,
    "box": [
      49,
      1223,
      354,
      22
    ],
    "id": 354,
    "indented": true,
    "parent": 353,
    "text": "",
    "type": "LINE"
  },
  {
    "addresses": [
      {
        "street_name": "St André Popincourt",
        "street_numbers": [
          "10"
        ]
      }
    ],
    "box": [
      49,
      1223,
      354,
      22
    ],
    "checked": true,
    "id": 353,
    "origin": "human",
    "parent": 261,
    "persons": [
      "Stoky"
    ],
    "score": 0.5,
    "text_ocr": "##Stoky##, ££serr.££ @@St André Popincourt@@, $$10$$.\n",
    "type": "ENTRY"
  },
  {
    "EOL": false,
    "box": [
      49,
      1244,
      380,
      23
    ],
    "id": 356,
    "indented": true,
    "parent": 355,
    "text": "",
    "type": "LINE"
  },
  {
    "addresses": [
      {
        "street_name": "p. Ste Marie",
        "street_numbers": [
          "12"
        ]
      }
    ],
    "box": [
      49,
      1244,
      380,
      23
    ],
    "checked": true,
    "id": 355,
    "origin": "human",
    "parent": 261,
    "persons": [
      "Stoll et Bicheron"
    ],
    "score": 0.75,
    "text_ocr": "##Stoll et Bicheron##, ££carr.££ @@p. Ste Marie@@, $$12$$.\n",
    "type": "ENTRY"
  },
  {
    "EOL": false,
    "box": [
      48,
      1268,
      251,
      21
    ],
    "id": 358,
    "indented": true,
    "parent": 357,
    "text": "",
    "type": "LINE"
  },
  {
    "addresses": [
      {
        "street_name": "Coquenard",
        "street_numbers": [
          "22"
        ]
      }
    ],
    "box": [
      48,
      1268,
      251,
      21
    ],
    "checked": true,
    "id": 357,
    "origin": "human",
    "parent": 261,
    "persons": [
      "Stoltz"
    ],
    "score": 0.5,
    "text_ocr": "##Stoltz##, ££méc.££ @@Coquenard@@, $$22$$.\n",
    "type": "ENTRY"
  },
  {
    "EOL": false,
    "box": [
      50,
      1290,
      278,
      21
    ],
    "id": 360,
    "indented": true,
    "parent": 359,
    "text": "",
    "type": "LINE"
  },
  {
    "addresses": [
      {
        "street_name": "St Honoré",
        "street_numbers": [
          "67"
        ]
      }
    ],
    "box": [
      50,
      1290,
      278,
      21
    ],
    "checked": true,
    "id": 359,
    "origin": "human",
    "parent": 261,
    "persons": [
      "Stolz"
    ],
    "score": 0.5,
    "text_ocr": "##Stolz##, ££passem.££ @@St Honoré@@, $$67$$.\n",
    "type": "ENTRY"
  },
  {
    "EOL": false,
    "box": [
      49,
      1312,
      338,
      22
    ],
    "id": 362,
    "indented": true,
    "parent": 361,
    "text": "",
    "type": "LINE"
  },
  {
    "addresses": [
      {
        "street_name": "St Honoré",
        "street_numbers": [
          "387"
        ]
      }
    ],
    "box": [
      49,
      1312,
      338,
      22
    ],
    "checked": true,
    "id": 361,
    "origin": "human",
    "parent": 261,
    "persons": [
      "Storeli"
    ],
    "score": 0.5,
    "text_ocr": "##Storeli##, ££peint. art.££ @@St Honoré@@, $$387$$.\n",
    "type": "ENTRY"
  },
  {
    "EOL": false,
    "box": [
      50,
      1334,
      379,
      21
    ],
    "id": 364,
    "indented": true,
    "parent": 363,
    "text": "",
    "type": "LINE"
  },
  {
    "addresses": [
      {
        "street_name": "Pet. Ecur.",
        "street_numbers": [
          "51"
        ]
      }
    ],
    "box": [
      50,
      1334,
      379,
      21
    ],
    "checked": true,
    "id": 363,
    "origin": "human",
    "parent": 261,
    "persons": [
      "Storow"
    ],
    "score": 0.5,
    "text_ocr": "##Storow##, ££comm. par eau££, @@Pet. Ecur.@@, $$51$$.\n",
    "type": "ENTRY"
  },
  {
    "EOL": false,
    "box": [
      50,
      1355,
      312,
      22
    ],
    "id": 366,
    "indented": true,
    "parent": 365,
    "text": "",
    "type": "LINE"
  },
  {
    "addresses": [
      {
        "street_name": "des Beaux Arts",
        "street_numbers": [
          "2"
        ]
      }
    ],
    "box": [
      50,
      1355,
      312,
      22
    ],
    "checked": true,
    "id": 365,
    "origin": "human",
    "parent": 261,
    "persons": [
      "Stourm"
    ],
    "score": 0.5,
    "text_ocr": "##Stourm##, ££avoc.££ @@des Beaux Arts@@, $$2$$.\n",
    "type": "ENTRY"
  },
  {
    "EOL": false,
    "box": [
      51,
      1377,
      257,
      21
    ],
    "id": 368,
    "indented": true,
    "parent": 367,
    "text": "",
    "type": "LINE"
  },
  {
    "addresses": [
      {
        "street_name": "Ste Anne",
        "street_numbers": [
          "11"
        ]
      }
    ],
    "box": [
      51,
      1377,
      257,
      21
    ],
    "checked": true,
    "id": 367,
    "origin": "human",
    "parent": 261,
    "persons": [
      "Straub"
    ],
    "score": 0.5,
    "text_ocr": "##Straub##, ££taill.££ @@Ste Anne@@, $$11$$.\n",
    "type": "ENTRY"
  },
  {
    "EOL": false,
    "box": [
      51,
      1399,
      380,
      19
    ],
    "id": 370,
    "indented": true,
    "parent": 369,
    "text": "",
    "type": "LINE"
  },
  {
    "addresses": [
      {
        "street_name": "Prêtres Sr Germ. l'Aux.",
        "street_numbers": [
          "11"
        ]
      }
    ],
    "box": [
      51,
      1399,
      380,
      19
    ],
    "checked": true,
    "id": 369,
    "origin": "human",
    "parent": 261,
    "persons": [
      "Strauss"
    ],
    "score": 0,
    "text_ocr": "##Strauss##, ££taill££, @@Prêtres Sr Germ. l'Aux.@@ $$11$$.\n",
    "type": "ENTRY"
  },
  {
    "EOL": false,
    "box": [
      49,
      1421,
      383,
      23
    ],
    "id": 372,
    "indented": true,
    "parent": 371,
    "text": "",
    "type": "LINE"
  },
  {
    "EOL": false,
    "box": [
      73,
      1444,
      84,
      19
    ],
    "id": 373,
    "indented": false,
    "parent": 371,
    "text": "",
    "type": "LINE"
  },
  {
    "addresses": [
      {
        "street_name": "Renard St Sau-\nveur",
        "street_numbers": [
          "11"
        ]
      }
    ],
    "box": [
      49,
      1421,
      383,
      42
    ],
    "checked": true,
    "id": 371,
    "origin": "human",
    "parent": 261,
    "persons": [
      "Strauss et Schriber"
    ],
    "score": 0.5,
    "text_ocr": "##Strauss et Schriber##, ££cols££, @@Renard St Sau-\nveur@@, $$11$$.\n",
    "type": "ENTRY"
  },
  {
    "EOL": false,
    "box": [
      50,
      1464,
      303,
      23
    ],
    "id": 375,
    "indented": true,
    "parent": 374,
    "text": "",
    "type": "LINE"
  },
  {
    "addresses": [
      {
        "street_name": "Montmartre",
        "street_numbers": [
          "131"
        ]
      }
    ],
    "box": [
      50,
      1464,
      303,
      23
    ],
    "checked": true,
    "id": 374,
    "origin": "human",
    "parent": 261,
    "persons": [
      "Strayly"
    ],
    "score": 1,
    "text_ocr": "##Strayly##, ££taill.££ @@Montmartre@@, $$131$$.\n",
    "type": "ENTRY"
  },
  {
    "EOL": false,
    "box": [
      51,
      1486,
      237,
      21
    ],
    "id": 377,
    "indented": true,
    "parent": 376,
    "text": "",
    "type": "LINE"
  },
  {
    "addresses": [
      {
        "street_name": "Rameau",
        "street_numbers": [
          "11"
        ]
      }
    ],
    "box": [
      51,
      1486,
      237,
      21
    ],
    "checked": true,
    "id": 376,
    "origin": "human",
    "parent": 261,
    "persons": [
      "Streib"
    ],
    "score": 1,
    "text_ocr": "##Streib##, ££taill.££, @@Rameau@@, $$11$$\n",
    "type": "ENTRY"
  },
  {
    "EOL": false,
    "box": [
      50,
      1509,
      303,
      21
    ],
    "id": 379,
    "indented": true,
    "parent": 378,
    "text": "",
    "type": "LINE"
  },
  {
    "addresses": [
      {
        "street_name": "Tournelles",
        "street_numbers": [
          "15"
        ]
      }
    ],
    "box": [
      50,
      1509,
      303,
      21
    ],
    "checked": true,
    "id": 378,
    "origin": "human",
    "parent": 261,
    "persons": [
      "Streichard"
    ],
    "score": 0.95,
    "text_ocr": "##Streichard##, ££ébén.££ @@Tournelles@@, $$15$$.\n",
    "type": "ENTRY"
  },
  {
    "EOL": false,
    "box": [
      52,
      1531,
      379,
      21
    ],
    "id": 381,
    "indented": true,
    "parent": 380,
    "text": "",
    "type": "LINE"
  },
  {
    "addresses": [
      {
        "street_name": "Montmar.",
        "street_numbers": [
          "178"
        ]
      }
    ],
    "box": [
      52,
      1531,
      379,
      21
    ],
    "checked": true,
    "id": 380,
    "origin": "human",
    "parent": 261,
    "persons": [
      "Streilberg"
    ],
    "score": 0.5,
    "text_ocr": "##Streilberg##, ££prof. de comm.££ @@Montmar.@@ $$178$$.\n",
    "type": "ENTRY"
  },
  {
    "EOL": false,
    "box": [
      51,
      1553,
      328,
      21
    ],
    "id": 383,
    "indented": true,
    "parent": 382,
    "text": "",
    "type": "LINE"
  },
  {
    "addresses": [
      {
        "street_name": "Louis le Grand",
        "street_numbers": [
          "3"
        ]
      }
    ],
    "box": [
      51,
      1553,
      328,
      21
    ],
    "checked": true,
    "id": 382,
    "origin": "human",
    "parent": 261,
    "persons": [
      "Streithoff"
    ],
    "score": 1,
    "text_ocr": "##Streithoff##, ££taill.££, @@Louis le Grand@@, $$3$$.\n",
    "type": "ENTRY"
  },
  {
    "EOL": false,
    "box": [
      51,
      1575,
      324,
      22
    ],
    "id": 385,
    "indented": true,
    "parent": 384,
    "text": "",
    "type": "LINE"
  },
  {
    "addresses": [
      {
        "street_name": "Coquilles",
        "street_numbers": [
          "1"
        ]
      }
    ],
    "box": [
      51,
      1575,
      324,
      22
    ],
    "checked": true,
    "id": 384,
    "origin": "human",
    "parent": 261,
    "persons": [
      "Stricker"
    ],
    "score": 0.8888888888888888,
    "text_ocr": "##Stricker##, ££pois à caut.££ @@Coquilles@@, $$1$$.\n",
    "type": "ENTRY"
  },
  {
    "EOL": false,
    "box": [
      51,
      1596,
      303,
      22
    ],
    "id": 387,
    "indented": true,
    "parent": 386,
    "text": "",
    "type": "LINE"
  },
  {
    "addresses": [
      {
        "street_name": "Censier",
        "street_numbers": [
          "7 et 9"
        ]
      }
    ],
    "box": [
      51,
      1596,
      303,
      22
    ],
    "checked": true,
    "id": 386,
    "origin": "human",
    "parent": 261,
    "persons": [
      "Strodé"
    ],
    "score": 0.5,
    "text_ocr": "##Strodé##, ££brasseur££, @@Censier@@, $$7 et 9$$.\n",
    "type": "ENTRY"
  },
  {
    "box": [
      48,
      163,
      388,
      1455
    ],
    "id": 261,
    "parent": 260,
    "type": "COLUMN_LEVEL_2"
  },
  {
    "box": [
      48,
      163,
      388,
      1455
    ],
    "id": 260,
    "parent": 259,
    "type": "SECTION_LEVEL_2"
  },
  {
    "box": [
      48,
      163,
      388,
      1455
    ],
    "id": 259,
    "parent": 258,
    "type": "COLUMN_LEVEL_1"
  },
  {
    "EOL": false,
    "box": [
      458,
      163,
      307,
      18
    ],
    "id": 392,
    "indented": false,
    "parent": 391,
    "text": "",
    "type": "LINE"
  },
  {
    "addresses": [
      {
        "street_name": "f. St Antoine",
        "street_numbers": [
          "123"
        ]
      }
    ],
    "box": [
      458,
      163,
      307,
      18
    ],
    "checked": true,
    "id": 391,
    "origin": "human",
    "parent": 390,
    "persons": [
      "Strott"
    ],
    "score": 0.625,
    "text_ocr": "##Strott##, ££ébén.££. @@f. St Antoine@@, $$123$$.\n",
    "type": "ENTRY"
  },
  {
    "EOL": false,
    "box": [
      458,
      183,
      329,
      21
    ],
    "id": 394,
    "indented": true,
    "parent": 393,
    "text": "",
    "type": "LINE"
  },
  {
    "addresses": [
      {
        "street_name": "Bellechasse",
        "street_numbers": [
          "10"
        ]
      }
    ],
    "box": [
      458,
      183,
      329,
      21
    ],
    "checked": true,
    "id": 393,
    "origin": "human",
    "parent": 390,
    "persons": [
      "Strottz (le général)"
    ],
    "score": 1,
    "text_ocr": "##Strottz (le général)##, @@Bellechasse@@, $$10$$.\n",
    "type": "ENTRY"
  },
  {
    "EOL": false,
    "box": [
      458,
      204,
      383,
      23
    ],
    "id": 396,
    "indented": true,
    "parent": 395,
    "text": "",
    "type": "LINE"
  },
  {
    "addresses": [
      {
        "street_name": "St Jean de Beauvais",
        "street_numbers": [
          "18"
        ]
      }
    ],
    "box": [
      458,
      204,
      383,
      23
    ],
    "checked": true,
    "id": 395,
    "origin": "human",
    "parent": 390,
    "persons": [
      "Strumia"
    ],
    "score": 0.5,
    "text_ocr": "##Strumia##, ££relieur££, @@St Jean de Beauvais@@, $$18$$.\n",
    "type": "ENTRY"
  },
  {
    "EOL": false,
    "box": [
      457,
      227,
      294,
      21
    ],
    "id": 398,
    "indented": true,
    "parent": 397,
    "text": "",
    "type": "LINE"
  },
  {
    "addresses": [
      {
        "street_name": "f. St Antoine",
        "street_numbers": [
          "86"
        ]
      }
    ],
    "box": [
      457,
      227,
      294,
      21
    ],
    "checked": true,
    "id": 397,
    "origin": "human",
    "parent": 390,
    "persons": [
      "Stryby"
    ],
    "score": 0.5,
    "text_ocr": "##Stryby##, ££ébén.££ @@f. St Antoine@@, $$86$$.",
    "type": "ENTRY"
  },
  {
    "EOL": false,
    "box": [
      457,
      248,
      270,
      22
    ],
    "id": 400,
    "indented": true,
    "parent": 399,
    "text": "",
    "type": "LINE"
  },
  {
    "addresses": [
      {
        "street_name": "Rohan",
        "street_numbers": [
          "23"
        ]
      }
    ],
    "box": [
      457,
      248,
      270,
      22
    ],
    "checked": true,
    "id": 399,
    "origin": "human",
    "parent": 390,
    "persons": [
      "Stucké (F.)"
    ],
    "score": 1,
    "text_ocr": "##Stucké (F.)##, ££bott.££ @@Rohan@@, $$23$$.\n",
    "type": "ENTRY"
  },
  {
    "EOL": false,
    "box": [
      457,
      270,
      384,
      23
    ],
    "id": 402,
    "indented": true,
    "parent": 401,
    "text": "",
    "type": "LINE"
  },
  {
    "addresses": [
      {
        "street_name": "St Sauv.",
        "street_numbers": [
          "30"
        ]
      }
    ],
    "box": [
      457,
      270,
      384,
      23
    ],
    "checked": true,
    "id": 401,
    "origin": "human",
    "parent": 390,
    "persons": [
      "Studer (Mad.)"
    ],
    "score": 0.5,
    "text_ocr": "##Studer (Mad.)##, ££apprét. d'ét.££ @@St Sauv.@@, $$30$$.\n",
    "type": "ENTRY"
  },
  {
    "EOL": false,
    "box": [
      457,
      292,
      382,
      23
    ],
    "id": 404,
    "indented": true,
    "parent": 403,
    "text": "",
    "type": "LINE"
  },
  {
    "addresses": [
      {
        "street_name": "p. du Saumon",
        "street_numbers": [
          "60"
        ]
      }
    ],
    "box": [
      457,
      292,
      382,
      23
    ],
    "checked": true,
    "id": 403,
    "origin": "human",
    "parent": 390,
    "persons": [
      "Sturbel (Mad.)"
    ],
    "score": 0.75,
    "text_ocr": "##Sturbel (Mad.)##, ££cors.££ @@p. du Saumon@@ , $$60$$.\n",
    "type": "ENTRY"
  },
  {
    "EOL": false,
    "box": [
      457,
      315,
      371,
      21
    ],
    "id": 406,
    "indented": true,
    "parent": 405,
    "text": "",
    "type": "LINE"
  },
  {
    "addresses": [
      {
        "street_name": "Rochechouart",
        "street_numbers": [
          "12"
        ]
      }
    ],
    "box": [
      457,
      315,
      371,
      21
    ],
    "checked": true,
    "id": 405,
    "origin": "human",
    "parent": 390,
    "persons": [
      "Sturler fils"
    ],
    "score": 0.75,
    "text_ocr": "##Sturler fils##, ££peint. v.££ @@Rochechouart@@, $$12$$.\n",
    "type": "ENTRY"
  },
  {
    "EOL": false,
    "box": [
      457,
      337,
      262,
      21
    ],
    "id": 408,
    "indented": true,
    "parent": 407,
    "text": "",
    "type": "LINE"
  },
  {
    "addresses": [
      {
        "street_name": "Beaux Arts",
        "street_numbers": [
          "6"
        ]
      }
    ],
    "box": [
      457,
      337,
      262,
      21
    ],
    "checked": true,
    "id": 407,
    "origin": "human",
    "parent": 390,
    "persons": [
      "Sturm"
    ],
    "score": 1,
    "text_ocr": "##Sturm##, ££avoc.££, @@Beaux Arts@@, $$6$$.\n",
    "type": "ENTRY"
  },
  {
    "EOL": false,
    "box": [
      457,
      360,
      244,
      22
    ],
    "id": 410,
    "indented": true,
    "parent": 409,
    "text": "",
    "type": "LINE"
  },
  {
    "addresses": [
      {
        "street_name": "Roquette",
        "street_numbers": [
          "2"
        ]
      }
    ],
    "box": [
      457,
      360,
      244,
      22
    ],
    "checked": true,
    "id": 409,
    "origin": "human",
    "parent": 390,
    "persons": [
      "Sturm"
    ],
    "score": 0.4375,
    "text_ocr": "##Sturm##, ££gant.££, @@Roquette@@, $$2$$.\n",
    "type": "ENTRY"
  },
  {
    "EOL": false,
    "box": [
      457,
      381,
      309,
      22
    ],
    "id": 412,
    "indented": true,
    "parent": 411,
    "text": "",
    "type": "LINE"
  },
  {
    "addresses": [
      {
        "street_name": "St Honoré",
        "street_numbers": [
          "184"
        ]
      }
    ],
    "box": [
      457,
      381,
      309,
      22
    ],
    "checked": true,
    "id": 411,
    "origin": "human",
    "parent": 390,
    "persons": [
      "Sturm"
    ],
    "score": 0.5,
    "text_ocr": "##Sturm##, ££peint, a.££ @@St Honoré@@, $$184$$.",
    "type": "ENTRY"
  },
  {
    "EOL": false,
    "box": [
      457,
      403,
      351,
      23
    ],
    "id": 414,
    "indented": true,
    "parent": 413,
    "text": "",
    "type": "LINE"
  },
  {
    "addresses": [
      {
        "street_name": "Cherche Midi",
        "street_numbers": [
          "31"
        ]
      }
    ],
    "box": [
      457,
      403,
      351,
      23
    ],
    "checked": true,
    "id": 413,
    "origin": "human",
    "parent": 390,
    "persons": [
      "Suard (Mlle)"
    ],
    "score": 1,
    "text_ocr": "##Suard (Mlle)##, ££cout.££ @@Cherche Midi@@, $$31$$.",
    "type": "ENTRY"
  },
  {
    "EOL": false,
    "box": [
      457,
      426,
      338,
      22
    ],
    "id": 416,
    "indented": true,
    "parent": 415,
    "text": "",
    "type": "LINE"
  },
  {
    "addresses": [
      {
        "street_name": "Temple",
        "street_numbers": [
          "33"
        ]
      }
    ],
    "box": [
      457,
      426,
      338,
      22
    ],
    "checked": true,
    "id": 415,
    "origin": "human",
    "parent": 390,
    "persons": [
      "Subercy"
    ],
    "score": 0.9166666666666667,
    "text_ocr": "##Subercy##, ££chap. de soie££, @@Temple@@, $$33$$.\n",
    "type": "ENTRY"
  },
  {
    "EOL": false,
    "box": [
      457,
      446,
      383,
      22
    ],
    "id": 418,
    "indented": true,
    "parent": 417,
    "text": "",
    "type": "LINE"
  },
  {
    "addresses": [
      {
        "street_name": "q. des Cél.",
        "street_numbers": [
          "10"
        ]
      }
    ],
    "box": [
      457,
      446,
      383,
      22
    ],
    "checked": true,
    "id": 417,
    "origin": "human",
    "parent": 390,
    "persons": [
      "Subert fils ainé"
    ],
    "score": 0.5,
    "text_ocr": "##Subert fils ainé##, ££ch. de bois££, @@q. des Cél.@@, $$10$$.\n",
    "type": "ENTRY"
  },
  {
    "EOL": false,
    "box": [
      457,
      470,
      294,
      22
    ],
    "id": 420,
    "indented": true,
    "parent": 419,
    "text": "",
    "type": "LINE"
  },
  {
    "addresses": [
      {
        "street_name": "Cadet",
        "street_numbers": [
          "19"
        ]
      }
    ],
    "box": [
      457,
      470,
      294,
      22
    ],
    "checked": true,
    "id": 419,
    "origin": "human",
    "parent": 390,
    "persons": [
      "Subervic (le général)"
    ],
    "score": 1,
    "text_ocr": "##Subervic (le général)##, @@Cadet@@, $$19$$.\n",
    "type": "ENTRY"
  },
  {
    "EOL": false,
    "box": [
      456,
      493,
      247,
      20
    ],
    "id": 422,
    "indented": true,
    "parent": 421,
    "text": "",
    "type": "LINE"
  },
  {
    "addresses": [
      {
        "street_name": "Cadet",
        "street_numbers": [
          "19"
        ]
      }
    ],
    "box": [
      456,
      493,
      247,
      20
    ],
    "checked": true,
    "id": 421,
    "origin": "human",
    "parent": 390,
    "persons": [
      "Subervic"
    ],
    "score": 1,
    "text_ocr": "##Subervic##, ££méd.££, @@Cadet@@, $$19$$.\n",
    "type": "ENTRY"
  },
  {
    "EOL": false,
    "box": [
      457,
      515,
      354,
      20
    ],
    "id": 424,
    "indented": true,
    "parent": 423,
    "text": "",
    "type": "LINE"
  },
  {
    "addresses": [
      {
        "street_name": "Chaussée d'Antin",
        "street_numbers": [
          "16"
        ]
      }
    ],
    "box": [
      457,
      515,
      354,
      20
    ],
    "checked": true,
    "id": 423,
    "origin": "human",
    "parent": 390,
    "persons": [
      "Subrenat"
    ],
    "score": 1,
    "text_ocr": "##Subrenat##, ££bott.££ @@Chaussée d'Antin@@, $$16$$.",
    "type": "ENTRY"
  },
  {
    "EOL": false,
    "box": [
      456,
      537,
      351,
      22
    ],
    "id": 426,
    "indented": true,
    "parent": 425,
    "text": "",
    "type": "LINE"
  },
  {
    "addresses": [
      {
        "street_name": "St Méry",
        "street_numbers": [
          "16"
        ]
      }
    ],
    "box": [
      456,
      537,
      351,
      22
    ],
    "checked": true,
    "id": 425,
    "origin": "human",
    "parent": 390,
    "persons": [
      "Subtil (Vve)"
    ],
    "score": 0.5,
    "text_ocr": "##Subtil (Vve)##, ££bij. en or££, @@St Méry@@, $$16$$.\n",
    "type": "ENTRY"
  },
  {
    "EOL": false,
    "box": [
      456,
      559,
      320,
      21
    ],
    "id": 428,
    "indented": true,
    "parent": 427,
    "text": "",
    "type": "LINE"
  },
  {
    "addresses": [
      {
        "street_name": "Montgollier",
        "street_numbers": [
          "8"
        ]
      }
    ],
    "box": [
      456,
      559,
      320,
      21
    ],
    "checked": true,
    "id": 427,
    "origin": "human",
    "parent": 390,
    "persons": [
      "Subtil fils"
    ],
    "score": 0.9545454545454546,
    "text_ocr": "##Subtil fils##, ££bouch.££ @@Montgollier@@, $$8$$.\n",
    "type": "ENTRY"
  },
  {
    "EOL": false,
    "box": [
      457,
      581,
      386,
      22
    ],
    "id": 430,
    "indented": true,
    "parent": 429,
    "text": "",
    "type": "LINE"
  },
  {
    "EOL": false,
    "box": [
      480,
      603,
      175,
      20
    ],
    "id": 431,
    "indented": false,
    "parent": 429,
    "text": "",
    "type": "LINE"
  },
  {
    "addresses": [
      {
        "street_name": "Notre Dame de\nBonne Nouvelle",
        "street_numbers": [
          "7"
        ]
      }
    ],
    "box": [
      457,
      581,
      386,
      42
    ],
    "checked": true,
    "id": 429,
    "origin": "human",
    "parent": 390,
    "persons": [
      "Subtil (P. N.)"
    ],
    "score": 0.9821428571428572,
    "text_ocr": "##Subtil (P. N.)##, ££bouch.££ @@Notre Dame de\nBonne Nouvelle@@, $$7$$.\n",
    "type": "ENTRY"
  },
  {
    "EOL": false,
    "box": [
      457,
      625,
      384,
      23
    ],
    "id": 433,
    "indented": true,
    "parent": 432,
    "text": "",
    "type": "LINE"
  },
  {
    "addresses": [
      {
        "street_name": "St Nicol. d’Ant.",
        "street_numbers": [
          "14"
        ]
      }
    ],
    "box": [
      457,
      625,
      384,
      23
    ],
    "checked": true,
    "id": 432,
    "origin": "human",
    "parent": 390,
    "persons": [
      "Subtil (Mad.)"
    ],
    "score": 0.8,
    "text_ocr": "##Subtil (Mad.)##, ££merc.££ @@St Nicol. d’Ant.@@, $$14$$.\n",
    "type": "ENTRY"
  },
  {
    "EOL": false,
    "box": [
      457,
      648,
      315,
      23
    ],
    "id": 435,
    "indented": true,
    "parent": 434,
    "text": "",
    "type": "LINE"
  },
  {
    "addresses": [
      {
        "street_name": "gal. Delorme",
        "street_numbers": [
          "31"
        ]
      }
    ],
    "box": [
      457,
      648,
      315,
      23
    ],
    "checked": true,
    "id": 434,
    "origin": "human",
    "parent": 390,
    "persons": [
      "Subtil"
    ],
    "score": 0.5,
    "text_ocr": "##Subtil##, ££parapl.££ @@gal. Delorme@@, $$31$$.\n",
    "type": "ENTRY"
  },
  {
    "EOL": false,
    "box": [
      457,
      670,
      332,
      23
    ],
    "id": 437,
    "indented": true,
    "parent": 436,
    "text": "",
    "type": "LINE"
  },
  {
    "addresses": [
      {
        "street_name": "Renard St Sauveur",
        "street_numbers": [
          "5"
        ]
      }
    ],
    "box": [
      457,
      670,
      332,
      23
    ],
    "checked": true,
    "id": 436,
    "origin": "human",
    "parent": 390,
    "persons": [
      "Subtil"
    ],
    "score": 0.5,
    "text_ocr": "##Subtil##, µµprop.µµ @@Renard St Sauveur@@, $$5$$.\n",
    "type": "ENTRY"
  },
  {
    "EOL": false,
    "box": [
      458,
      692,
      284,
      21
    ],
    "id": 439,
    "indented": true,
    "parent": 438,
    "text": "",
    "type": "LINE"
  },
  {
    "addresses": [
      {
        "street_name": "St Lazare",
        "street_numbers": [
          "96"
        ]
      }
    ],
    "box": [
      458,
      692,
      284,
      21
    ],
    "checked": true,
    "id": 438,
    "origin": "human",
    "parent": 390,
    "persons": [
      "Suchon"
    ],
    "score": 0.5,
    "text_ocr": "##Suchon##, ££coutel.££ @@St Lazare@@, $$96$$.\n",
    "type": "ENTRY"
  },
  {
    "EOL": false,
    "box": [
      457,
      713,
      357,
      22
    ],
    "id": 441,
    "indented": true,
    "parent": 440,
    "text": "",
    "type": "LINE"
  },
  {
    "addresses": [
      {
        "street_name": "Grenier St Lazare",
        "street_numbers": [
          "32"
        ]
      }
    ],
    "box": [
      457,
      713,
      357,
      22
    ],
    "checked": true,
    "id": 440,
    "origin": "human",
    "parent": 390,
    "persons": [
      "Sudau"
    ],
    "score": 0.5,
    "text_ocr": "##Sudau##, ££comest.££ @@Grenier St Lazare@@, $$32$$.\n",
    "type": "ENTRY"
  },
  {
    "EOL": false,
    "box": [
      457,
      736,
      309,
      21
    ],
    "id": 443,
    "indented": true,
    "parent": 442,
    "text": "",
    "type": "LINE"
  },
  {
    "addresses": [
      {
        "street_name": "Louis le Grand",
        "street_numbers": [
          "31"
        ]
      }
    ],
    "box": [
      457,
      736,
      309,
      21
    ],
    "checked": true,
    "id": 442,
    "origin": "human",
    "parent": 390,
    "persons": [
      "Sudre"
    ],
    "score": 1,
    "text_ocr": "##Sudre##, ££avoc.££ @@Louis le Grand@@, $$31$$.\n",
    "type": "ENTRY"
  },
  {
    "EOL": false,
    "box": [
      457,
      758,
      357,
      22
    ],
    "id": 445,
    "indented": true,
    "parent": 444,
    "text": "",
    "type": "LINE"
  },
  {
    "addresses": [
      {
        "street_name": "f. du Roule",
        "street_numbers": [
          "96"
        ]
      }
    ],
    "box": [
      457,
      758,
      357,
      22
    ],
    "checked": true,
    "id": 444,
    "origin": "human",
    "parent": 390,
    "persons": [
      "Sudre (Mad.)"
    ],
    "score": 0.5,
    "text_ocr": "##Sudre (Mad.)##, ££instit.££ @@f. du Roule@@, $$96$$.\n",
    "type": "ENTRY"
  },
  {
    "EOL": false,
    "box": [
      457,
      781,
      242,
      20
    ],
    "id": 447,
    "indented": true,
    "parent": 446,
    "text": "",
    "type": "LINE"
  },
  {
    "addresses": [
      {
        "street_name": "Descartes",
        "street_numbers": [
          "11"
        ]
      }
    ],
    "box": [
      457,
      781,
      242,
      20
    ],
    "checked": true,
    "id": 446,
    "origin": "human",
    "parent": 390,
    "persons": [
      "Sudre"
    ],
    "score": 0.5,
    "text_ocr": "##Sudre##, ££lib.££, @@Descartes@@, $$11$$.\n",
    "type": "ENTRY"
  },
  {
    "EOL": false,
    "box": [
      456,
      803,
      253,
      20
    ],
    "id": 449,
    "indented": true,
    "parent": 448,
    "text": "",
    "type": "LINE"
  },
  {
    "addresses": [
      {
        "street_name": "Lafayette",
        "street_numbers": [
          "57"
        ]
      }
    ],
    "box": [
      456,
      803,
      253,
      20
    ],
    "checked": true,
    "id": 448,
    "origin": "human",
    "parent": 390,
    "persons": [
      "Sudre"
    ],
    "score": 0.8888888888888888,
    "text_ocr": "##Sudre##, ££men.££ @@Lafayette@@, $$57$$.\n",
    "type": "ENTRY"
  },
  {
    "EOL": false,
    "box": [
      456,
      825,
      383,
      22
    ],
    "id": 451,
    "indented": true,
    "parent": 450,
    "text": "",
    "type": "LINE"
  },
  {
    "addresses": [
      {
        "street_name": "Coq St Hon.",
        "street_numbers": [
          "8"
        ]
      }
    ],
    "box": [
      456,
      825,
      383,
      22
    ],
    "checked": true,
    "id": 450,
    "origin": "human",
    "parent": 390,
    "persons": [
      "Sudrot (Alexand.)"
    ],
    "score": 0.25,
    "text_ocr": "##Sudrot (Alexand.)##, ££taill.££ @@Coq St Hon.@@, $$8$$.\n",
    "type": "ENTRY"
  },
  {
    "EOL": false,
    "box": [
      456,
      848,
      235,
      21
    ],
    "id": 453,
    "indented": true,
    "parent": 452,
    "text": "",
    "type": "LINE"
  },
  {
    "addresses": [
      {
        "street_name": "Laffitte",
        "street_numbers": [
          "10"
        ]
      }
    ],
    "box": [
      456,
      848,
      235,
      21
    ],
    "checked": true,
    "id": 452,
    "origin": "human",
    "parent": 390,
    "persons": [
      "Suet"
    ],
    "score": 0.35714285714285715,
    "text_ocr": "##Suet##, ££garni££, @@Laffitte@@, $$10$$.\n",
    "type": "ENTRY"
  },
  {
    "EOL": false,
    "box": [
      456,
      870,
      336,
      22
    ],
    "id": 455,
    "indented": true,
    "parent": 454,
    "text": "",
    "type": "LINE"
  },
  {
    "addresses": [
      {
        "street_name": "Tiquetonne",
        "street_numbers": [
          "16"
        ]
      }
    ],
    "box": [
      456,
      870,
      336,
      22
    ],
    "checked": true,
    "id": 454,
    "origin": "human",
    "parent": 390,
    "persons": [
      "Sueur (T.)"
    ],
    "score": 0.95,
    "text_ocr": "##Sueur (T.)##, ££corroy.££ @@Tiquetonne@@, $$16$$.\n",
    "type": "ENTRY"
  },
  {
    "EOL": false,
    "box": [
      456,
      892,
      319,
      23
    ],
    "id": 457,
    "indented": true,
    "parent": 456,
    "text": "",
    "type": "LINE"
  },
  {
    "addresses": [
      {
        "street_name": "Thibautodé",
        "street_numbers": [
          "7"
        ]
      }
    ],
    "box": [
      456,
      892,
      319,
      23
    ],
    "checked": true,
    "id": 456,
    "origin": "human",
    "parent": 390,
    "persons": [
      "Sueur"
    ],
    "score": 0.5,
    "text_ocr": "##Sueur##, ££pap. en g.££ @@Thibautodé@@, $$7$$.\n",
    "type": "ENTRY"
  },
  {
    "EOL": false,
    "box": [
      456,
      913,
      318,
      22
    ],
    "id": 459,
    "indented": true,
    "parent": 458,
    "text": "",
    "type": "LINE"
  },
  {
    "addresses": [
      {
        "street_name": "Gravilliers",
        "street_numbers": [
          "10"
        ]
      }
    ],
    "box": [
      456,
      913,
      318,
      22
    ],
    "checked": true,
    "id": 458,
    "origin": "human",
    "parent": 390,
    "persons": [
      "Sufflsais"
    ],
    "score": 1,
    "text_ocr": "##Sufflsais##, ££estamp.££ @@Gravilliers@@, $$10$$.\n",
    "type": "ENTRY"
  },
  {
    "EOL": false,
    "box": [
      455,
      936,
      349,
      21
    ],
    "id": 461,
    "indented": true,
    "parent": 460,
    "text": "",
    "type": "LINE"
  },
  {
    "addresses": [
      {
        "street_name": "b. Montmartre",
        "street_numbers": [
          "16"
        ]
      }
    ],
    "box": [
      455,
      936,
      349,
      21
    ],
    "checked": true,
    "id": 460,
    "origin": "human",
    "parent": 390,
    "persons": [
      "Suireau"
    ],
    "score": 1,
    "text_ocr": "##Suireau##, ££bronze££, @@b. Montmartre@@, $$16$$.\n",
    "type": "ENTRY"
  },
  {
    "EOL": false,
    "box": [
      456,
      959,
      334,
      20
    ],
    "id": 463,
    "indented": true,
    "parent": 462,
    "text": "",
    "type": "LINE"
  },
  {
    "addresses": [
      {
        "street_name": "q. des Orfèvres",
        "street_numbers": [
          "4"
        ]
      }
    ],
    "box": [
      456,
      959,
      334,
      20
    ],
    "checked": true,
    "id": 462,
    "origin": "human",
    "parent": 390,
    "persons": [
      "Suisse"
    ],
    "score": 0.5,
    "text_ocr": "##Suisse##, ££peint, a.££ @@q. des Orfèvres@@, $$4$$.\n",
    "type": "ENTRY"
  },
  {
    "EOL": false,
    "box": [
      457,
      980,
      364,
      22
    ],
    "id": 465,
    "indented": true,
    "parent": 464,
    "text": "",
    "type": "LINE"
  },
  {
    "addresses": [
      {
        "street_name": "q. St Michel",
        "street_numbers": [
          "15"
        ]
      }
    ],
    "box": [
      457,
      980,
      364,
      22
    ],
    "checked": true,
    "id": 464,
    "origin": "human",
    "parent": 390,
    "persons": [
      "Sulfart (Mad.)"
    ],
    "score": 0.5,
    "text_ocr": "##Sulfart (Mad.)##, ££brod.££, @@q. St Michel@@, $$15$$.\n",
    "type": "ENTRY"
  },
  {
    "EOL": false,
    "box": [
      456,
      1002,
      279,
      23
    ],
    "id": 467,
    "indented": true,
    "parent": 466,
    "text": "",
    "type": "LINE"
  },
  {
    "addresses": [
      {
        "street_name": "Mail",
        "street_numbers": [
          "14"
        ]
      }
    ],
    "box": [
      456,
      1002,
      279,
      23
    ],
    "checked": true,
    "id": 466,
    "origin": "human",
    "parent": 390,
    "persons": [
      "Sullyfrassati"
    ],
    "score": 1,
    "text_ocr": "##Sullyfrassati##, £££hotel££, @@Mail@@, $$14$$.\n",
    "type": "ENTRY"
  },
  {
    "EOL": false,
    "box": [
      456,
      1025,
      317,
      23
    ],
    "id": 469,
    "indented": true,
    "parent": 468,
    "text": "",
    "type": "LINE"
  },
  {
    "addresses": [
      {
        "street_name": "Pavée",
        "street_numbers": [
          "8"
        ]
      }
    ],
    "box": [
      456,
      1025,
      317,
      23
    ],
    "checked": true,
    "id": 468,
    "origin": "human",
    "parent": 390,
    "persons": [
      "Suntrup"
    ],
    "score": 0.5,
    "text_ocr": "##Suntrup##, ££taill.££ @@Pavée@@, $$8$$, @@Marais@@.\n",
    "type": "ENTRY"
  },
  {
    "EOL": false,
    "box": [
      456,
      1048,
      299,
      21
    ],
    "id": 471,
    "indented": true,
    "parent": 470,
    "text": "",
    "type": "LINE"
  },
  {
    "addresses": [
      {
        "street_name": "d'Argenteuil",
        "street_numbers": [
          "8"
        ]
      }
    ],
    "box": [
      456,
      1048,
      299,
      21
    ],
    "checked": true,
    "id": 470,
    "origin": "human",
    "parent": 390,
    "persons": [
      "Sunyer"
    ],
    "score": 0.4166666666666667,
    "text_ocr": "##Sunyer##, ££tapiss.££, @@d'Argenteuil@@, $$8$$.\n",
    "type": "ENTRY"
  },
  {
    "EOL": false,
    "box": [
      456,
      1069,
      383,
      23
    ],
    "id": 473,
    "indented": true,
    "parent": 472,
    "text": "",
    "type": "LINE"
  },
  {
    "addresses": [
      {
        "street_name": "St Jacq. la Bouch.",
        "street_numbers": [
          "21"
        ]
      }
    ],
    "box": [
      456,
      1069,
      383,
      23
    ],
    "checked": true,
    "id": 472,
    "origin": "human",
    "parent": 390,
    "persons": [
      "Supersac (A.)"
    ],
    "score": 0.5,
    "text_ocr": "##Supersac (A.)##, ££coul.££ @@St Jacq. la Bouch.@@, $$21$$.\n",
    "type": "ENTRY"
  },
  {
    "EOL": false,
    "box": [
      456,
      1091,
      337,
      22
    ],
    "id": 475,
    "indented": true,
    "parent": 474,
    "text": "",
    "type": "LINE"
  },
  {
    "addresses": [
      {
        "street_name": "Nve St Jean",
        "street_numbers": [
          "3 et 5"
        ]
      }
    ],
    "box": [
      456,
      1091,
      337,
      22
    ],
    "checked": true,
    "id": 474,
    "origin": "human",
    "parent": 390,
    "persons": [
      "Supersac"
    ],
    "score": 0.5,
    "text_ocr": "##Supersac##, ££coul.££ @@Nve St Jean@@, $$3 et 5$$.\n",
    "type": "ENTRY"
  },
  {
    "EOL": false,
    "box": [
      456,
      1113,
      285,
      22
    ],
    "id": 477,
    "indented": true,
    "parent": 476,
    "text": "",
    "type": "LINE"
  },
  {
    "addresses": [
      {
        "street_name": "Mauconseil",
        "street_numbers": [
          "9"
        ]
      }
    ],
    "box": [
      456,
      1113,
      285,
      22
    ],
    "checked": true,
    "id": 476,
    "origin": "human",
    "parent": 390,
    "persons": [
      "Supertus"
    ],
    "score": 0.5,
    "text_ocr": "##Supertus##, ££méd.££, @@Mauconseil@@,$$9$$.\n",
    "type": "ENTRY"
  },
  {
    "EOL": false,
    "box": [
      456,
      1135,
      386,
      22
    ],
    "id": 479,
    "indented": true,
    "parent": 478,
    "text": "",
    "type": "LINE"
  },
  {
    "addresses": [
      {
        "street_name": "Fossés St Marcel",
        "street_numbers": [
          "15"
        ]
      }
    ],
    "box": [
      456,
      1135,
      386,
      22
    ],
    "checked": true,
    "id": 478,
    "origin": "human",
    "parent": 390,
    "persons": [
      "Surant (Ve)"
    ],
    "score": 0.5,
    "text_ocr": "##Surant (Ve)##, µµprop.µµ @@Fossés St Marcel@@, $$15$$.\n",
    "type": "ENTRY"
  },
  {
    "EOL": false,
    "box": [
      456,
      1157,
      292,
      22
    ],
    "id": 481,
    "indented": true,
    "parent": 480,
    "text": "",
    "type": "LINE"
  },
  {
    "addresses": [
      {
        "street_name": "Ste Avoye",
        "street_numbers": [
          "69"
        ]
      }
    ],
    "box": [
      456,
      1157,
      292,
      22
    ],
    "checked": true,
    "id": 480,
    "origin": "human",
    "parent": 390,
    "persons": [
      "Surbled"
    ],
    "score": 0.5,
    "text_ocr": "##Surbled##, ££pellet.££ @@Ste Avoye@@, $$69$$.\n",
    "type": "ENTRY"
  },
  {
    "EOL": false,
    "box": [
      456,
      1179,
      386,
      23
    ],
    "id": 483,
    "indented": true,
    "parent": 482,
    "text": "",
    "type": "LINE"
  },
  {
    "addresses": [
      {
        "street_name": "Paradis Poissonnière",
        "street_numbers": [
          "58"
        ]
      }
    ],
    "box": [
      456,
      1179,
      386,
      23
    ],
    "checked": true,
    "id": 482,
    "origin": "human",
    "parent": 390,
    "persons": [
      "Surbled"
    ],
    "score": 0.5,
    "text_ocr": "##Surbled##, ££instit.££ @@Paradis Poissonnière@@, $$58$$.\n",
    "type": "ENTRY"
  },
  {
    "EOL": false,
    "box": [
      456,
      1202,
      284,
      20
    ],
    "id": 485,
    "indented": true,
    "parent": 484,
    "text": "",
    "type": "LINE"
  },
  {
    "addresses": [
      {
        "street_name": "Cherche Midi",
        "street_numbers": [
          "72"
        ]
      }
    ],
    "box": [
      456,
      1202,
      284,
      20
    ],
    "checked": true,
    "id": 484,
    "origin": "human",
    "parent": 390,
    "persons": [
      "Surel"
    ],
    "score": 0.9583333333333333,
    "text_ocr": "##Surel##, ££serr.££ @@Cherche Midi@@, $$72$$.\n",
    "type": "ENTRY"
  },
  {
    "EOL": false,
    "box": [
      456,
      1224,
      278,
      20
    ],
    "id": 487,
    "indented": true,
    "parent": 486,
    "text": "",
    "type": "LINE"
  },
  {
    "addresses": [
      {
        "street_name": "île St Louis",
        "street_numbers": [
          "68"
        ]
      }
    ],
    "box": [
      456,
      1224,
      278,
      20
    ],
    "checked": true,
    "id": 486,
    "origin": "human",
    "parent": 390,
    "persons": [
      "Suret"
    ],
    "score": 0.3,
    "text_ocr": "##Suret##, ££avoc.££ @@île St Louis@@, $$68$$,\n",
    "type": "ENTRY"
  },
  {
    "EOL": false,
    "box": [
      456,
      1246,
      321,
      21
    ],
    "id": 489,
    "indented": true,
    "parent": 488,
    "text": "",
    "type": "LINE"
  },
  {
    "addresses": [
      {
        "street_name": "île St Louis",
        "street_numbers": [
          "68"
        ]
      }
    ],
    "box": [
      456,
      1246,
      321,
      21
    ],
    "checked": true,
    "id": 488,
    "origin": "human",
    "parent": 390,
    "persons": [
      "Suret"
    ],
    "score": 0.5,
    "text_ocr": "##Suret##, ££prof. d'éc.££ @@île St Louis@@, $$68$$.\n",
    "type": "ENTRY"
  },
  {
    "EOL": false,
    "box": [
      456,
      1267,
      353,
      22
    ],
    "id": 491,
    "indented": true,
    "parent": 490,
    "text": "",
    "type": "LINE"
  },
  {
    "addresses": [
      {
        "street_name": "St Honoré",
        "street_numbers": [
          "230"
        ]
      }
    ],
    "box": [
      456,
      1267,
      353,
      22
    ],
    "checked": true,
    "id": 490,
    "origin": "human",
    "parent": 390,
    "persons": [
      "Surgi (Mad.)"
    ],
    "score": 0.5,
    "text_ocr": "##Surgi (Mad.)##, ££hotel££, @@St Honoré@@, $$230$$.\n",
    "type": "ENTRY"
  },
  {
    "EOL": false,
    "box": [
      455,
      1291,
      269,
      21
    ],
    "id": 493,
    "indented": true,
    "parent": 492,
    "text": "",
    "type": "LINE"
  },
  {
    "addresses": [
      {
        "street_name": "St Denis",
        "street_numbers": [
          "262"
        ]
      }
    ],
    "box": [
      455,
      1291,
      269,
      21
    ],
    "checked": true,
    "id": 492,
    "origin": "human",
    "parent": 390,
    "persons": [
      "Surivet"
    ],
    "score": 0.5,
    "text_ocr": "##Surivet##, ££épic.££ @@St Denis@@, $$262$$.\n",
    "type": "ENTRY"
  },
  {
    "EOL": false,
    "box": [
      456,
      1312,
      342,
      22
    ],
    "id": 495,
    "indented": true,
    "parent": 494,
    "text": "",
    "type": "LINE"
  },
  {
    "addresses": [
      {
        "street_name": "f. Poissonnière",
        "street_numbers": [
          "3 bis"
        ]
      }
    ],
    "box": [
      456,
      1312,
      342,
      22
    ],
    "checked": true,
    "id": 494,
    "origin": "human",
    "parent": 390,
    "persons": [
      "Surmay"
    ],
    "score": 1,
    "text_ocr": "##Surmay##, ££épic.££ @@f. Poissonnière@@, $$3 bis$$.\n",
    "type": "ENTRY"
  },
  {
    "EOL": false,
    "box": [
      456,
      1335,
      389,
      21
    ],
    "id": 497,
    "indented": true,
    "parent": 496,
    "text": "",
    "type": "LINE"
  },
  {
    "addresses": [
      {
        "street_name": "f. St Honoré",
        "street_numbers": [
          "46 bis"
        ]
      }
    ],
    "box": [
      456,
      1335,
      389,
      21
    ],
    "checked": true,
    "id": 496,
    "origin": "human",
    "parent": 390,
    "persons": [
      "Surmont"
    ],
    "score": 0.5,
    "text_ocr": "##Surmont##, ££peint. v.££ @@f. St Honoré@@, $$46 bis$$.\n",
    "type": "ENTRY"
  },
  {
    "EOL": false,
    "box": [
      455,
      1357,
      391,
      22
    ],
    "id": 499,
    "indented": true,
    "parent": 498,
    "text": "",
    "type": "LINE"
  },
  {
    "EOL": false,
    "box": [
      479,
      1379,
      104,
      17
    ],
    "id": 500,
    "indented": false,
    "parent": 498,
    "text": "",
    "type": "LINE"
  },
  {
    "addresses": [
      {
        "street_name": "Bertin\nPoirée",
        "street_numbers": [
          "22"
        ]
      }
    ],
    "box": [
      455,
      1357,
      391,
      39
    ],
    "checked": true,
    "id": 498,
    "origin": "human",
    "parent": 390,
    "persons": [
      "Surmont, Brebien et Collin"
    ],
    "score": 1,
    "text_ocr": "##Surmont, Brebien et Collin##, ££toiles££, @@Bertin\nPoirée@@ $$22$$.\n",
    "type": "ENTRY"
  },
  {
    "EOL": false,
    "box": [
      455,
      1401,
      360,
      21
    ],
    "id": 502,
    "indented": true,
    "parent": 501,
    "text": "",
    "type": "LINE"
  },
  {
    "addresses": [
      {
        "street_name": "Saint-Denis",
        "street_numbers": [
          "258"
        ]
      }
    ],
    "box": [
      455,
      1401,
      360,
      21
    ],
    "checked": true,
    "id": 501,
    "origin": "human",
    "parent": 390,
    "persons": [
      "Surrel-Monteil"
    ],
    "score": 0.5,
    "text_ocr": "##Surrel-Monteil##, ££dentel.££, @@Saint-Denis@@, $$258$$.\n",
    "type": "ENTRY"
  },
  {
    "EOL": false,
    "box": [
      456,
      1422,
      342,
      22
    ],
    "id": 504,
    "indented": true,
    "parent": 503,
    "text": "",
    "type": "LINE"
  },
  {
    "addresses": [
      {
        "street_name": "St Dominiq d'Enfer",
        "street_numbers": [
          "17"
        ]
      }
    ],
    "box": [
      456,
      1422,
      342,
      22
    ],
    "checked": true,
    "id": 503,
    "origin": "human",
    "parent": 390,
    "persons": [
      "Surry"
    ],
    "score": 0.5,
    "text_ocr": "##Surry##, ££lib££, @@St Dominiq d'Enfer@@, $$17$$.\n",
    "type": "ENTRY"
  },
  {
    "EOL": false,
    "box": [
      456,
      1444,
      377,
      22
    ],
    "id": 506,
    "indented": true,
    "parent": 505,
    "text": "",
    "type": "LINE"
  },
  {
    "addresses": [
      {
        "street_name": "V. Augustins",
        "street_numbers": [
          "36"
        ]
      }
    ],
    "box": [
      456,
      1444,
      377,
      22
    ],
    "checked": true,
    "id": 505,
    "origin": "human",
    "parent": 390,
    "persons": [
      "Surville jeune"
    ],
    "score": 0.5,
    "text_ocr": "##Surville jeune##, ££charc.££ @@V. Augustins@@, $$36$$.\n",
    "type": "ENTRY"
  },
  {
    "EOL": false,
    "box": [
      456,
      1467,
      280,
      20
    ],
    "id": 508,
    "indented": true,
    "parent": 507,
    "text": "",
    "type": "LINE"
  },
  {
    "addresses": [
      {
        "street_name": "Bac",
        "street_numbers": [
          "72"
        ]
      }
    ],
    "box": [
      456,
      1467,
      280,
      20
    ],
    "checked": true,
    "id": 507,
    "origin": "human",
    "parent": 390,
    "persons": [
      "Surville aîné"
    ],
    "score": 1,
    "text_ocr": "##Surville aîné##, ££charc.££ @@Bac@@, $$72$$.\n",
    "type": "ENTRY"
  },
  {
    "EOL": false,
    "box": [
      456,
      1487,
      389,
      24
    ],
    "id": 510,
    "indented": true,
    "parent": 509,
    "text": "",
    "type": "LINE"
  },
  {
    "addresses": [
      {
        "street_name": "Ne du Colomb",
        "street_numbers": [
          "2"
        ]
      }
    ],
    "box": [
      456,
      1487,
      389,
      24
    ],
    "checked": true,
    "id": 509,
    "origin": "human",
    "parent": 390,
    "persons": [
      "Surville (Mad.)"
    ],
    "score": 0.5,
    "text_ocr": "##Surville (Mad.)##, ££sage-f.££ @@Ne du Colomb@@ $$2$$.\n",
    "type": "ENTRY"
  },
  {
    "EOL": false,
    "box": [
      456,
      1512,
      260,
      19
    ],
    "id": 512,
    "indented": true,
    "parent": 511,
    "text": "",
    "type": "LINE"
  },
  {
    "addresses": [
      {
        "street_name": "Sèvres",
        "street_numbers": [
          "105"
        ]
      }
    ],
    "box": [
      456,
      1512,
      260,
      19
    ],
    "checked": true,
    "id": 511,
    "origin": "human",
    "parent": 390,
    "persons": [
      "Surville"
    ],
    "score": 1,
    "text_ocr": "##Surville##, ££teint.££ @@Sèvres@@, $$105$$.\n",
    "type": "ENTRY"
  },
  {
    "EOL": false,
    "box": [
      456,
      1531,
      323,
      24
    ],
    "id": 514,
    "indented": true,
    "parent": 513,
    "text": "",
    "type": "LINE"
  },
  {
    "addresses": [
      {
        "street_name": "Houssaie",
        "street_numbers": [
          "6"
        ]
      }
    ],
    "box": [
      456,
      1531,
      323,
      24
    ],
    "checked": true,
    "id": 513,
    "origin": "human",
    "parent": 390,
    "persons": [
      "Surville (Mad)"
    ],
    "score": 0.5,
    "text_ocr": "##Surville (Mad)##, µµprop.µµ @@Houssaie@@, $$6$$.\n",
    "type": "ENTRY"
  },
  {
    "EOL": false,
    "box": [
      456,
      1551,
      389,
      24
    ],
    "id": 516,
    "indented": true,
    "parent": 515,
    "text": "",
    "type": "LINE"
  },
  {
    "addresses": [
      {
        "street_name": "Macons Sorb",
        "street_numbers": [
          "3"
        ]
      }
    ],
    "box": [
      456,
      1551,
      389,
      24
    ],
    "checked": true,
    "id": 515,
    "origin": "human",
    "parent": 390,
    "persons": [
      "Susemihl"
    ],
    "score": 0.5,
    "text_ocr": "##Susemihl##, ££cirier-model.££ @@Macons Sorb@@, $$3$$.\n",
    "type": "ENTRY"
  },
  {
    "EOL": false,
    "box": [
      456,
      1575,
      354,
      23
    ],
    "id": 518,
    "indented": true,
    "parent": 517,
    "text": "",
    "type": "LINE"
  },
  {
    "addresses": [
      {
        "street_name": "boul. Bonne Nouv.",
        "street_numbers": [
          "7"
        ]
      }
    ],
    "box": [
      456,
      1575,
      354,
      23
    ],
    "checked": true,
    "id": 517,
    "origin": "human",
    "parent": 390,
    "persons": [
      "Suser"
    ],
    "score": 0.75,
    "text_ocr": "##Suser##, ££chauss.££ @@boul. Bonne Nouv.@@ $$7$$.\n",
    "type": "ENTRY"
  },
  {
    "EOL": false,
    "box": [
      456,
      1599,
      216,
      19
    ],
    "id": 520,
    "indented": true,
    "parent": 519,
    "text": "",
    "type": "LINE"
  },
  {
    "addresses": [
      {
        "street_name": "Sartine",
        "street_numbers": [
          "1"
        ]
      }
    ],
    "box": [
      456,
      1599,
      216,
      19
    ],
    "checked": true,
    "id": 519,
    "origin": "human",
    "parent": 390,
    "persons": [
      "Susse"
    ],
    "score": 0.8571428571428572,
    "text_ocr": "##Susse##, ££men.££, @@Sartine@@, $$1$$.\n",
    "type": "ENTRY"
  },
  {
    "box": [
      452,
      163,
      394,
      1455
    ],
    "id": 390,
    "parent": 389,
    "type": "COLUMN_LEVEL_2"
  },
  {
    "box": [
      452,
      163,
      394,
      1455
    ],
    "id": 389,
    "parent": 388,
    "type": "SECTION_LEVEL_2"
  },
  {
    "box": [
      452,
      163,
      394,
      1455
    ],
    "id": 388,
    "parent": 258,
    "type": "COLUMN_LEVEL_1"
  },
  {
    "box": [
      48,
      163,
      798,
      1455
    ],
    "id": 258,
    "parent": 256,
    "type": "SECTION_LEVEL_1"
  },
  {
    "box": [
      48,
      133,
      798,
      1485
    ],
    "id": 256,
    "type": "PAGE"
  }
]
