[
  {
    "box": [
      136,
      68,
      861,
      17
    ],
    "checked": false,
    "id": 257,
    "origin": "computer",
    "parent": 256,
    "text": "192 BIJOUTIERS EN OR.\n",
    "type": "TITLE_LEVEL_1"
  },
  {
    "EOL": false,
    "box": [
      161,
      99,
      406,
      20
    ],
    "id": 263,
    "indented": true,
    "parent": 262,
    "text": "",
    "type": "LINE"
  },
  {
    "EOL": false,
    "box": [
      141,
      121,
      428,
      20
    ],
    "id": 264,
    "indented": false,
    "parent": 262,
    "text": "",
    "type": "LINE"
  },
  {
    "EOL": false,
    "box": [
      140,
      142,
      318,
      21
    ],
    "id": 265,
    "indented": false,
    "parent": 262,
    "text": "",
    "type": "LINE"
  },
  {
    "addresses": [
      {
        "street_name": "r. Quincampoix",
        "street_numbers": [
          "#",
          "7"
        ]
      }
    ],
    "box": [
      140,
      99,
      429,
      64
    ],
    "checked": false,
    "id": 262,
    "ner_xml": "OnranxE et BixGaNT,<LOC>r. Quincampoix</LOC>,<CARDINAL>#</CARDINAL><CARDINAL>7</CARDINAL>.\nFab. le<ACT>peigne, le cachet en tout genre , et\nle bijou , à pierres et perles fines.\n</ACT>",
    "origin": "computer",
    "parent": 261,
    "persons": [],
    "text_ocr": "OnranxE et BixGaNT, r. Quincampoix , #7.\nFab. le peigne, le cachet en tout genre , et\nle bijou , à pierres et perles fines.\n",
    "type": "ENTRY"
  },
  {
    "EOL": false,
    "box": [
      161,
      164,
      407,
      38
    ],
    "id": 267,
    "indented": true,
    "parent": 266,
    "text": "",
    "type": "LINE"
  },
  {
    "EOL": false,
    "box": [
      141,
      206,
      427,
      22
    ],
    "id": 268,
    "indented": false,
    "parent": 266,
    "text": "",
    "type": "LINE"
  },
  {
    "EOL": false,
    "box": [
      141,
      229,
      100,
      15
    ],
    "id": 269,
    "indented": false,
    "parent": 266,
    "text": "",
    "type": "LINE"
  },
  {
    "addresses": [
      {
        "street_name": "pass: de la Réumion",
        "street_numbers": [
          "7"
        ]
      }
    ],
    "box": [
      141,
      164,
      427,
      80
    ],
    "checked": false,
    "id": 266,
    "ner_xml": "<PER>Osmoxp</PER>,<ACT>r.5t.-Martin</ACT>,<LOC>pass: de la Réumion</LOC>,\n<CARDINAL>7</CARDINAL>, maison Delaide.\n<ACT>Objets de fantaisie, parures, clefs</ACT>, ca-\nchets . etc.\n",
    "origin": "computer",
    "parent": 261,
    "persons": [
      "Osmoxp"
    ],
    "text_ocr": "Osmoxp, r.5t.-Martin, pass: de la Réumion,\n7, maison Delaide.\nObjets de fantaisie, parures, clefs, ca-\nchets . etc.\n",
    "type": "ENTRY"
  },
  {
    "EOL": false,
    "box": [
      161,
      249,
      342,
      20
    ],
    "id": 271,
    "indented": true,
    "parent": 270,
    "text": "",
    "type": "LINE"
  },
  {
    "addresses": [],
    "box": [
      161,
      249,
      342,
      20
    ],
    "checked": false,
    "id": 270,
    "ner_xml": "Ovuziize et Perit-JeAn,<ACT>q. Conti, /\n</ACT>",
    "origin": "computer",
    "parent": 261,
    "persons": [],
    "text_ocr": "Ovuziize et Perit-JeAn, q. Conti, /\n",
    "type": "ENTRY"
  },
  {
    "EOL": false,
    "box": [
      141,
      270,
      426,
      21
    ],
    "id": 273,
    "indented": true,
    "parent": 272,
    "text": "",
    "type": "LINE"
  },
  {
    "addresses": [],
    "box": [
      141,
      270,
      426,
      21
    ],
    "checked": false,
    "id": 272,
    "ner_xml": "<PER>Successeurs d'Halbont</PER>,<ACT>brjoutiers du Roi</ACT>,\n",
    "origin": "computer",
    "parent": 261,
    "persons": [
      "Successeurs d'Halbont"
    ],
    "text_ocr": "Successeurs d'Halbont, brjoutiers du Roi,\n",
    "type": "ENTRY"
  },
  {
    "EOL": false,
    "box": [
      141,
      291,
      428,
      17
    ],
    "id": 275,
    "indented": true,
    "parent": 274,
    "text": "",
    "type": "LINE"
  },
  {
    "addresses": [],
    "box": [
      141,
      291,
      428,
      17
    ],
    "checked": false,
    "id": 274,
    "ner_xml": "de sa chambre et de S.<TITRE>A. KR</TITRE>.<PER>Madame la\n</PER>",
    "origin": "computer",
    "parent": 261,
    "persons": [
      "Madame la\n"
    ],
    "text_ocr": "de sa chambre et de S. A. KR. Madame la\n",
    "type": "ENTRY"
  },
  {
    "EOL": false,
    "box": [
      144,
      313,
      424,
      22
    ],
    "id": 277,
    "indented": true,
    "parent": 276,
    "text": "",
    "type": "LINE"
  },
  {
    "addresses": [],
    "box": [
      144,
      313,
      424,
      22
    ],
    "checked": false,
    "id": 276,
    "ner_xml": "<PER>Dauphine</PER>; fab. les croix d'ordres et la Joant-\n",
    "origin": "computer",
    "parent": 261,
    "persons": [
      "Dauphine"
    ],
    "text_ocr": "Dauphine ; fab. les croix d'ordres et la Joant-\n",
    "type": "ENTRY"
  },
  {
    "EOL": false,
    "box": [
      141,
      337,
      46,
      14
    ],
    "id": 279,
    "indented": true,
    "parent": 278,
    "text": "",
    "type": "LINE"
  },
  {
    "addresses": [],
    "box": [
      141,
      337,
      46,
      14
    ],
    "checked": false,
    "id": 278,
    "ner_xml": "icrie.\n",
    "origin": "computer",
    "parent": 261,
    "persons": [],
    "text_ocr": "icrie.\n",
    "type": "ENTRY"
  },
  {
    "EOL": false,
    "box": [
      163,
      356,
      317,
      16
    ],
    "id": 281,
    "indented": true,
    "parent": 280,
    "text": "",
    "type": "LINE"
  },
  {
    "addresses": [
      {
        "street_name": "Maichel-le-Comte",
        "street_numbers": [
          "12"
        ]
      }
    ],
    "box": [
      163,
      356,
      317,
      16
    ],
    "checked": false,
    "id": 280,
    "ner_xml": "<TITRE>Disexié</TITRE>. Fr.<LOC>Maichel-le-Comte</LOC>.,<CARDINAL>12</CARDINAL>.\n",
    "origin": "computer",
    "parent": 261,
    "persons": [],
    "text_ocr": "Disexié. Fr. Maichel-le-Comte., 12.\n",
    "type": "ENTRY"
  },
  {
    "EOL": false,
    "box": [
      141,
      377,
      427,
      20
    ],
    "id": 283,
    "indented": true,
    "parent": 282,
    "text": "",
    "type": "LINE"
  },
  {
    "addresses": [],
    "box": [
      141,
      377,
      427,
      20
    ],
    "checked": false,
    "id": 282,
    "ner_xml": "Fait la boucle d'oreille et la pendeloque a\n",
    "origin": "computer",
    "parent": 261,
    "persons": [],
    "text_ocr": "Fait la boucle d'oreille et la pendeloque a\n",
    "type": "ENTRY"
  },
  {
    "EOL": false,
    "box": [
      142,
      399,
      424,
      21
    ],
    "id": 285,
    "indented": true,
    "parent": 284,
    "text": "",
    "type": "LINE"
  },
  {
    "addresses": [],
    "box": [
      142,
      399,
      424,
      21
    ],
    "checked": false,
    "id": 284,
    "ner_xml": "boules ,<TITRE>en‘coral, purpurine, bois de rose</TITRE>,\n",
    "origin": "computer",
    "parent": 261,
    "persons": [],
    "text_ocr": "boules , en‘coral, purpurine, bois de rose,\n",
    "type": "ENTRY"
  },
  {
    "EOL": false,
    "box": [
      141,
      420,
      425,
      20
    ],
    "id": 287,
    "indented": true,
    "parent": 286,
    "text": "",
    "type": "LINE"
  },
  {
    "addresses": [],
    "box": [
      141,
      420,
      425,
      20
    ],
    "checked": false,
    "id": 286,
    "ner_xml": "<ACT>émail, cornaline, jauis, perles Haroques et\n</ACT>",
    "origin": "computer",
    "parent": 261,
    "persons": [],
    "text_ocr": "émail, cornaline, jauis, perles Haroques et\n",
    "type": "ENTRY"
  },
  {
    "EOL": false,
    "box": [
      142,
      441,
      427,
      22
    ],
    "id": 289,
    "indented": true,
    "parent": 288,
    "text": "",
    "type": "LINE"
  },
  {
    "addresses": [],
    "box": [
      142,
      441,
      427,
      22
    ],
    "checked": false,
    "id": 288,
    "ner_xml": "<ACT>tous genres de pertes, fait aussi les poires\n</ACT>",
    "origin": "computer",
    "parent": 261,
    "persons": [],
    "text_ocr": "tous genres de pertes, fait aussi les poires\n",
    "type": "ENTRY"
  },
  {
    "EOL": false,
    "box": [
      142,
      463,
      341,
      20
    ],
    "id": 291,
    "indented": true,
    "parent": 290,
    "text": "",
    "type": "LINE"
  },
  {
    "addresses": [
      {
        "street_name": "croix et cadenas",
        "street_numbers": []
      }
    ],
    "box": [
      142,
      463,
      341,
      20
    ],
    "checked": false,
    "id": 290,
    "ner_xml": "longues,<ACT>colliers</ACT>,<LOC>croix et cadenas</LOC>.\n",
    "origin": "computer",
    "parent": 261,
    "persons": [],
    "text_ocr": "longues, colliers , croix et cadenas.\n",
    "type": "ENTRY"
  },
  {
    "EOL": false,
    "box": [
      165,
      485,
      208,
      17
    ],
    "id": 293,
    "indented": true,
    "parent": 292,
    "text": "",
    "type": "LINE"
  },
  {
    "addresses": [
      {
        "street_name": "r. Batlleul",
        "street_numbers": [
          "0"
        ]
      }
    ],
    "box": [
      165,
      485,
      208,
      17
    ],
    "checked": false,
    "id": 292,
    "ner_xml": "<PER>Panwxy</PER>,<LOC>r. Batlleul</LOC>,<CARDINAL>0</CARDINAL>.\n",
    "origin": "computer",
    "parent": 261,
    "persons": [
      "Panwxy"
    ],
    "text_ocr": "Panwxy, r. Batlleul, 0.\n",
    "type": "ENTRY"
  },
  {
    "EOL": false,
    "box": [
      141,
      506,
      142,
      21
    ],
    "id": 295,
    "indented": true,
    "parent": 294,
    "text": "",
    "type": "LINE"
  },
  {
    "addresses": [],
    "box": [
      141,
      506,
      142,
      21
    ],
    "checked": false,
    "id": 294,
    "ner_xml": "Fab. de bijoux.\n",
    "origin": "computer",
    "parent": 261,
    "persons": [],
    "text_ocr": "Fab. de bijoux.\n",
    "type": "ENTRY"
  },
  {
    "EOL": false,
    "box": [
      164,
      527,
      264,
      16
    ],
    "id": 297,
    "indented": true,
    "parent": 296,
    "text": "",
    "type": "LINE"
  },
  {
    "addresses": [],
    "box": [
      164,
      527,
      264,
      16
    ],
    "checked": false,
    "id": 296,
    "ner_xml": "<PER>Painsreox. r St-Denis. 30#.\n</PER>",
    "origin": "computer",
    "parent": 261,
    "persons": [
      "Painsreox. r St-Denis. 30#.\n"
    ],
    "text_ocr": "Painsreox. r St-Denis. 30#.\n",
    "type": "ENTRY"
  },
  {
    "EOL": false,
    "box": [
      139,
      548,
      429,
      21
    ],
    "id": 299,
    "indented": true,
    "parent": 298,
    "text": "",
    "type": "LINE"
  },
  {
    "addresses": [],
    "box": [
      139,
      548,
      429,
      21
    ],
    "checked": false,
    "id": 298,
    "ner_xml": "<PER>Joullier-brjoutier</PER>,<ACT>fab. et tient la nouveauté\n</ACT>",
    "origin": "computer",
    "parent": 261,
    "persons": [
      "Joullier-brjoutier"
    ],
    "text_ocr": "Joullier-brjoutier, fab. et tient la nouveauté\n",
    "type": "ENTRY"
  },
  {
    "EOL": false,
    "box": [
      140,
      570,
      205,
      20
    ],
    "id": 301,
    "indented": true,
    "parent": 300,
    "text": "",
    "type": "LINE"
  },
  {
    "addresses": [],
    "box": [
      140,
      570,
      205,
      20
    ],
    "checked": false,
    "id": 300,
    "ner_xml": "dans les deux parties,\n",
    "origin": "computer",
    "parent": 261,
    "persons": [],
    "text_ocr": "dans les deux parties,\n",
    "type": "ENTRY"
  },
  {
    "EOL": false,
    "box": [
      162,
      591,
      297,
      17
    ],
    "id": 303,
    "indented": true,
    "parent": 302,
    "text": "",
    "type": "LINE"
  },
  {
    "addresses": [
      {
        "street_name": "Papecuay",
        "street_numbers": []
      },
      {
        "street_name": "r. Montmartre",
        "street_numbers": [
          "50"
        ]
      }
    ],
    "box": [
      162,
      591,
      297,
      17
    ],
    "checked": false,
    "id": 302,
    "ner_xml": "<LOC>Papecuay</LOC>,<LOC>r. Montmartre</LOC>,<CARDINAL>50</CARDINAL>,\n",
    "origin": "computer",
    "parent": 261,
    "persons": [],
    "text_ocr": "Papecuay, r. Montmartre, 50,\n",
    "type": "ENTRY"
  },
  {
    "EOL": false,
    "box": [
      139,
      613,
      207,
      15
    ],
    "id": 305,
    "indented": true,
    "parent": 304,
    "text": "",
    "type": "LINE"
  },
  {
    "addresses": [],
    "box": [
      139,
      613,
      207,
      15
    ],
    "checked": false,
    "id": 304,
    "ner_xml": "<PER>Jomullerie et fantaisie</PER>.\n",
    "origin": "computer",
    "parent": 261,
    "persons": [
      "Jomullerie et fantaisie"
    ],
    "text_ocr": "Jomullerie et fantaisie.\n",
    "type": "ENTRY"
  },
  {
    "EOL": false,
    "box": [
      163,
      633,
      404,
      20
    ],
    "id": 307,
    "indented": true,
    "parent": 306,
    "text": "",
    "type": "LINE"
  },
  {
    "EOL": false,
    "box": [
      140,
      655,
      428,
      21
    ],
    "id": 308,
    "indented": false,
    "parent": 306,
    "text": "",
    "type": "LINE"
  },
  {
    "EOL": false,
    "box": [
      139,
      677,
      427,
      19
    ],
    "id": 309,
    "indented": false,
    "parent": 306,
    "text": "",
    "type": "LINE"
  },
  {
    "EOL": false,
    "box": [
      138,
      698,
      431,
      21
    ],
    "id": 310,
    "indented": false,
    "parent": 306,
    "text": "",
    "type": "LINE"
  },
  {
    "EOL": false,
    "box": [
      139,
      720,
      427,
      20
    ],
    "id": 311,
    "indented": false,
    "parent": 306,
    "text": "",
    "type": "LINE"
  },
  {
    "EOL": false,
    "box": [
      138,
      740,
      185,
      16
    ],
    "id": 312,
    "indented": false,
    "parent": 306,
    "text": "",
    "type": "LINE"
  },
  {
    "addresses": [
      {
        "street_name": "r. Croix-des-Petits-Champs",
        "street_numbers": [
          "#",
          "5"
        ]
      },
      {
        "street_name": "croix d'ordres pour incrustation . ete. :\nMH. 1819 et 1893\n",
        "street_numbers": []
      }
    ],
    "box": [
      138,
      633,
      431,
      123
    ],
    "checked": false,
    "id": 306,
    "ner_xml": "<PER>Panis ainé</PER>,<LOC>r. Croix-des-Petits-Champs</LOC>,<CARDINAL>#</CARDINAL><CARDINAL>5</CARDINAL>.\nBijouterie<ACT>nouvelle, ordres français et étran-\ngers ; il exécute en émail transparent ou opa-\nque des objets en miniature, fleurs , armoi\nries</ACT>,<LOC>croix d'ordres pour incrustation . ete. :\nMH. 1819 et 1893\n</LOC>",
    "origin": "computer",
    "parent": 261,
    "persons": [
      "Panis ainé"
    ],
    "text_ocr": "Panis ainé, r. Croix-des-Petits-Champs, #5.\nBijouterie nouvelle, ordres français et étran-\ngers ; il exécute en émail transparent ou opa-\nque des objets en miniature, fleurs , armoi\nries, croix d'ordres pour incrustation . ete. :\nMH. 1819 et 1893\n",
    "type": "ENTRY"
  },
  {
    "EOL": false,
    "box": [
      161,
      761,
      286,
      16
    ],
    "id": 314,
    "indented": true,
    "parent": 313,
    "text": "",
    "type": "LINE"
  },
  {
    "addresses": [],
    "box": [
      161,
      761,
      286,
      16
    ],
    "checked": false,
    "id": 313,
    "ner_xml": "<PER>Pisrere</PER>.<ACT>v. de la Monnaie . #</ACT>.\n",
    "origin": "computer",
    "parent": 261,
    "persons": [
      "Pisrere"
    ],
    "text_ocr": "Pisrere . v. de la Monnaie . #.\n",
    "type": "ENTRY"
  },
  {
    "EOL": false,
    "box": [
      139,
      783,
      323,
      20
    ],
    "id": 316,
    "indented": true,
    "parent": 315,
    "text": "",
    "type": "LINE"
  },
  {
    "addresses": [],
    "box": [
      139,
      783,
      323,
      20
    ],
    "checked": false,
    "id": 315,
    "ner_xml": "Fab. le<ACT>porte-cravon et la Innette.\n</ACT>",
    "origin": "computer",
    "parent": 261,
    "persons": [],
    "text_ocr": "Fab. le porte-cravon et la Innette.\n",
    "type": "ENTRY"
  },
  {
    "EOL": false,
    "box": [
      161,
      803,
      336,
      17
    ],
    "id": 318,
    "indented": true,
    "parent": 317,
    "text": "",
    "type": "LINE"
  },
  {
    "addresses": [
      {
        "street_name": "#",
        "street_numbers": [
          "4"
        ]
      }
    ],
    "box": [
      161,
      803,
      336,
      17
    ],
    "checked": false,
    "id": 317,
    "ner_xml": "<PER>Pauimier . r. de la Ferronnerie.</PER>,<LOC>#</LOC><CARDINAL>4</CARDINAL>.\n",
    "origin": "computer",
    "parent": 261,
    "persons": [
      "Pauimier . r. de la Ferronnerie."
    ],
    "text_ocr": "Pauimier . r. de la Ferronnerie., #4.\n",
    "type": "ENTRY"
  },
  {
    "EOL": false,
    "box": [
      138,
      825,
      428,
      21
    ],
    "id": 320,
    "indented": true,
    "parent": 319,
    "text": "",
    "type": "LINE"
  },
  {
    "addresses": [],
    "box": [
      138,
      825,
      428,
      21
    ],
    "checked": false,
    "id": 319,
    "ner_xml": "<PER>Fab</PER>,<ACT>d'instramens a vent, et le petit bijou\n</ACT>",
    "origin": "computer",
    "parent": 261,
    "persons": [
      "Fab"
    ],
    "text_ocr": "Fab, d'instramens a vent, et le petit bijou\n",
    "type": "ENTRY"
  },
  {
    "EOL": false,
    "box": [
      137,
      847,
      105,
      19
    ],
    "id": 322,
    "indented": true,
    "parent": 321,
    "text": "",
    "type": "LINE"
  },
  {
    "addresses": [],
    "box": [
      137,
      847,
      105,
      19
    ],
    "checked": false,
    "id": 321,
    "ner_xml": "en general.\n",
    "origin": "computer",
    "parent": 261,
    "persons": [],
    "text_ocr": "en general.\n",
    "type": "ENTRY"
  },
  {
    "EOL": false,
    "box": [
      160,
      868,
      324,
      19
    ],
    "id": 324,
    "indented": true,
    "parent": 323,
    "text": "",
    "type": "LINE"
  },
  {
    "addresses": [
      {
        "street_name": "r. St.-Martin",
        "street_numbers": [
          "195"
        ]
      }
    ],
    "box": [
      160,
      868,
      324,
      19
    ],
    "checked": false,
    "id": 323,
    "ner_xml": "<PER>Pauz (Aug. })</PER>,<LOC>r. St.-Martin</LOC>,<CARDINAL>195</CARDINAL>.\n",
    "origin": "computer",
    "parent": 261,
    "persons": [
      "Pauz (Aug. })"
    ],
    "text_ocr": "Pauz (Aug. }),r. St.-Martin , 195.\n",
    "type": "ENTRY"
  },
  {
    "EOL": false,
    "box": [
      140,
      889,
      193,
      21
    ],
    "id": 326,
    "indented": true,
    "parent": 325,
    "text": "",
    "type": "LINE"
  },
  {
    "addresses": [],
    "box": [
      140,
      889,
      193,
      21
    ],
    "checked": false,
    "id": 325,
    "ner_xml": "<ACT>Bijoutier €et joailhier</ACT>.\n",
    "origin": "computer",
    "parent": 261,
    "persons": [],
    "text_ocr": "Bijoutier €et joailhier.\n",
    "type": "ENTRY"
  },
  {
    "EOL": false,
    "box": [
      160,
      910,
      331,
      16
    ],
    "id": 328,
    "indented": true,
    "parent": 327,
    "text": "",
    "type": "LINE"
  },
  {
    "addresses": [],
    "box": [
      160,
      910,
      331,
      16
    ],
    "checked": false,
    "id": 327,
    "ner_xml": "<PER>Perrrem . r. Neuve St. -Martin.</PER><CARDINAL>27</CARDINAL>.\n",
    "origin": "computer",
    "parent": 261,
    "persons": [
      "Perrrem . r. Neuve St. -Martin."
    ],
    "text_ocr": "Perrrem . r. Neuve St. -Martin. 27.\n",
    "type": "ENTRY"
  },
  {
    "EOL": false,
    "box": [
      137,
      932,
      429,
      20
    ],
    "id": 330,
    "indented": true,
    "parent": 329,
    "text": "",
    "type": "LINE"
  },
  {
    "addresses": [],
    "box": [
      137,
      932,
      429,
      20
    ],
    "checked": false,
    "id": 329,
    "ner_xml": "<PER>Clefs</PER>,<ACT>cachets, breloques montées en pierres\n</ACT>",
    "origin": "computer",
    "parent": 261,
    "persons": [
      "Clefs"
    ],
    "text_ocr": "Clefs, cachets, breloques montées en pierres\n",
    "type": "ENTRY"
  },
  {
    "EOL": false,
    "box": [
      138,
      953,
      426,
      19
    ],
    "id": 332,
    "indented": true,
    "parent": 331,
    "text": "",
    "type": "LINE"
  },
  {
    "addresses": [],
    "box": [
      138,
      953,
      426,
      19
    ],
    "checked": false,
    "id": 331,
    "ner_xml": "<ACT>hnes , bagues chevalieres, ou cisele et autres</ACT>,\n",
    "origin": "computer",
    "parent": 261,
    "persons": [],
    "text_ocr": "hnes , bagues chevalieres, ou cisele et autres,\n",
    "type": "ENTRY"
  },
  {
    "EOL": false,
    "box": [
      137,
      974,
      427,
      20
    ],
    "id": 334,
    "indented": true,
    "parent": 333,
    "text": "",
    "type": "LINE"
  },
  {
    "addresses": [],
    "box": [
      137,
      974,
      427,
      20
    ],
    "checked": false,
    "id": 333,
    "ner_xml": "l'ouvrant ,<ACT>tel que fausses montres a cadrans</ACT>,\n",
    "origin": "computer",
    "parent": 261,
    "persons": [],
    "text_ocr": "l'ouvrant , tel que fausses montres a cadrans,\n",
    "type": "ENTRY"
  },
  {
    "EOL": false,
    "box": [
      137,
      995,
      334,
      20
    ],
    "id": 336,
    "indented": true,
    "parent": 335,
    "text": "",
    "type": "LINE"
  },
  {
    "addresses": [],
    "box": [
      137,
      995,
      334,
      20
    ],
    "checked": false,
    "id": 335,
    "ner_xml": "<ACT>médailles , épingles, fantaisie, etc.\n</ACT>",
    "origin": "computer",
    "parent": 261,
    "persons": [],
    "text_ocr": "médailles , épingles, fantaisie, etc.\n",
    "type": "ENTRY"
  },
  {
    "EOL": false,
    "box": [
      160,
      1016,
      250,
      17
    ],
    "id": 338,
    "indented": true,
    "parent": 337,
    "text": "",
    "type": "LINE"
  },
  {
    "addresses": [
      {
        "street_name": "PEpPIN",
        "street_numbers": []
      },
      {
        "street_name": "r. St.-Honore",
        "street_numbers": [
          "29"
        ]
      }
    ],
    "box": [
      160,
      1016,
      250,
      17
    ],
    "checked": false,
    "id": 337,
    "ner_xml": "<LOC>PEpPIN</LOC>.<LOC>r. St.-Honore</LOC>,<CARDINAL>29</CARDINAL>.\n",
    "origin": "computer",
    "parent": 261,
    "persons": [],
    "text_ocr": "PEpPIN. r. St.-Honore, 29.\n",
    "type": "ENTRY"
  },
  {
    "EOL": false,
    "box": [
      137,
      1038,
      141,
      20
    ],
    "id": 340,
    "indented": true,
    "parent": 339,
    "text": "",
    "type": "LINE"
  },
  {
    "addresses": [],
    "box": [
      137,
      1038,
      141,
      20
    ],
    "checked": false,
    "id": 339,
    "ner_xml": "<PER>Fab</PER>, de bijout,\n",
    "origin": "computer",
    "parent": 261,
    "persons": [
      "Fab"
    ],
    "text_ocr": "Fab, de bijout,\n",
    "type": "ENTRY"
  },
  {
    "EOL": false,
    "box": [
      158,
      1058,
      404,
      19
    ],
    "id": 342,
    "indented": true,
    "parent": 341,
    "text": "",
    "type": "LINE"
  },
  {
    "EOL": false,
    "box": [
      179,
      1081,
      88,
      17
    ],
    "id": 343,
    "indented": false,
    "parent": 341,
    "text": "",
    "type": "LINE"
  },
  {
    "addresses": [
      {
        "street_name": "r. Pavé Saint-Sau",
        "street_numbers": [
          "14"
        ]
      }
    ],
    "box": [
      158,
      1058,
      404,
      40
    ],
    "checked": false,
    "id": 341,
    "ner_xml": "<PER>Perrerien (Mlile,)</PER>,<LOC>r. Pavé Saint-Sau</LOC>:\n<ACT>veur</ACT>,<CARDINAL>14</CARDINAL>.\n",
    "origin": "computer",
    "parent": 261,
    "persons": [
      "Perrerien (Mlile,)"
    ],
    "text_ocr": "Perrerien (Mlile,), r. Pavé Saint-Sau:\nveur, 14.\n",
    "type": "ENTRY"
  },
  {
    "EOL": false,
    "box": [
      138,
      1101,
      230,
      16
    ],
    "id": 345,
    "indented": true,
    "parent": 344,
    "text": "",
    "type": "LINE"
  },
  {
    "addresses": [],
    "box": [
      138,
      1101,
      230,
      16
    ],
    "checked": false,
    "id": 344,
    "ner_xml": "<ACT>Pierres fines de couleur</ACT>.\n",
    "origin": "computer",
    "parent": 261,
    "persons": [],
    "text_ocr": "Pierres fines de couleur.\n",
    "type": "ENTRY"
  },
  {
    "EOL": false,
    "box": [
      157,
      1122,
      405,
      19
    ],
    "id": 347,
    "indented": true,
    "parent": 346,
    "text": "",
    "type": "LINE"
  },
  {
    "EOL": false,
    "box": [
      138,
      1144,
      225,
      20
    ],
    "id": 348,
    "indented": false,
    "parent": 346,
    "text": "",
    "type": "LINE"
  },
  {
    "addresses": [],
    "box": [
      138,
      1122,
      424,
      42
    ],
    "checked": false,
    "id": 346,
    "ner_xml": "<PER>Penrier</PER>,<ACT>r. de la Grande-Fruanderie</ACT>,<CARDINAL>90</CARDINAL>.\n<ACT>Fab. objets de fantaisie</ACT>,\n",
    "origin": "computer",
    "parent": 261,
    "persons": [
      "Penrier"
    ],
    "text_ocr": "Penrier, r. de la Grande-Fruanderie , 90.\nFab. objets de fantaisie,\n",
    "type": "ENTRY"
  },
  {
    "EOL": false,
    "box": [
      157,
      1165,
      286,
      15
    ],
    "id": 350,
    "indented": true,
    "parent": 349,
    "text": "",
    "type": "LINE"
  },
  {
    "addresses": [
      {
        "street_name": "r. St Honoré.",
        "street_numbers": [
          "1123"
        ]
      }
    ],
    "box": [
      157,
      1165,
      286,
      15
    ],
    "checked": false,
    "id": 349,
    "ner_xml": "<PER>Perireac.</PER>,<LOC>r. St Honoré.</LOC><CARDINAL>1123</CARDINAL>.\n",
    "origin": "computer",
    "parent": 261,
    "persons": [
      "Perireac."
    ],
    "text_ocr": "Perireac., r. St Honoré. 1123.\n",
    "type": "ENTRY"
  },
  {
    "EOL": false,
    "box": [
      137,
      1185,
      427,
      21
    ],
    "id": 352,
    "indented": true,
    "parent": 351,
    "text": "",
    "type": "LINE"
  },
  {
    "addresses": [],
    "box": [
      137,
      1185,
      427,
      21
    ],
    "checked": false,
    "id": 351,
    "ner_xml": "L'<ACT>une des premieres maisons de Paris pour\n</ACT>",
    "origin": "computer",
    "parent": 261,
    "persons": [],
    "text_ocr": "L'une des premieres maisons de Paris pour\n",
    "type": "ENTRY"
  },
  {
    "EOL": false,
    "box": [
      137,
      1207,
      264,
      20
    ],
    "id": 354,
    "indented": true,
    "parent": 353,
    "text": "",
    "type": "LINE"
  },
  {
    "addresses": [],
    "box": [
      137,
      1207,
      264,
      20
    ],
    "checked": false,
    "id": 353,
    "ner_xml": "la<ACT>bijouterie et la jJouilerie</ACT>.\n",
    "origin": "computer",
    "parent": 261,
    "persons": [],
    "text_ocr": "la bijouterie et la jJouilerie.\n",
    "type": "ENTRY"
  },
  {
    "EOL": false,
    "box": [
      158,
      1228,
      317,
      19
    ],
    "id": 356,
    "indented": true,
    "parent": 355,
    "text": "",
    "type": "LINE"
  },
  {
    "addresses": [],
    "box": [
      158,
      1228,
      317,
      19
    ],
    "checked": false,
    "id": 355,
    "ner_xml": "<PER>PETSCHLER</PER>,<ACT>r. de l'Arbre-Sec</ACT>,<CARDINAL>353</CARDINAL>.\n",
    "origin": "computer",
    "parent": 261,
    "persons": [
      "PETSCHLER"
    ],
    "text_ocr": "PETSCHLER, r. de l'Arbre-Sec, 353.\n",
    "type": "ENTRY"
  },
  {
    "EOL": false,
    "box": [
      137,
      1249,
      427,
      20
    ],
    "id": 358,
    "indented": true,
    "parent": 357,
    "text": "",
    "type": "LINE"
  },
  {
    "addresses": [],
    "box": [
      137,
      1249,
      427,
      20
    ],
    "checked": false,
    "id": 357,
    "ner_xml": "La bijouterie et la Joaillerie ,<ACT>boîtes d'or</ACT>, gar-\n",
    "origin": "computer",
    "parent": 261,
    "persons": [],
    "text_ocr": "La bijouterie et la Joaillerie , boîtes d'or, gar-\n",
    "type": "ENTRY"
  },
  {
    "EOL": false,
    "box": [
      137,
      1271,
      276,
      20
    ],
    "id": 360,
    "indented": true,
    "parent": 359,
    "text": "",
    "type": "LINE"
  },
  {
    "addresses": [],
    "box": [
      137,
      1271,
      276,
      20
    ],
    "checked": false,
    "id": 359,
    "ner_xml": "<ACT>mitures et bijoux de fantaisie</ACT>.\n",
    "origin": "computer",
    "parent": 261,
    "persons": [],
    "text_ocr": "mitures et bijoux de fantaisie.\n",
    "type": "ENTRY"
  },
  {
    "EOL": false,
    "box": [
      159,
      1292,
      354,
      20
    ],
    "id": 362,
    "indented": true,
    "parent": 361,
    "text": "",
    "type": "LINE"
  },
  {
    "addresses": [
      {
        "street_name": "place Sainte-Opportune",
        "street_numbers": [
          "13"
        ]
      }
    ],
    "box": [
      159,
      1292,
      354,
      20
    ],
    "checked": false,
    "id": 361,
    "ner_xml": "Picanb,<LOC>place Sainte-Opportune</LOC>,<CARDINAL>13</CARDINAL>\n",
    "origin": "computer",
    "parent": 261,
    "persons": [],
    "text_ocr": "Picanb, place Sainte-Opportune , 13\n",
    "type": "ENTRY"
  },
  {
    "EOL": false,
    "box": [
      136,
      1313,
      183,
      21
    ],
    "id": 364,
    "indented": true,
    "parent": 363,
    "text": "",
    "type": "LINE"
  },
  {
    "addresses": [],
    "box": [
      136,
      1313,
      183,
      21
    ],
    "checked": false,
    "id": 363,
    "ner_xml": "<ACT>Objets de fantaisie.\n</ACT>",
    "origin": "computer",
    "parent": 261,
    "persons": [],
    "text_ocr": "Objets de fantaisie.\n",
    "type": "ENTRY"
  },
  {
    "EOL": false,
    "box": [
      159,
      1334,
      245,
      17
    ],
    "id": 366,
    "indented": true,
    "parent": 365,
    "text": "",
    "type": "LINE"
  },
  {
    "addresses": [],
    "box": [
      159,
      1334,
      245,
      17
    ],
    "checked": false,
    "id": 365,
    "ner_xml": "<PER>Piizor</PER>,<PER>Palauis-Roval</PER>,<CARDINAL>39</CARDINAL>.\n",
    "origin": "computer",
    "parent": 261,
    "persons": [
      "Piizor",
      "Palauis-Roval"
    ],
    "text_ocr": "Piizor, Palauis-Roval , 39.\n",
    "type": "ENTRY"
  },
  {
    "EOL": false,
    "box": [
      159,
      1355,
      230,
      17
    ],
    "id": 368,
    "indented": true,
    "parent": 367,
    "text": "",
    "type": "LINE"
  },
  {
    "addresses": [
      {
        "street_name": "r. du Vert-bBois",
        "street_numbers": []
      }
    ],
    "box": [
      159,
      1355,
      230,
      17
    ],
    "checked": false,
    "id": 367,
    "ner_xml": "<PER>Przzoy.</PER>,<LOC>r. du Vert-bBois</LOC>.\n",
    "origin": "computer",
    "parent": 261,
    "persons": [
      "Przzoy."
    ],
    "text_ocr": "Przzoy., r. du Vert-bBois.\n",
    "type": "ENTRY"
  },
  {
    "EOL": false,
    "box": [
      137,
      1377,
      368,
      20
    ],
    "id": 370,
    "indented": true,
    "parent": 369,
    "text": "",
    "type": "LINE"
  },
  {
    "addresses": [],
    "box": [
      137,
      1377,
      368,
      20
    ],
    "checked": false,
    "id": 369,
    "ner_xml": "<PER>Joailhier</PER>,<ACT>admis a l'exposition de 182</ACT>.\n",
    "origin": "computer",
    "parent": 261,
    "persons": [
      "Joailhier"
    ],
    "text_ocr": "Joailhier, admis a l'exposition de 182.\n",
    "type": "ENTRY"
  },
  {
    "EOL": false,
    "box": [
      160,
      1399,
      237,
      15
    ],
    "id": 372,
    "indented": true,
    "parent": 371,
    "text": "",
    "type": "LINE"
  },
  {
    "addresses": [],
    "box": [
      160,
      1399,
      237,
      15
    ],
    "checked": false,
    "id": 371,
    "ner_xml": "<PER>PiwaRD. r. de Venise</PER>, O0.\n",
    "origin": "computer",
    "parent": 261,
    "persons": [
      "PiwaRD. r. de Venise"
    ],
    "text_ocr": "PiwaRD. r. de Venise, O0.\n",
    "type": "ENTRY"
  },
  {
    "EOL": false,
    "box": [
      139,
      1419,
      370,
      22
    ],
    "id": 374,
    "indented": true,
    "parent": 373,
    "text": "",
    "type": "LINE"
  },
  {
    "addresses": [],
    "box": [
      139,
      1419,
      370,
      22
    ],
    "checked": false,
    "id": 373,
    "ner_xml": "Fab. le peigne a guirlande et l'aigrette.\n",
    "origin": "computer",
    "parent": 261,
    "persons": [],
    "text_ocr": "Fab. le peigne a guirlande et l'aigrette.\n",
    "type": "ENTRY"
  },
  {
    "EOL": false,
    "box": [
      161,
      1440,
      354,
      17
    ],
    "id": 376,
    "indented": true,
    "parent": 375,
    "text": "",
    "type": "LINE"
  },
  {
    "addresses": [],
    "box": [
      161,
      1440,
      354,
      17
    ],
    "checked": false,
    "id": 375,
    "ner_xml": "<TITRE>Prune</TITRE>.<PER>r. du Cimetiere-St.-Nicolas</PER>,<CARDINAL>5</CARDINAL>.\n",
    "origin": "computer",
    "parent": 261,
    "persons": [
      "r. du Cimetiere-St.-Nicolas"
    ],
    "text_ocr": "Prune. r. du Cimetiere-St.-Nicolas, 5.\n",
    "type": "ENTRY"
  },
  {
    "EOL": false,
    "box": [
      140,
      1461,
      424,
      23
    ],
    "id": 378,
    "indented": true,
    "parent": 377,
    "text": "",
    "type": "LINE"
  },
  {
    "addresses": [],
    "box": [
      140,
      1461,
      424,
      23
    ],
    "checked": false,
    "id": 377,
    "ner_xml": "<PER>Bijoutier</PER>,<ACT>graveur, estampeur, fab., tient un\n</ACT>",
    "origin": "computer",
    "parent": 261,
    "persons": [
      "Bijoutier"
    ],
    "text_ocr": "Bijoutier , graveur, estampeur, fab., tient un\n",
    "type": "ENTRY"
  },
  {
    "EOL": false,
    "box": [
      139,
      1483,
      424,
      22
    ],
    "id": 380,
    "indented": true,
    "parent": 379,
    "text": "",
    "type": "LINE"
  },
  {
    "addresses": [],
    "box": [
      139,
      1483,
      424,
      22
    ],
    "checked": false,
    "id": 379,
    "ner_xml": "crand<ACT>assortiment de rosaces, de fleurs en or</ACT>,\n",
    "origin": "computer",
    "parent": 261,
    "persons": [],
    "text_ocr": "crand assortiment de rosaces, de fleurs en or,\n",
    "type": "ENTRY"
  },
  {
    "EOL": false,
    "box": [
      139,
      1504,
      421,
      21
    ],
    "id": 382,
    "indented": true,
    "parent": 381,
    "text": "",
    "type": "LINE"
  },
  {
    "addresses": [],
    "box": [
      139,
      1504,
      421,
      21
    ],
    "checked": false,
    "id": 381,
    "ner_xml": "de couleur on émaillées,<ACT>pour la bijouterie.\n</ACT>",
    "origin": "computer",
    "parent": 261,
    "persons": [],
    "text_ocr": "de couleur on émaillées, pour la bijouterie.\n",
    "type": "ENTRY"
  },
  {
    "box": [
      136,
      97,
      436,
      1428
    ],
    "id": 261,
    "parent": 260,
    "type": "COLUMN_LEVEL_2"
  },
  {
    "box": [
      136,
      97,
      436,
      1428
    ],
    "id": 260,
    "parent": 259,
    "type": "SECTION_LEVEL_2"
  },
  {
    "box": [
      136,
      97,
      436,
      1428
    ],
    "id": 259,
    "parent": 258,
    "type": "COLUMN_LEVEL_1"
  },
  {
    "EOL": false,
    "box": [
      608,
      100,
      306,
      21
    ],
    "id": 387,
    "indented": false,
    "parent": 386,
    "text": "",
    "type": "LINE"
  },
  {
    "addresses": [],
    "box": [
      608,
      100,
      306,
      21
    ],
    "checked": false,
    "id": 386,
    "ner_xml": "<PER>PIiNEL jeune</PER>,<ACT>r. du Poncean</ACT>,<CARDINAL>22</CARDINAL>?\n",
    "origin": "computer",
    "parent": 385,
    "persons": [
      "PIiNEL jeune"
    ],
    "text_ocr": "PIiNEL jeune, r. du Poncean, 22?\n",
    "type": "ENTRY"
  },
  {
    "EOL": false,
    "box": [
      587,
      121,
      408,
      25
    ],
    "id": 389,
    "indented": true,
    "parent": 388,
    "text": "",
    "type": "LINE"
  },
  {
    "addresses": [],
    "box": [
      587,
      121,
      408,
      25
    ],
    "checked": false,
    "id": 388,
    "ner_xml": "<ACT>bijoutier et joaillier, fait la parure, la no\n</ACT>",
    "origin": "computer",
    "parent": 385,
    "persons": [],
    "text_ocr": "bijoutier et joaillier, fait la parure, la no\n",
    "type": "ENTRY"
  },
  {
    "EOL": false,
    "box": [
      586,
      143,
      202,
      16
    ],
    "id": 391,
    "indented": true,
    "parent": 390,
    "text": "",
    "type": "LINE"
  },
  {
    "addresses": [],
    "box": [
      586,
      143,
      202,
      16
    ],
    "checked": false,
    "id": 390,
    "ner_xml": "<ACT>veaute ct la fantaisie</ACT>.\n",
    "origin": "computer",
    "parent": 385,
    "persons": [],
    "text_ocr": "veaute ct la fantaisie.\n",
    "type": "ENTRY"
  },
  {
    "EOL": false,
    "box": [
      607,
      164,
      286,
      19
    ],
    "id": 393,
    "indented": true,
    "parent": 392,
    "text": "",
    "type": "LINE"
  },
  {
    "addresses": [
      {
        "street_name": "r. Transnonain.",
        "street_numbers": [
          "12"
        ]
      }
    ],
    "box": [
      607,
      164,
      286,
      19
    ],
    "checked": false,
    "id": 392,
    "ner_xml": "<PER>PaNTREL</PER>,<LOC>r. Transnonain.</LOC><CARDINAL>12</CARDINAL>\n",
    "origin": "computer",
    "parent": 385,
    "persons": [
      "PaNTREL"
    ],
    "text_ocr": "PaNTREL , r. Transnonain. 12\n",
    "type": "ENTRY"
  },
  {
    "EOL": false,
    "box": [
      585,
      186,
      410,
      21
    ],
    "id": 395,
    "indented": true,
    "parent": 394,
    "text": "",
    "type": "LINE"
  },
  {
    "EOL": false,
    "box": [
      608,
      207,
      264,
      18
    ],
    "id": 396,
    "indented": false,
    "parent": 394,
    "text": "",
    "type": "LINE"
  },
  {
    "addresses": [
      {
        "street_name": "r. St.-Honoré",
        "street_numbers": [
          "172"
        ]
      }
    ],
    "box": [
      585,
      186,
      410,
      39
    ],
    "checked": false,
    "id": 394,
    "ner_xml": "Fait tout<ACT>le petit bijou à grains et la fantaisi\nPointer</ACT>,<LOC>r. St.-Honoré</LOC><CARDINAL>172</CARDINAL>%.\n",
    "origin": "computer",
    "parent": 385,
    "persons": [],
    "text_ocr": "Fait tout le petit bijou à grains et la fantaisi\nPointer, r. St.-Honoré 172%.\n",
    "type": "ENTRY"
  },
  {
    "EOL": false,
    "box": [
      587,
      228,
      356,
      22
    ],
    "id": 398,
    "indented": true,
    "parent": 397,
    "text": "",
    "type": "LINE"
  },
  {
    "addresses": [],
    "box": [
      587,
      228,
      356,
      22
    ],
    "checked": false,
    "id": 397,
    "ner_xml": "La<ACT>joaillerie et tonte Ja bijouterie</ACT>.  *\n",
    "origin": "computer",
    "parent": 385,
    "persons": [],
    "text_ocr": "La joaillerie et tonte Ja bijouterie.  *\n",
    "type": "ENTRY"
  },
  {
    "EOL": false,
    "box": [
      608,
      249,
      306,
      24
    ],
    "id": 400,
    "indented": true,
    "parent": 399,
    "text": "",
    "type": "LINE"
  },
  {
    "addresses": [],
    "box": [
      608,
      249,
      306,
      24
    ],
    "checked": false,
    "id": 399,
    "ner_xml": "<PER>Poxcy</PER>,<ACT>r. Geotfroy-l'Angevin</ACT>,<CARDINAL>3</CARDINAL>\n",
    "origin": "computer",
    "parent": 385,
    "persons": [
      "Poxcy"
    ],
    "text_ocr": "Poxcy, r. Geotfroy-l'Angevin, 3\n",
    "type": "ENTRY"
  },
  {
    "EOL": false,
    "box": [
      587,
      271,
      162,
      20
    ],
    "id": 402,
    "indented": true,
    "parent": 401,
    "text": "",
    "type": "LINE"
  },
  {
    "addresses": [],
    "box": [
      587,
      271,
      162,
      20
    ],
    "checked": false,
    "id": 401,
    "ner_xml": "<PER>Mat et la parure</PER>.\n",
    "origin": "computer",
    "parent": 385,
    "persons": [
      "Mat et la parure"
    ],
    "text_ocr": "Mat et la parure.\n",
    "type": "ENTRY"
  },
  {
    "EOL": false,
    "box": [
      609,
      292,
      275,
      19
    ],
    "id": 404,
    "indented": true,
    "parent": 403,
    "text": "",
    "type": "LINE"
  },
  {
    "addresses": [],
    "box": [
      609,
      292,
      275,
      19
    ],
    "checked": false,
    "id": 403,
    "ner_xml": "<PER>PORTAT</PER>,<ACT>r. de la Corderie.</ACT><CARDINAL>23</CARDINAL>\n",
    "origin": "computer",
    "parent": 385,
    "persons": [
      "PORTAT"
    ],
    "text_ocr": "PORTAT, r. de la Corderie. 23\n",
    "type": "ENTRY"
  },
  {
    "EOL": false,
    "box": [
      586,
      314,
      222,
      21
    ],
    "id": 406,
    "indented": true,
    "parent": 405,
    "text": "",
    "type": "LINE"
  },
  {
    "addresses": [],
    "box": [
      586,
      314,
      222,
      21
    ],
    "checked": false,
    "id": 405,
    "ner_xml": "La<ACT>parure et le peigne.\n</ACT>",
    "origin": "computer",
    "parent": 385,
    "persons": [],
    "text_ocr": "La parure et le peigne.\n",
    "type": "ENTRY"
  },
  {
    "EOL": false,
    "box": [
      608,
      335,
      262,
      22
    ],
    "id": 408,
    "indented": true,
    "parent": 407,
    "text": "",
    "type": "LINE"
  },
  {
    "addresses": [
      {
        "street_name": "r. Phelipeaux",
        "street_numbers": [
          "36"
        ]
      }
    ],
    "box": [
      608,
      335,
      262,
      22
    ],
    "checked": false,
    "id": 407,
    "ner_xml": "<PER>Possier</PER>,<LOC>r. Phelipeaux</LOC>,<CARDINAL>36</CARDINAL>\n",
    "origin": "computer",
    "parent": 385,
    "persons": [
      "Possier"
    ],
    "text_ocr": "Possier, r. Phelipeaux , 36\n",
    "type": "ENTRY"
  },
  {
    "EOL": false,
    "box": [
      584,
      356,
      177,
      20
    ],
    "id": 410,
    "indented": true,
    "parent": 409,
    "text": "",
    "type": "LINE"
  },
  {
    "addresses": [],
    "box": [
      584,
      356,
      177,
      20
    ],
    "checked": false,
    "id": 409,
    "ner_xml": "<ACT>Objets de fantaisie\n</ACT>",
    "origin": "computer",
    "parent": 385,
    "persons": [],
    "text_ocr": "Objets de fantaisie\n",
    "type": "ENTRY"
  },
  {
    "EOL": false,
    "box": [
      608,
      378,
      274,
      19
    ],
    "id": 412,
    "indented": true,
    "parent": 411,
    "text": "",
    "type": "LINE"
  },
  {
    "addresses": [],
    "box": [
      608,
      378,
      274,
      19
    ],
    "checked": false,
    "id": 411,
    "ner_xml": "<PER>POTHIER</PER>,<ACT>r. de Bretagne.</ACT><CARDINAL>36</CARDINAL>.\n",
    "origin": "computer",
    "parent": 385,
    "persons": [
      "POTHIER"
    ],
    "text_ocr": "POTHIER , r. de Bretagne. 36.\n",
    "type": "ENTRY"
  },
  {
    "EOL": false,
    "box": [
      586,
      399,
      87,
      15
    ],
    "id": 414,
    "indented": true,
    "parent": 413,
    "text": "",
    "type": "LINE"
  },
  {
    "addresses": [],
    "box": [
      586,
      399,
      87,
      15
    ],
    "checked": false,
    "id": 413,
    "ner_xml": "Le creux.\n",
    "origin": "computer",
    "parent": 385,
    "persons": [],
    "text_ocr": "Le creux.\n",
    "type": "ENTRY"
  },
  {
    "EOL": false,
    "box": [
      608,
      421,
      324,
      23
    ],
    "id": 416,
    "indented": true,
    "parent": 415,
    "text": "",
    "type": "LINE"
  },
  {
    "addresses": [
      {
        "street_name": "place St.-Opportune",
        "street_numbers": [
          "13"
        ]
      }
    ],
    "box": [
      608,
      421,
      324,
      23
    ],
    "checked": false,
    "id": 415,
    "ner_xml": "l’'ouILLE,<LOC>place St.-Opportune</LOC>,<CARDINAL>13</CARDINAL>\n",
    "origin": "computer",
    "parent": 385,
    "persons": [],
    "text_ocr": "l’'ouILLE, place St.-Opportune, 13\n",
    "type": "ENTRY"
  },
  {
    "EOL": false,
    "box": [
      586,
      442,
      236,
      18
    ],
    "id": 418,
    "indented": true,
    "parent": 417,
    "text": "",
    "type": "LINE"
  },
  {
    "addresses": [],
    "box": [
      586,
      442,
      236,
      18
    ],
    "checked": false,
    "id": 417,
    "ner_xml": "La fantaisie et l'ouvrant.\n",
    "origin": "computer",
    "parent": 385,
    "persons": [],
    "text_ocr": "La fantaisie et l'ouvrant.\n",
    "type": "ENTRY"
  },
  {
    "EOL": false,
    "box": [
      609,
      463,
      262,
      18
    ],
    "id": 420,
    "indented": true,
    "parent": 419,
    "text": "",
    "type": "LINE"
  },
  {
    "addresses": [
      {
        "street_name": "r. St.-Honoré.",
        "street_numbers": [
          "259"
        ]
      }
    ],
    "box": [
      609,
      463,
      262,
      18
    ],
    "checked": false,
    "id": 419,
    "ner_xml": "<PER>Paieug</PER>,<LOC>r. St.-Honoré.</LOC><CARDINAL>259</CARDINAL>\n",
    "origin": "computer",
    "parent": 385,
    "persons": [
      "Paieug"
    ],
    "text_ocr": "Paieug, r. St.-Honoré. 259\n",
    "type": "ENTRY"
  },
  {
    "EOL": false,
    "box": [
      609,
      484,
      299,
      20
    ],
    "id": 422,
    "indented": true,
    "parent": 421,
    "text": "",
    "type": "LINE"
  },
  {
    "addresses": [],
    "box": [
      609,
      484,
      299,
      20
    ],
    "checked": false,
    "id": 421,
    "ner_xml": "<PER>PrimarD ( Ve )</PER>,<ACT>r. de Tracv</ACT>.\n",
    "origin": "computer",
    "parent": 385,
    "persons": [
      "PrimarD ( Ve )"
    ],
    "text_ocr": "PrimarD ( Ve ), r. de Tracv.\n",
    "type": "ENTRY"
  },
  {
    "EOL": false,
    "box": [
      608,
      506,
      270,
      18
    ],
    "id": 424,
    "indented": true,
    "parent": 423,
    "text": "",
    "type": "LINE"
  },
  {
    "addresses": [],
    "box": [
      608,
      506,
      270,
      18
    ],
    "checked": false,
    "id": 423,
    "ner_xml": "<PER>PRUDHOMME</PER>,<PER>Fr. Mandar</PER><CARDINAL>18</CARDINAL>\n",
    "origin": "computer",
    "parent": 385,
    "persons": [
      "PRUDHOMME",
      "Fr. Mandar"
    ],
    "text_ocr": "PRUDHOMME, Fr. Mandar 18\n",
    "type": "ENTRY"
  },
  {
    "EOL": false,
    "box": [
      587,
      527,
      158,
      16
    ],
    "id": 426,
    "indented": true,
    "parent": 425,
    "text": "",
    "type": "LINE"
  },
  {
    "addresses": [],
    "box": [
      587,
      527,
      158,
      16
    ],
    "checked": false,
    "id": 425,
    "ner_xml": "Parures diverses\n",
    "origin": "computer",
    "parent": 385,
    "persons": [],
    "text_ocr": "Parures diverses\n",
    "type": "ENTRY"
  },
  {
    "EOL": false,
    "box": [
      609,
      552,
      385,
      18
    ],
    "id": 428,
    "indented": true,
    "parent": 427,
    "text": "",
    "type": "LINE"
  },
  {
    "addresses": [],
    "box": [
      609,
      552,
      385,
      18
    ],
    "checked": false,
    "id": 427,
    "ner_xml": "<PER>PROV: Ce</PER>\n<PER>Provosr et FE</PER>.<PER>Kowatsekyv. Fr Plec\n</PER>",
    "origin": "computer",
    "parent": 385,
    "persons": [
      "PROV: Ce",
      "Provosr et FE",
      "Kowatsekyv. Fr Plec\n"
    ],
    "text_ocr": "PROV: Ce\nProvosr et FE. Kowatsekyv. Fr Plec\n",
    "type": "ENTRY"
  },
  {
    "EOL": false,
    "box": [
      609,
      575,
      265,
      38
    ],
    "id": 430,
    "indented": true,
    "parent": 429,
    "text": "",
    "type": "LINE"
  },
  {
    "addresses": [],
    "box": [
      609,
      575,
      265,
      38
    ],
    "checked": false,
    "id": 429,
    "ner_xml": "<ACT>peaux</ACT>,<CARDINAL>42</CARDINAL>.\nProntenr,<ACT>r. St.-Martin.</ACT><CARDINAL>171</CARDINAL>\n",
    "origin": "computer",
    "parent": 385,
    "persons": [],
    "text_ocr": "peaux, 42.\nProntenr, r. St.-Martin. 171\n",
    "type": "ENTRY"
  },
  {
    "EOL": false,
    "box": [
      586,
      615,
      410,
      19
    ],
    "id": 432,
    "indented": true,
    "parent": 431,
    "text": "",
    "type": "LINE"
  },
  {
    "addresses": [],
    "box": [
      586,
      615,
      410,
      19
    ],
    "checked": false,
    "id": 431,
    "ner_xml": "Chaînes de<ACT>fantaisie. santoirs. chaînes :\n</ACT>",
    "origin": "computer",
    "parent": 385,
    "persons": [],
    "text_ocr": "Chaînes de fantaisie. santoirs. chaînes :\n",
    "type": "ENTRY"
  },
  {
    "EOL": false,
    "box": [
      587,
      638,
      407,
      22
    ],
    "id": 434,
    "indented": true,
    "parent": 433,
    "text": "",
    "type": "LINE"
  },
  {
    "EOL": false,
    "box": [
      608,
      659,
      318,
      19
    ],
    "id": 435,
    "indented": false,
    "parent": 433,
    "text": "",
    "type": "LINE"
  },
  {
    "addresses": [
      {
        "street_name": "r. des Orties",
        "street_numbers": [
          "4"
        ]
      }
    ],
    "box": [
      587,
      638,
      407,
      40
    ],
    "checked": false,
    "id": 433,
    "ner_xml": "<ACT>montre, chaines élastiques, colliers nouveau</ACT>\n<PER>Ranrounc ( Ve.)</PER>.<LOC>r. des Orties</LOC>.<CARDINAL>4</CARDINAL>.\n",
    "origin": "computer",
    "parent": 385,
    "persons": [
      "Ranrounc ( Ve.)"
    ],
    "text_ocr": "montre, chaines élastiques, colliers nouveau\nRanrounc ( Ve.). r. des Orties. 4.\n",
    "type": "ENTRY"
  },
  {
    "EOL": false,
    "box": [
      588,
      680,
      215,
      18
    ],
    "id": 437,
    "indented": true,
    "parent": 436,
    "text": "",
    "type": "LINE"
  },
  {
    "addresses": [],
    "box": [
      588,
      680,
      215,
      18
    ],
    "checked": false,
    "id": 436,
    "ner_xml": "Le grain ét la fantaisie.\n",
    "origin": "computer",
    "parent": 385,
    "persons": [],
    "text_ocr": "Le grain ét la fantaisie.\n",
    "type": "ENTRY"
  },
  {
    "EOL": false,
    "box": [
      608,
      702,
      233,
      18
    ],
    "id": 439,
    "indented": true,
    "parent": 438,
    "text": "",
    "type": "LINE"
  },
  {
    "addresses": [
      {
        "street_name": "r. Bailleul",
        "street_numbers": [
          "11"
        ]
      }
    ],
    "box": [
      608,
      702,
      233,
      18
    ],
    "checked": false,
    "id": 438,
    "ner_xml": "<PER>liampoz</PER>,<LOC>r. Bailleul</LOC>.<CARDINAL>11</CARDINAL>.\n",
    "origin": "computer",
    "parent": 385,
    "persons": [
      "liampoz"
    ],
    "text_ocr": "liampoz , r. Bailleul. 11.\n",
    "type": "ENTRY"
  },
  {
    "EOL": false,
    "box": [
      587,
      722,
      333,
      21
    ],
    "id": 441,
    "indented": true,
    "parent": 440,
    "text": "",
    "type": "LINE"
  },
  {
    "addresses": [],
    "box": [
      587,
      722,
      333,
      21
    ],
    "checked": false,
    "id": 440,
    "ner_xml": "Fab.<PER>Jjaseron</PER>et<ACT>chaînes de fantaisie\n</ACT>",
    "origin": "computer",
    "parent": 385,
    "persons": [
      "Jjaseron"
    ],
    "text_ocr": "Fab. Jjaseron et chaînes de fantaisie\n",
    "type": "ENTRY"
  },
  {
    "EOL": false,
    "box": [
      607,
      744,
      265,
      19
    ],
    "id": 443,
    "indented": true,
    "parent": 442,
    "text": "",
    "type": "LINE"
  },
  {
    "addresses": [
      {
        "street_name": "r. St.-Martin.",
        "street_numbers": [
          "153"
        ]
      }
    ],
    "box": [
      607,
      744,
      265,
      19
    ],
    "checked": false,
    "id": 442,
    "ner_xml": "<PER>RAOULT</PER>,<LOC>r. St.-Martin.</LOC><CARDINAL>153</CARDINAL>.\n",
    "origin": "computer",
    "parent": 385,
    "persons": [
      "RAOULT"
    ],
    "text_ocr": "RAOULT, r. St.-Martin. 153.\n",
    "type": "ENTRY"
  },
  {
    "EOL": false,
    "box": [
      586,
      765,
      86,
      15
    ],
    "id": 445,
    "indented": true,
    "parent": 444,
    "text": "",
    "type": "LINE"
  },
  {
    "addresses": [],
    "box": [
      586,
      765,
      86,
      15
    ],
    "checked": false,
    "id": 444,
    "ner_xml": "Le creux.\n",
    "origin": "computer",
    "parent": 385,
    "persons": [],
    "text_ocr": "Le creux.\n",
    "type": "ENTRY"
  },
  {
    "EOL": false,
    "box": [
      606,
      786,
      242,
      17
    ],
    "id": 447,
    "indented": true,
    "parent": 446,
    "text": "",
    "type": "LINE"
  },
  {
    "addresses": [
      {
        "street_name": "RAITTE.r",
        "street_numbers": []
      },
      {
        "street_name": "S.-Martin 199\n",
        "street_numbers": []
      }
    ],
    "box": [
      606,
      786,
      242,
      17
    ],
    "checked": false,
    "id": 446,
    "ner_xml": "<LOC>RAITTE.r</LOC>.<LOC>S.-Martin 199\n</LOC>",
    "origin": "computer",
    "parent": 385,
    "persons": [],
    "text_ocr": "RAITTE.r. S.-Martin 199\n",
    "type": "ENTRY"
  },
  {
    "EOL": false,
    "box": [
      583,
      807,
      179,
      21
    ],
    "id": 449,
    "indented": true,
    "parent": 448,
    "text": "",
    "type": "LINE"
  },
  {
    "addresses": [],
    "box": [
      583,
      807,
      179,
      21
    ],
    "checked": false,
    "id": 448,
    "ner_xml": "<PER>Jouer</PER>,<ACT>bijoutier\n</ACT>",
    "origin": "computer",
    "parent": 385,
    "persons": [
      "Jouer"
    ],
    "text_ocr": "Jouer, bijoutier\n",
    "type": "ENTRY"
  },
  {
    "EOL": false,
    "box": [
      606,
      828,
      309,
      20
    ],
    "id": 451,
    "indented": true,
    "parent": 450,
    "text": "",
    "type": "LINE"
  },
  {
    "addresses": [],
    "box": [
      606,
      828,
      309,
      20
    ],
    "checked": false,
    "id": 450,
    "ner_xml": "<PER>Ravarc</PER>,<ACT>r. du Petit-Carreau</ACT>,<CARDINAL>2</CARDINAL>.\n",
    "origin": "computer",
    "parent": 385,
    "persons": [
      "Ravarc"
    ],
    "text_ocr": "Ravarc, r. du Petit-Carreau, 2.\n",
    "type": "ENTRY"
  },
  {
    "EOL": false,
    "box": [
      585,
      850,
      115,
      16
    ],
    "id": 453,
    "indented": true,
    "parent": 452,
    "text": "",
    "type": "LINE"
  },
  {
    "addresses": [],
    "box": [
      585,
      850,
      115,
      16
    ],
    "checked": false,
    "id": 452,
    "ner_xml": "La fantaisie\n",
    "origin": "computer",
    "parent": 385,
    "persons": [],
    "text_ocr": "La fantaisie\n",
    "type": "ENTRY"
  },
  {
    "EOL": false,
    "box": [
      607,
      871,
      350,
      19
    ],
    "id": 455,
    "indented": true,
    "parent": 454,
    "text": "",
    "type": "LINE"
  },
  {
    "addresses": [],
    "box": [
      607,
      871,
      350,
      19
    ],
    "checked": false,
    "id": 454,
    "ner_xml": "<PER>RAGESs</PER>,<ACT>r. des Vicilles-Audriettes</ACT>,<CARDINAL>8</CARDINAL>.\n",
    "origin": "computer",
    "parent": 385,
    "persons": [
      "RAGESs"
    ],
    "text_ocr": "RAGESs, r. des Vicilles-Audriettes, 8.\n",
    "type": "ENTRY"
  },
  {
    "EOL": false,
    "box": [
      584,
      892,
      255,
      17
    ],
    "id": 457,
    "indented": true,
    "parent": 456,
    "text": "",
    "type": "LINE"
  },
  {
    "addresses": [],
    "box": [
      584,
      892,
      255,
      17
    ],
    "checked": false,
    "id": 456,
    "ner_xml": "<PER>Lachets</PER>.<ACT>clefs ot fantaisie.\n</ACT>",
    "origin": "computer",
    "parent": 385,
    "persons": [
      "Lachets"
    ],
    "text_ocr": "Lachets. clefs ot fantaisie.\n",
    "type": "ENTRY"
  },
  {
    "EOL": false,
    "box": [
      606,
      918,
      343,
      23
    ],
    "id": 459,
    "indented": true,
    "parent": 458,
    "text": "",
    "type": "LINE"
  },
  {
    "addresses": [
      {
        "street_name": "r Ste.-Avove",
        "street_numbers": [
          "33"
        ]
      }
    ],
    "box": [
      606,
      918,
      343,
      23
    ],
    "checked": false,
    "id": 458,
    "ner_xml": "<PER>Recxaup ( Ve. )</PER>,<LOC>r Ste.-Avove</LOC>,<CARDINAL>33</CARDINAL>\n",
    "origin": "computer",
    "parent": 385,
    "persons": [
      "Recxaup ( Ve. )"
    ],
    "text_ocr": "Recxaup ( Ve. ),r Ste.-Avove, 33\n",
    "type": "ENTRY"
  },
  {
    "EOL": false,
    "box": [
      584,
      939,
      412,
      23
    ],
    "id": 461,
    "indented": true,
    "parent": 460,
    "text": "",
    "type": "LINE"
  },
  {
    "addresses": [],
    "box": [
      584,
      939,
      412,
      23
    ],
    "checked": false,
    "id": 460,
    "ner_xml": "Chaines à la<ACT>mariniére et de sûreté, au pie\n</ACT>",
    "origin": "computer",
    "parent": 385,
    "persons": [],
    "text_ocr": "Chaines à la mariniére et de sûreté, au pie\n",
    "type": "ENTRY"
  },
  {
    "EOL": false,
    "box": [
      583,
      965,
      182,
      17
    ],
    "id": 463,
    "indented": true,
    "parent": 462,
    "text": "",
    "type": "LINE"
  },
  {
    "addresses": [],
    "box": [
      583,
      965,
      182,
      17
    ],
    "checked": false,
    "id": 462,
    "ner_xml": "<PER>cn or et en argent</PER>,\n",
    "origin": "computer",
    "parent": 385,
    "persons": [
      "cn or et en argent"
    ],
    "text_ocr": "cn or et en argent,\n",
    "type": "ENTRY"
  },
  {
    "EOL": false,
    "box": [
      604,
      986,
      333,
      18
    ],
    "id": 465,
    "indented": true,
    "parent": 464,
    "text": "",
    "type": "LINE"
  },
  {
    "addresses": [],
    "box": [
      604,
      986,
      333,
      18
    ],
    "checked": false,
    "id": 464,
    "ner_xml": "<PER>RMEnALDY</PER>,<ACT>r. NeuveSt.-Martin.</ACT>,<CARDINAL>31</CARDINAL>.\n",
    "origin": "computer",
    "parent": 385,
    "persons": [
      "RMEnALDY"
    ],
    "text_ocr": "RMEnALDY, r. NeuveSt.-Martin., 31.\n",
    "type": "ENTRY"
  },
  {
    "EOL": false,
    "box": [
      608,
      1008,
      300,
      21
    ],
    "id": 467,
    "indented": true,
    "parent": 466,
    "text": "",
    "type": "LINE"
  },
  {
    "addresses": [
      {
        "street_name": "r. Phelippeaux",
        "street_numbers": [
          "28"
        ]
      }
    ],
    "box": [
      608,
      1008,
      300,
      21
    ],
    "checked": false,
    "id": 466,
    "ner_xml": "<PER>RENFAUME</PER>,<LOC>r. Phelippeaux</LOC>,<CARDINAL>28</CARDINAL>.\n",
    "origin": "computer",
    "parent": 385,
    "persons": [
      "RENFAUME"
    ],
    "text_ocr": "RENFAUME , r. Phelippeaux, 28.\n",
    "type": "ENTRY"
  },
  {
    "EOL": false,
    "box": [
      582,
      1028,
      415,
      22
    ],
    "id": 469,
    "indented": true,
    "parent": 468,
    "text": "",
    "type": "LINE"
  },
  {
    "addresses": [],
    "box": [
      582,
      1028,
      415,
      22
    ],
    "checked": false,
    "id": 468,
    "ner_xml": "<PER>Lachets</PER>,<ACT>parures, clefs, filigrane et ouvrag:\n</ACT>",
    "origin": "computer",
    "parent": 385,
    "persons": [
      "Lachets"
    ],
    "text_ocr": "Lachets, parures, clefs, filigrane et ouvrag:\n",
    "type": "ENTRY"
  },
  {
    "EOL": false,
    "box": [
      581,
      1049,
      88,
      15
    ],
    "id": 471,
    "indented": true,
    "parent": 470,
    "text": "",
    "type": "LINE"
  },
  {
    "addresses": [],
    "box": [
      581,
      1049,
      88,
      15
    ],
    "checked": false,
    "id": 470,
    "ner_xml": "a choton.\n",
    "origin": "computer",
    "parent": 385,
    "persons": [],
    "text_ocr": "a choton.\n",
    "type": "ENTRY"
  },
  {
    "EOL": false,
    "box": [
      606,
      1071,
      242,
      16
    ],
    "id": 473,
    "indented": true,
    "parent": 472,
    "text": "",
    "type": "LINE"
  },
  {
    "addresses": [],
    "box": [
      606,
      1071,
      242,
      16
    ],
    "checked": false,
    "id": 472,
    "ner_xml": "<PER>MEN#L. Fr. St.-Martin  $S7\n</PER>",
    "origin": "computer",
    "parent": 385,
    "persons": [
      "MEN#L. Fr. St.-Martin  $S7\n"
    ],
    "text_ocr": "MEN#L. Fr. St.-Martin  $S7\n",
    "type": "ENTRY"
  },
  {
    "EOL": false,
    "box": [
      585,
      1091,
      222,
      17
    ],
    "id": 475,
    "indented": true,
    "parent": 474,
    "text": "",
    "type": "LINE"
  },
  {
    "addresses": [],
    "box": [
      585,
      1091,
      222,
      17
    ],
    "checked": false,
    "id": 474,
    "ner_xml": "La<ACT>lunette et fantaisie</ACT>.\n",
    "origin": "computer",
    "parent": 385,
    "persons": [],
    "text_ocr": "La lunette et fantaisie.\n",
    "type": "ENTRY"
  },
  {
    "EOL": false,
    "box": [
      593,
      1113,
      362,
      17
    ],
    "id": 477,
    "indented": true,
    "parent": 476,
    "text": "",
    "type": "LINE"
  },
  {
    "addresses": [],
    "box": [
      593,
      1113,
      362,
      17
    ],
    "checked": false,
    "id": 476,
    "ner_xml": "<PER>REGER ,</PER>,<ACT>r. des Vieilles-Andriettes. S.\n</ACT>",
    "origin": "computer",
    "parent": 385,
    "persons": [
      "REGER ,"
    ],
    "text_ocr": "REGER ,, r. des Vieilles-Andriettes. S.\n",
    "type": "ENTRY"
  },
  {
    "EOL": false,
    "box": [
      604,
      1134,
      355,
      22
    ],
    "id": 479,
    "indented": true,
    "parent": 478,
    "text": "",
    "type": "LINE"
  },
  {
    "addresses": [],
    "box": [
      604,
      1134,
      355,
      22
    ],
    "checked": false,
    "id": 478,
    "ner_xml": "<PER>Hiosin et Baupiment</PER>,<ACT>r. d'Anjou</ACT>,<CARDINAL>13</CARDINAL>\n",
    "origin": "computer",
    "parent": 385,
    "persons": [
      "Hiosin et Baupiment"
    ],
    "text_ocr": "Hiosin et Baupiment, r. d'Anjou, 13\n",
    "type": "ENTRY"
  },
  {
    "EOL": false,
    "box": [
      605,
      1156,
      297,
      22
    ],
    "id": 481,
    "indented": true,
    "parent": 480,
    "text": "",
    "type": "LINE"
  },
  {
    "addresses": [],
    "box": [
      605,
      1156,
      297,
      22
    ],
    "checked": false,
    "id": 480,
    "ner_xml": "<PER>Rivart fils</PER>,<ACT>r du Temple</ACT>,<CARDINAL>22</CARDINAL>.\n",
    "origin": "computer",
    "parent": 385,
    "persons": [
      "Rivart fils"
    ],
    "text_ocr": "Rivart fils, r du Temple, 22.\n",
    "type": "ENTRY"
  },
  {
    "EOL": false,
    "box": [
      584,
      1177,
      173,
      17
    ],
    "id": 483,
    "indented": true,
    "parent": 482,
    "text": "",
    "type": "LINE"
  },
  {
    "addresses": [],
    "box": [
      584,
      1177,
      173,
      17
    ],
    "checked": false,
    "id": 482,
    "ner_xml": "La<ACT>mise en œum re</ACT>.\n",
    "origin": "computer",
    "parent": 385,
    "persons": [],
    "text_ocr": "La mise en œum re.\n",
    "type": "ENTRY"
  },
  {
    "EOL": false,
    "box": [
      605,
      1204,
      334,
      19
    ],
    "id": 485,
    "indented": true,
    "parent": 484,
    "text": "",
    "type": "LINE"
  },
  {
    "addresses": [
      {
        "street_name": "r. Montmartre",
        "street_numbers": [
          "2"
        ]
      }
    ],
    "box": [
      605,
      1204,
      334,
      19
    ],
    "checked": false,
    "id": 484,
    "ner_xml": "<PER>Rochas ( H. )</PER>,<LOC>r. Montmartre</LOC>,<CARDINAL>2</CARDINAL>\n",
    "origin": "computer",
    "parent": 385,
    "persons": [
      "Rochas ( H. )"
    ],
    "text_ocr": "Rochas ( H. ), r. Montmartre, 2\n",
    "type": "ENTRY"
  },
  {
    "EOL": false,
    "box": [
      583,
      1225,
      383,
      21
    ],
    "id": 487,
    "indented": true,
    "parent": 486,
    "text": "",
    "type": "LINE"
  },
  {
    "addresses": [],
    "box": [
      583,
      1225,
      383,
      21
    ],
    "checked": false,
    "id": 486,
    "ner_xml": "<PER>Bijoutier</PER>,<ACT>joawllier, fait la fantaisie , etc.\n</ACT>",
    "origin": "computer",
    "parent": 385,
    "persons": [
      "Bijoutier"
    ],
    "text_ocr": "Bijoutier , joawllier, fait la fantaisie , etc.\n",
    "type": "ENTRY"
  },
  {
    "EOL": false,
    "box": [
      604,
      1247,
      232,
      15
    ],
    "id": 489,
    "indented": true,
    "parent": 488,
    "text": "",
    "type": "LINE"
  },
  {
    "addresses": [],
    "box": [
      604,
      1247,
      232,
      15
    ],
    "checked": false,
    "id": 488,
    "ner_xml": "<PER>MocE. r. St.-Martin.</PER><CARDINAL>88</CARDINAL>.\n",
    "origin": "computer",
    "parent": 385,
    "persons": [
      "MocE. r. St.-Martin."
    ],
    "text_ocr": "MocE. r. St.-Martin. 88.\n",
    "type": "ENTRY"
  },
  {
    "EOL": false,
    "box": [
      585,
      1269,
      216,
      14
    ],
    "id": 491,
    "indented": true,
    "parent": 490,
    "text": "",
    "type": "LINE"
  },
  {
    "addresses": [],
    "box": [
      585,
      1269,
      216,
      14
    ],
    "checked": false,
    "id": 490,
    "ner_xml": "Le<ACT>creux et la couleur:\n</ACT>",
    "origin": "computer",
    "parent": 385,
    "persons": [],
    "text_ocr": "Le creux et la couleur:\n",
    "type": "ENTRY"
  },
  {
    "EOL": false,
    "box": [
      605,
      1290,
      289,
      16
    ],
    "id": 493,
    "indented": true,
    "parent": 492,
    "text": "",
    "type": "LINE"
  },
  {
    "addresses": [],
    "box": [
      605,
      1290,
      289,
      16
    ],
    "checked": false,
    "id": 492,
    "ner_xml": "<PER>ROUSSEAU</PER>,<ACT>r. de Verrerie</ACT>,<CARDINAL>OÙ</CARDINAL>.\n",
    "origin": "computer",
    "parent": 385,
    "persons": [
      "ROUSSEAU"
    ],
    "text_ocr": "ROUSSEAU, r. de Verrerie, OÙ.\n",
    "type": "ENTRY"
  },
  {
    "EOL": false,
    "box": [
      605,
      1315,
      296,
      15
    ],
    "id": 495,
    "indented": true,
    "parent": 494,
    "text": "",
    "type": "LINE"
  },
  {
    "addresses": [],
    "box": [
      605,
      1315,
      296,
      15
    ],
    "checked": false,
    "id": 494,
    "ner_xml": "<PER>HOUSSELOT. r. St. -Honore.</PER><CARDINAL>129</CARDINAL>.\n",
    "origin": "computer",
    "parent": 385,
    "persons": [
      "HOUSSELOT. r. St. -Honore."
    ],
    "text_ocr": "HOUSSELOT. r. St. -Honore. 129.\n",
    "type": "ENTRY"
  },
  {
    "EOL": false,
    "box": [
      583,
      1334,
      414,
      22
    ],
    "id": 497,
    "indented": true,
    "parent": 496,
    "text": "",
    "type": "LINE"
  },
  {
    "addresses": [],
    "box": [
      583,
      1334,
      414,
      22
    ],
    "checked": false,
    "id": 496,
    "ner_xml": "<PER>Joaillier</PER>,<ACT>bijoutier, fait principalement |\n</ACT>",
    "origin": "computer",
    "parent": 385,
    "persons": [
      "Joaillier"
    ],
    "text_ocr": "Joaillier, bijoutier, fait principalement |\n",
    "type": "ENTRY"
  },
  {
    "EOL": false,
    "box": [
      583,
      1356,
      413,
      22
    ],
    "id": 499,
    "indented": true,
    "parent": 498,
    "text": "",
    "type": "LINE"
  },
  {
    "addresses": [],
    "box": [
      583,
      1356,
      413,
      22
    ],
    "checked": false,
    "id": 498,
    "ner_xml": "<ACT>parure et la fantaisie dans le plus nouvea\n</ACT>",
    "origin": "computer",
    "parent": 385,
    "persons": [],
    "text_ocr": "parure et la fantaisie dans le plus nouvea\n",
    "type": "ENTRY"
  },
  {
    "EOL": false,
    "box": [
      583,
      1383,
      47,
      15
    ],
    "id": 501,
    "indented": true,
    "parent": 500,
    "text": "",
    "type": "LINE"
  },
  {
    "addresses": [],
    "box": [
      583,
      1383,
      47,
      15
    ],
    "checked": false,
    "id": 500,
    "ner_xml": "SOUL.\n",
    "origin": "computer",
    "parent": 385,
    "persons": [],
    "text_ocr": "SOUL.\n",
    "type": "ENTRY"
  },
  {
    "EOL": false,
    "box": [
      605,
      1398,
      370,
      20
    ],
    "id": 503,
    "indented": true,
    "parent": 502,
    "text": "",
    "type": "LINE"
  },
  {
    "EOL": false,
    "box": [
      606,
      1420,
      359,
      17
    ],
    "id": 504,
    "indented": false,
    "parent": 502,
    "text": "",
    "type": "LINE"
  },
  {
    "addresses": [
      {
        "street_name": "faubourg St.-Denis",
        "street_numbers": [
          "17",
          "1"
        ]
      }
    ],
    "box": [
      605,
      1398,
      370,
      39
    ],
    "checked": false,
    "id": 502,
    "ner_xml": "<PER>Roussir (F.)</PER>,<LOC>faubourg St.-Denis</LOC>,<CARDINAL>17</CARDINAL>\n<PER>Roururer ( Isid. )</PER>,<ACT>r. de Nazareth</ACT>,<CARDINAL>1</CARDINAL>.\n",
    "origin": "computer",
    "parent": 385,
    "persons": [
      "Roussir (F.)",
      "Roururer ( Isid. )"
    ],
    "text_ocr": "Roussir (F.), faubourg St.-Denis, 17\nRoururer ( Isid. ), r. de Nazareth, 1.\n",
    "type": "ENTRY"
  },
  {
    "EOL": false,
    "box": [
      584,
      1441,
      272,
      19
    ],
    "id": 506,
    "indented": true,
    "parent": 505,
    "text": "",
    "type": "LINE"
  },
  {
    "addresses": [],
    "box": [
      584,
      1441,
      272,
      19
    ],
    "checked": false,
    "id": 505,
    "ner_xml": "Fait croix de lemplhers, etc.\n",
    "origin": "computer",
    "parent": 385,
    "persons": [],
    "text_ocr": "Fait croix de lemplhers, etc.\n",
    "type": "ENTRY"
  },
  {
    "EOL": false,
    "box": [
      605,
      1462,
      287,
      16
    ],
    "id": 508,
    "indented": true,
    "parent": 507,
    "text": "",
    "type": "LINE"
  },
  {
    "addresses": [
      {
        "street_name": "Cloitre-St.-Mer",
        "street_numbers": [
          "8"
        ]
      }
    ],
    "box": [
      605,
      1462,
      287,
      16
    ],
    "checked": false,
    "id": 507,
    "ner_xml": "<PER>Reviizon.</PER>,<LOC>Cloitre-St.-Mer</LOC>:.<CARDINAL>8</CARDINAL>.\n",
    "origin": "computer",
    "parent": 385,
    "persons": [
      "Reviizon."
    ],
    "text_ocr": "Reviizon., Cloitre-St.-Mer:. 8.\n",
    "type": "ENTRY"
  },
  {
    "EOL": false,
    "box": [
      583,
      1483,
      413,
      21
    ],
    "id": 510,
    "indented": true,
    "parent": 509,
    "text": "",
    "type": "LINE"
  },
  {
    "addresses": [],
    "box": [
      583,
      1483,
      413,
      21
    ],
    "checked": false,
    "id": 509,
    "ner_xml": "<ACT>Pierres fines, brjoux de fant., en mat et or à\n</ACT>",
    "origin": "computer",
    "parent": 385,
    "persons": [],
    "text_ocr": "Pierres fines, brjoux de fant., en mat et or à\n",
    "type": "ENTRY"
  },
  {
    "EOL": false,
    "box": [
      581,
      1506,
      73,
      14
    ],
    "id": 512,
    "indented": true,
    "parent": 511,
    "text": "",
    "type": "LINE"
  },
  {
    "addresses": [],
    "box": [
      581,
      1506,
      73,
      14
    ],
    "checked": false,
    "id": 511,
    "ner_xml": "ronlicur.\n",
    "origin": "computer",
    "parent": 385,
    "persons": [],
    "text_ocr": "ronlicur.\n",
    "type": "ENTRY"
  },
  {
    "box": [
      579,
      97,
      418,
      1428
    ],
    "id": 385,
    "parent": 384,
    "type": "COLUMN_LEVEL_2"
  },
  {
    "box": [
      579,
      97,
      418,
      1428
    ],
    "id": 384,
    "parent": 383,
    "type": "SECTION_LEVEL_2"
  },
  {
    "box": [
      579,
      97,
      418,
      1428
    ],
    "id": 383,
    "parent": 258,
    "type": "COLUMN_LEVEL_1"
  },
  {
    "box": [
      136,
      97,
      861,
      1428
    ],
    "id": 258,
    "parent": 256,
    "type": "SECTION_LEVEL_1"
  },
  {
    "box": [
      136,
      68,
      861,
      1457
    ],
    "id": 256,
    "type": "PAGE"
  }
]
