[
  {
    "EOL": false,
    "box": [
      127,
      56,
      42,
      18
    ],
    "id": 262,
    "indented": true,
    "parent": 261,
    "text": "",
    "type": "LINE"
  },
  {
    "addresses": [],
    "box": [
      127,
      56,
      42,
      18
    ],
    "checked": false,
    "id": 261,
    "ner_xml": ") 7/4\n",
    "origin": "computer",
    "parent": 260,
    "persons": [],
    "text_ocr": ") 7/4\n",
    "type": "ENTRY"
  },
  {
    "EOL": false,
    "box": [
      148,
      87,
      258,
      19
    ],
    "id": 264,
    "indented": true,
    "parent": 263,
    "text": "",
    "type": "LINE"
  },
  {
    "addresses": [],
    "box": [
      148,
      87,
      258,
      19
    ],
    "checked": false,
    "id": 263,
    "ner_xml": "<PER>DezozT</PER>,<ACT>r. de Chartres</ACT>,<CARDINAL>21</CARDINAL>.\n",
    "origin": "computer",
    "parent": 260,
    "persons": [
      "DezozT"
    ],
    "text_ocr": "DezozT, r. de Chartres, 21.\n",
    "type": "ENTRY"
  },
  {
    "EOL": false,
    "box": [
      127,
      111,
      69,
      16
    ],
    "id": 266,
    "indented": true,
    "parent": 265,
    "text": "",
    "type": "LINE"
  },
  {
    "addresses": [],
    "box": [
      127,
      111,
      69,
      16
    ],
    "checked": false,
    "id": 265,
    "ner_xml": "<PER>Pottier</PER>.\n",
    "origin": "computer",
    "parent": 260,
    "persons": [
      "Pottier"
    ],
    "text_ocr": "Pottier.\n",
    "type": "ENTRY"
  },
  {
    "EOL": false,
    "box": [
      150,
      129,
      262,
      18
    ],
    "id": 268,
    "indented": true,
    "parent": 267,
    "text": "",
    "type": "LINE"
  },
  {
    "addresses": [],
    "box": [
      150,
      129,
      262,
      18
    ],
    "checked": false,
    "id": 267,
    "ner_xml": "<PER>Demuazi</PER>,<ACT>r de Richeheu</ACT>,<CARDINAL>117</CARDINAL>,\n",
    "origin": "computer",
    "parent": 260,
    "persons": [
      "Demuazi"
    ],
    "text_ocr": "Demuazi,r de Richeheu, 117,\n",
    "type": "ENTRY"
  },
  {
    "EOL": false,
    "box": [
      149,
      150,
      236,
      18
    ],
    "id": 270,
    "indented": true,
    "parent": 269,
    "text": "",
    "type": "LINE"
  },
  {
    "addresses": [],
    "box": [
      149,
      150,
      236,
      18
    ],
    "checked": false,
    "id": 269,
    "ner_xml": "<PER>Demav</PER>,<ACT>r. Ste.-Anne</ACT>,<CARDINAL>30</CARDINAL>.\n",
    "origin": "computer",
    "parent": 260,
    "persons": [
      "Demav"
    ],
    "text_ocr": "Demav, r. Ste.-Anne , 30.\n",
    "type": "ENTRY"
  },
  {
    "EOL": false,
    "box": [
      149,
      169,
      278,
      20
    ],
    "id": 272,
    "indented": true,
    "parent": 271,
    "text": "",
    "type": "LINE"
  },
  {
    "addresses": [],
    "box": [
      149,
      169,
      278,
      20
    ],
    "checked": false,
    "id": 271,
    "ner_xml": "<PER>Denis</PER>,<ACT>r. de l'Université</ACT>, OÙ.\n",
    "origin": "computer",
    "parent": 260,
    "persons": [
      "Denis"
    ],
    "text_ocr": "Denis, r. de l'Université , OÙ.\n",
    "type": "ENTRY"
  },
  {
    "EOL": false,
    "box": [
      128,
      194,
      70,
      16
    ],
    "id": 274,
    "indented": true,
    "parent": 273,
    "text": "",
    "type": "LINE"
  },
  {
    "addresses": [],
    "box": [
      128,
      194,
      70,
      16
    ],
    "checked": false,
    "id": 273,
    "ner_xml": "Potter.\n",
    "origin": "computer",
    "parent": 260,
    "persons": [],
    "text_ocr": "Potter.\n",
    "type": "ENTRY"
  },
  {
    "EOL": false,
    "box": [
      152,
      211,
      236,
      19
    ],
    "id": 276,
    "indented": true,
    "parent": 275,
    "text": "",
    "type": "LINE"
  },
  {
    "addresses": [
      {
        "street_name": "r. des Arcis",
        "street_numbers": [
          "19"
        ]
      }
    ],
    "box": [
      152,
      211,
      236,
      19
    ],
    "checked": false,
    "id": 275,
    "ner_xml": "<PER>Drpuya</PER>.<LOC>r. des Arcis</LOC>,<CARDINAL>19</CARDINAL>.\n",
    "origin": "computer",
    "parent": 260,
    "persons": [
      "Drpuya"
    ],
    "text_ocr": "Drpuya. r. des Arcis , 19.\n",
    "type": "ENTRY"
  },
  {
    "EOL": false,
    "box": [
      130,
      234,
      177,
      17
    ],
    "id": 278,
    "indented": true,
    "parent": 277,
    "text": "",
    "type": "LINE"
  },
  {
    "addresses": [],
    "box": [
      130,
      234,
      177,
      17
    ],
    "checked": false,
    "id": 277,
    "ner_xml": "<PER>Bottier-cordonmier</PER>.\n",
    "origin": "computer",
    "parent": 260,
    "persons": [
      "Bottier-cordonmier"
    ],
    "text_ocr": "Bottier-cordonmier.\n",
    "type": "ENTRY"
  },
  {
    "EOL": false,
    "box": [
      153,
      56,
      841,
      251
    ],
    "id": 280,
    "indented": true,
    "parent": 279,
    "text": "",
    "type": "LINE"
  },
  {
    "EOL": false,
    "box": [
      172,
      275,
      173,
      16
    ],
    "id": 281,
    "indented": false,
    "parent": 279,
    "text": "",
    "type": "LINE"
  },
  {
    "addresses": [
      {
        "street_name": "r. Ste.-Anne",
        "street_numbers": [
          "36",
          "60",
          "19",
          "32"
        ]
      },
      {
        "street_name": "Pal.-Roy.",
        "street_numbers": [
          "260"
        ]
      }
    ],
    "box": [
      153,
      56,
      841,
      251
    ],
    "checked": false,
    "id": 279,
    "ner_xml": "<CARDINAL>4 BOITIERS</CARDINAL>.\nDezonr,<ACT>r. de Chartres</ACT>,<CARDINAL>21</CARDINAL>. On<ACT>lui doit l'emploi des déchets de cuirs et\nter</ACT>,<ACT>peaux en général , dont jusqu'ici on ne tiraiti\nDemazi, r de Richelieu</ACT>,<CARDINAL>11</CARDINAL>. aucun parti.<PER>Méd. de fronce en 1823 pour”</PER>\nDemav,<LOC>r. Ste.-Anne</LOC>,<CARDINAL>36</CARDINAL>. les inventions que<ACT>nous venons de signaler,</ACT>,\nDenis,<ACT>r. de l'Université</ACT>,<CARDINAL>60</CARDINAL>. et notamment pour celle des chaussures à\n<ACT>ttier. semelles imperméables, soit pour souliers , soit:\nDepuva, ». des Arcis</ACT>,<CARDINAL>19</CARDINAL>. pour hottes,<ACT>qu'il fait aussi minces qu'ons\nter cordonniers peut le désirer, sans pour cela diminuer leur :\nDenaisue fils, successeur de son pére</ACT>,<ACT>r. imperméabilité. ( Voyez aussi Socques.)\n\nde lu Verrerie</ACT>,<CARDINAL>32</CARDINAL>.<TITRE>buronrjeune</TITRE>,<LOC>Pal.-Roy.</LOC>, gal. de bois,<CARDINAL>260</CARDINAL>.\npes ts ce Bottier: _\n",
    "origin": "computer",
    "parent": 260,
    "persons": [
      "Méd. de fronce en 1823 pour”"
    ],
    "text_ocr": "4 BOITIERS.\nDezonr, r. de Chartres, 21. On lui doit l'emploi des déchets de cuirs et\nter, peaux en général , dont jusqu'ici on ne tiraiti\nDemazi, r de Richelieu, 11. aucun parti. Méd. de fronce en 1823 pour”\nDemav, r. Ste.-Anne , 36. les inventions que nous venons de signaler, ,\nDenis, r. de l'Université , 60. et notamment pour celle des chaussures à\nttier. semelles imperméables, soit pour souliers , soit:\nDepuva, ». des Arcis , 19. pour hottes, qu'il fait aussi minces qu'ons\nter cordonniers peut le désirer, sans pour cela diminuer leur :\nDenaisue fils, successeur de son pére , r. imperméabilité. ( Voyez aussi Socques.)\n\nde lu Verrerie, 32. buronrjeune, Pal.-Roy., gal. de bois, 260.\npes ts ce Bottier: _\n",
    "type": "ENTRY"
  },
  {
    "EOL": false,
    "box": [
      136,
      296,
      177,
      17
    ],
    "id": 283,
    "indented": true,
    "parent": 282,
    "text": "",
    "type": "LINE"
  },
  {
    "addresses": [],
    "box": [
      136,
      296,
      177,
      17
    ],
    "checked": false,
    "id": 282,
    "ner_xml": "<PER>Bottier-cordonnmier</PER>.\n",
    "origin": "computer",
    "parent": 260,
    "persons": [
      "Bottier-cordonnmier"
    ],
    "text_ocr": "Bottier-cordonnmier.\n",
    "type": "ENTRY"
  },
  {
    "EOL": false,
    "box": [
      154,
      314,
      302,
      20
    ],
    "id": 285,
    "indented": true,
    "parent": 284,
    "text": "",
    "type": "LINE"
  },
  {
    "addresses": [],
    "box": [
      154,
      314,
      302,
      20
    ],
    "checked": false,
    "id": 284,
    "ner_xml": "<PER>Drnémaroue</PER>,<ACT>r. du l'emple</ACT>,<CARDINAL>0</CARDINAL>).\n",
    "origin": "computer",
    "parent": 260,
    "persons": [
      "Drnémaroue"
    ],
    "text_ocr": "Drnémaroue , r. du l'emple, 0).\n",
    "type": "ENTRY"
  },
  {
    "EOL": false,
    "box": [
      132,
      339,
      69,
      15
    ],
    "id": 287,
    "indented": true,
    "parent": 286,
    "text": "",
    "type": "LINE"
  },
  {
    "addresses": [],
    "box": [
      132,
      339,
      69,
      15
    ],
    "checked": false,
    "id": 286,
    "ner_xml": "bottier.\n",
    "origin": "computer",
    "parent": 260,
    "persons": [],
    "text_ocr": "bottier.\n",
    "type": "ENTRY"
  },
  {
    "EOL": false,
    "box": [
      155,
      356,
      273,
      18
    ],
    "id": 289,
    "indented": true,
    "parent": 288,
    "text": "",
    "type": "LINE"
  },
  {
    "addresses": [
      {
        "street_name": "r. St.-Honore",
        "street_numbers": [
          "205"
        ]
      }
    ],
    "box": [
      155,
      356,
      273,
      18
    ],
    "checked": false,
    "id": 288,
    "ner_xml": "<PER>Denexne</PER>,<LOC>r. St.-Honore</LOC>,<CARDINAL>205</CARDINAL>.\n",
    "origin": "computer",
    "parent": 260,
    "persons": [
      "Denexne"
    ],
    "text_ocr": "Denexne, r. St.-Honore, 205.\n",
    "type": "ENTRY"
  },
  {
    "EOL": false,
    "box": [
      132,
      380,
      70,
      15
    ],
    "id": 291,
    "indented": true,
    "parent": 290,
    "text": "",
    "type": "LINE"
  },
  {
    "addresses": [],
    "box": [
      132,
      380,
      70,
      15
    ],
    "checked": false,
    "id": 290,
    "ner_xml": "<PER>Bottier.</PER>,\n",
    "origin": "computer",
    "parent": 260,
    "persons": [
      "Bottier."
    ],
    "text_ocr": "Bottier.,\n",
    "type": "ENTRY"
  },
  {
    "EOL": false,
    "box": [
      152,
      313,
      735,
      118
    ],
    "id": 293,
    "indented": true,
    "parent": 292,
    "text": "",
    "type": "LINE"
  },
  {
    "addresses": [
      {
        "street_name": "r. St.-Honoré",
        "street_numbers": [
          "248"
        ]
      },
      {
        "street_name": "r. St.-Honoré",
        "street_numbers": [
          "263"
        ]
      },
      {
        "street_name": "r. St.-Honoré",
        "street_numbers": [
          "291"
        ]
      },
      {
        "street_name": "r. St.-Paxant",
        "street_numbers": [
          "1\n\n"
        ]
      },
      {
        "street_name": "= Maonflotard",
        "street_numbers": [
          "6"
        ]
      }
    ],
    "box": [
      152,
      313,
      735,
      118
    ],
    "checked": false,
    "id": 292,
    "ner_xml": "<PER>Denémarque</PER>,<ACT>r. du Temple</ACT>,<CARDINAL>69</CARDINAL>.<PER>Duronr aîne</PER>,<LOC>r. St.-Honoré</LOC>,<CARDINAL>248</CARDINAL>.\nttier. { Voyez aussi<PER>Socques. )\nDenene</PER>,<LOC>r. St.-Honoré</LOC>,<CARDINAL>263</CARDINAL>.<PER>Durovr</PER>,<LOC>r. St.-Honoré</LOC>,<CARDINAL>291</CARDINAL>.\nttier.<PER>Bottier-cordonnier</PER>.\nDenvezse, success. de<PER>madame veuve Man  Duroun</PER>,<LOC>r. St.-Paxant</LOC>,<CARDINAL>1\n\n</CARDINAL>nss<LOC>= Maonflotard</LOC><CARDINAL>6</CARDINAL>.<PER>Cambreur</PER>.\n",
    "origin": "computer",
    "parent": 260,
    "persons": [
      "Denémarque",
      "Duronr aîne",
      "Socques. )\nDenene",
      "Durovr",
      "Bottier-cordonnier",
      "madame veuve Man  Duroun",
      "Cambreur"
    ],
    "text_ocr": "Denémarque, r. du Temple, 69. Duronr aîne, r. St.-Honoré, 248.\nttier. { Voyez aussi Socques. )\nDenene, r. St.-Honoré, 263. Durovr, r. St.-Honoré, 291.\nttier. Bottier-cordonnier.\nDenvezse, success. de madame veuve Man  Duroun, r. St.-Paxant, 1\n\nnss = Maonflotard 6. Cambreur.\n",
    "type": "ENTRY"
  },
  {
    "EOL": false,
    "box": [
      155,
      419,
      830,
      94
    ],
    "id": 295,
    "indented": true,
    "parent": 294,
    "text": "",
    "type": "LINE"
  },
  {
    "EOL": false,
    "box": [
      177,
      461,
      81,
      16
    ],
    "id": 296,
    "indented": false,
    "parent": 294,
    "text": "",
    "type": "LINE"
  },
  {
    "addresses": [
      {
        "street_name": "Tin",
        "street_numbers": [
          "1",
          "50"
        ]
      },
      {
        "street_name": "Palais-Royal",
        "street_numbers": []
      },
      {
        "street_name": "galerie de Durosse",
        "street_numbers": [
          "22"
        ]
      },
      {
        "street_name": "Dumouix",
        "street_numbers": [
          "68",
          "410"
        ]
      }
    ],
    "box": [
      155,
      419,
      830,
      94
    ],
    "checked": false,
    "id": 294,
    "ner_xml": "<LOC>Tin</LOC>,<CARDINAL>1</CARDINAL>.<PER>Moulletard</PER>,<CARDINAL>50</CARDINAL>.<PER>Lambreur</PER>.\nDescuawrs<ACT>jeune</ACT>,<LOC>Palais-Royal</LOC>,<LOC>galerie de Durosse</LOC>,<ACT>r. St.-Dominique-St -Germain,13.\nBois</ACT>,<CARDINAL>22</CARDINAL>.<PER>Bottie -cordonnier.\nttier-cordonnier</PER>.<LOC>Dumouix</LOC>,<ACT>r. de Richelieu</ACT>,<CARDINAL>68</CARDINAL>.\nDu<ACT>nnincre banl</ACT>due Cannrinoe<CARDINAL>410</CARDINAL>Bottier.\n",
    "origin": "computer",
    "parent": 260,
    "persons": [
      "Moulletard",
      "Lambreur",
      "Bottie -cordonnier.\nttier-cordonnier"
    ],
    "text_ocr": "Tin, 1. Moulletard, 50. Lambreur.\nDescuawrs jeune, Palais-Royal, galerie de Durosse, r. St.-Dominique-St -Germain,13.\nBois, 22. Bottie -cordonnier.\nttier-cordonnier. Dumouix, r. de Richelieu, 68.\nDu nnincre banl due Cannrinoe 410 Bottier.\n",
    "type": "ENTRY"
  },
  {
    "EOL": false,
    "box": [
      135,
      481,
      175,
      17
    ],
    "id": 298,
    "indented": true,
    "parent": 297,
    "text": "",
    "type": "LINE"
  },
  {
    "addresses": [],
    "box": [
      135,
      481,
      175,
      17
    ],
    "checked": false,
    "id": 297,
    "ner_xml": "<PER>Bottier-cordonnmier</PER>.\n",
    "origin": "computer",
    "parent": 260,
    "persons": [
      "Bottier-cordonnmier"
    ],
    "text_ocr": "Bottier-cordonnmier.\n",
    "type": "ENTRY"
  },
  {
    "EOL": false,
    "box": [
      157,
      501,
      337,
      19
    ],
    "id": 300,
    "indented": true,
    "parent": 299,
    "text": "",
    "type": "LINE"
  },
  {
    "addresses": [
      {
        "street_name": "boul. des Capucines",
        "street_numbers": [
          "19"
        ]
      }
    ],
    "box": [
      157,
      501,
      337,
      19
    ],
    "checked": false,
    "id": 299,
    "ner_xml": "<PER>Descuamps</PER>,<LOC>boul. des Capucines</LOC>.<CARDINAL>19</CARDINAL>.\n",
    "origin": "computer",
    "parent": 260,
    "persons": [
      "Descuamps"
    ],
    "text_ocr": "Descuamps, boul. des Capucines. 19.\n",
    "type": "ENTRY"
  },
  {
    "EOL": false,
    "box": [
      134,
      523,
      110,
      16
    ],
    "id": 302,
    "indented": true,
    "parent": 301,
    "text": "",
    "type": "LINE"
  },
  {
    "addresses": [],
    "box": [
      134,
      523,
      110,
      16
    ],
    "checked": false,
    "id": 301,
    "ner_xml": "(‘ordonnier.\n",
    "origin": "computer",
    "parent": 260,
    "persons": [],
    "text_ocr": "(‘ordonnier.\n",
    "type": "ENTRY"
  },
  {
    "EOL": false,
    "box": [
      158,
      542,
      260,
      20
    ],
    "id": 304,
    "indented": true,
    "parent": 303,
    "text": "",
    "type": "LINE"
  },
  {
    "addresses": [],
    "box": [
      158,
      542,
      260,
      20
    ],
    "checked": false,
    "id": 303,
    "ner_xml": "<PER>Descours</PER>,<ACT>r. de Fourevy</ACT>,<ACT>1#.\n</ACT>",
    "origin": "computer",
    "parent": 260,
    "persons": [
      "Descours"
    ],
    "text_ocr": "Descours , r. de Fourevy, 1#.\n",
    "type": "ENTRY"
  },
  {
    "EOL": false,
    "box": [
      136,
      563,
      237,
      17
    ],
    "id": 306,
    "indented": true,
    "parent": 305,
    "text": "",
    "type": "LINE"
  },
  {
    "addresses": [],
    "box": [
      136,
      563,
      237,
      17
    ],
    "checked": false,
    "id": 305,
    "ner_xml": "Pour<ACT>hommes et lemmes</ACT>,\n",
    "origin": "computer",
    "parent": 260,
    "persons": [],
    "text_ocr": "Pour hommes et lemmes,\n",
    "type": "ENTRY"
  },
  {
    "EOL": false,
    "box": [
      159,
      519,
      741,
      99
    ],
    "id": 308,
    "indented": true,
    "parent": 307,
    "text": "",
    "type": "LINE"
  },
  {
    "addresses": [
      {
        "street_name": "Dopsé, carrefour de l'Odéon",
        "street_numbers": [
          "12"
        ]
      },
      {
        "street_name": "pass. Véro-Dodat",
        "street_numbers": [
          "16"
        ]
      },
      {
        "street_name": "r. St-Martin.",
        "street_numbers": [
          "941"
        ]
      }
    ],
    "box": [
      159,
      519,
      741,
      99
    ],
    "checked": false,
    "id": 307,
    "ner_xml": "<PER>rdonnier. pi Dopire</PER>,<ACT>r. du Bac</ACT>,<CARDINAL>13</CARDINAL>,\n\nDescours ,<ACT>r. de Fourey</ACT>,<CARDINAL>14</CARDINAL>.<PER>Bottier-cordonnier.\n\nur hommes et femmes</PER>,<LOC>Dopsé, carrefour de l'Odéon</LOC>,<CARDINAL>12</CARDINAL>.\nDescouy<ACT>jeune</ACT>,<LOC>pass. Véro-Dodat</LOC>,<CARDINAL>16</CARDINAL>.<PER>Bottier-cordonnicr.\nttior.rordonnier.</PER>Dupuis.<LOC>r. St-Martin.</LOC><CARDINAL>941</CARDINAL>.\n",
    "origin": "computer",
    "parent": 260,
    "persons": [
      "rdonnier. pi Dopire",
      "Bottier-cordonnier.\n\nur hommes et femmes",
      "Bottier-cordonnicr.\nttior.rordonnier."
    ],
    "text_ocr": "rdonnier. pi Dopire, r. du Bac, 13,\n\nDescours , r. de Fourey, 14. Bottier-cordonnier.\n\nur hommes et femmes, Dopsé, carrefour de l'Odéon, 12.\nDescouy jeune, pass. Véro-Dodat, 16. Bottier-cordonnicr.\nttior.rordonnier. Dupuis. r. St-Martin. 941.\n",
    "type": "ENTRY"
  },
  {
    "EOL": false,
    "box": [
      137,
      605,
      178,
      16
    ],
    "id": 310,
    "indented": true,
    "parent": 309,
    "text": "",
    "type": "LINE"
  },
  {
    "addresses": [],
    "box": [
      137,
      605,
      178,
      16
    ],
    "checked": false,
    "id": 309,
    "ner_xml": "<PER>Bottier-cordonmier</PER>.\n",
    "origin": "computer",
    "parent": 260,
    "persons": [
      "Bottier-cordonmier"
    ],
    "text_ocr": "Bottier-cordonmier.\n",
    "type": "ENTRY"
  },
  {
    "EOL": false,
    "box": [
      159,
      623,
      721,
      55
    ],
    "id": 312,
    "indented": true,
    "parent": 311,
    "text": "",
    "type": "LINE"
  },
  {
    "addresses": [
      {
        "street_name": "r. des Foss.-St.-Germ.-des-Pr.",
        "street_numbers": [
          "7"
        ]
      },
      {
        "street_name": "Duqvuer",
        "street_numbers": [
          "17"
        ]
      }
    ],
    "box": [
      159,
      623,
      721,
      55
    ],
    "checked": false,
    "id": 311,
    "ner_xml": "Descouy,<LOC>r. des Foss.-St.-Germ.-des-Pr.</LOC>,<CARDINAL>7</CARDINAL>.<PER>Cordonnier</PER>.\narchand<ACT>bottier-cordonnier</ACT>.<LOC>Duqvuer</LOC>,<ACT>r. de la Corderie</ACT>,<CARDINAL>17</CARDINAL>.\nDecisoce ne Ct Hanoré SA Bottier.\n",
    "origin": "computer",
    "parent": 260,
    "persons": [
      "Cordonnier"
    ],
    "text_ocr": "Descouy, r. des Foss.-St.-Germ.-des-Pr., 7. Cordonnier.\narchand bottier-cordonnier. Duqvuer, r. de la Corderie, 17.\nDecisoce ne Ct Hanoré SA Bottier.\n",
    "type": "ENTRY"
  },
  {
    "EOL": false,
    "box": [
      137,
      645,
      276,
      17
    ],
    "id": 314,
    "indented": true,
    "parent": 313,
    "text": "",
    "type": "LINE"
  },
  {
    "addresses": [],
    "box": [
      137,
      645,
      276,
      17
    ],
    "checked": false,
    "id": 313,
    "ner_xml": "<PER>Marchand bottier-cordonnier</PER>,\n",
    "origin": "computer",
    "parent": 260,
    "persons": [
      "Marchand bottier-cordonnier"
    ],
    "text_ocr": "Marchand bottier-cordonnier,\n",
    "type": "ENTRY"
  },
  {
    "EOL": false,
    "box": [
      160,
      665,
      263,
      17
    ],
    "id": 316,
    "indented": true,
    "parent": 315,
    "text": "",
    "type": "LINE"
  },
  {
    "addresses": [
      {
        "street_name": "Desinpes",
        "street_numbers": []
      },
      {
        "street_name": "S#.\n",
        "street_numbers": []
      }
    ],
    "box": [
      160,
      665,
      263,
      17
    ],
    "checked": false,
    "id": 315,
    "ner_xml": "<LOC>Desinpes</LOC>,<ACT>r. St. -Honore</ACT>,<LOC>S#.\n</LOC>",
    "origin": "computer",
    "parent": 260,
    "persons": [],
    "text_ocr": "Desinpes , r. St. -Honore, S#.\n",
    "type": "ENTRY"
  },
  {
    "EOL": false,
    "box": [
      138,
      688,
      173,
      19
    ],
    "id": 318,
    "indented": true,
    "parent": 317,
    "text": "",
    "type": "LINE"
  },
  {
    "addresses": [],
    "box": [
      138,
      688,
      173,
      19
    ],
    "checked": false,
    "id": 317,
    "ner_xml": "<PER>Cord</PER>.<ACT>pour dames</ACT>.\n",
    "origin": "computer",
    "parent": 260,
    "persons": [
      "Cord"
    ],
    "text_ocr": "Cord. pour dames.\n",
    "type": "ENTRY"
  },
  {
    "EOL": false,
    "box": [
      161,
      685,
      828,
      75
    ],
    "id": 320,
    "indented": true,
    "parent": 319,
    "text": "",
    "type": "LINE"
  },
  {
    "addresses": [
      {
        "street_name": "Chaussée d'Antin",
        "street_numbers": []
      }
    ],
    "box": [
      161,
      685,
      828,
      75
    ],
    "checked": false,
    "id": 319,
    "ner_xml": "<ACT>rd. pour dames</ACT>.<PER>Dunanp</PER>,<ACT>r. de la Vieille-Bouclerie</ACT>,<CARDINAL>25</CARDINAL>.\n<PER>DrAovens (Mne.)</PER>,<ACT>r. de la Corderie</ACT>,<CARDINAL>8</CARDINAL>.<PER>Bottier-cordonnier.\n\n</PER>Desquirey, boul. des Italiens,<CARDINAL>5</CARDINAL>.<PER>Dora</PER>,<ACT>r. d'Artois</ACT>,<CARDINAL>29</CARDINAL>,<LOC>Chaussée d'Antin</LOC>.\npe à Bottier-cordonnier.\n",
    "origin": "computer",
    "parent": 260,
    "persons": [
      "Dunanp",
      "DrAovens (Mne.)",
      "Bottier-cordonnier.\n\n",
      "Dora"
    ],
    "text_ocr": "rd. pour dames. Dunanp, r. de la Vieille-Bouclerie, 25.\nDrAovens (Mne.), r. de la Corderie, 8. Bottier-cordonnier.\n\nDesquirey, boul. des Italiens, 5. Dora, r. d'Artois, 29, Chaussée d'Antin.\npe à Bottier-cordonnier.\n",
    "type": "ENTRY"
  },
  {
    "EOL": false,
    "box": [
      162,
      728,
      304,
      19
    ],
    "id": 322,
    "indented": true,
    "parent": 321,
    "text": "",
    "type": "LINE"
  },
  {
    "addresses": [
      {
        "street_name": "boul. des Itahens",
        "street_numbers": [
          "2"
        ]
      }
    ],
    "box": [
      162,
      728,
      304,
      19
    ],
    "checked": false,
    "id": 321,
    "ner_xml": "DesouiLzsy,<LOC>boul. des Itahens</LOC>,<CARDINAL>2</CARDINAL>.\n",
    "origin": "computer",
    "parent": 260,
    "persons": [],
    "text_ocr": "DesouiLzsy, boul. des Itahens, 2.\n",
    "type": "ENTRY"
  },
  {
    "EOL": false,
    "box": [
      140,
      750,
      175,
      19
    ],
    "id": 324,
    "indented": true,
    "parent": 323,
    "text": "",
    "type": "LINE"
  },
  {
    "addresses": [],
    "box": [
      140,
      750,
      175,
      19
    ],
    "checked": false,
    "id": 323,
    "ner_xml": "<PER>Lord. pour dames\n</PER>",
    "origin": "computer",
    "parent": 260,
    "persons": [
      "Lord. pour dames\n"
    ],
    "text_ocr": "Lord. pour dames\n",
    "type": "ENTRY"
  },
  {
    "EOL": false,
    "box": [
      163,
      767,
      830,
      62
    ],
    "id": 326,
    "indented": true,
    "parent": 325,
    "text": "",
    "type": "LINE"
  },
  {
    "EOL": false,
    "box": [
      141,
      811,
      86,
      15
    ],
    "id": 327,
    "indented": false,
    "parent": 325,
    "text": "",
    "type": "LINE"
  },
  {
    "addresses": [
      {
        "street_name": "pass. du Caire",
        "street_numbers": []
      },
      {
        "street_name": "galerie : Duzin",
        "street_numbers": []
      },
      {
        "street_name": "r",
        "street_numbers": []
      },
      {
        "street_name": "Ste-Anne",
        "street_numbers": [
          "05"
        ]
      },
      {
        "street_name": "Sainte-Foy",
        "street_numbers": [
          "43"
        ]
      }
    ],
    "box": [
      141,
      767,
      852,
      62
    ],
    "checked": false,
    "id": 325,
    "ner_xml": "<PER>Devaux</PER>,<LOC>pass. du Caire</LOC>, grande<LOC>galerie : Duzin</LOC>,<LOC>r</LOC>,<LOC>Ste-Anne</LOC>,<CARDINAL>05</CARDINAL>,\n<LOC>Sainte-Foy</LOC>,<CARDINAL>43</CARDINAL>. Bott.-cordonnier.\nCordonn.<ACT>Dunoxcenay</ACT>, Palais-Royal, gal. de bois,219\n",
    "origin": "computer",
    "parent": 260,
    "persons": [
      "Devaux"
    ],
    "text_ocr": "Devaux, pass. du Caire, grande galerie : Duzin, r, Ste-Anne, 05,\nSainte-Foy, 43. Bott.-cordonnier.\nCordonn. Dunoxcenay, Palais-Royal, gal. de bois,219\n",
    "type": "ENTRY"
  },
  {
    "EOL": false,
    "box": [
      164,
      829,
      663,
      56
    ],
    "id": 329,
    "indented": true,
    "parent": 328,
    "text": "",
    "type": "LINE"
  },
  {
    "addresses": [
      {
        "street_name": "r. Croix-des-Pet.-Champs",
        "street_numbers": [
          "25"
        ]
      },
      {
        "street_name": "Drnnex",
        "street_numbers": []
      },
      {
        "street_name": "r. Ste.-Anne",
        "street_numbers": [
          "1",
          "14"
        ]
      }
    ],
    "box": [
      164,
      829,
      663,
      56
    ],
    "checked": false,
    "id": 328,
    "ner_xml": "<PER>Devizzens</PER>,<LOC>r. Croix-des-Pet.-Champs</LOC>,<CARDINAL>25</CARDINAL>.  Cordonmier\nrdonn.<LOC>Drnnex</LOC>,<LOC>r. Ste.-Anne</LOC>,<CARDINAL>1</CARDINAL>.\nD'Hoibee ve Nonve-St Boch<CARDINAL>14</CARDINAL>Bottier.\n",
    "origin": "computer",
    "parent": 260,
    "persons": [
      "Devizzens"
    ],
    "text_ocr": "Devizzens, r. Croix-des-Pet.-Champs, 25.  Cordonmier\nrdonn. Drnnex, r. Ste.-Anne, 1.\nD'Hoibee ve Nonve-St Boch 14 Bottier.\n",
    "type": "ENTRY"
  },
  {
    "EOL": false,
    "box": [
      142,
      853,
      84,
      14
    ],
    "id": 331,
    "indented": true,
    "parent": 330,
    "text": "",
    "type": "LINE"
  },
  {
    "addresses": [],
    "box": [
      142,
      853,
      84,
      14
    ],
    "checked": false,
    "id": 330,
    "ner_xml": "{ ordonn.\n",
    "origin": "computer",
    "parent": 260,
    "persons": [],
    "text_ocr": "{ ordonn.\n",
    "type": "ENTRY"
  },
  {
    "EOL": false,
    "box": [
      164,
      872,
      315,
      16
    ],
    "id": 333,
    "indented": true,
    "parent": 332,
    "text": "",
    "type": "LINE"
  },
  {
    "addresses": [
      {
        "street_name": "r. Neuve-St.-hoch.",
        "street_numbers": [
          "14"
        ]
      }
    ],
    "box": [
      164,
      872,
      315,
      16
    ],
    "checked": false,
    "id": 332,
    "ner_xml": "<PER>1)'Huisce</PER>,<LOC>r. Neuve-St.-hoch.</LOC><CARDINAL>14</CARDINAL>.\n",
    "origin": "computer",
    "parent": 260,
    "persons": [
      "1)'Huisce"
    ],
    "text_ocr": "1)'Huisce, r. Neuve-St.-hoch. 14.\n",
    "type": "ENTRY"
  },
  {
    "EOL": false,
    "box": [
      165,
      893,
      295,
      16
    ],
    "id": 335,
    "indented": true,
    "parent": 334,
    "text": "",
    "type": "LINE"
  },
  {
    "addresses": [
      {
        "street_name": "r. des Colonnes",
        "street_numbers": []
      }
    ],
    "box": [
      165,
      893,
      295,
      16
    ],
    "checked": false,
    "id": 334,
    "ner_xml": "<ACT>DiRRINGER,</ACT>,<LOC>r. des Colonnes</LOC>, \"#.\n",
    "origin": "computer",
    "parent": 260,
    "persons": [],
    "text_ocr": "DiRRINGER,, r. des Colonnes, \"#.\n",
    "type": "ENTRY"
  },
  {
    "EOL": false,
    "box": [
      143,
      914,
      85,
      15
    ],
    "id": 337,
    "indented": true,
    "parent": 336,
    "text": "",
    "type": "LINE"
  },
  {
    "addresses": [],
    "box": [
      143,
      914,
      85,
      15
    ],
    "checked": false,
    "id": 336,
    "ner_xml": "(‘ordonn.\n",
    "origin": "computer",
    "parent": 260,
    "persons": [],
    "text_ocr": "(‘ordonn.\n",
    "type": "ENTRY"
  },
  {
    "EOL": false,
    "box": [
      167,
      890,
      827,
      78
    ],
    "id": 339,
    "indented": true,
    "parent": 338,
    "text": "",
    "type": "LINE"
  },
  {
    "EOL": false,
    "box": [
      144,
      955,
      85,
      14
    ],
    "id": 340,
    "indented": false,
    "parent": 338,
    "text": "",
    "type": "LINE"
  },
  {
    "addresses": [
      {
        "street_name": "r. des Colonnes",
        "street_numbers": [
          "9"
        ]
      },
      {
        "street_name": "Champs",
        "street_numbers": [
          "29",
          "51",
          "13"
        ]
      }
    ],
    "box": [
      144,
      890,
      850,
      79
    ],
    "checked": false,
    "id": 338,
    "ner_xml": "<PER>Dinnixées</PER>,<LOC>r. des Colonnes</LOC>,<CARDINAL>9</CARDINAL>.<PER>Ecrox et Lrncrn</PER>,<ACT>r. Neuve - des - Petits:\nCordonn</ACT>.<LOC>Champs</LOC>,<CARDINAL>29</CARDINAL>. :\n\nDizancnemeuse,<ACT>r. du Four-St.-G.</ACT>,<CARDINAL>51</CARDINAL>.<PER>Cordonnier pour dames</PER>.\nCétdonn. Esré.<PER>r. de la Paix.</PER><CARDINAL>13</CARDINAL>.\n",
    "origin": "computer",
    "parent": 260,
    "persons": [
      "Dinnixées",
      "Ecrox et Lrncrn",
      "Cordonnier pour dames",
      "r. de la Paix."
    ],
    "text_ocr": "Dinnixées, r. des Colonnes, 9. Ecrox et Lrncrn, r. Neuve - des - Petits:\nCordonn. Champs, 29. :\n\nDizancnemeuse, r. du Four-St.-G., 51. Cordonnier pour dames.\nCétdonn. Esré. r. de la Paix. 13.\n",
    "type": "ENTRY"
  },
  {
    "EOL": false,
    "box": [
      167,
      973,
      789,
      54
    ],
    "id": 342,
    "indented": true,
    "parent": 341,
    "text": "",
    "type": "LINE"
  },
  {
    "EOL": false,
    "box": [
      146,
      995,
      299,
      39
    ],
    "id": 343,
    "indented": false,
    "parent": 341,
    "text": "",
    "type": "LINE"
  },
  {
    "addresses": [
      {
        "street_name": "r. St.-Honore",
        "street_numbers": [
          "245"
        ]
      },
      {
        "street_name": "r. Cordonnier",
        "street_numbers": [
          "17"
        ]
      }
    ],
    "box": [
      146,
      973,
      810,
      61
    ],
    "checked": false,
    "id": 341,
    "ner_xml": "<PER>Docue</PER>,<LOC>r. St.-Honore</LOC>,<CARDINAL>245</CARDINAL>, ci-devant ,<LOC>r. Cordonnier</LOC>,\nVivienne. * Ériévaxr,<ACT>r, des Filles-St.-Thomas</ACT>,<CARDINAL>17</CARDINAL>\nBott.-cord<ACT>. du Théâtre-Francais. Bottier. Jr\n</ACT>",
    "origin": "computer",
    "parent": 260,
    "persons": [
      "Docue"
    ],
    "text_ocr": "Docue ,r. St.-Honore, 245, ci-devant ,r. Cordonnier,\nVivienne. * Ériévaxr,r, des Filles-St.-Thomas, 17\nBott.-cord. du Théâtre-Francais. Bottier. Jr\n",
    "type": "ENTRY"
  },
  {
    "EOL": false,
    "box": [
      169,
      1036,
      291,
      15
    ],
    "id": 345,
    "indented": true,
    "parent": 344,
    "text": "",
    "type": "LINE"
  },
  {
    "addresses": [
      {
        "street_name": "r. de la Vannérie",
        "street_numbers": [
          "32"
        ]
      }
    ],
    "box": [
      169,
      1036,
      291,
      15
    ],
    "checked": false,
    "id": 344,
    "ner_xml": "<PER>IIODONE.</PER>,<LOC>r. de la Vannérie</LOC>,<CARDINAL>32</CARDINAL>.\n",
    "origin": "computer",
    "parent": 260,
    "persons": [
      "IIODONE."
    ],
    "text_ocr": "IIODONE., r. de la Vannérie, 32.\n",
    "type": "ENTRY"
  },
  {
    "EOL": false,
    "box": [
      146,
      1057,
      84,
      16
    ],
    "id": 347,
    "indented": true,
    "parent": 346,
    "text": "",
    "type": "LINE"
  },
  {
    "addresses": [],
    "box": [
      146,
      1057,
      84,
      16
    ],
    "checked": false,
    "id": 346,
    "ner_xml": "<PER>Cordonn</PER>.,\n",
    "origin": "computer",
    "parent": 260,
    "persons": [
      "Cordonn"
    ],
    "text_ocr": "Cordonn.,\n",
    "type": "ENTRY"
  },
  {
    "EOL": false,
    "box": [
      168,
      1033,
      750,
      76
    ],
    "id": 349,
    "indented": true,
    "parent": 348,
    "text": "",
    "type": "LINE"
  },
  {
    "addresses": [
      {
        "street_name": "r. Poissonmiere",
        "street_numbers": [
          "21"
        ]
      },
      {
        "street_name": "Bottier",
        "street_numbers": []
      },
      {
        "street_name": "r, du Bac",
        "street_numbers": [
          "18",
          "19",
          "29"
        ]
      }
    ],
    "box": [
      168,
      1033,
      750,
      76
    ],
    "checked": false,
    "id": 348,
    "ner_xml": "<PER>Donoxé</PER>,<ACT>r. de la Vannerie</ACT>,<CARDINAL>32</CARDINAL>.<PER>Faucuar</PER>,<LOC>r. Poissonmiere</LOC>,<CARDINAL>21</CARDINAL>.\n<ACT>rdonn</ACT>,<LOC>Bottier</LOC>.\n\nDonrez ,<ACT>suce. de Cozzer</ACT>,<LOC>r, du Bac</LOC>,<CARDINAL>18</CARDINAL>,<PER>Faucnar</PER>,<ACT>r. Royale-St.-Martin</ACT>,<CARDINAL>19</CARDINAL>.\nDhusveuce ©» C'anmartin -<CARDINAL>29</CARDINAL>Bottier-cordonnier.\n",
    "origin": "computer",
    "parent": 260,
    "persons": [
      "Donoxé",
      "Faucuar",
      "Faucnar"
    ],
    "text_ocr": "Donoxé, r. de la Vannerie, 32. Faucuar, r. Poissonmiere, 21.\nrdonn, Bottier.\n\nDonrez , suce. de Cozzer, r, du Bac, 18, Faucnar, r. Royale-St.-Martin, 19.\nDhusveuce ©» C'anmartin - 29 Bottier-cordonnier.\n",
    "type": "ENTRY"
  },
  {
    "EOL": false,
    "box": [
      169,
      1097,
      283,
      16
    ],
    "id": 351,
    "indented": true,
    "parent": 350,
    "text": "",
    "type": "LINE"
  },
  {
    "addresses": [
      {
        "street_name": "DonwriLen, r. Caumartin.",
        "street_numbers": [
          "32"
        ]
      }
    ],
    "box": [
      169,
      1097,
      283,
      16
    ],
    "checked": false,
    "id": 350,
    "ner_xml": "<LOC>DonwriLen, r. Caumartin.</LOC><CARDINAL>32</CARDINAL>.\n",
    "origin": "computer",
    "parent": 260,
    "persons": [],
    "text_ocr": "DonwriLen, r. Caumartin. 32.\n",
    "type": "ENTRY"
  },
  {
    "EOL": false,
    "box": [
      148,
      1119,
      174,
      18
    ],
    "id": 353,
    "indented": true,
    "parent": 352,
    "text": "",
    "type": "LINE"
  },
  {
    "addresses": [],
    "box": [
      148,
      1119,
      174,
      18
    ],
    "checked": false,
    "id": 352,
    "ner_xml": "<PER>Lord. pour dames</PER>.\n",
    "origin": "computer",
    "parent": 260,
    "persons": [
      "Lord. pour dames"
    ],
    "text_ocr": "Lord. pour dames.\n",
    "type": "ENTRY"
  },
  {
    "EOL": false,
    "box": [
      171,
      1115,
      660,
      59
    ],
    "id": 355,
    "indented": true,
    "parent": 354,
    "text": "",
    "type": "LINE"
  },
  {
    "addresses": [
      {
        "street_name": "Palais-Royal",
        "street_numbers": []
      },
      {
        "street_name": "galerie vi- Botier",
        "street_numbers": [
          "229"
        ]
      }
    ],
    "box": [
      171,
      1115,
      660,
      59
    ],
    "checked": false,
    "id": 354,
    "ner_xml": "<ACT>rd. pour dames</ACT>.<PER>Faucuar</PER>,<ACT>r. Feydeau</ACT>,<CARDINAL>10</CARDINAL>.\n<PER>Dourr (Mme)</PER>,<LOC>Palais-Royal</LOC>,<LOC>galerie vi- Botier</LOC>.\ntrée .<CARDINAL>229</CARDINAL>L Faune,<ACT>r. de l'Arbre-Sec\n</ACT>",
    "origin": "computer",
    "parent": 260,
    "persons": [
      "Faucuar",
      "Dourr (Mme)"
    ],
    "text_ocr": "rd. pour dames. Faucuar, r. Feydeau, 10.\nDourr (Mme), Palais-Royal, galerie vi- Botier.\ntrée . 229 L Faune, r. de l'Arbre-Sec\n",
    "type": "ENTRY"
  },
  {
    "EOL": false,
    "box": [
      148,
      1180,
      169,
      19
    ],
    "id": 357,
    "indented": true,
    "parent": 356,
    "text": "",
    "type": "LINE"
  },
  {
    "addresses": [],
    "box": [
      148,
      1180,
      169,
      19
    ],
    "checked": false,
    "id": 356,
    "ner_xml": "<PER>Cord</PER>.<ACT>pour dames</ACT>,\n",
    "origin": "computer",
    "parent": 260,
    "persons": [
      "Cord"
    ],
    "text_ocr": "Cord. pour dames,\n",
    "type": "ENTRY"
  },
  {
    "EOL": false,
    "box": [
      172,
      1199,
      304,
      16
    ],
    "id": 359,
    "indented": true,
    "parent": 358,
    "text": "",
    "type": "LINE"
  },
  {
    "addresses": [],
    "box": [
      172,
      1199,
      304,
      16
    ],
    "checked": false,
    "id": 358,
    "ner_xml": "<PER>Dore . r  Neuve-St.-Martan .</PER><CARDINAL>36</CARDINAL>.\n",
    "origin": "computer",
    "parent": 260,
    "persons": [
      "Dore . r  Neuve-St.-Martan ."
    ],
    "text_ocr": "Dore . r  Neuve-St.-Martan . 36.\n",
    "type": "ENTRY"
  },
  {
    "EOL": false,
    "box": [
      149,
      1221,
      98,
      15
    ],
    "id": 361,
    "indented": true,
    "parent": 360,
    "text": "",
    "type": "LINE"
  },
  {
    "addresses": [],
    "box": [
      149,
      1221,
      98,
      15
    ],
    "checked": false,
    "id": 360,
    "ner_xml": "Bott<CARDINAL>-cord</CARDINAL>.\n",
    "origin": "computer",
    "parent": 260,
    "persons": [],
    "text_ocr": "Bott -cord.\n",
    "type": "ENTRY"
  },
  {
    "EOL": false,
    "box": [
      172,
      1157,
      762,
      159
    ],
    "id": 363,
    "indented": true,
    "parent": 362,
    "text": "",
    "type": "LINE"
  },
  {
    "addresses": [
      {
        "street_name": "trée",
        "street_numbers": [
          "229",
          "#",
          "45",
          "36",
          "18",
          "13"
        ]
      },
      {
        "street_name": "r. St-Martin",
        "street_numbers": [
          "142",
          "77"
        ]
      },
      {
        "street_name": "r. Caumartin",
        "street_numbers": [
          "10",
          "15"
        ]
      }
    ],
    "box": [
      172,
      1157,
      762,
      159
    ],
    "checked": false,
    "id": 362,
    "ner_xml": "<LOC>trée</LOC>,<CARDINAL>229</CARDINAL>Mare<PER>Faure</PER>,<ACT>r. de l'Arbre-Sec</ACT>,<CARDINAL>#</CARDINAL><CARDINAL>45</CARDINAL>.\nrd. pour dames, Bottier-cordonnier\nDroze ,<ACT>r Neuve-St.-Martin</ACT>,<CARDINAL>36</CARDINAL>.<PER>Fen</PER>,<ACT>r. Neuve-Ste.-Catherine</ACT>,<CARDINAL>18</CARDINAL>.\ntt-<ACT>cord</ACT>, Bottier-cordonnier.\nDunanay,<ACT>r. des Filles-St.-Thomas</ACT>,<CARDINAL>13</CARDINAL>Fennv,<LOC>r. St-Martin</LOC>,<CARDINAL>142</CARDINAL>.\n<TITRE>Dunniise</TITRE>,<ACT>r. du Bac</ACT>,<CARDINAL>77</CARDINAL>.<TITRE>Cordonnier</TITRE>.\nDocnor,<LOC>r. Caumartin</LOC>,<CARDINAL>10</CARDINAL>.<PER>Finor</PER>,<ACT>r. Traversière-St.-Honoré</ACT>,<CARDINAL>15</CARDINAL>\nrd<ACT>nour dames Bot.-cord</ACT>.\n",
    "origin": "computer",
    "parent": 260,
    "persons": [
      "Faure",
      "Fen",
      "Finor"
    ],
    "text_ocr": "trée , 229 Mare Faure, r. de l'Arbre-Sec, #45.\nrd. pour dames, Bottier-cordonnier\nDroze , r Neuve-St.-Martin, 36. Fen, r. Neuve-Ste.-Catherine, 18.\ntt-cord, Bottier-cordonnier.\nDunanay, r. des Filles-St.-Thomas , 13 Fennv,r. St-Martin, 142.\nDunniise, r. du Bac, 77. Cordonnier.\nDocnor, r. Caumartin, 10. Finor, r. Traversière-St.-Honoré, 15\nrd nour dames Bot.-cord.\n",
    "type": "ENTRY"
  },
  {
    "EOL": false,
    "box": [
      172,
      1262,
      235,
      16
    ],
    "id": 365,
    "indented": true,
    "parent": 364,
    "text": "",
    "type": "LINE"
  },
  {
    "addresses": [],
    "box": [
      172,
      1262,
      235,
      16
    ],
    "checked": false,
    "id": 364,
    "ner_xml": "<PER>DUBRILLE</PER>,<ACT>r. du bac</ACT>,<CARDINAL>7</CARDINAL>.\n",
    "origin": "computer",
    "parent": 260,
    "persons": [
      "DUBRILLE"
    ],
    "text_ocr": "DUBRILLE, r. du bac, 7.\n",
    "type": "ENTRY"
  },
  {
    "EOL": false,
    "box": [
      172,
      1283,
      250,
      18
    ],
    "id": 367,
    "indented": true,
    "parent": 366,
    "text": "",
    "type": "LINE"
  },
  {
    "addresses": [
      {
        "street_name": "r. Caumartin",
        "street_numbers": [
          "10"
        ]
      }
    ],
    "box": [
      172,
      1283,
      250,
      18
    ],
    "checked": false,
    "id": 366,
    "ner_xml": "<TITRE>DocRroOT</TITRE>,<LOC>r. Caumartin</LOC>,<CARDINAL>10</CARDINAL>,\n",
    "origin": "computer",
    "parent": 260,
    "persons": [],
    "text_ocr": "DocRroOT, r. Caumartin, 10,\n",
    "type": "ENTRY"
  },
  {
    "EOL": false,
    "box": [
      151,
      1303,
      169,
      19
    ],
    "id": 369,
    "indented": true,
    "parent": 368,
    "text": "",
    "type": "LINE"
  },
  {
    "addresses": [],
    "box": [
      151,
      1303,
      169,
      19
    ],
    "checked": false,
    "id": 368,
    "ner_xml": "<PER>Cord</PER>.<ACT>pour dames</ACT>,\n",
    "origin": "computer",
    "parent": 260,
    "persons": [
      "Cord"
    ],
    "text_ocr": "Cord. pour dames,\n",
    "type": "ENTRY"
  },
  {
    "EOL": false,
    "box": [
      173,
      1324,
      814,
      39
    ],
    "id": 371,
    "indented": true,
    "parent": 370,
    "text": "",
    "type": "LINE"
  },
  {
    "EOL": false,
    "box": [
      152,
      1366,
      44,
      15
    ],
    "id": 372,
    "indented": false,
    "parent": 370,
    "text": "",
    "type": "LINE"
  },
  {
    "addresses": [
      {
        "street_name": "boul. des Italiens",
        "street_numbers": [
          "20 bis"
        ]
      },
      {
        "street_name": "r. Nenve-St-Roch &\n",
        "street_numbers": []
      }
    ],
    "box": [
      152,
      1324,
      835,
      57
    ],
    "checked": false,
    "id": 370,
    "ner_xml": "<PER>DoronT</PER>,<ACT>au com de la r. des Vieux-Augus-  Firz-Paruicr</ACT>,<LOC>boul. des Italiens</LOC>,<CARDINAL>20 bis</CARDINAL>.\ntins et de celle Pagevin. Bottier.\nBott. Rracgrus.<LOC>r. Nenve-St-Roch &amp;\n</LOC>",
    "origin": "computer",
    "parent": 260,
    "persons": [
      "DoronT"
    ],
    "text_ocr": "DoronT, au com de la r. des Vieux-Augus-  Firz-Paruicr, boul. des Italiens, 20 bis.\ntins et de celle Pagevin. Bottier.\nBott. Rracgrus. r. Nenve-St-Roch &\n",
    "type": "ENTRY"
  },
  {
    "EOL": false,
    "box": [
      175,
      1384,
      301,
      18
    ],
    "id": 374,
    "indented": true,
    "parent": 373,
    "text": "",
    "type": "LINE"
  },
  {
    "addresses": [
      {
        "street_name": "St.-Honoré",
        "street_numbers": [
          "130"
        ]
      }
    ],
    "box": [
      175,
      1384,
      301,
      18
    ],
    "checked": false,
    "id": 373,
    "ner_xml": "<PER>Duoronr fils</PER>, r-<LOC>St.-Honoré</LOC>,<CARDINAL>130</CARDINAL>.\n",
    "origin": "computer",
    "parent": 260,
    "persons": [
      "Duoronr fils"
    ],
    "text_ocr": "Duoronr fils, r- St.-Honoré , 130.\n",
    "type": "ENTRY"
  },
  {
    "EOL": false,
    "box": [
      154,
      1366,
      740,
      61
    ],
    "id": 376,
    "indented": true,
    "parent": 375,
    "text": "",
    "type": "LINE"
  },
  {
    "addresses": [
      {
        "street_name": "St.-Honoré",
        "street_numbers": [
          "130"
        ]
      },
      {
        "street_name": "boul, des Italiens",
        "street_numbers": [
          "26"
        ]
      }
    ],
    "box": [
      154,
      1366,
      740,
      61
    ],
    "checked": false,
    "id": 375,
    "ner_xml": "<ACT>bott.</ACT>Fraceza,<ACT>r. NeuveSt.-hoch</ACT>,<CARDINAL>8</CARDINAL>.\n<PER>Duronr fils</PER>; r.<LOC>St.-Honoré</LOC>,<CARDINAL>130</CARDINAL>.<PER>Frasax»</PER>,<LOC>boul, des Italiens</LOC>,<CARDINAL>26</CARDINAL>.\nBreveté pour l'<ACT>invention des embouchoirs Cord. pour dames</ACT>.\n",
    "origin": "computer",
    "parent": 260,
    "persons": [
      "Duronr fils",
      "Frasax»"
    ],
    "text_ocr": "bott. Fraceza, r. NeuveSt.-hoch, 8.\nDuronr fils; r. St.-Honoré , 130. Frasax», boul, des Italiens, 26.\nBreveté pour l'invention des embouchoirs Cord. pour dames.\n",
    "type": "ENTRY"
  },
  {
    "EOL": false,
    "box": [
      154,
      1426,
      741,
      22
    ],
    "id": 378,
    "indented": true,
    "parent": 377,
    "text": "",
    "type": "LINE"
  },
  {
    "addresses": [
      {
        "street_name": "boul. des Italiens",
        "street_numbers": [
          "25"
        ]
      }
    ],
    "box": [
      154,
      1426,
      741,
      22
    ],
    "checked": false,
    "id": 377,
    "ner_xml": "<ACT>peints et verms, en cuir moule ou en bois</ACT>,  FLamanp,<LOC>boul. des Italiens</LOC>,<CARDINAL>25</CARDINAL>\n",
    "origin": "computer",
    "parent": 260,
    "persons": [],
    "text_ocr": "peints et verms, en cuir moule ou en bois,  FLamanp, boul. des Italiens, 25\n",
    "type": "ENTRY"
  },
  {
    "EOL": false,
    "box": [
      154,
      1447,
      478,
      22
    ],
    "id": 380,
    "indented": true,
    "parent": 379,
    "text": "",
    "type": "LINE"
  },
  {
    "addresses": [],
    "box": [
      154,
      1447,
      478,
      22
    ],
    "checked": false,
    "id": 379,
    "ner_xml": "<ACT>approuvés par la Societe d'Encouragement.</ACT>,<PER>Cord\n</PER>",
    "origin": "computer",
    "parent": 260,
    "persons": [
      "Cord\n"
    ],
    "text_ocr": "approuvés par la Societe d'Encouragement., Cord\n",
    "type": "ENTRY"
  },
  {
    "box": [
      127,
      56,
      867,
      1413
    ],
    "id": 260,
    "parent": 259,
    "type": "COLUMN_LEVEL_2"
  },
  {
    "box": [
      127,
      56,
      867,
      1413
    ],
    "id": 259,
    "parent": 258,
    "type": "SECTION_LEVEL_2"
  },
  {
    "box": [
      127,
      56,
      867,
      1413
    ],
    "id": 258,
    "parent": 257,
    "type": "COLUMN_LEVEL_1"
  },
  {
    "box": [
      127,
      56,
      867,
      1413
    ],
    "id": 257,
    "parent": 256,
    "type": "SECTION_LEVEL_1"
  },
  {
    "box": [
      127,
      56,
      867,
      1413
    ],
    "id": 256,
    "type": "PAGE"
  }
]
