{
  "content": [
    {
      "box": [
        35, 
        69, 
        843, 
        15
      ], 
      "checked": false, 
      "id": 257, 
      "origin": "computer", 
      "parent": 256, 
      "text": "ALPHABETIOUE, ID\n", 
      "type": "TITLE_LEVEL_1"
    }, 
    {
      "EOL": false, 
      "box": [
        35, 
        98, 
        407, 
        20
      ], 
      "id": 263, 
      "indented": true, 
      "parent": 262, 
      "text": "", 
      "type": "LINE"
    }, 
    {
      "EOL": false, 
      "box": [
        57, 
        120, 
        90, 
        15
      ], 
      "id": 264, 
      "indented": false, 
      "parent": 262, 
      "text": "", 
      "type": "LINE"
    }, 
    {
      "addresses": [
        {
          "street_name": "St.-Laurent, a\nBelleville", 
          "street_numbers": []
        }
      ], 
      "box": [
        35, 
        98, 
        407, 
        37
      ], 
      "checked": false, 
      "id": 262, 
      "ner_xml": "<PER>Durand ((.)</PER>,<ACT>m\u00e9canicien</ACT>,<LOC>St.-Laurent, a\nBelleville</LOC>.\n", 
      "origin": "computer", 
      "parent": 261, 
      "persons": [
        "Durand ((.)"
      ], 
      "text_ocr": "Durand ((.), m\u00e9canicien, St.-Laurent, a\nBelleville.\n", 
      "type": "ENTRY"
    }, 
    {
      "EOL": false, 
      "box": [
        35, 
        139, 
        397, 
        18
      ], 
      "id": 266, 
      "indented": true, 
      "parent": 265, 
      "text": "", 
      "type": "LINE"
    }, 
    {
      "addresses": [
        {
          "street_name": "r. Neuve-d'Orlcans", 
          "street_numbers": [
            "10"
          ]
        }
      ], 
      "box": [
        35, 
        139, 
        397, 
        18
      ], 
      "checked": false, 
      "id": 265, 
      "ner_xml": "<PER>Durand. f. necess.</PER>,<LOC>r. Neuve-d'Orlcans</LOC>,<CARDINAL>10</CARDINAL>,\n", 
      "origin": "computer", 
      "parent": 261, 
      "persons": [
        "Durand. f. necess."
      ], 
      "text_ocr": "Durand. f. necess., r. Neuve-d'Orlcans, 10,\n", 
      "type": "ENTRY"
    }, 
    {
      "EOL": false, 
      "box": [
        37, 
        160, 
        404, 
        17
      ], 
      "id": 268, 
      "indented": true, 
      "parent": 267, 
      "text": "", 
      "type": "LINE"
    }, 
    {
      "addresses": [
        {
          "street_name": "Palais-Roval", 
          "street_numbers": [
            "37", 
            "38"
          ]
        }
      ], 
      "box": [
        37, 
        160, 
        404, 
        17
      ], 
      "checked": false, 
      "id": 267, 
      "ner_xml": "Durand.<ACT>nouveautes</ACT>,<LOC>Palais-Roval</LOC>,<CARDINAL>37</CARDINAL>et<CARDINAL>38</CARDINAL>.\n", 
      "origin": "computer", 
      "parent": 261, 
      "persons": [], 
      "text_ocr": "Durand. nouveautes, Palais-Roval, 37 et 38.\n", 
      "type": "ENTRY"
    }, 
    {
      "EOL": false, 
      "box": [
        37, 
        181, 
        343, 
        16
      ], 
      "id": 270, 
      "indented": true, 
      "parent": 269, 
      "text": "", 
      "type": "LINE"
    }, 
    {
      "addresses": [
        {
          "street_name": "r. du Roule", 
          "street_numbers": []
        }
      ], 
      "box": [
        37, 
        181, 
        343, 
        16
      ], 
      "checked": false, 
      "id": 269, 
      "ner_xml": "<PER>Lborand</PER>.<ACT>nouveautes</ACT>.<LOC>r. du Roule</LOC>, O0.\n", 
      "origin": "computer", 
      "parent": 261, 
      "persons": [
        "Lborand"
      ], 
      "text_ocr": "Lborand. nouveautes. r. du Roule, O0.\n", 
      "type": "ENTRY"
    }, 
    {
      "EOL": false, 
      "box": [
        36, 
        202, 
        406, 
        20
      ], 
      "id": 272, 
      "indented": true, 
      "parent": 271, 
      "text": "", 
      "type": "LINE"
    }, 
    {
      "EOL": false, 
      "box": [
        58, 
        223, 
        167, 
        15
      ], 
      "id": 273, 
      "indented": false, 
      "parent": 271, 
      "text": "", 
      "type": "LINE"
    }, 
    {
      "addresses": [], 
      "box": [
        36, 
        202, 
        406, 
        36
      ], 
      "checked": false, 
      "id": 271, 
      "ner_xml": "<PER>Durand fils et comp.</PER>,<ACT>n\u00e9goctaus, pelleterie ,\n+ Marie-Stuart.</ACT><CARDINAL>8</CARDINAL>.\n", 
      "origin": "computer", 
      "parent": 261, 
      "persons": [
        "Durand fils et comp."
      ], 
      "text_ocr": "Durand fils et comp., n\u00e9goctaus, pelleterie ,\n+ Marie-Stuart. 8.\n", 
      "type": "ENTRY"
    }, 
    {
      "EOL": false, 
      "box": [
        36, 
        243, 
        408, 
        20
      ], 
      "id": 275, 
      "indented": true, 
      "parent": 274, 
      "text": "", 
      "type": "LINE"
    }, 
    {
      "EOL": false, 
      "box": [
        57, 
        264, 
        109, 
        17
      ], 
      "id": 276, 
      "indented": false, 
      "parent": 274, 
      "text": "", 
      "type": "LINE"
    }, 
    {
      "addresses": [
        {
          "street_name": "r. St.-Nicolas-\nd'Antin", 
          "street_numbers": [
            "18"
          ]
        }
      ], 
      "box": [
        36, 
        243, 
        408, 
        38
      ], 
      "checked": false, 
      "id": 274, 
      "ner_xml": "<PER>Durand aine</PER>,<ACT>plomb.-pomp.</ACT>,<LOC>r. St.-Nicolas-\nd'Antin</LOC>,<CARDINAL>18</CARDINAL>.\n", 
      "origin": "computer", 
      "parent": 261, 
      "persons": [
        "Durand aine"
      ], 
      "text_ocr": "Durand aine, plomb.-pomp., r. St.-Nicolas-\nd'Antin, 18.\n", 
      "type": "ENTRY"
    }, 
    {
      "EOL": false, 
      "box": [
        35, 
        284, 
        409, 
        20
      ], 
      "id": 278, 
      "indented": true, 
      "parent": 277, 
      "text": "", 
      "type": "LINE"
    }, 
    {
      "addresses": [
        {
          "street_name": "r. du Colombier", 
          "street_numbers": [
            "27"
          ]
        }
      ], 
      "box": [
        35, 
        284, 
        409, 
        20
      ], 
      "checked": false, 
      "id": 277, 
      "ner_xml": "<PER>Durand</PER>,<ACT>presses d'imp.</ACT>,<LOC>r. du Colombier</LOC>,<CARDINAL>27</CARDINAL>.\n", 
      "origin": "computer", 
      "parent": 261, 
      "persons": [
        "Durand"
      ], 
      "text_ocr": "Durand, presses d'imp., r. du Colombier, 27.\n", 
      "type": "ENTRY"
    }, 
    {
      "EOL": false, 
      "box": [
        36, 
        305, 
        367, 
        19
      ], 
      "id": 280, 
      "indented": true, 
      "parent": 279, 
      "text": "", 
      "type": "LINE"
    }, 
    {
      "addresses": [
        {
          "street_name": "r. St.-Jacques", 
          "street_numbers": [
            "229"
          ]
        }
      ], 
      "box": [
        36, 
        305, 
        367, 
        19
      ], 
      "checked": false, 
      "id": 279, 
      "ner_xml": "<PER>Durand fils</PER>,<ACT>rehure</ACT>,<LOC>r. St.-Jacques</LOC>,<CARDINAL>229</CARDINAL>.\n", 
      "origin": "computer", 
      "parent": 261, 
      "persons": [
        "Durand fils"
      ], 
      "text_ocr": "Durand fils, rehure, r. St.-Jacques, 229.\n", 
      "type": "ENTRY"
    }, 
    {
      "EOL": false, 
      "box": [
        36, 
        326, 
        407, 
        19
      ], 
      "id": 282, 
      "indented": true, 
      "parent": 281, 
      "text": "", 
      "type": "LINE"
    }, 
    {
      "addresses": [
        {
          "street_name": "passare Montesquieu", 
          "street_numbers": [
            "9"
          ]
        }
      ], 
      "box": [
        36, 
        326, 
        407, 
        19
      ], 
      "checked": false, 
      "id": 281, 
      "ner_xml": "<PER>Durand</PER>,<ACT>restaur.</ACT>,<LOC>passare Montesquieu</LOC>,<CARDINAL>9</CARDINAL>. .\n", 
      "origin": "computer", 
      "parent": 261, 
      "persons": [
        "Durand"
      ], 
      "text_ocr": "Durand, restaur., passare Montesquieu, 9. .\n", 
      "type": "ENTRY"
    }, 
    {
      "EOL": false, 
      "box": [
        36, 
        346, 
        382, 
        19
      ], 
      "id": 284, 
      "indented": true, 
      "parent": 283, 
      "text": "", 
      "type": "LINE"
    }, 
    {
      "addresses": [
        {
          "street_name": "r. dun Jour", 
          "street_numbers": [
            "21"
          ]
        }
      ], 
      "box": [
        36, 
        346, 
        382, 
        19
      ], 
      "checked": false, 
      "id": 283, 
      "ner_xml": "<PER>Durand (N.) uin\u00e9</PER>,<ACT>roulage</ACT>,<LOC>r. dun Jour</LOC>,<CARDINAL>21</CARDINAL>.\n", 
      "origin": "computer", 
      "parent": 261, 
      "persons": [
        "Durand (N.) uin\u00e9"
      ], 
      "text_ocr": "Durand (N.) uin\u00e9, roulage, r. dun Jour, 21.\n", 
      "type": "ENTRY"
    }, 
    {
      "EOL": false, 
      "box": [
        35, 
        366, 
        409, 
        21
      ], 
      "id": 286, 
      "indented": true, 
      "parent": 285, 
      "text": "", 
      "type": "LINE"
    }, 
    {
      "addresses": [], 
      "box": [
        35, 
        366, 
        409, 
        21
      ], 
      "checked": false, 
      "id": 285, 
      "ner_xml": "<PER>Durar d</PER>,<ACT>tulleur</ACT>,<ACT>r</ACT>,<PER>Montpensier- l'uileries</PER>, #.\n", 
      "origin": "computer", 
      "parent": 261, 
      "persons": [
        "Durar d", 
        "Montpensier- l'uileries"
      ], 
      "text_ocr": "Durar d, tulleur, r, Montpensier- l'uileries, #.\n", 
      "type": "ENTRY"
    }, 
    {
      "EOL": false, 
      "box": [
        36, 
        387, 
        400, 
        21
      ], 
      "id": 288, 
      "indented": true, 
      "parent": 287, 
      "text": "", 
      "type": "LINE"
    }, 
    {
      "addresses": [], 
      "box": [
        36, 
        387, 
        400, 
        21
      ], 
      "checked": false, 
      "id": 287, 
      "ner_xml": "<PER>Durand</PER>,<ACT>tall.</ACT>,<ACT>Pal.-Roval</ACT>, gal. de pierre,<CARDINAL>37</CARDINAL>.\n", 
      "origin": "computer", 
      "parent": 261, 
      "persons": [
        "Durand"
      ], 
      "text_ocr": "Durand, tall., Pal.-Roval, gal. de pierre, 37.\n", 
      "type": "ENTRY"
    }, 
    {
      "EOL": false, 
      "box": [
        37, 
        408, 
        406, 
        16
      ], 
      "id": 290, 
      "indented": true, 
      "parent": 289, 
      "text": "", 
      "type": "LINE"
    }, 
    {
      "addresses": [
        {
          "street_name": "r.St.-Germ.-l Auxerrois.", 
          "street_numbers": [
            "49"
          ]
        }
      ], 
      "box": [
        37, 
        408, 
        406, 
        16
      ], 
      "checked": false, 
      "id": 289, 
      "ner_xml": "<PER>Durand</PER>.<ACT>tailleur</ACT>,<LOC>r.St.-Germ.-l Auxerrois.</LOC>,<CARDINAL>49</CARDINAL>.\n", 
      "origin": "computer", 
      "parent": 261, 
      "persons": [
        "Durand"
      ], 
      "text_ocr": "Durand. tailleur, r.St.-Germ.-l Auxerrois., 49.\n", 
      "type": "ENTRY"
    }, 
    {
      "EOL": false, 
      "box": [
        39, 
        428, 
        387, 
        17
      ], 
      "id": 292, 
      "indented": true, 
      "parent": 291, 
      "text": "", 
      "type": "LINE"
    }, 
    {
      "addresses": [
        {
          "street_name": "r. St.-Demis", 
          "street_numbers": [
            "312"
          ]
        }
      ], 
      "box": [
        39, 
        428, 
        387, 
        17
      ], 
      "checked": false, 
      "id": 291, 
      "ner_xml": "<PER>Durand</PER>.<ACT>f. toiles ecirces</ACT>,,<LOC>r. St.-Demis</LOC>,<CARDINAL>312</CARDINAL>.\n", 
      "origin": "computer", 
      "parent": 261, 
      "persons": [
        "Durand"
      ], 
      "text_ocr": "Durand. f. toiles ecirces,, r. St.-Demis, 312.\n", 
      "type": "ENTRY"
    }, 
    {
      "EOL": false, 
      "box": [
        36, 
        449, 
        408, 
        17
      ], 
      "id": 294, 
      "indented": true, 
      "parent": 293, 
      "text": "", 
      "type": "LINE"
    }, 
    {
      "EOL": false, 
      "box": [
        59, 
        470, 
        161, 
        15
      ], 
      "id": 295, 
      "indented": false, 
      "parent": 293, 
      "text": "", 
      "type": "LINE"
    }, 
    {
      "addresses": [
        {
          "street_name": "r. du Faub.-\nPoissonniere.", 
          "street_numbers": [
            "113"
          ]
        }
      ], 
      "box": [
        36, 
        449, 
        408, 
        36
      ], 
      "checked": false, 
      "id": 293, 
      "ner_xml": "<PER>Durand hs</PER>,<ACT>tourn. sur m\u00e9taux</ACT>,<LOC>r. du Faub.-\nPoissonniere.</LOC><CARDINAL>113</CARDINAL>.\n", 
      "origin": "computer", 
      "parent": 261, 
      "persons": [
        "Durand hs"
      ], 
      "text_ocr": "Durand hs, tourn. sur m\u00e9taux, r. du Faub.-\nPoissonniere. 113.\n", 
      "type": "ENTRY"
    }, 
    {
      "EOL": false, 
      "box": [
        36, 
        491, 
        409, 
        20
      ], 
      "id": 297, 
      "indented": true, 
      "parent": 296, 
      "text": "", 
      "type": "LINE"
    }, 
    {
      "EOL": false, 
      "box": [
        58, 
        512, 
        243, 
        19
      ], 
      "id": 298, 
      "indented": false, 
      "parent": 296, 
      "text": "", 
      "type": "LINE"
    }, 
    {
      "addresses": [
        {
          "street_name": "r. des\nMathurins-St.-Jacques", 
          "street_numbers": [
            "14"
          ]
        }
      ], 
      "box": [
        36, 
        491, 
        409, 
        40
      ], 
      "checked": false, 
      "id": 296, 
      "ner_xml": "<PER>Durand et Sauve</PER>,<ACT>impr. taille-douce</ACT>,<LOC>r. des\nMathurins-St.-Jacques</LOC>,<CARDINAL>14</CARDINAL>.\n", 
      "origin": "computer", 
      "parent": 261, 
      "persons": [
        "Durand et Sauve"
      ], 
      "text_ocr": "Durand et Sauve, impr. taille-douce, r. des\nMathurins-St.-Jacques, 14.\n", 
      "type": "ENTRY"
    }, 
    {
      "EOL": false, 
      "box": [
        36, 
        531, 
        409, 
        21
      ], 
      "id": 300, 
      "indented": true, 
      "parent": 299, 
      "text": "", 
      "type": "LINE"
    }, 
    {
      "EOL": false, 
      "box": [
        59, 
        553, 
        126, 
        16
      ], 
      "id": 301, 
      "indented": false, 
      "parent": 299, 
      "text": "", 
      "type": "LINE"
    }, 
    {
      "addresses": [], 
      "box": [
        36, 
        531, 
        409, 
        38
      ], 
      "checked": false, 
      "id": 299, 
      "ner_xml": "<PER>Durand-Badoulleau</PER>,<ACT>drog.</ACT>,<ACT>r. des Vieilles-\nAudriettes .</ACT>,<CARDINAL>2</CARDINAL>.\n", 
      "origin": "computer", 
      "parent": 261, 
      "persons": [
        "Durand-Badoulleau"
      ], 
      "text_ocr": "Durand-Badoulleau , drog., r. des Vieilles-\nAudriettes ., 2.\n", 
      "type": "ENTRY"
    }, 
    {
      "EOL": false, 
      "box": [
        39, 
        573, 
        384, 
        18
      ], 
      "id": 303, 
      "indented": true, 
      "parent": 302, 
      "text": "", 
      "type": "LINE"
    }, 
    {
      "addresses": [
        {
          "street_name": "r. St.-Antoine", 
          "street_numbers": [
            "59"
          ]
        }
      ], 
      "box": [
        39, 
        573, 
        384, 
        18
      ], 
      "checked": false, 
      "id": 302, 
      "ner_xml": "<PER>Durand-Pillon</PER>,<ACT>archt.</ACT>,<LOC>r. St.-Antoine</LOC>,<CARDINAL>59</CARDINAL>.\n", 
      "origin": "computer", 
      "parent": 261, 
      "persons": [
        "Durand-Pillon"
      ], 
      "text_ocr": "Durand-Pillon, archt., r. St.-Antoine, 59.\n", 
      "type": "ENTRY"
    }, 
    {
      "EOL": false, 
      "box": [
        38, 
        594, 
        405, 
        20
      ], 
      "id": 305, 
      "indented": true, 
      "parent": 304, 
      "text": "", 
      "type": "LINE"
    }, 
    {
      "EOL": false, 
      "box": [
        58, 
        615, 
        166, 
        18
      ], 
      "id": 306, 
      "indented": false, 
      "parent": 304, 
      "text": "", 
      "type": "LINE"
    }, 
    {
      "addresses": [], 
      "box": [
        38, 
        594, 
        405, 
        39
      ], 
      "checked": false, 
      "id": 304, 
      "ner_xml": "<PER>Durand (D.) et Boulogne</PER>,<ACT>drogueric-epicerie</ACT>,\nr. Bourtibourg,<CARDINAL>9</CARDINAL>.\n", 
      "origin": "computer", 
      "parent": 261, 
      "persons": [
        "Durand (D.) et Boulogne"
      ], 
      "text_ocr": "Durand (D.) et Boulogne, drogueric-epicerie,\nr. Bourtibourg, 9.\n", 
      "type": "ENTRY"
    }, 
    {
      "EOL": false, 
      "box": [
        37, 
        635, 
        363, 
        20
      ], 
      "id": 308, 
      "indented": true, 
      "parent": 307, 
      "text": "", 
      "type": "LINE"
    }, 
    {
      "addresses": [
        {
          "street_name": "r. Bailleul", 
          "street_numbers": [
            "11"
          ]
        }
      ], 
      "box": [
        37, 
        635, 
        363, 
        20
      ], 
      "checked": false, 
      "id": 307, 
      "ner_xml": "<PER>Durand-Brager</PER>,<ACT>roulage</ACT>,<LOC>r. Bailleul</LOC>,<CARDINAL>11</CARDINAL>.\n", 
      "origin": "computer", 
      "parent": 261, 
      "persons": [
        "Durand-Brager"
      ], 
      "text_ocr": "Durand-Brager, roulage, r. Bailleul, 11.\n", 
      "type": "ENTRY"
    }, 
    {
      "EOL": false, 
      "box": [
        37, 
        656, 
        407, 
        17
      ], 
      "id": 310, 
      "indented": true, 
      "parent": 309, 
      "text": "", 
      "type": "LINE"
    }, 
    {
      "EOL": false, 
      "box": [
        57, 
        677, 
        269, 
        16
      ], 
      "id": 311, 
      "indented": false, 
      "parent": 309, 
      "text": "", 
      "type": "LINE"
    }, 
    {
      "addresses": [
        {
          "street_name": "r. des Vieilles-Audriettes", 
          "street_numbers": [
            "2"
          ]
        }
      ], 
      "box": [
        37, 
        656, 
        407, 
        37
      ], 
      "checked": false, 
      "id": 309, 
      "ner_xml": "<PER>Durand-Badouileau</PER>,<ACT>commiss. en marchand</ACT>,\n<LOC>r. des Vieilles-Audriettes</LOC>,<CARDINAL>2</CARDINAL>.\n", 
      "origin": "computer", 
      "parent": 261, 
      "persons": [
        "Durand-Badouileau"
      ], 
      "text_ocr": "Durand-Badouileau, commiss. en marchand,\nr. des Vieilles-Audriettes , 2.\n", 
      "type": "ENTRY"
    }, 
    {
      "EOL": false, 
      "box": [
        37, 
        697, 
        251, 
        20
      ], 
      "id": 313, 
      "indented": true, 
      "parent": 312, 
      "text": "", 
      "type": "LINE"
    }, 
    {
      "addresses": [], 
      "box": [
        37, 
        697, 
        251, 
        20
      ], 
      "checked": false, 
      "id": 312, 
      "ner_xml": "Durand-Durepaire ,<ACT>depute.\n</ACT>", 
      "origin": "computer", 
      "parent": 261, 
      "persons": [], 
      "text_ocr": "Durand-Durepaire , depute.\n", 
      "type": "ENTRY"
    }, 
    {
      "EOL": false, 
      "box": [
        38, 
        718, 
        406, 
        20
      ], 
      "id": 315, 
      "indented": true, 
      "parent": 314, 
      "text": "", 
      "type": "LINE"
    }, 
    {
      "addresses": [
        {
          "street_name": "r. Richeheu", 
          "street_numbers": [
            "351"
          ]
        }
      ], 
      "box": [
        38, 
        718, 
        406, 
        20
      ], 
      "checked": false, 
      "id": 314, 
      "ner_xml": "<PER>Durand d Elecourt</PER>,<ACT>depute</ACT>,<LOC>r. Richeheu</LOC>,<CARDINAL>351</CARDINAL>.\n", 
      "origin": "computer", 
      "parent": 261, 
      "persons": [
        "Durand d Elecourt"
      ], 
      "text_ocr": "Durand d Elecourt, depute, r. Richeheu, 351.\n", 
      "type": "ENTRY"
    }, 
    {
      "EOL": false, 
      "box": [
        38, 
        738, 
        406, 
        21
      ], 
      "id": 317, 
      "indented": true, 
      "parent": 316, 
      "text": "", 
      "type": "LINE"
    }, 
    {
      "EOL": false, 
      "box": [
        57, 
        759, 
        160, 
        19
      ], 
      "id": 318, 
      "indented": false, 
      "parent": 316, 
      "text": "", 
      "type": "LINE"
    }, 
    {
      "addresses": [
        {
          "street_name": "quai Bourbon", 
          "street_numbers": [
            "29"
          ]
        }
      ], 
      "box": [
        38, 
        738, 
        406, 
        40
      ], 
      "checked": false, 
      "id": 316, 
      "ner_xml": "<PER>Durand et Gandon</PER>,<ACT>vins en gros et commiss.</ACT>,\n<LOC>quai Bourbon</LOC>,<CARDINAL>29</CARDINAL>.\n", 
      "origin": "computer", 
      "parent": 261, 
      "persons": [
        "Durand et Gandon"
      ], 
      "text_ocr": "Durand et Gandon, vins en gros et commiss.,\nquai Bourbon, 29.\n", 
      "type": "ENTRY"
    }, 
    {
      "EOL": false, 
      "box": [
        37, 
        779, 
        408, 
        22
      ], 
      "id": 320, 
      "indented": true, 
      "parent": 319, 
      "text": "", 
      "type": "LINE"
    }, 
    {
      "EOL": false, 
      "box": [
        58, 
        801, 
        103, 
        15
      ], 
      "id": 321, 
      "indented": false, 
      "parent": 319, 
      "text": "", 
      "type": "LINE"
    }, 
    {
      "addresses": [], 
      "box": [
        37, 
        779, 
        408, 
        37
      ], 
      "checked": false, 
      "id": 319, 
      "ner_xml": "<PER>Durand-Gillet</PER>,<ACT>f. aiguilles a bas</ACT>, r. de Cha-\nrenton.<CARDINAL>43</CARDINAL>.\n", 
      "origin": "computer", 
      "parent": 261, 
      "persons": [
        "Durand-Gillet"
      ], 
      "text_ocr": "Durand-Gillet, f. aiguilles a bas, r. de Cha-\nrenton. 43.\n", 
      "type": "ENTRY"
    }, 
    {
      "EOL": false, 
      "box": [
        37, 
        820, 
        401, 
        21
      ], 
      "id": 323, 
      "indented": true, 
      "parent": 322, 
      "text": "", 
      "type": "LINE"
    }, 
    {
      "addresses": [
        {
          "street_name": "r.St.-Jacq.", 
          "street_numbers": [
            "174"
          ]
        }
      ], 
      "box": [
        37, 
        820, 
        401, 
        21
      ], 
      "checked": false, 
      "id": 322, 
      "ner_xml": "<PER>Durand-Rnel</PER>,<ACT>fourn. de b.</ACT>,<LOC>r.St.-Jacq.</LOC>,<CARDINAL>174</CARDINAL>.\n", 
      "origin": "computer", 
      "parent": 261, 
      "persons": [
        "Durand-Rnel"
      ], 
      "text_ocr": "Durand-Rnel, fourn. de b., r.St.-Jacq., 174.\n", 
      "type": "ENTRY"
    }, 
    {
      "EOL": false, 
      "box": [
        40, 
        841, 
        376, 
        17
      ], 
      "id": 325, 
      "indented": true, 
      "parent": 324, 
      "text": "", 
      "type": "LINE"
    }, 
    {
      "addresses": [
        {
          "street_name": "r. Vivienne", 
          "street_numbers": [
            "18"
          ]
        }
      ], 
      "box": [
        40, 
        841, 
        376, 
        17
      ], 
      "checked": false, 
      "id": 324, 
      "ner_xml": "<PER>Durand-Savarv</PER>,<ACT>lingerie</ACT>,<LOC>r. Vivienne</LOC>,<CARDINAL>18</CARDINAL>.\n", 
      "origin": "computer", 
      "parent": 261, 
      "persons": [
        "Durand-Savarv"
      ], 
      "text_ocr": "Durand-Savarv, lingerie, r. Vivienne, 18.\n", 
      "type": "ENTRY"
    }, 
    {
      "EOL": false, 
      "box": [
        38, 
        862, 
        283, 
        15
      ], 
      "id": 327, 
      "indented": true, 
      "parent": 326, 
      "text": "", 
      "type": "LINE"
    }, 
    {
      "addresses": [
        {
          "street_name": "r. Grenetat .", 
          "street_numbers": [
            "14"
          ]
        }
      ], 
      "box": [
        38, 
        862, 
        283, 
        15
      ], 
      "checked": false, 
      "id": 326, 
      "ner_xml": "<PER>Durand</PER>,<ACT>cate.</ACT>,<LOC>r. Grenetat .</LOC><CARDINAL>14</CARDINAL>.\n", 
      "origin": "computer", 
      "parent": 261, 
      "persons": [
        "Durand"
      ], 
      "text_ocr": "Durand, cate., r. Grenetat . 14.\n", 
      "type": "ENTRY"
    }, 
    {
      "EOL": false, 
      "box": [
        37, 
        882, 
        356, 
        20
      ], 
      "id": 329, 
      "indented": true, 
      "parent": 328, 
      "text": "", 
      "type": "LINE"
    }, 
    {
      "addresses": [
        {
          "street_name": "r. Richelieu", 
          "street_numbers": [
            "52"
          ]
        }
      ], 
      "box": [
        37, 
        882, 
        356, 
        20
      ], 
      "checked": false, 
      "id": 328, 
      "ner_xml": "<PER>Durand (P.)</PER>,<ACT>draperie</ACT>,<LOC>r. Richelieu</LOC>,<CARDINAL>52</CARDINAL>\n", 
      "origin": "computer", 
      "parent": 261, 
      "persons": [
        "Durand (P.)"
      ], 
      "text_ocr": "Durand (P.), draperie, r. Richelieu, 52\n", 
      "type": "ENTRY"
    }, 
    {
      "EOL": false, 
      "box": [
        38, 
        903, 
        346, 
        20
      ], 
      "id": 331, 
      "indented": true, 
      "parent": 330, 
      "text": "", 
      "type": "LINE"
    }, 
    {
      "addresses": [
        {
          "street_name": "r. Phelippeaux", 
          "street_numbers": [
            "35"
          ]
        }
      ], 
      "box": [
        38, 
        903, 
        346, 
        20
      ], 
      "checked": false, 
      "id": 330, 
      "ner_xml": "<PER>Durand</PER>,<ACT>ciselure</ACT>,<LOC>r. Phelippeaux</LOC>,<CARDINAL>35</CARDINAL>.\n", 
      "origin": "computer", 
      "parent": 261, 
      "persons": [
        "Durand"
      ], 
      "text_ocr": "Durand, ciselure, r. Phelippeaux, 35.\n", 
      "type": "ENTRY"
    }, 
    {
      "EOL": false, 
      "box": [
        40, 
        924, 
        338, 
        15
      ], 
      "id": 333, 
      "indented": true, 
      "parent": 332, 
      "text": "", 
      "type": "LINE"
    }, 
    {
      "addresses": [
        {
          "street_name": "r. des Fontaines.", 
          "street_numbers": [
            "16"
          ]
        }
      ], 
      "box": [
        40, 
        924, 
        338, 
        15
      ], 
      "checked": false, 
      "id": 332, 
      "ner_xml": "<PER>Durand. !.</PER>cols.<LOC>r. des Fontaines.</LOC><CARDINAL>16</CARDINAL>.\n", 
      "origin": "computer", 
      "parent": 261, 
      "persons": [
        "Durand. !."
      ], 
      "text_ocr": "Durand. !. cols. r. des Fontaines. 16.\n", 
      "type": "ENTRY"
    }, 
    {
      "EOL": false, 
      "box": [
        39, 
        944, 
        408, 
        16
      ], 
      "id": 335, 
      "indented": true, 
      "parent": 334, 
      "text": "", 
      "type": "LINE"
    }, 
    {
      "addresses": [], 
      "box": [
        39, 
        944, 
        408, 
        16
      ], 
      "checked": false, 
      "id": 334, 
      "ner_xml": "Durant.<TITRE>ebe\u00e9nisterie</TITRE>. r. du F. St - Antoine.<CARDINAL>13</CARDINAL>.\n", 
      "origin": "computer", 
      "parent": 261, 
      "persons": [], 
      "text_ocr": "Durant. ebe\u00e9nisterie. r. du F. St - Antoine. 13.\n", 
      "type": "ENTRY"
    }, 
    {
      "EOL": false, 
      "box": [
        40, 
        965, 
        351, 
        20
      ], 
      "id": 337, 
      "indented": true, 
      "parent": 336, 
      "text": "", 
      "type": "LINE"
    }, 
    {
      "addresses": [
        {
          "street_name": "r. St-Jacques", 
          "street_numbers": [
            "251"
          ]
        }
      ], 
      "box": [
        40, 
        965, 
        351, 
        20
      ], 
      "checked": false, 
      "id": 336, 
      "ner_xml": "<PER>Durant</PER>,<ACT>horlogerie</ACT>,<LOC>r. St-Jacques</LOC>,<CARDINAL>251</CARDINAL>.\n", 
      "origin": "computer", 
      "parent": 261, 
      "persons": [
        "Durant"
      ], 
      "text_ocr": "Durant, horlogerie, r. St-Jacques, 251.\n", 
      "type": "ENTRY"
    }, 
    {
      "EOL": false, 
      "box": [
        40, 
        986, 
        409, 
        21
      ], 
      "id": 339, 
      "indented": true, 
      "parent": 338, 
      "text": "", 
      "type": "LINE"
    }, 
    {
      "EOL": false, 
      "box": [
        60, 
        1007, 
        151, 
        15
      ], 
      "id": 340, 
      "indented": false, 
      "parent": 338, 
      "text": "", 
      "type": "LINE"
    }, 
    {
      "addresses": [
        {
          "street_name": "r. du Faub.-\nSt Martin. 18S.\n", 
          "street_numbers": []
        }
      ], 
      "box": [
        40, 
        986, 
        409, 
        36
      ], 
      "checked": false, 
      "id": 338, 
      "ner_xml": "<PER>Durant</PER>,<ACT>pension de jeunes gens</ACT>,<LOC>r. du Faub.-\nSt Martin. 18S.\n</LOC>", 
      "origin": "computer", 
      "parent": 261, 
      "persons": [
        "Durant"
      ], 
      "text_ocr": "Durant, pension de jeunes gens, r. du Faub.-\nSt Martin. 18S.\n", 
      "type": "ENTRY"
    }, 
    {
      "EOL": false, 
      "box": [
        41, 
        1028, 
        408, 
        20
      ], 
      "id": 342, 
      "indented": true, 
      "parent": 341, 
      "text": "", 
      "type": "LINE"
    }, 
    {
      "EOL": false, 
      "box": [
        62, 
        1048, 
        140, 
        15
      ], 
      "id": 343, 
      "indented": false, 
      "parent": 341, 
      "text": "", 
      "type": "LINE"
    }, 
    {
      "addresses": [
        {
          "street_name": "r. des Mauvais-Gar\u00e7ons-\nSt German", 
          "street_numbers": [
            "7"
          ]
        }
      ], 
      "box": [
        41, 
        1028, 
        408, 
        35
      ], 
      "checked": false, 
      "id": 341, 
      "ner_xml": "<PER>Durantin</PER>,<ACT>\u00e9picier</ACT>,<LOC>r. des Mauvais-Gar\u00e7ons-\nSt German</LOC><CARDINAL>7</CARDINAL>.\n", 
      "origin": "computer", 
      "parent": 261, 
      "persons": [
        "Durantin"
      ], 
      "text_ocr": "Durantin, \u00e9picier, r. des Mauvais-Gar\u00e7ons-\nSt German 7.\n", 
      "type": "ENTRY"
    }, 
    {
      "EOL": false, 
      "box": [
        42, 
        1068, 
        407, 
        18
      ], 
      "id": 345, 
      "indented": true, 
      "parent": 344, 
      "text": "", 
      "type": "LINE"
    }, 
    {
      "addresses": [
        {
          "street_name": "r. N.-Dame-Nazareth", 
          "street_numbers": [
            "13"
          ]
        }
      ], 
      "box": [
        42, 
        1068, 
        407, 
        18
      ], 
      "checked": false, 
      "id": 344, 
      "ner_xml": "<PER>Duras , bi. en or</PER>,<LOC>r. N.-Dame-Nazareth</LOC>.<CARDINAL>13</CARDINAL>.\n", 
      "origin": "computer", 
      "parent": 261, 
      "persons": [
        "Duras , bi. en or"
      ], 
      "text_ocr": "Duras , bi. en or, r. N.-Dame-Nazareth . 13.\n", 
      "type": "ENTRY"
    }, 
    {
      "EOL": false, 
      "box": [
        42, 
        1088, 
        408, 
        23
      ], 
      "id": 347, 
      "indented": true, 
      "parent": 346, 
      "text": "", 
      "type": "LINE"
    }, 
    {
      "EOL": false, 
      "box": [
        63, 
        1109, 
        97, 
        15
      ], 
      "id": 348, 
      "indented": false, 
      "parent": 346, 
      "text": "", 
      "type": "LINE"
    }, 
    {
      "addresses": [
        {
          "street_name": "r. Train\u00e9e", 
          "street_numbers": []
        }, 
        {
          "street_name": "passage des\nChartreux", 
          "street_numbers": []
        }
      ], 
      "box": [
        42, 
        1088, 
        408, 
        36
      ], 
      "checked": false, 
      "id": 346, 
      "ner_xml": "<PER>Durbec (F.)</PER>,<ACT>\u00e9picerie</ACT>,<LOC>r. Train\u00e9e</LOC>,<LOC>passage des\nChartreux</LOC>.\n", 
      "origin": "computer", 
      "parent": 261, 
      "persons": [
        "Durbec (F.)"
      ], 
      "text_ocr": "Durbec (F.), \u00e9picerie, r. Train\u00e9e, passage des\nChartreux.\n", 
      "type": "ENTRY"
    }, 
    {
      "EOL": false, 
      "box": [
        43, 
        1130, 
        406, 
        20
      ], 
      "id": 350, 
      "indented": true, 
      "parent": 349, 
      "text": "", 
      "type": "LINE"
    }, 
    {
      "addresses": [
        {
          "street_name": "r. Ponthieu", 
          "street_numbers": [
            "16"
          ]
        }
      ], 
      "box": [
        43, 
        1130, 
        406, 
        20
      ], 
      "checked": false, 
      "id": 349, 
      "ner_xml": "<PER>Durdan</PER>,<ACT>pension-de }</ACT>.<ACT>gens</ACT>,<LOC>r. Ponthieu</LOC>,<CARDINAL>16</CARDINAL>.\n", 
      "origin": "computer", 
      "parent": 261, 
      "persons": [
        "Durdan"
      ], 
      "text_ocr": "Durdan, pension-de }. gens, r. Ponthieu, 16.\n", 
      "type": "ENTRY"
    }, 
    {
      "EOL": false, 
      "box": [
        43, 
        1150, 
        294, 
        16
      ], 
      "id": 352, 
      "indented": true, 
      "parent": 351, 
      "text": "", 
      "type": "LINE"
    }, 
    {
      "addresses": [
        {
          "street_name": "r. Ste.-Anne.", 
          "street_numbers": [
            "27"
          ]
        }
      ], 
      "box": [
        43, 
        1150, 
        294, 
        16
      ], 
      "checked": false, 
      "id": 351, 
      "ner_xml": "<PER>Dure.</PER>,<ACT>tailleur</ACT>,<LOC>r. Ste.-Anne.</LOC><CARDINAL>27</CARDINAL>\n", 
      "origin": "computer", 
      "parent": 261, 
      "persons": [
        "Dure."
      ], 
      "text_ocr": "Dure., tailleur, r. Ste.-Anne. 27\n", 
      "type": "ENTRY"
    }, 
    {
      "EOL": false, 
      "box": [
        43, 
        1171, 
        319, 
        19
      ], 
      "id": 354, 
      "indented": true, 
      "parent": 353, 
      "text": "", 
      "type": "LINE"
    }, 
    {
      "addresses": [
        {
          "street_name": "r. Montesquieu", 
          "street_numbers": [
            "6"
          ]
        }
      ], 
      "box": [
        43, 
        1171, 
        319, 
        19
      ], 
      "checked": false, 
      "id": 353, 
      "ner_xml": "<PER>Dureal</PER>,<ACT>bains</ACT>,<LOC>r. Montesquieu</LOC>,<CARDINAL>6</CARDINAL>.\n", 
      "origin": "computer", 
      "parent": 261, 
      "persons": [
        "Dureal"
      ], 
      "text_ocr": "Dureal, bains, r. Montesquieu, 6.\n", 
      "type": "ENTRY"
    }, 
    {
      "EOL": false, 
      "box": [
        43, 
        1192, 
        334, 
        16
      ], 
      "id": 356, 
      "indented": true, 
      "parent": 355, 
      "text": "", 
      "type": "LINE"
    }, 
    {
      "addresses": [
        {
          "street_name": "Fr. Ste.-Anne", 
          "street_numbers": [
            "3"
          ]
        }
      ], 
      "box": [
        43, 
        1192, 
        334, 
        16
      ], 
      "checked": false, 
      "id": 355, 
      "ner_xml": "<PER>Dureau</PER>,<ACT>boucherie</ACT>,<LOC>Fr. Ste.-Anne</LOC>,<CARDINAL>3</CARDINAL>.\n", 
      "origin": "computer", 
      "parent": 261, 
      "persons": [
        "Dureau"
      ], 
      "text_ocr": "Dureau, boucherie, Fr. Ste.-Anne, 3.\n", 
      "type": "ENTRY"
    }, 
    {
      "EOL": false, 
      "box": [
        44, 
        1212, 
        314, 
        19
      ], 
      "id": 358, 
      "indented": true, 
      "parent": 357, 
      "text": "", 
      "type": "LINE"
    }, 
    {
      "addresses": [
        {
          "street_name": "St-Marce", 
          "street_numbers": [
            "15"
          ]
        }
      ], 
      "box": [
        44, 
        1212, 
        314, 
        19
      ], 
      "checked": false, 
      "id": 357, 
      "ner_xml": "<PER>Duregger</PER>,<ACT>tailleur</ACT>,<ACT>r</ACT>,<LOC>St-Marce</LOC>,<CARDINAL>15</CARDINAL>.\n", 
      "origin": "computer", 
      "parent": 261, 
      "persons": [
        "Duregger"
      ], 
      "text_ocr": "Duregger, tailleur, r, St-Marce, 15.\n", 
      "type": "ENTRY"
    }, 
    {
      "EOL": false, 
      "box": [
        42, 
        1233, 
        392, 
        20
      ], 
      "id": 360, 
      "indented": true, 
      "parent": 359, 
      "text": "", 
      "type": "LINE"
    }, 
    {
      "addresses": [
        {
          "street_name": "boul. des Capucines", 
          "street_numbers": [
            "13"
          ]
        }
      ], 
      "box": [
        42, 
        1233, 
        392, 
        20
      ], 
      "checked": false, 
      "id": 359, 
      "ner_xml": "<PER>Durel</PER>,<ACT>coutellerie</ACT>,<LOC>boul. des Capucines</LOC>,<CARDINAL>13</CARDINAL>.\n", 
      "origin": "computer", 
      "parent": 261, 
      "persons": [
        "Durel"
      ], 
      "text_ocr": "Durel, coutellerie, boul. des Capucines, 13.\n", 
      "type": "ENTRY"
    }, 
    {
      "EOL": false, 
      "box": [
        43, 
        1253, 
        407, 
        17
      ], 
      "id": 362, 
      "indented": true, 
      "parent": 361, 
      "text": "", 
      "type": "LINE"
    }, 
    {
      "EOL": false, 
      "box": [
        65, 
        1274, 
        121, 
        16
      ], 
      "id": 363, 
      "indented": false, 
      "parent": 361, 
      "text": "", 
      "type": "LINE"
    }, 
    {
      "addresses": [
        {
          "street_name": "r. Michel\nle-Coimte", 
          "street_numbers": [
            "33"
          ]
        }
      ], 
      "box": [
        43, 
        1253, 
        407, 
        37
      ], 
      "checked": false, 
      "id": 361, 
      "ner_xml": "<PER>Dureme\u00e9ro</PER>,<ACT>commiss. en march.</ACT>,<LOC>r. Michel\nle-Coimte</LOC>.<CARDINAL>33</CARDINAL>.\n", 
      "origin": "computer", 
      "parent": 261, 
      "persons": [
        "Dureme\u00e9ro"
      ], 
      "text_ocr": "Dureme\u00e9ro, commiss. en march., r. Michel\nle-Coimte. 33.\n", 
      "type": "ENTRY"
    }, 
    {
      "EOL": false, 
      "box": [
        44, 
        1294, 
        408, 
        21
      ], 
      "id": 365, 
      "indented": true, 
      "parent": 364, 
      "text": "", 
      "type": "LINE"
    }, 
    {
      "addresses": [], 
      "box": [
        44, 
        1294, 
        408, 
        21
      ], 
      "checked": false, 
      "id": 364, 
      "ner_xml": "<PER>Durenne</PER>,<ACT>bijout. garn.,r. des Gravilliers</ACT>,<CARDINAL>28</CARDINAL>.\n", 
      "origin": "computer", 
      "parent": 261, 
      "persons": [
        "Durenne"
      ], 
      "text_ocr": "Durenne, bijout. garn.,r. des Gravilliers, 28.\n", 
      "type": "ENTRY"
    }, 
    {
      "EOL": false, 
      "box": [
        44, 
        1315, 
        409, 
        16
      ], 
      "id": 367, 
      "indented": true, 
      "parent": 366, 
      "text": "", 
      "type": "LINE"
    }, 
    {
      "EOL": false, 
      "box": [
        67, 
        1336, 
        256, 
        15
      ], 
      "id": 368, 
      "indented": false, 
      "parent": 366, 
      "text": "", 
      "type": "LINE"
    }, 
    {
      "addresses": [], 
      "box": [
        44, 
        1315, 
        409, 
        36
      ], 
      "checked": false, 
      "id": 366, 
      "ner_xml": "<PER>Durenne a\u00een\u00e9</PER>,<ACT>charbon de terre</ACT>, faub.<PER>St.-\nAntoine.</PER><CARDINAL>48</CARDINAL>.<PER>cour St.-Louis.\n</PER>", 
      "origin": "computer", 
      "parent": 261, 
      "persons": [
        "Durenne a\u00een\u00e9", 
        "St.-\nAntoine.", 
        "cour St.-Louis.\n"
      ], 
      "text_ocr": "Durenne a\u00een\u00e9, charbon de terre, faub. St.-\nAntoine. 48. cour St.-Louis.\n", 
      "type": "ENTRY"
    }, 
    {
      "EOL": false, 
      "box": [
        45, 
        1355, 
        409, 
        19
      ], 
      "id": 370, 
      "indented": true, 
      "parent": 369, 
      "text": "", 
      "type": "LINE"
    }, 
    {
      "EOL": false, 
      "box": [
        67, 
        1380, 
        84, 
        16
      ], 
      "id": 371, 
      "indented": false, 
      "parent": 369, 
      "text": "", 
      "type": "LINE"
    }, 
    {
      "addresses": [
        {
          "street_name": "r. du Faub.-St.-An-\ntoine.", 
          "street_numbers": [
            "76"
          ]
        }
      ], 
      "box": [
        45, 
        1355, 
        409, 
        41
      ], 
      "checked": false, 
      "id": 369, 
      "ner_xml": "<PER>Durenne</PER>,<ACT>chaudronnerie</ACT>,<LOC>r. du Faub.-St.-An-\ntoine.</LOC><CARDINAL>76</CARDINAL>.\n", 
      "origin": "computer", 
      "parent": 261, 
      "persons": [
        "Durenne"
      ], 
      "text_ocr": "Durenne, chaudronnerie, r. du Faub.-St.-An-\ntoine. 76.\n", 
      "type": "ENTRY"
    }, 
    {
      "EOL": false, 
      "box": [
        47, 
        1401, 
        400, 
        17
      ], 
      "id": 373, 
      "indented": true, 
      "parent": 372, 
      "text": "", 
      "type": "LINE"
    }, 
    {
      "addresses": [], 
      "box": [
        47, 
        1401, 
        400, 
        17
      ], 
      "checked": false, 
      "id": 372, 
      "ner_xml": "<PER>Lurenne a\u00eeine</PER>,<ACT>ferr.. r. du F.-St.-Antoine.</ACT>,<CARDINAL>47</CARDINAL>.\n", 
      "origin": "computer", 
      "parent": 261, 
      "persons": [
        "Lurenne a\u00eeine"
      ], 
      "text_ocr": "Lurenne a\u00eeine, ferr.. r. du F.-St.-Antoine., 47.\n", 
      "type": "ENTRY"
    }, 
    {
      "EOL": false, 
      "box": [
        47, 
        1422, 
        317, 
        16
      ], 
      "id": 375, 
      "indented": true, 
      "parent": 374, 
      "text": "", 
      "type": "LINE"
    }, 
    {
      "addresses": [
        {
          "street_name": "r. Vivieune.", 
          "street_numbers": [
            "18"
          ]
        }
      ], 
      "box": [
        47, 
        1422, 
        317, 
        16
      ], 
      "checked": false, 
      "id": 374, 
      "ner_xml": "<PER>Duret</PER>,<ACT>couturiere</ACT>,<LOC>r. Vivieune.</LOC>,<CARDINAL>18</CARDINAL>.\n", 
      "origin": "computer", 
      "parent": 261, 
      "persons": [
        "Duret"
      ], 
      "text_ocr": "Duret, couturiere, r. Vivieune., 18.\n", 
      "type": "ENTRY"
    }, 
    {
      "EOL": false, 
      "box": [
        46, 
        1442, 
        407, 
        21
      ], 
      "id": 377, 
      "indented": true, 
      "parent": 376, 
      "text": "", 
      "type": "LINE"
    }, 
    {
      "EOL": false, 
      "box": [
        35, 
        1462, 
        349, 
        18
      ], 
      "id": 378, 
      "indented": false, 
      "parent": 376, 
      "text": "", 
      "type": "LINE"
    }, 
    {
      "addresses": [
        {
          "street_name": "r. du F.-Poissonn.", 
          "street_numbers": [
            "66"
          ]
        }, 
        {
          "street_name": "r. des Deux-Ponts.", 
          "street_numbers": [
            "17"
          ]
        }
      ], 
      "box": [
        35, 
        1442, 
        418, 
        38
      ], 
      "checked": false, 
      "id": 376, 
      "ner_xml": "<PER>Durct (D.)</PER>,<ACT>\u00e9picerie</ACT>,<LOC>r. du F.-Poissonn.</LOC>,<CARDINAL>66</CARDINAL>\n<PER>tDureuail</PER>,<ACT>hb.</ACT>,<LOC>r. des Deux-Ponts.</LOC><CARDINAL>17</CARDINAL>.\n", 
      "origin": "computer", 
      "parent": 261, 
      "persons": [
        "Durct (D.)", 
        "tDureuail"
      ], 
      "text_ocr": "Durct (D.), \u00e9picerie, r. du F.-Poissonn., 66\ntDureuail, hb., r. des Deux-Ponts. 17.\n", 
      "type": "ENTRY"
    }, 
    {
      "box": [
        35, 
        97, 
        419, 
        1387
      ], 
      "id": 261, 
      "parent": 260, 
      "type": "COLUMN_LEVEL_2"
    }, 
    {
      "box": [
        35, 
        97, 
        419, 
        1387
      ], 
      "id": 260, 
      "parent": 259, 
      "type": "SECTION_LEVEL_2"
    }, 
    {
      "box": [
        35, 
        97, 
        419, 
        1387
      ], 
      "id": 259, 
      "parent": 258, 
      "type": "COLUMN_LEVEL_1"
    }, 
    {
      "EOL": false, 
      "box": [
        460, 
        98, 
        413, 
        17
      ], 
      "id": 383, 
      "indented": true, 
      "parent": 382, 
      "text": "", 
      "type": "LINE"
    }, 
    {
      "addresses": [
        {
          "street_name": "r. du F.-Montm.", 
          "street_numbers": [
            "30"
          ]
        }
      ], 
      "box": [
        460, 
        98, 
        413, 
        17
      ], 
      "checked": false, 
      "id": 382, 
      "ner_xml": "Dureux.<ACT>bois a \u0153uvrer</ACT>,<LOC>r. du F.-Montm.</LOC>,<CARDINAL>30</CARDINAL>:\n", 
      "origin": "computer", 
      "parent": 381, 
      "persons": [], 
      "text_ocr": "Dureux. bois a \u0153uvrer, r. du F.-Montm., 30:\n", 
      "type": "ENTRY"
    }, 
    {
      "EOL": false, 
      "box": [
        461, 
        119, 
        412, 
        21
      ], 
      "id": 385, 
      "indented": true, 
      "parent": 384, 
      "text": "", 
      "type": "LINE"
    }, 
    {
      "addresses": [
        {
          "street_name": "r.de Grenetle-St.-\u00c6rerm.,15\n", 
          "street_numbers": []
        }
      ], 
      "box": [
        461, 
        119, 
        412, 
        21
      ], 
      "checked": false, 
      "id": 384, 
      "ner_xml": "<PER>Durey</PER>,<ACT>boulan ..</ACT>,<LOC>r.de Grenetle-St.-\u00c6rerm.,15\n</LOC>", 
      "origin": "computer", 
      "parent": 381, 
      "persons": [
        "Durey"
      ], 
      "text_ocr": "Durey, boulan ..,r.de Grenetle-St.-\u00c6rerm.,15\n", 
      "type": "ENTRY"
    }, 
    {
      "EOL": false, 
      "box": [
        460, 
        139, 
        404, 
        18
      ], 
      "id": 387, 
      "indented": true, 
      "parent": 386, 
      "text": "", 
      "type": "LINE"
    }, 
    {
      "addresses": [
        {
          "street_name": "Grande-Rue de Chaillot", 
          "street_numbers": [
            "41"
          ]
        }
      ], 
      "box": [
        460, 
        139, 
        404, 
        18
      ], 
      "checked": false, 
      "id": 386, 
      "ner_xml": "Durier.charcut.,<LOC>Grande-Rue de Chaillot</LOC>,<CARDINAL>41</CARDINAL>\n", 
      "origin": "computer", 
      "parent": 381, 
      "persons": [], 
      "text_ocr": "Durier.charcut., Grande-Rue de Chaillot, 41\n", 
      "type": "ENTRY"
    }, 
    {
      "EOL": false, 
      "box": [
        461, 
        160, 
        407, 
        20
      ], 
      "id": 389, 
      "indented": true, 
      "parent": 388, 
      "text": "", 
      "type": "LINE"
    }, 
    {
      "addresses": [], 
      "box": [
        461, 
        160, 
        407, 
        20
      ], 
      "checked": false, 
      "id": 388, 
      "ner_xml": "<PER>Durieu</PER>,<ACT>vinseng.</ACT>, r.des Foss.-St.-Bernard,16\n", 
      "origin": "computer", 
      "parent": 381, 
      "persons": [
        "Durieu"
      ], 
      "text_ocr": "Durieu, vinseng., r.des Foss.-St.-Bernard,16\n", 
      "type": "ENTRY"
    }, 
    {
      "EOL": false, 
      "box": [
        461, 
        181, 
        395, 
        17
      ], 
      "id": 391, 
      "indented": true, 
      "parent": 390, 
      "text": "", 
      "type": "LINE"
    }, 
    {
      "addresses": [
        {
          "street_name": "r. St.-Nicolas-St.-Ant.", 
          "street_numbers": [
            "9"
          ]
        }
      ], 
      "box": [
        461, 
        181, 
        395, 
        17
      ], 
      "checked": false, 
      "id": 390, 
      "ner_xml": "<PER>Durieux.</PER>,<ACT>marb.</ACT>,<LOC>r. St.-Nicolas-St.-Ant.</LOC>,<CARDINAL>9</CARDINAL>.\n", 
      "origin": "computer", 
      "parent": 381, 
      "persons": [
        "Durieux."
      ], 
      "text_ocr": "Durieux., marb., r. St.-Nicolas-St.-Ant., 9.\n", 
      "type": "ENTRY"
    }, 
    {
      "EOL": false, 
      "box": [
        461, 
        202, 
        412, 
        20
      ], 
      "id": 393, 
      "indented": true, 
      "parent": 392, 
      "text": "", 
      "type": "LINE"
    }, 
    {
      "EOL": false, 
      "box": [
        482, 
        224, 
        143, 
        19
      ], 
      "id": 394, 
      "indented": false, 
      "parent": 392, 
      "text": "", 
      "type": "LINE"
    }, 
    {
      "addresses": [], 
      "box": [
        461, 
        202, 
        412, 
        41
      ], 
      "checked": false, 
      "id": 392, 
      "ner_xml": "<TITRE>Darieux</TITRE>,<ACT>mecan., pap. transp.,a Belleville</ACT>,\nancienne poste.\n", 
      "origin": "computer", 
      "parent": 381, 
      "persons": [], 
      "text_ocr": "Darieux, mecan., pap. transp.,a Belleville ,\nancienne poste.\n", 
      "type": "ENTRY"
    }, 
    {
      "EOL": false, 
      "box": [
        462, 
        243, 
        364, 
        20
      ], 
      "id": 396, 
      "indented": true, 
      "parent": 395, 
      "text": "", 
      "type": "LINE"
    }, 
    {
      "addresses": [
        {
          "street_name": "r. Montmartre", 
          "street_numbers": [
            "85"
          ]
        }
      ], 
      "box": [
        462, 
        243, 
        364, 
        20
      ], 
      "checked": false, 
      "id": 395, 
      "ner_xml": "<PER>Dariez</PER>,<ACT>chagellerie</ACT>,<LOC>r. Montmartre</LOC>,<CARDINAL>85</CARDINAL>.\n", 
      "origin": "computer", 
      "parent": 381, 
      "persons": [
        "Dariez"
      ], 
      "text_ocr": "Dariez, chagellerie, r. Montmartre, 85.\n", 
      "type": "ENTRY"
    }, 
    {
      "EOL": false, 
      "box": [
        462, 
        264, 
        350, 
        20
      ], 
      "id": 398, 
      "indented": true, 
      "parent": 397, 
      "text": "", 
      "type": "LINE"
    }, 
    {
      "addresses": [
        {
          "street_name": "r. du Bac", 
          "street_numbers": [
            "S9"
          ]
        }
      ], 
      "box": [
        462, 
        264, 
        350, 
        20
      ], 
      "checked": false, 
      "id": 397, 
      "ner_xml": "<PER>Duriez (Aug.)</PER>,<ACT>\u00e9picerie</ACT>,<LOC>r. du Bac</LOC>,<CARDINAL>S9</CARDINAL>.\n", 
      "origin": "computer", 
      "parent": 381, 
      "persons": [
        "Duriez (Aug.)"
      ], 
      "text_ocr": "Duriez (Aug.), \u00e9picerie, r. du Bac, S9.\n", 
      "type": "ENTRY"
    }, 
    {
      "EOL": false, 
      "box": [
        462, 
        284, 
        380, 
        17
      ], 
      "id": 400, 
      "indented": true, 
      "parent": 399, 
      "text": "", 
      "type": "LINE"
    }, 
    {
      "addresses": [
        {
          "street_name": "boul. Boane. Nouvelle", 
          "street_numbers": [
            "7"
          ]
        }
      ], 
      "box": [
        462, 
        284, 
        380, 
        17
      ], 
      "checked": false, 
      "id": 399, 
      "ner_xml": "<PER>Duriez</PER>.<ACT>fa\u00efence</ACT>,<LOC>boul. Boane. Nouvelle</LOC>,<CARDINAL>7</CARDINAL>.\n", 
      "origin": "computer", 
      "parent": 381, 
      "persons": [
        "Duriez"
      ], 
      "text_ocr": "Duriez. fa\u00efence, boul. Boane. Nouvelle, 7.\n", 
      "type": "ENTRY"
    }, 
    {
      "EOL": false, 
      "box": [
        462, 
        306, 
        413, 
        19
      ], 
      "id": 402, 
      "indented": true, 
      "parent": 401, 
      "text": "", 
      "type": "LINE"
    }, 
    {
      "EOL": false, 
      "box": [
        485, 
        326, 
        133, 
        15
      ], 
      "id": 403, 
      "indented": false, 
      "parent": 401, 
      "text": "", 
      "type": "LINE"
    }, 
    {
      "addresses": [], 
      "box": [
        462, 
        306, 
        413, 
        35
      ], 
      "checked": false, 
      "id": 401, 
      "ner_xml": "<PER>Duriez</PER>,<ACT>fleuriste-pepin.</ACT>,<ACT>r. du Cimetiere-du-\nP\u00e9rela-Chaise</ACT>.\n", 
      "origin": "computer", 
      "parent": 381, 
      "persons": [
        "Duriez"
      ], 
      "text_ocr": "Duriez, fleuriste-pepin., r. du Cimetiere-du-\nP\u00e9rela-Chaise.\n", 
      "type": "ENTRY"
    }, 
    {
      "EOL": false, 
      "box": [
        461, 
        346, 
        412, 
        18
      ], 
      "id": 405, 
      "indented": true, 
      "parent": 404, 
      "text": "", 
      "type": "LINE"
    }, 
    {
      "addresses": [
        {
          "street_name": "r. Monsteur-le-Pr.,53", 
          "street_numbers": []
        }
      ], 
      "box": [
        461, 
        346, 
        412, 
        18
      ], 
      "checked": false, 
      "id": 404, 
      "ner_xml": "<PER>Duriez</PER>,<ACT>fourn. de bur.</ACT>,<LOC>r. Monsteur-le-Pr.,53</LOC>.\n", 
      "origin": "computer", 
      "parent": 381, 
      "persons": [
        "Duriez"
      ], 
      "text_ocr": "Duriez, fourn. de bur., r. Monsteur-le-Pr.,53.\n", 
      "type": "ENTRY"
    }, 
    {
      "EOL": false, 
      "box": [
        461, 
        367, 
        414, 
        21
      ], 
      "id": 407, 
      "indented": true, 
      "parent": 406, 
      "text": "", 
      "type": "LINE"
    }, 
    {
      "EOL": false, 
      "box": [
        482, 
        389, 
        94, 
        19
      ], 
      "id": 408, 
      "indented": false, 
      "parent": 406, 
      "text": "", 
      "type": "LINE"
    }, 
    {
      "addresses": [
        {
          "street_name": "r. du Petit-Lion-St", 
          "street_numbers": []
        }, 
        {
          "street_name": "Sulpice", 
          "street_numbers": [
            "8"
          ]
        }
      ], 
      "box": [
        461, 
        367, 
        414, 
        41
      ], 
      "checked": false, 
      "id": 406, 
      "ner_xml": "<PER>Durif</PER>,<ACT>borlog. m\u00e9can.</ACT>,<LOC>r. du Petit-Lion-St</LOC>.\n<LOC>Sulpice</LOC>,<CARDINAL>8</CARDINAL>.\n", 
      "origin": "computer", 
      "parent": 381, 
      "persons": [
        "Durif"
      ], 
      "text_ocr": "Durif, borlog. m\u00e9can., r. du Petit-Lion-St.\nSulpice, 8.\n", 
      "type": "ENTRY"
    }, 
    {
      "EOL": false, 
      "box": [
        462, 
        409, 
        340, 
        17
      ], 
      "id": 410, 
      "indented": true, 
      "parent": 409, 
      "text": "", 
      "type": "LINE"
    }, 
    {
      "addresses": [
        {
          "street_name": "r. Ste.-Anne", 
          "street_numbers": [
            "63"
          ]
        }
      ], 
      "box": [
        462, 
        409, 
        340, 
        17
      ], 
      "checked": false, 
      "id": 409, 
      "ner_xml": "<PER>Durlin</PER>,<ACT>bott.-cord.</ACT>,<LOC>r. Ste.-Anne</LOC>,<CARDINAL>63</CARDINAL>.\n", 
      "origin": "computer", 
      "parent": 381, 
      "persons": [
        "Durlin"
      ], 
      "text_ocr": "Durlin, bott.-cord., r. Ste.-Anne, 63.\n", 
      "type": "ENTRY"
    }, 
    {
      "EOL": false, 
      "box": [
        461, 
        430, 
        384, 
        18
      ], 
      "id": 412, 
      "indented": true, 
      "parent": 411, 
      "text": "", 
      "type": "LINE"
    }, 
    {
      "addresses": [
        {
          "street_name": "r. Montorguerl", 
          "street_numbers": []
        }
      ], 
      "box": [
        461, 
        430, 
        384, 
        18
      ], 
      "checked": false, 
      "id": 411, 
      "ner_xml": "<PER>Durmont</PER>,<ACT>agent d'aff.</ACT>,<LOC>r. Montorguerl</LOC>,<TITRE>#</TITRE>.\n", 
      "origin": "computer", 
      "parent": 381, 
      "persons": [
        "Durmont"
      ], 
      "text_ocr": "Durmont, agent d'aff., r. Montorguerl, #.\n", 
      "type": "ENTRY"
    }, 
    {
      "EOL": false, 
      "box": [
        462, 
        450, 
        411, 
        21
      ], 
      "id": 414, 
      "indented": true, 
      "parent": 413, 
      "text": "", 
      "type": "LINE"
    }, 
    {
      "addresses": [
        {
          "street_name": "r. St.-Jacques-la-Boucherie", 
          "street_numbers": [
            "24"
          ]
        }
      ], 
      "box": [
        462, 
        450, 
        411, 
        21
      ], 
      "checked": false, 
      "id": 413, 
      "ner_xml": "<PER>Durn</PER>,<ACT>patiss.</ACT>,<LOC>r. St.-Jacques-la-Boucherie</LOC>,<CARDINAL>24</CARDINAL>.\n", 
      "origin": "computer", 
      "parent": 381, 
      "persons": [
        "Durn"
      ], 
      "text_ocr": "Durn, patiss., r. St.-Jacques-la-Boucherie, 24.\n", 
      "type": "ENTRY"
    }, 
    {
      "EOL": false, 
      "box": [
        463, 
        471, 
        410, 
        19
      ], 
      "id": 416, 
      "indented": true, 
      "parent": 415, 
      "text": "", 
      "type": "LINE"
    }, 
    {
      "addresses": [
        {
          "street_name": "r. St.-Louis", 
          "street_numbers": [
            "24"
          ]
        }, 
        {
          "street_name": "Mar.\n", 
          "street_numbers": []
        }
      ], 
      "box": [
        463, 
        471, 
        410, 
        19
      ], 
      "checked": false, 
      "id": 415, 
      "ner_xml": "<PER>Durnerin</PER>,<ACT>vins en gros</ACT>,<LOC>r. St.-Louis</LOC>,<CARDINAL>24</CARDINAL>,<LOC>Mar.\n</LOC>", 
      "origin": "computer", 
      "parent": 381, 
      "persons": [
        "Durnerin"
      ], 
      "text_ocr": "Durnerin, vins en gros, r. St.-Louis, 24, Mar.\n", 
      "type": "ENTRY"
    }, 
    {
      "EOL": false, 
      "box": [
        462, 
        492, 
        411, 
        19
      ], 
      "id": 418, 
      "indented": true, 
      "parent": 417, 
      "text": "", 
      "type": "LINE"
    }, 
    {
      "addresses": [
        {
          "street_name": "r. et ile St.-Louis", 
          "street_numbers": [
            "06"
          ]
        }
      ], 
      "box": [
        462, 
        492, 
        411, 
        19
      ], 
      "checked": false, 
      "id": 417, 
      "ner_xml": "<PER>Durnerin</PER>,<ACT>vins en gros</ACT>,<LOC>r. et ile St.-Louis</LOC>,<CARDINAL>06</CARDINAL>.\n", 
      "origin": "computer", 
      "parent": 381, 
      "persons": [
        "Durnerin"
      ], 
      "text_ocr": "Durnerin, vins en gros, r. et ile St.-Louis, 06.\n", 
      "type": "ENTRY"
    }, 
    {
      "EOL": false, 
      "box": [
        461, 
        512, 
        413, 
        18
      ], 
      "id": 420, 
      "indented": true, 
      "parent": 419, 
      "text": "", 
      "type": "LINE"
    }, 
    {
      "EOL": false, 
      "box": [
        483, 
        534, 
        107, 
        15
      ], 
      "id": 421, 
      "indented": false, 
      "parent": 419, 
      "text": "", 
      "type": "LINE"
    }, 
    {
      "addresses": [
        {
          "street_name": "rue\nAunelot.", 
          "street_numbers": [
            "46"
          ]
        }
      ], 
      "box": [
        461, 
        512, 
        413, 
        37
      ], 
      "checked": false, 
      "id": 419, 
      "ner_xml": "<PER>Duroche</PER>,<ACT>bois des iles et bois de detail</ACT>,<LOC>rue\nAunelot.</LOC><CARDINAL>46</CARDINAL>.\n", 
      "origin": "computer", 
      "parent": 381, 
      "persons": [
        "Duroche"
      ], 
      "text_ocr": "Duroche, bois des iles et bois de detail, rue\nAunelot. 46.\n", 
      "type": "ENTRY"
    }, 
    {
      "EOL": false, 
      "box": [
        462, 
        554, 
        393, 
        21
      ], 
      "id": 423, 
      "indented": true, 
      "parent": 422, 
      "text": "", 
      "type": "LINE"
    }, 
    {
      "addresses": [
        {
          "street_name": "Palais-Roval", 
          "street_numbers": [
            "219"
          ]
        }
      ], 
      "box": [
        462, 
        554, 
        393, 
        21
      ], 
      "checked": false, 
      "id": 422, 
      "ner_xml": "<PER>Duronceray</PER>,<ACT>bott.-cord.</ACT>,<LOC>Palais-Roval</LOC>,<CARDINAL>219</CARDINAL>.\n", 
      "origin": "computer", 
      "parent": 381, 
      "persons": [
        "Duronceray"
      ], 
      "text_ocr": "Duronceray, bott.-cord., Palais-Roval, 219.\n", 
      "type": "ENTRY"
    }, 
    {
      "EOL": false, 
      "box": [
        461, 
        575, 
        364, 
        19
      ], 
      "id": 425, 
      "indented": true, 
      "parent": 424, 
      "text": "", 
      "type": "LINE"
    }, 
    {
      "addresses": [
        {
          "street_name": "r. des G-Augustins", 
          "street_numbers": []
        }
      ], 
      "box": [
        461, 
        575, 
        364, 
        19
      ], 
      "checked": false, 
      "id": 424, 
      "ner_xml": "<PER>Durouchail</PER>,<ACT>grav.</ACT>,<LOC>r. des G-Augustins</LOC>.\n", 
      "origin": "computer", 
      "parent": 381, 
      "persons": [
        "Durouchail"
      ], 
      "text_ocr": "Durouchail, grav., r. des G-Augustins.\n", 
      "type": "ENTRY"
    }, 
    {
      "EOL": false, 
      "box": [
        462, 
        595, 
        317, 
        21
      ], 
      "id": 427, 
      "indented": true, 
      "parent": 426, 
      "text": "", 
      "type": "LINE"
    }, 
    {
      "addresses": [
        {
          "street_name": "r. de Sevres", 
          "street_numbers": [
            "75"
          ]
        }
      ], 
      "box": [
        462, 
        595, 
        317, 
        21
      ], 
      "checked": false, 
      "id": 426, 
      "ner_xml": "<PER>Durosier</PER>,<ACT>pharm.</ACT>,<LOC>r. de Sevres</LOC>,<CARDINAL>75</CARDINAL>,\n", 
      "origin": "computer", 
      "parent": 381, 
      "persons": [
        "Durosier"
      ], 
      "text_ocr": "Durosier, pharm., r. de Sevres, 75,\n", 
      "type": "ENTRY"
    }, 
    {
      "EOL": false, 
      "box": [
        463, 
        615, 
        393, 
        21
      ], 
      "id": 429, 
      "indented": true, 
      "parent": 428, 
      "text": "", 
      "type": "LINE"
    }, 
    {
      "addresses": [
        {
          "street_name": "r. St.-Martin", 
          "street_numbers": [
            "42"
          ]
        }
      ], 
      "box": [
        463, 
        615, 
        393, 
        21
      ], 
      "checked": false, 
      "id": 428, 
      "ner_xml": "<PER>Durosne</PER>,<ACT>liquoriste-dist.</ACT>,<LOC>r. St.-Martin</LOC>,<CARDINAL>42</CARDINAL>.\n", 
      "origin": "computer", 
      "parent": 381, 
      "persons": [
        "Durosne"
      ], 
      "text_ocr": "Durosne, liquoriste-dist., r. St.-Martin, 42.\n", 
      "type": "ENTRY"
    }, 
    {
      "EOL": false, 
      "box": [
        463, 
        637, 
        307, 
        16
      ], 
      "id": 431, 
      "indented": true, 
      "parent": 430, 
      "text": "", 
      "type": "LINE"
    }, 
    {
      "addresses": [
        {
          "street_name": "r. Moreau", 
          "street_numbers": [
            "23"
          ]
        }
      ], 
      "box": [
        463, 
        637, 
        307, 
        16
      ], 
      "checked": false, 
      "id": 430, 
      "ner_xml": "<PER>Durot</PER>.<ACT>ch\u00e9misterie</ACT>,<LOC>r. Moreau</LOC>,<CARDINAL>23</CARDINAL>.\n", 
      "origin": "computer", 
      "parent": 381, 
      "persons": [
        "Durot"
      ], 
      "text_ocr": "Durot. ch\u00e9misterie, r. Moreau, 23.\n", 
      "type": "ENTRY"
    }, 
    {
      "EOL": false, 
      "box": [
        463, 
        658, 
        281, 
        16
      ], 
      "id": 433, 
      "indented": true, 
      "parent": 432, 
      "text": "", 
      "type": "LINE"
    }, 
    {
      "addresses": [
        {
          "street_name": "r. du Bac", 
          "street_numbers": []
        }, 
        {
          "street_name": "S&.\n", 
          "street_numbers": []
        }
      ], 
      "box": [
        463, 
        658, 
        281, 
        16
      ], 
      "checked": false, 
      "id": 432, 
      "ner_xml": "<PER>Durot</PER>.<ACT>mercerie</ACT>,<LOC>r. du Bac</LOC>,<LOC>S&amp;.\n</LOC>", 
      "origin": "computer", 
      "parent": 381, 
      "persons": [
        "Durot"
      ], 
      "text_ocr": "Durot. mercerie, r. du Bac, S&.\n", 
      "type": "ENTRY"
    }, 
    {
      "EOL": false, 
      "box": [
        463, 
        678, 
        353, 
        20
      ], 
      "id": 435, 
      "indented": true, 
      "parent": 434, 
      "text": "", 
      "type": "LINE"
    }, 
    {
      "addresses": [
        {
          "street_name": "r. de Chchy", 
          "street_numbers": [
            "127"
          ]
        }
      ], 
      "box": [
        463, 
        678, 
        353, 
        20
      ], 
      "checked": false, 
      "id": 434, 
      "ner_xml": "<PER>Durozet</PER>,<ACT>vins en gros</ACT>,<LOC>r. de Chchy</LOC>,<CARDINAL>127</CARDINAL>.\n", 
      "origin": "computer", 
      "parent": 381, 
      "persons": [
        "Durozet"
      ], 
      "text_ocr": "Durozet, vins en gros, r. de Chchy, 127.\n", 
      "type": "ENTRY"
    }, 
    {
      "EOL": false, 
      "box": [
        463, 
        698, 
        380, 
        22
      ], 
      "id": 437, 
      "indented": true, 
      "parent": 436, 
      "text": "", 
      "type": "LINE"
    }, 
    {
      "addresses": [
        {
          "street_name": "r. du Caire", 
          "street_numbers": [
            "23"
          ]
        }
      ], 
      "box": [
        463, 
        698, 
        380, 
        22
      ], 
      "checked": false, 
      "id": 436, 
      "ner_xml": "<PER>Durst</PER>,<ACT>chapeaux de paille</ACT>,<LOC>r. du Caire</LOC>,<CARDINAL>23</CARDINAL>.\n", 
      "origin": "computer", 
      "parent": 381, 
      "persons": [
        "Durst"
      ], 
      "text_ocr": "Durst, chapeaux de paille, r. du Caire, 23.\n", 
      "type": "ENTRY"
    }, 
    {
      "EOL": false, 
      "box": [
        464, 
        720, 
        332, 
        16
      ], 
      "id": 439, 
      "indented": true, 
      "parent": 438, 
      "text": "", 
      "type": "LINE"
    }, 
    {
      "addresses": [
        {
          "street_name": "r. Butflon.", 
          "street_numbers": [
            "3"
          ]
        }
      ], 
      "box": [
        464, 
        720, 
        332, 
        16
      ], 
      "checked": false, 
      "id": 438, 
      "ner_xml": "<PER>Duru</PER>.<ACT>inst. de demois.</ACT>,<LOC>r. Butflon.</LOC>,<CARDINAL>3</CARDINAL>.\n", 
      "origin": "computer", 
      "parent": 381, 
      "persons": [
        "Duru"
      ], 
      "text_ocr": "Duru. inst. de demois., r. Butflon., 3.\n", 
      "type": "ENTRY"
    }, 
    {
      "EOL": false, 
      "box": [
        463, 
        741, 
        412, 
        20
      ], 
      "id": 441, 
      "indented": true, 
      "parent": 440, 
      "text": "", 
      "type": "LINE"
    }, 
    {
      "EOL": false, 
      "box": [
        483, 
        762, 
        206, 
        16
      ], 
      "id": 442, 
      "indented": false, 
      "parent": 440, 
      "text": "", 
      "type": "LINE"
    }, 
    {
      "addresses": [
        {
          "street_name": "r. de la Koqaette", 
          "street_numbers": [
            "1"
          ]
        }
      ], 
      "box": [
        463, 
        741, 
        412, 
        37
      ], 
      "checked": false, 
      "id": 440, 
      "ner_xml": "<PER>Duxn fils</PER>,<ACT>f. pot. de terre</ACT>,<LOC>r. de la Koqaette</LOC>,\n&amp;<CARDINAL>1</CARDINAL>.<PER>faub.</PER>St.-Antoine.\n", 
      "origin": "computer", 
      "parent": 381, 
      "persons": [
        "Duxn fils", 
        "faub."
      ], 
      "text_ocr": "Duxn fils, f. pot. de terre, r. de la Koqaette,\n&1. faub. St.-Antoine.\n", 
      "type": "ENTRY"
    }, 
    {
      "EOL": false, 
      "box": [
        462, 
        782, 
        396, 
        20
      ], 
      "id": 444, 
      "indented": true, 
      "parent": 443, 
      "text": "", 
      "type": "LINE"
    }, 
    {
      "addresses": [
        {
          "street_name": "r. du Roule", 
          "street_numbers": [
            "2"
          ]
        }
      ], 
      "box": [
        462, 
        782, 
        396, 
        20
      ], 
      "checked": false, 
      "id": 443, 
      "ner_xml": "<PER>Durutle (V.) fils</PER>,<ACT>draperie</ACT>,<LOC>r. du Roule</LOC>,<CARDINAL>2</CARDINAL>.\n", 
      "origin": "computer", 
      "parent": 381, 
      "persons": [
        "Durutle (V.) fils"
      ], 
      "text_ocr": "Durutle (V.) fils, draperie, r. du Roule, 2.\n", 
      "type": "ENTRY"
    }, 
    {
      "EOL": false, 
      "box": [
        462, 
        803, 
        298, 
        18
      ], 
      "id": 446, 
      "indented": true, 
      "parent": 445, 
      "text": "", 
      "type": "LINE"
    }, 
    {
      "addresses": [
        {
          "street_name": "r. d'Englhien", 
          "street_numbers": [
            "11"
          ]
        }
      ], 
      "box": [
        462, 
        803, 
        298, 
        18
      ], 
      "checked": false, 
      "id": 445, 
      "ner_xml": "<PER>Durutle</PER>,<ACT>huiles</ACT>,<LOC>r. d'Englhien</LOC>,<CARDINAL>11</CARDINAL>,\n", 
      "origin": "computer", 
      "parent": 381, 
      "persons": [
        "Durutle"
      ], 
      "text_ocr": "Durutle, huiles, r. d'Englhien, 11,\n", 
      "type": "ENTRY"
    }, 
    {
      "EOL": false, 
      "box": [
        463, 
        824, 
        412, 
        20
      ], 
      "id": 448, 
      "indented": true, 
      "parent": 447, 
      "text": "", 
      "type": "LINE"
    }, 
    {
      "addresses": [
        {
          "street_name": "r. Poissonn.", 
          "street_numbers": [
            "5"
          ]
        }
      ], 
      "box": [
        463, 
        824, 
        412, 
        20
      ], 
      "checked": false, 
      "id": 447, 
      "ner_xml": "<PER>Durutle (P.)</PER>,<ACT>laines pour fab.</ACT>,<LOC>r. Poissonn.</LOC>,<CARDINAL>5</CARDINAL>.\n", 
      "origin": "computer", 
      "parent": 381, 
      "persons": [
        "Durutle (P.)"
      ], 
      "text_ocr": "Durutle (P.), laines pour fab., r. Poissonn., 5.\n", 
      "type": "ENTRY"
    }, 
    {
      "EOL": false, 
      "box": [
        464, 
        845, 
        413, 
        20
      ], 
      "id": 450, 
      "indented": true, 
      "parent": 449, 
      "text": "", 
      "type": "LINE"
    }, 
    {
      "EOL": false, 
      "box": [
        485, 
        866, 
        207, 
        19
      ], 
      "id": 451, 
      "indented": false, 
      "parent": 449, 
      "text": "", 
      "type": "LINE"
    }, 
    {
      "addresses": [], 
      "box": [
        464, 
        845, 
        413, 
        40
      ], 
      "checked": false, 
      "id": 449, 
      "ner_xml": "<PER>Durup de Baleine</PER>pere #$,<ACT>fonderre fer, cus-\nvre, r\u00ab Popincourt</ACT>,<CARDINAL>64</CARDINAL>.\n", 
      "origin": "computer", 
      "parent": 381, 
      "persons": [
        "Durup de Baleine"
      ], 
      "text_ocr": "Durup de Baleine pere #$, fonderre fer, cus-\nvre, r\u00ab Popincourt, 64.\n", 
      "type": "ENTRY"
    }, 
    {
      "EOL": false, 
      "box": [
        464, 
        885, 
        387, 
        22
      ], 
      "id": 453, 
      "indented": true, 
      "parent": 452, 
      "text": "", 
      "type": "LINE"
    }, 
    {
      "addresses": [
        {
          "street_name": "r. N.-Ste.-Elisabeth", 
          "street_numbers": [
            "5"
          ]
        }
      ], 
      "box": [
        464, 
        885, 
        387, 
        22
      ], 
      "checked": false, 
      "id": 452, 
      "ner_xml": "<PER>Durupt</PER>,<ACT>charronu.</ACT>,<LOC>r. N.-Ste.-Elisabeth</LOC>,<CARDINAL>5</CARDINAL>.\n", 
      "origin": "computer", 
      "parent": 381, 
      "persons": [
        "Durupt"
      ], 
      "text_ocr": "Durupt, charronu., r. N.-Ste.-Elisabeth, 5.\n", 
      "type": "ENTRY"
    }, 
    {
      "EOL": false, 
      "box": [
        466, 
        907, 
        348, 
        16
      ], 
      "id": 455, 
      "indented": true, 
      "parent": 454, 
      "text": "", 
      "type": "LINE"
    }, 
    {
      "addresses": [], 
      "box": [
        466, 
        907, 
        348, 
        16
      ], 
      "checked": false, 
      "id": 454, 
      "ner_xml": "Durut.<ACT>cadres</ACT>,<ACT>r. des lrois-Portes</ACT>,<CARDINAL>10</CARDINAL>.\n", 
      "origin": "computer", 
      "parent": 381, 
      "persons": [], 
      "text_ocr": "Durut. cadres, r. des lrois-Portes, 10.\n", 
      "type": "ENTRY"
    }, 
    {
      "EOL": false, 
      "box": [
        466, 
        927, 
        410, 
        22
      ], 
      "id": 457, 
      "indented": true, 
      "parent": 456, 
      "text": "", 
      "type": "LINE"
    }, 
    {
      "EOL": false, 
      "box": [
        486, 
        949, 
        156, 
        19
      ], 
      "id": 458, 
      "indented": false, 
      "parent": 456, 
      "text": "", 
      "type": "LINE"
    }, 
    {
      "addresses": [], 
      "box": [
        466, 
        927, 
        410, 
        41
      ], 
      "checked": false, 
      "id": 456, 
      "ner_xml": "<PER>Durvis Ed) et Duruyts</PER>,<ACT>tailleur</ACT>, Pal.-Royal,\ngal. de Pierre,<CARDINAL>1</CARDINAL>.\n", 
      "origin": "computer", 
      "parent": 381, 
      "persons": [
        "Durvis Ed) et Duruyts"
      ], 
      "text_ocr": "Durvis Ed) et Duruyts, tailleur, Pal.-Royal,\ngal. de Pierre, 1.\n", 
      "type": "ENTRY"
    }, 
    {
      "EOL": false, 
      "box": [
        467, 
        969, 
        356, 
        20
      ], 
      "id": 460, 
      "indented": true, 
      "parent": 459, 
      "text": "", 
      "type": "LINE"
    }, 
    {
      "addresses": [], 
      "box": [
        467, 
        969, 
        356, 
        20
      ], 
      "checked": false, 
      "id": 459, 
      "ner_xml": "<PER>Dusacqa</PER>,<ACT>teintur.-degr.</ACT>,<ACT>r.5t.-Marc</ACT>,<CARDINAL>21</CARDINAL>.\n", 
      "origin": "computer", 
      "parent": 381, 
      "persons": [
        "Dusacqa"
      ], 
      "text_ocr": "Dusacqa, teintur.-degr., r.5t.-Marc, 21.\n", 
      "type": "ENTRY"
    }, 
    {
      "EOL": false, 
      "box": [
        466, 
        990, 
        366, 
        20
      ], 
      "id": 462, 
      "indented": true, 
      "parent": 461, 
      "text": "", 
      "type": "LINE"
    }, 
    {
      "addresses": [
        {
          "street_name": "passage du Lycee", 
          "street_numbers": [
            "16"
          ]
        }
      ], 
      "box": [
        466, 
        990, 
        366, 
        20
      ], 
      "checked": false, 
      "id": 461, 
      "ner_xml": "<PER>Dusang</PER>,<ACT>caf\u00e9</ACT>,<LOC>passage du Lycee</LOC>,<CARDINAL>16</CARDINAL>. - .\n", 
      "origin": "computer", 
      "parent": 381, 
      "persons": [
        "Dusang"
      ], 
      "text_ocr": "Dusang, caf\u00e9, passage du Lycee, 16. - .\n", 
      "type": "ENTRY"
    }, 
    {
      "EOL": false, 
      "box": [
        467, 
        1011, 
        308, 
        16
      ], 
      "id": 464, 
      "indented": true, 
      "parent": 463, 
      "text": "", 
      "type": "LINE"
    }, 
    {
      "addresses": [], 
      "box": [
        467, 
        1011, 
        308, 
        16
      ], 
      "checked": false, 
      "id": 463, 
      "ner_xml": "<PER>Dusausov</PER>,<ACT>r. du Petit-Carreau</ACT>,<CARDINAL>14</CARDINAL>.\n", 
      "origin": "computer", 
      "parent": 381, 
      "persons": [
        "Dusausov"
      ], 
      "text_ocr": "Dusausov, r. du Petit-Carreau, 14.\n", 
      "type": "ENTRY"
    }, 
    {
      "EOL": false, 
      "box": [
        466, 
        1030, 
        411, 
        21
      ], 
      "id": 466, 
      "indented": true, 
      "parent": 465, 
      "text": "", 
      "type": "LINE"
    }, 
    {
      "EOL": false, 
      "box": [
        487, 
        1053, 
        172, 
        15
      ], 
      "id": 467, 
      "indented": false, 
      "parent": 465, 
      "text": "", 
      "type": "LINE"
    }, 
    {
      "addresses": [], 
      "box": [
        466, 
        1030, 
        411, 
        38
      ], 
      "checked": false, 
      "id": 465, 
      "ner_xml": "<PER>Dusaussay Dem\u00e9ly</PER>et<ACT>comp. toiles blanches</ACT>,\nr. Bertin-Poir\u00e9e.<CARDINAL>5</CARDINAL>.\n", 
      "origin": "computer", 
      "parent": 381, 
      "persons": [
        "Dusaussay Dem\u00e9ly"
      ], 
      "text_ocr": "Dusaussay Dem\u00e9ly et comp. toiles blanches,\nr. Bertin-Poir\u00e9e. 5.\n", 
      "type": "ENTRY"
    }, 
    {
      "EOL": false, 
      "box": [
        467, 
        1072, 
        410, 
        20
      ], 
      "id": 469, 
      "indented": true, 
      "parent": 468, 
      "text": "", 
      "type": "LINE"
    }, 
    {
      "EOL": false, 
      "box": [
        467, 
        1093, 
        405, 
        21
      ], 
      "id": 470, 
      "indented": false, 
      "parent": 468, 
      "text": "", 
      "type": "LINE"
    }, 
    {
      "EOL": false, 
      "box": [
        468, 
        1114, 
        409, 
        21
      ], 
      "id": 471, 
      "indented": false, 
      "parent": 468, 
      "text": "", 
      "type": "LINE"
    }, 
    {
      "EOL": false, 
      "box": [
        469, 
        1135, 
        408, 
        20
      ], 
      "id": 472, 
      "indented": false, 
      "parent": 468, 
      "text": "", 
      "type": "LINE"
    }, 
    {
      "EOL": false, 
      "box": [
        468, 
        1155, 
        404, 
        21
      ], 
      "id": 473, 
      "indented": false, 
      "parent": 468, 
      "text": "", 
      "type": "LINE"
    }, 
    {
      "EOL": false, 
      "box": [
        467, 
        1177, 
        354, 
        15
      ], 
      "id": 474, 
      "indented": false, 
      "parent": 468, 
      "text": "", 
      "type": "LINE"
    }, 
    {
      "addresses": [
        {
          "street_name": "r. Quincampoix", 
          "street_numbers": [
            "22"
          ]
        }, 
        {
          "street_name": "r. des Boucheries", 
          "street_numbers": [
            "39"
          ]
        }, 
        {
          "street_name": "r. de Mirom\u00e9nil", 
          "street_numbers": [
            "13"
          ]
        }, 
        {
          "street_name": "r. St.-Denis", 
          "street_numbers": [
            "15"
          ]
        }, 
        {
          "street_name": "r. St.-Denis", 
          "street_numbers": [
            "64"
          ]
        }, 
        {
          "street_name": "r. de Mirom\u00e9nil", 
          "street_numbers": [
            "5"
          ]
        }
      ], 
      "box": [
        467, 
        1072, 
        410, 
        120
      ], 
      "checked": false, 
      "id": 468, 
      "ner_xml": "<PER>Dusaussay-Juchel</PER>,<ACT>bonn.</ACT><LOC>r. Quincampoix</LOC>,<CARDINAL>22</CARDINAL>.\nDusaussois,<ACT>pot. d'\u00e9tain</ACT>,<LOC>r. des Boucheries</LOC>,<CARDINAL>39</CARDINAL>\n<PER>Dusaussoy</PER>,<ACT>\u00a3. carrosserie</ACT>,<LOC>r. de Mirom\u00e9nil</LOC>,<CARDINAL>13</CARDINAL>.\n<PER>Dusaussoy</PER>,<ACT>r\u00e9glure de papier</ACT>,<LOC>r. St.-Denis</LOC>,<CARDINAL>15</CARDINAL>\n<PER>Dusautois</PER>,<ACT>quine., en gros</ACT>,<LOC>r. St.-Denis</LOC>,<CARDINAL>64</CARDINAL>.\nDusoir. boucherie.<LOC>r. de Mirom\u00e9nil</LOC>,<CARDINAL>5</CARDINAL>.\n", 
      "origin": "computer", 
      "parent": 381, 
      "persons": [
        "Dusaussay-Juchel", 
        "Dusaussoy", 
        "Dusaussoy", 
        "Dusautois"
      ], 
      "text_ocr": "Dusaussay-Juchel, bonn. r. Quincampoix, 22.\nDusaussois, pot. d'\u00e9tain, r. des Boucheries, 39\nDusaussoy, \u00a3. carrosserie, r. de Mirom\u00e9nil, 13.\nDusaussoy, r\u00e9glure de papier, r. St.-Denis, 15\nDusautois, quine., en gros, r. St.-Denis, 64.\nDusoir. boucherie. r. de Mirom\u00e9nil, 5.\n", 
      "type": "ENTRY"
    }, 
    {
      "EOL": false, 
      "box": [
        468, 
        1197, 
        357, 
        20
      ], 
      "id": 476, 
      "indented": true, 
      "parent": 475, 
      "text": "", 
      "type": "LINE"
    }, 
    {
      "addresses": [
        {
          "street_name": "Dusoulier", 
          "street_numbers": []
        }, 
        {
          "street_name": "Palais-Rovyal", 
          "street_numbers": [
            "100"
          ]
        }
      ], 
      "box": [
        468, 
        1197, 
        357, 
        20
      ], 
      "checked": false, 
      "id": 475, 
      "ner_xml": "<LOC>Dusoulier</LOC>,<ACT>{. parap.</ACT>,<LOC>Palais-Rovyal</LOC>,<CARDINAL>100</CARDINAL>.\n", 
      "origin": "computer", 
      "parent": 381, 
      "persons": [], 
      "text_ocr": "Dusoulier, {. parap., Palais-Rovyal, 100.\n", 
      "type": "ENTRY"
    }, 
    {
      "EOL": false, 
      "box": [
        469, 
        1218, 
        325, 
        19
      ], 
      "id": 478, 
      "indented": true, 
      "parent": 477, 
      "text": "", 
      "type": "LINE"
    }, 
    {
      "addresses": [
        {
          "street_name": "r. Coquilhere", 
          "street_numbers": [
            "356"
          ]
        }
      ], 
      "box": [
        469, 
        1218, 
        325, 
        19
      ], 
      "checked": false, 
      "id": 477, 
      "ner_xml": "<PER>Dussart</PER>,<ACT>tailleur</ACT>,<LOC>r. Coquilhere</LOC>,<CARDINAL>356</CARDINAL>.\n", 
      "origin": "computer", 
      "parent": 381, 
      "persons": [
        "Dussart"
      ], 
      "text_ocr": "Dussart, tailleur, r. Coquilhere, 356.\n", 
      "type": "ENTRY"
    }, 
    {
      "EOL": false, 
      "box": [
        470, 
        1239, 
        400, 
        22
      ], 
      "id": 480, 
      "indented": true, 
      "parent": 479, 
      "text": "", 
      "type": "LINE"
    }, 
    {
      "addresses": [
        {
          "street_name": "q. des Leiestins", 
          "street_numbers": [
            "12"
          ]
        }
      ], 
      "box": [
        470, 
        1239, 
        400, 
        22
      ], 
      "checked": false, 
      "id": 479, 
      "ner_xml": "<PER>Dussaulit</PER>,<ACT>vins en gros</ACT>,<LOC>q. des Leiestins</LOC>,<CARDINAL>12</CARDINAL>.\n", 
      "origin": "computer", 
      "parent": 381, 
      "persons": [
        "Dussaulit"
      ], 
      "text_ocr": "Dussaulit, vins en gros, q. des Leiestins, 12.\n", 
      "type": "ENTRY"
    }, 
    {
      "EOL": false, 
      "box": [
        470, 
        1259, 
        367, 
        18
      ], 
      "id": 482, 
      "indented": true, 
      "parent": 481, 
      "text": "", 
      "type": "LINE"
    }, 
    {
      "addresses": [
        {
          "street_name": "r. du Rocher", 
          "street_numbers": [
            "5"
          ]
        }
      ], 
      "box": [
        470, 
        1259, 
        367, 
        18
      ], 
      "checked": false, 
      "id": 481, 
      "ner_xml": "<PER>Dussausse</PER>,<ACT>boulangerie</ACT>,<LOC>r. du Rocher</LOC>,<CARDINAL>5</CARDINAL>\n", 
      "origin": "computer", 
      "parent": 381, 
      "persons": [
        "Dussausse"
      ], 
      "text_ocr": "Dussausse, boulangerie, r. du Rocher, 5\n", 
      "type": "ENTRY"
    }, 
    {
      "EOL": false, 
      "box": [
        470, 
        1279, 
        330, 
        20
      ], 
      "id": 484, 
      "indented": true, 
      "parent": 483, 
      "text": "", 
      "type": "LINE"
    }, 
    {
      "addresses": [
        {
          "street_name": "r. St -Martin", 
          "street_numbers": [
            "275"
          ]
        }
      ], 
      "box": [
        470, 
        1279, 
        330, 
        20
      ], 
      "checked": false, 
      "id": 483, 
      "ner_xml": "<PER>Dussaux</PER>,<ACT>bijout.</ACT>,<LOC>r. St -Martin</LOC>,<CARDINAL>275</CARDINAL>,\n", 
      "origin": "computer", 
      "parent": 381, 
      "persons": [
        "Dussaux"
      ], 
      "text_ocr": "Dussaux, bijout., r. St -Martin, 275,\n", 
      "type": "ENTRY"
    }, 
    {
      "EOL": false, 
      "box": [
        470, 
        1300, 
        408, 
        20
      ], 
      "id": 486, 
      "indented": true, 
      "parent": 485, 
      "text": "", 
      "type": "LINE"
    }, 
    {
      "addresses": [
        {
          "street_name": "Dussaux", 
          "street_numbers": []
        }, 
        {
          "street_name": "}", 
          "street_numbers": [
            "13"
          ]
        }, 
        {
          "street_name": "r. Beurg-l'Abbe", 
          "street_numbers": [
            "30"
          ]
        }
      ], 
      "box": [
        470, 
        1300, 
        408, 
        20
      ], 
      "checked": false, 
      "id": 485, 
      "ner_xml": "<LOC>Dussaux</LOC>,<LOC>}</LOC><CARDINAL>13</CARDINAL>. en<ACT>cuivre</ACT>,<LOC>r. Beurg-l'Abbe</LOC>,<CARDINAL>30</CARDINAL>,\n", 
      "origin": "computer", 
      "parent": 381, 
      "persons": [], 
      "text_ocr": "Dussaux, }13. en cuivre, r. Beurg-l'Abbe, 30,\n", 
      "type": "ENTRY"
    }, 
    {
      "EOL": false, 
      "box": [
        471, 
        1321, 
        397, 
        19
      ], 
      "id": 488, 
      "indented": true, 
      "parent": 487, 
      "text": "", 
      "type": "LINE"
    }, 
    {
      "addresses": [
        {
          "street_name": "r. du Faub.-St.-Martin", 
          "street_numbers": [
            "O1"
          ]
        }
      ], 
      "box": [
        471, 
        1321, 
        397, 
        19
      ], 
      "checked": false, 
      "id": 487, 
      "ner_xml": "<PER>Dussaux</PER>,<ACT>epic.</ACT>,<LOC>r. du Faub.-St.-Martin</LOC>,<CARDINAL>O1</CARDINAL>.\n", 
      "origin": "computer", 
      "parent": 381, 
      "persons": [
        "Dussaux"
      ], 
      "text_ocr": "Dussaux, epic., r. du Faub.-St.-Martin, O1.\n", 
      "type": "ENTRY"
    }, 
    {
      "EOL": false, 
      "box": [
        471, 
        1341, 
        407, 
        21
      ], 
      "id": 490, 
      "indented": true, 
      "parent": 489, 
      "text": "", 
      "type": "LINE"
    }, 
    {
      "addresses": [
        {
          "street_name": "place Sorbonne", 
          "street_numbers": []
        }
      ], 
      "box": [
        471, 
        1341, 
        407, 
        21
      ], 
      "checked": false, 
      "id": 489, 
      "ner_xml": "<PER>Dusseaussay</PER>,<ACT>peint. d\u00e9cor.</ACT>,<LOC>place Sorbonne</LOC>,<TITRE>#</TITRE>.\n", 
      "origin": "computer", 
      "parent": 381, 
      "persons": [
        "Dusseaussay"
      ], 
      "text_ocr": "Dusseaussay, peint. d\u00e9cor., place Sorbonne, #.\n", 
      "type": "ENTRY"
    }, 
    {
      "EOL": false, 
      "box": [
        472, 
        1362, 
        400, 
        22
      ], 
      "id": 492, 
      "indented": true, 
      "parent": 491, 
      "text": "", 
      "type": "LINE"
    }, 
    {
      "addresses": [
        {
          "street_name": "Palais-Rovyal", 
          "street_numbers": [
            "125"
          ]
        }
      ], 
      "box": [
        472, 
        1362, 
        400, 
        22
      ], 
      "checked": false, 
      "id": 491, 
      "ner_xml": "<PER>Dusseaut</PER>,<ACT>gra. sur m\u00e9t.</ACT>,<LOC>Palais-Rovyal</LOC>,<CARDINAL>125</CARDINAL>.\n", 
      "origin": "computer", 
      "parent": 381, 
      "persons": [
        "Dusseaut"
      ], 
      "text_ocr": "Dusseaut, gra. sur m\u00e9t., Palais-Rovyal, 125.\n", 
      "type": "ENTRY"
    }, 
    {
      "EOL": false, 
      "box": [
        471, 
        1382, 
        383, 
        20
      ], 
      "id": 494, 
      "indented": true, 
      "parent": 493, 
      "text": "", 
      "type": "LINE"
    }, 
    {
      "addresses": [
        {
          "street_name": "r, du Rocher", 
          "street_numbers": [
            "11"
          ]
        }
      ], 
      "box": [
        471, 
        1382, 
        383, 
        20
      ], 
      "checked": false, 
      "id": 493, 
      "ner_xml": "<PER>Dusser</PER>,<ACT>boulangerie</ACT>,<LOC>r, du Rocher</LOC>,<CARDINAL>11</CARDINAL>. * \u2019\n", 
      "origin": "computer", 
      "parent": 381, 
      "persons": [
        "Dusser"
      ], 
      "text_ocr": "Dusser, boulangerie, r, du Rocher, 11. * \u2019\n", 
      "type": "ENTRY"
    }, 
    {
      "EOL": false, 
      "box": [
        473, 
        1403, 
        367, 
        17
      ], 
      "id": 496, 
      "indented": true, 
      "parent": 495, 
      "text": "", 
      "type": "LINE"
    }, 
    {
      "addresses": [], 
      "box": [
        473, 
        1403, 
        367, 
        17
      ], 
      "checked": false, 
      "id": 495, 
      "ner_xml": "<PER>Dussillon</PER>.,<ACT>architecture. r. Sorbonne.</ACT><CARDINAL>12</CARDINAL>.\n", 
      "origin": "computer", 
      "parent": 381, 
      "persons": [
        "Dussillon"
      ], 
      "text_ocr": "Dussillon., architecture. r. Sorbonne. 12.\n", 
      "type": "ENTRY"
    }, 
    {
      "EOL": false, 
      "box": [
        473, 
        1423, 
        369, 
        21
      ], 
      "id": 498, 
      "indented": true, 
      "parent": 497, 
      "text": "", 
      "type": "LINE"
    }, 
    {
      "addresses": [
        {
          "street_name": "r. de Rivoli", 
          "street_numbers": []
        }
      ], 
      "box": [
        473, 
        1423, 
        369, 
        21
      ], 
      "checked": false, 
      "id": 497, 
      "ner_xml": "<PER>Dussillon fils</PER>,<ACT>architecture</ACT>,<LOC>r. de Rivoli</LOC>.\n", 
      "origin": "computer", 
      "parent": 381, 
      "persons": [
        "Dussillon fils"
      ], 
      "text_ocr": "Dussillon fils, architecture, r. de Rivoli.\n", 
      "type": "ENTRY"
    }, 
    {
      "EOL": false, 
      "box": [
        473, 
        1444, 
        391, 
        20
      ], 
      "id": 500, 
      "indented": true, 
      "parent": 499, 
      "text": "", 
      "type": "LINE"
    }, 
    {
      "addresses": [
        {
          "street_name": "r. des Nonaindieres", 
          "street_numbers": [
            "5"
          ]
        }
      ], 
      "box": [
        473, 
        1444, 
        391, 
        20
      ], 
      "checked": false, 
      "id": 499, 
      "ner_xml": "<PER>Dussoll\u00e9</PER>,<ACT>toi.-v\u00e9rif.</ACT>,<LOC>r. des Nonaindieres</LOC>,<CARDINAL>5</CARDINAL>,\n", 
      "origin": "computer", 
      "parent": 381, 
      "persons": [
        "Dussoll\u00e9"
      ], 
      "text_ocr": "Dussoll\u00e9, toi.-v\u00e9rif., r. des Nonaindieres, 5,\n", 
      "type": "ENTRY"
    }, 
    {
      "EOL": false, 
      "box": [
        472, 
        1465, 
        375, 
        19
      ], 
      "id": 502, 
      "indented": true, 
      "parent": 501, 
      "text": "", 
      "type": "LINE"
    }, 
    {
      "addresses": [
        {
          "street_name": "Faub -St.-Denis", 
          "street_numbers": []
        }
      ], 
      "box": [
        472, 
        1465, 
        375, 
        19
      ], 
      "checked": false, 
      "id": 501, 
      "ner_xml": "<PER>Dussort</PER>,<ACT>boulang.,r</ACT>.<LOC>Faub -St.-Denis</LOC>, %.\n", 
      "origin": "computer", 
      "parent": 381, 
      "persons": [
        "Dussort"
      ], 
      "text_ocr": "Dussort, boulang.,r. Faub -St.-Denis, %.\n", 
      "type": "ENTRY"
    }, 
    {
      "box": [
        457, 
        97, 
        421, 
        1387
      ], 
      "id": 381, 
      "parent": 380, 
      "type": "COLUMN_LEVEL_2"
    }, 
    {
      "box": [
        457, 
        97, 
        421, 
        1387
      ], 
      "id": 380, 
      "parent": 379, 
      "type": "SECTION_LEVEL_2"
    }, 
    {
      "box": [
        457, 
        97, 
        421, 
        1387
      ], 
      "id": 379, 
      "parent": 258, 
      "type": "COLUMN_LEVEL_1"
    }, 
    {
      "box": [
        35, 
        97, 
        843, 
        1387
      ], 
      "id": 258, 
      "parent": 256, 
      "type": "SECTION_LEVEL_1"
    }, 
    {
      "box": [
        35, 
        69, 
        843, 
        1415
      ], 
      "id": 256, 
      "type": "PAGE"
    }
  ], 
  "mode": "cached"
}
