{
  "content": [
    {
      "box": [
        57, 
        67, 
        826, 
        16
      ], 
      "checked": false, 
      "id": 257, 
      "origin": "computer", 
      "parent": 256, 
      "text": "ALPIHABETIOUE. CON\n", 
      "type": "TITLE_LEVEL_1"
    }, 
    {
      "EOL": false, 
      "box": [
        57, 
        99, 
        325, 
        22
      ], 
      "id": 263, 
      "indented": false, 
      "parent": 262, 
      "text": "", 
      "type": "LINE"
    }, 
    {
      "addresses": [
        {
          "street_name": "r. St.-Antoine", 
          "street_numbers": [
            "61"
          ]
        }
      ], 
      "box": [
        57, 
        99, 
        325, 
        22
      ], 
      "checked": false, 
      "id": 262, 
      "ner_xml": "<PER>Legorju</PER>,<ACT>coutell.</ACT>,<LOC>r. St.-Antoine</LOC>,<CARDINAL>61</CARDINAL>.\n", 
      "origin": "computer", 
      "parent": 261, 
      "persons": [
        "Legorju"
      ], 
      "text_ocr": "Legorju, coutell., r. St.-Antoine, 61.\n", 
      "type": "ENTRY"
    }, 
    {
      "EOL": false, 
      "box": [
        58, 
        99, 
        807, 
        76
      ], 
      "id": 265, 
      "indented": true, 
      "parent": 264, 
      "text": "", 
      "type": "LINE"
    }, 
    {
      "EOL": false, 
      "box": [
        77, 
        141, 
        116, 
        15
      ], 
      "id": 266, 
      "indented": false, 
      "parent": 264, 
      "text": "", 
      "type": "LINE"
    }, 
    {
      "addresses": [
        {
          "street_name": "r. St.-Antoine", 
          "street_numbers": []
        }, 
        {
          "street_name": "VINS", 
          "street_numbers": [
            "+"
          ]
        }, 
        {
          "street_name": "enclos St.Jean- Legrand", 
          "street_numbers": [
            "24"
          ]
        }, 
        {
          "street_name": "+. de Charenton", 
          "street_numbers": [
            "16"
          ]
        }, 
        {
          "street_name": "r. Martel", 
          "street_numbers": [
            "2"
          ]
        }, 
        {
          "street_name": "r. du Buisson-St.-1", 
          "street_numbers": []
        }
      ], 
      "box": [
        58, 
        99, 
        807, 
        76
      ], 
      "checked": false, 
      "id": 264, 
      "ner_xml": ".cgorju,<ACT>coutell.</ACT>,<LOC>r. St.-Antoine</LOC>,<PER>O1: Legrand</PER>,<LOC>VINS</LOC>, Fr.<PER>SL.-Jeanle-Deauvais</PER>,<CARDINAL>+</CARDINAL>,\n<PER>Lexorju</PER>,<ACT>presses d'imprim.</ACT>,<LOC>enclos St.Jean- Legrand</LOC>,<ACT>voit. publ. pl. St-Michel. 8. .\n\nde-Latran</ACT>,<CARDINAL>24</CARDINAL><PER>Legrand-Deborme</PER>,<ACT>archit.</ACT>,<LOC>+. de Charenton</LOC>,<CARDINAL>16</CARDINAL>\n<PER>Loenires n\u00e8re et file</PER>. baha.<LOC>r. Martel</LOC>,<CARDINAL>2</CARDINAL>.<PER>Legrand-Lemor</PER>,<ACT>teint.</ACT>,<LOC>r. du Buisson-St.-1</LOC>,.\n", 
      "origin": "computer", 
      "parent": 261, 
      "persons": [
        "O1: Legrand", 
        "SL.-Jeanle-Deauvais", 
        "Lexorju", 
        "Legrand-Deborme", 
        "Loenires n\u00e8re et file", 
        "Legrand-Lemor"
      ], 
      "text_ocr": ".cgorju, coutell., r. St.-Antoine, O1: Legrand, VINS, Fr. SL.-Jeanle-Deauvais, +,\nLexorju, presses d'imprim., enclos St.Jean- Legrand, voit. publ. pl. St-Michel. 8. .\n\nde-Latran, 24 Legrand-Deborme, archit., +. de Charenton, 16\nLoenires n\u00e8re et file. baha. r. Martel, 2. Legrand-Lemor, teint., r. du Buisson-St.-1,.\n", 
      "type": "ENTRY"
    }, 
    {
      "EOL": false, 
      "box": [
        57, 
        158, 
        355, 
        23
      ], 
      "id": 268, 
      "indented": true, 
      "parent": 267, 
      "text": "", 
      "type": "LINE"
    }, 
    {
      "addresses": [
        {
          "street_name": "r. Martel", 
          "street_numbers": [
            "2"
          ]
        }
      ], 
      "box": [
        57, 
        158, 
        355, 
        23
      ], 
      "checked": false, 
      "id": 267, 
      "ner_xml": "<PER>Legoues p\u00e8re et fils</PER>,<ACT>banq.</ACT>,<LOC>r. Martel</LOC>,<CARDINAL>2</CARDINAL>.\n", 
      "origin": "computer", 
      "parent": 261, 
      "persons": [
        "Legoues p\u00e8re et fils"
      ], 
      "text_ocr": "Legoues p\u00e8re et fils, banq., r. Martel, 2.\n", 
      "type": "ENTRY"
    }, 
    {
      "EOL": false, 
      "box": [
        58, 
        177, 
        814, 
        25
      ], 
      "id": 270, 
      "indented": true, 
      "parent": 269, 
      "text": "", 
      "type": "LINE"
    }, 
    {
      "addresses": [
        {
          "street_name": "r. Bourh,-Villenenve", 
          "street_numbers": [
            "20"
          ]
        }, 
        {
          "street_name": "pass. de L'Op\u00e9ra, gal, de\n", 
          "street_numbers": []
        }
      ], 
      "box": [
        58, 
        177, 
        814, 
        25
      ], 
      "checked": false, 
      "id": 269, 
      "ner_xml": "<PER>Legeupy</PER>,<ACT>f. ch\u00e2les</ACT>,<LOC>r. Bourh,-Villenenve</LOC>,<CARDINAL>20</CARDINAL>,<PER>Legrand</PER>,<ACT>culott.</ACT>,<LOC>pass. de L'Op\u00e9ra, gal, de\n</LOC>", 
      "origin": "computer", 
      "parent": 261, 
      "persons": [
        "Legeupy", 
        "Legrand"
      ], 
      "text_ocr": "Legeupy, f. ch\u00e2les, r. Bourh,-Villenenve, 20, Legrand, culott., pass. de L'Op\u00e9ra, gal, de\n", 
      "type": "ENTRY"
    }, 
    {
      "EOL": false, 
      "box": [
        59, 
        198, 
        544, 
        22
      ], 
      "id": 272, 
      "indented": true, 
      "parent": 271, 
      "text": "", 
      "type": "LINE"
    }, 
    {
      "addresses": [
        {
          "street_name": "Horloge", 
          "street_numbers": [
            "7"
          ]
        }
      ], 
      "box": [
        59, 
        198, 
        544, 
        22
      ], 
      "checked": false, 
      "id": 271, 
      "ner_xml": "<PER>Legout</PER>,<ACT>carross.</ACT>,<ACT>r. du Vieax-Colombier</ACT>,<CARDINAL>19</CARDINAL>. l'<LOC>Horloge</LOC>,<CARDINAL>7</CARDINAL>.\n", 
      "origin": "computer", 
      "parent": 261, 
      "persons": [
        "Legout"
      ], 
      "text_ocr": "Legout, carross., r. du Vieax-Colombier, 19. l'Horloge, 7.\n", 
      "type": "ENTRY"
    }, 
    {
      "EOL": false, 
      "box": [
        59, 
        220, 
        305, 
        19
      ], 
      "id": 274, 
      "indented": true, 
      "parent": 273, 
      "text": "", 
      "type": "LINE"
    }, 
    {
      "addresses": [
        {
          "street_name": "r. d'Enfer", 
          "street_numbers": [
            "2"
          ]
        }
      ], 
      "box": [
        59, 
        220, 
        305, 
        19
      ], 
      "checked": false, 
      "id": 273, 
      "ner_xml": "<PER>Legoux {C.)</PER>,<ACT>boach.</ACT>,<LOC>r. d'Enfer</LOC>,<CARDINAL>2</CARDINAL>.\n", 
      "origin": "computer", 
      "parent": 261, 
      "persons": [
        "Legoux {C.)"
      ], 
      "text_ocr": "Legoux {C.), boach., r. d'Enfer, 2.\n", 
      "type": "ENTRY"
    }, 
    {
      "EOL": false, 
      "box": [
        59, 
        240, 
        311, 
        20
      ], 
      "id": 276, 
      "indented": true, 
      "parent": 275, 
      "text": "", 
      "type": "LINE"
    }, 
    {
      "addresses": [
        {
          "street_name": "r. St.-Denis", 
          "street_numbers": [
            "195"
          ]
        }
      ], 
      "box": [
        59, 
        240, 
        311, 
        20
      ], 
      "checked": false, 
      "id": 275, 
      "ner_xml": "<PER>Lezoux</PER>,<ACT>f. brod.</ACT>,<LOC>r. St.-Denis</LOC>,<CARDINAL>195</CARDINAL>.\n", 
      "origin": "computer", 
      "parent": 261, 
      "persons": [
        "Lezoux"
      ], 
      "text_ocr": "Lezoux, f. brod., r. St.-Denis, 195.\n", 
      "type": "ENTRY"
    }, 
    {
      "EOL": false, 
      "box": [
        59, 
        259, 
        342, 
        22
      ], 
      "id": 278, 
      "indented": true, 
      "parent": 277, 
      "text": "", 
      "type": "LINE"
    }, 
    {
      "addresses": [
        {
          "street_name": "r. de Marignwv", 
          "street_numbers": [
            "2"
          ]
        }
      ], 
      "box": [
        59, 
        259, 
        342, 
        22
      ], 
      "checked": false, 
      "id": 277, 
      "ner_xml": "<PER>Legoux</PER>,<ACT>pierre dure</ACT>,<LOC>r. de Marignwv</LOC>,<CARDINAL>2</CARDINAL>.\n", 
      "origin": "computer", 
      "parent": 261, 
      "persons": [
        "Legoux"
      ], 
      "text_ocr": "Legoux, pierre dure, r. de Marignwv, 2.\n", 
      "type": "ENTRY"
    }, 
    {
      "EOL": false, 
      "box": [
        59, 
        216, 
        806, 
        84
      ], 
      "id": 280, 
      "indented": true, 
      "parent": 279, 
      "text": "", 
      "type": "LINE"
    }, 
    {
      "EOL": false, 
      "box": [
        77, 
        302, 
        171, 
        14
      ], 
      "id": 281, 
      "indented": false, 
      "parent": 279, 
      "text": "", 
      "type": "LINE"
    }, 
    {
      "addresses": [
        {
          "street_name": "r. d'Enfer", 
          "street_numbers": [
            "2", 
            "5"
          ]
        }, 
        {
          "street_name": "r. St-Denis", 
          "street_numbers": [
            "193"
          ]
        }, 
        {
          "street_name": "r. St. Denis", 
          "street_numbers": [
            "24"
          ]
        }, 
        {
          "street_name": "r. de Marigny", 
          "street_numbers": [
            "2"
          ]
        }, 
        {
          "street_name": "r. St.-Honor\u00e9", 
          "street_numbers": [
            "54"
          ]
        }, 
        {
          "street_name": "r. Gren\u00e9tat", 
          "street_numbers": [
            "16", 
            "30"
          ]
        }, 
        {
          "street_name": "r. St.-Martin", 
          "street_numbers": [
            "181"
          ]
        }
      ], 
      "box": [
        59, 
        216, 
        806, 
        100
      ], 
      "checked": false, 
      "id": 279, 
      "ner_xml": "<PER>Legoux (C.)</PER>,<ACT>boach.</ACT>,<LOC>r. d'Enfer</LOC>,<CARDINAL>2</CARDINAL>.<PER>Legras</PER>,<ACT>chap. de pal.</ACT>,<ACT>r. du Care</ACT>,<CARDINAL>5</CARDINAL>.\n<PER>Legoux</PER>, .<PER>brod.</PER>,<LOC>r. St-Denis</LOC>,<CARDINAL>193</CARDINAL>.<PER>Legras'et c.</PER>,<ACT>chap. de pail.</ACT>,<LOC>r. St. Denis</LOC>,<CARDINAL>24</CARDINAL>\n<PER>Legoux</PER>,<ACT>pierre dure</ACT>,<LOC>r. de Marigny</LOC>,<CARDINAL>2</CARDINAL>.<PER>Legras (Ve.)</PER>et c.,<ACT>drap.</ACT>,<LOC>r. St.-Honor\u00e9</LOC>,<CARDINAL>54</CARDINAL>.\n<PER>Legrain</PER>,<ACT>limon.</ACT>, r. de l'Ecole-de-M\u00e9decine,<PER>Legras</PER>,<ACT>dor. sur m\u00e9t.</ACT>,<LOC>r. Gren\u00e9tat</LOC>,<CARDINAL>16</CARDINAL>.\n\net Hautofvuilie<CARDINAL>30</CARDINAL>.<PER>Legras</PER>,<ACT>horlog.</ACT>,<LOC>r. St.-Martin</LOC>,<CARDINAL>181</CARDINAL>.\n", 
      "origin": "computer", 
      "parent": 261, 
      "persons": [
        "Legoux (C.)", 
        "Legras", 
        "Legoux", 
        "brod.", 
        "Legras'et c.", 
        "Legoux", 
        "Legras (Ve.)", 
        "Legrain", 
        "Legras", 
        "Legras"
      ], 
      "text_ocr": "Legoux (C.), boach., r. d'Enfer, 2. Legras, chap. de pal., r. du Care, 5.\nLegoux, . brod., r. St-Denis, 193. Legras'et c., chap. de pail., r. St. Denis, 24\nLegoux, pierre dure, r. de Marigny, 2. Legras (Ve.) et c., drap., r. St.-Honor\u00e9, 54.\nLegrain, limon., r. de l'Ecole-de-M\u00e9decine, Legras, dor. sur m\u00e9t., r. Gren\u00e9tat, 16.\n\net Hautofvuilie 30. Legras, horlog., r. St.-Martin, 181.\n", 
      "type": "ENTRY"
    }, 
    {
      "EOL": false, 
      "box": [
        59, 
        320, 
        320, 
        20
      ], 
      "id": 283, 
      "indented": true, 
      "parent": 282, 
      "text": "", 
      "type": "LINE"
    }, 
    {
      "addresses": [
        {
          "street_name": "pl. Dauphine", 
          "street_numbers": [
            "5"
          ]
        }
      ], 
      "box": [
        59, 
        320, 
        320, 
        20
      ], 
      "checked": false, 
      "id": 282, 
      "ner_xml": "<PER>Legrain</PER>,<ACT>fimonad,</ACT>,<LOC>pl. Dauphine</LOC>,<CARDINAL>5</CARDINAL>.\n", 
      "origin": "computer", 
      "parent": 261, 
      "persons": [
        "Legrain"
      ], 
      "text_ocr": "Legrain, fimonad,, pl. Dauphine, 5.\n", 
      "type": "ENTRY"
    }, 
    {
      "EOL": false, 
      "box": [
        59, 
        297, 
        807, 
        63
      ], 
      "id": 285, 
      "indented": true, 
      "parent": 284, 
      "text": "", 
      "type": "LINE"
    }, 
    {
      "addresses": [
        {
          "street_name": "Hautefeuilie", 
          "street_numbers": [
            "30"
          ]
        }, 
        {
          "street_name": "r. St.-Martin", 
          "street_numbers": [
            "181"
          ]
        }, 
        {
          "street_name": "pl. Dauphine", 
          "street_numbers": [
            "3"
          ]
        }, 
        {
          "street_name": "r. lu Four-St-Germain", 
          "street_numbers": [
            "52"
          ]
        }, 
        {
          "street_name": "r. St-Denis", 
          "street_numbers": []
        }, 
        {
          "street_name": "pass\n", 
          "street_numbers": []
        }
      ], 
      "box": [
        59, 
        297, 
        807, 
        63
      ], 
      "checked": false, 
      "id": 284, 
      "ner_xml": "et<LOC>Hautefeuilie</LOC>,<CARDINAL>30</CARDINAL>,<PER>Legras</PER>,<ACT>hor:og.</ACT>,<LOC>r. St.-Martin</LOC>,<CARDINAL>181</CARDINAL>.\n<PER>Legrain</PER>,<ACT>limonad.</ACT>,<LOC>pl. Dauphine</LOC>,<CARDINAL>3</CARDINAL>.<PER>Legret</PER>,<ACT>coif.</ACT>,<LOC>r. lu Four-St-Germain</LOC>,<CARDINAL>52</CARDINAL>.\n<PER>Legrain</PER>.<ACT>coton retors</ACT>,<LOC>r. St-Denis</LOC>,<ACT>e. Batave</ACT>.<PER>Legret de Rouville (Ve.)</PER>,<ACT>toiles cir\u00e9es</ACT>,<LOC>pass\n</LOC>", 
      "origin": "computer", 
      "parent": 261, 
      "persons": [
        "Legras", 
        "Legrain", 
        "Legret", 
        "Legrain", 
        "Legret de Rouville (Ve.)"
      ], 
      "text_ocr": "et Hautefeuilie, 30, Legras, hor:og., r. St.-Martin, 181.\nLegrain, limonad., pl. Dauphine, 3. Legret, coif., r. lu Four-St-Germain, 52.\nLegrain. coton retors, r. St-Denis, e. Batave. Legret de Rouville (Ve.), toiles cir\u00e9es, pass\n", 
      "type": "ENTRY"
    }, 
    {
      "EOL": false, 
      "box": [
        58, 
        361, 
        329, 
        19
      ], 
      "id": 287, 
      "indented": true, 
      "parent": 286, 
      "text": "", 
      "type": "LINE"
    }, 
    {
      "addresses": [
        {
          "street_name": "r, de Lappe", 
          "street_numbers": [
            "12"
          ]
        }
      ], 
      "box": [
        58, 
        361, 
        329, 
        19
      ], 
      "checked": false, 
      "id": 286, 
      "ner_xml": "<PER>Legrain</PER>,<ACT>f. souflets</ACT>,<LOC>r, de Lappe</LOC>,<CARDINAL>12</CARDINAL>.\n", 
      "origin": "computer", 
      "parent": 261, 
      "persons": [
        "Legrain"
      ], 
      "text_ocr": "Legrain, f. souflets, r, de Lappe, 12.\n", 
      "type": "ENTRY"
    }, 
    {
      "EOL": false, 
      "box": [
        59, 
        380, 
        348, 
        20
      ], 
      "id": 289, 
      "indented": true, 
      "parent": 288, 
      "text": "", 
      "type": "LINE"
    }, 
    {
      "addresses": [
        {
          "street_name": "r. Fruflault", 
          "street_numbers": []
        }
      ], 
      "box": [
        59, 
        380, 
        348, 
        20
      ], 
      "checked": false, 
      "id": 288, 
      "ner_xml": "<PER>Legrain-Jardinier</PER>,<ACT>hmon.</ACT>,<LOC>r. Fruflault</LOC>.\n", 
      "origin": "computer", 
      "parent": 261, 
      "persons": [
        "Legrain-Jardinier"
      ], 
      "text_ocr": "Legrain-Jardinier, hmon., r. Fruflault.\n", 
      "type": "ENTRY"
    }, 
    {
      "EOL": false, 
      "box": [
        60, 
        402, 
        275, 
        18
      ], 
      "id": 291, 
      "indented": true, 
      "parent": 290, 
      "text": "", 
      "type": "LINE"
    }, 
    {
      "addresses": [
        {
          "street_name": "r. Pirouctte", 
          "street_numbers": [
            "3"
          ]
        }
      ], 
      "box": [
        60, 
        402, 
        275, 
        18
      ], 
      "checked": false, 
      "id": 290, 
      "ner_xml": "<PER>Legrain</PER>,<ACT>vann.</ACT>,<LOC>r. Pirouctte</LOC>,<CARDINAL>3</CARDINAL>.\n", 
      "origin": "computer", 
      "parent": 261, 
      "persons": [
        "Legrain"
      ], 
      "text_ocr": "Legrain, vann., r. Pirouctte, 3.\n", 
      "type": "ENTRY"
    }, 
    {
      "EOL": false, 
      "box": [
        59, 
        358, 
        815, 
        81
      ], 
      "id": 293, 
      "indented": true, 
      "parent": 292, 
      "text": "", 
      "type": "LINE"
    }, 
    {
      "addresses": [
        {
          "street_name": "r, de Lappe", 
          "street_numbers": [
            "12", 
            "63"
          ]
        }, 
        {
          "street_name": "r. Pirouette", 
          "street_numbers": [
            "3"
          ]
        }, 
        {
          "street_name": "r. des\nLezrand a\u00een\u00e9", 
          "street_numbers": []
        }, 
        {
          "street_name": "r. des Fontaines", 
          "street_numbers": [
            "15"
          ]
        }, 
        {
          "street_name": "St.-Martin", 
          "street_numbers": [
            "10"
          ]
        }
      ], 
      "box": [
        59, 
        358, 
        815, 
        81
      ], 
      "checked": false, 
      "id": 292, 
      "ner_xml": "<PER>Legrain</PER>,<ACT>f. souflets</ACT>,<LOC>r, de Lappe</LOC>,<CARDINAL>12</CARDINAL>.<PER>Saulmer</PER>,<PER>Y.\nLegrain-Jardinier</PER>,<ACT>limon.</ACT>, r. Truffault.<PER>Legriel</PER>,<ACT>\u00e9b\u00e9n. r. $t-Antoine</ACT>,<CARDINAL>63</CARDINAL>.\n<PER>Legrain</PER>,<ACT>vann.</ACT>,<LOC>r. Pirouette</LOC>,<CARDINAL>3</CARDINAL>.<PER>Legrip (Ve.) et Legrip a\u00een\u00e9</PER>. f. chapell.,<LOC>r. des\nLezrand a\u00een\u00e9</LOC>,<ACT>baleines</ACT>,<LOC>r. des Fontaines</LOC>,<CARDINAL>15</CARDINAL>.  Vieilles-\u00c9tuves-<LOC>St.-Martin</LOC>,<CARDINAL>10</CARDINAL>.\n", 
      "origin": "computer", 
      "parent": 261, 
      "persons": [
        "Legrain", 
        "Saulmer", 
        "Y.\nLegrain-Jardinier", 
        "Legriel", 
        "Legrain", 
        "Legrip (Ve.) et Legrip a\u00een\u00e9"
      ], 
      "text_ocr": "Legrain, f. souflets, r, de Lappe, 12. Saulmer , Y.\nLegrain-Jardinier, limon., r. Truffault. Legriel, \u00e9b\u00e9n. r. $t-Antoine, 63.\nLegrain, vann., r. Pirouette, 3. Legrip (Ve.) et Legrip a\u00een\u00e9. f. chapell., r. des\nLezrand a\u00een\u00e9, baleines, r. des Fontaines, 15.  Vieilles-\u00c9tuves-St.-Martin, 10.\n", 
      "type": "ENTRY"
    }, 
    {
      "EOL": false, 
      "box": [
        57, 
        439, 
        817, 
        39
      ], 
      "id": 295, 
      "indented": true, 
      "parent": 294, 
      "text": "", 
      "type": "LINE"
    }, 
    {
      "EOL": false, 
      "box": [
        79, 
        462, 
        167, 
        15
      ], 
      "id": 296, 
      "indented": false, 
      "parent": 294, 
      "text": "", 
      "type": "LINE"
    }, 
    {
      "addresses": [
        {
          "street_name": "Etiun", 
          "street_numbers": [
            "18", 
            "1451"
          ]
        }
      ], 
      "box": [
        57, 
        439, 
        817, 
        39
      ], 
      "checked": false, 
      "id": 294, 
      "ner_xml": "<PER>Legrand (Mme)</PER>,<ACT>beurre et \u0153ufs, piliers des Legris</ACT>,<ACT>bouch.</ACT>, r.<PER>Vaucanson</PER>,\nPotiers-d'<LOC>Etiun</LOC>,<CARDINAL>18</CARDINAL>.<PER>| Legris (AL)</PER>,<ACT>herbor.</ACT>,<ACT>r. du F.-St.-Ant..</ACT><CARDINAL>1451</CARDINAL>.\n", 
      "origin": "computer", 
      "parent": 261, 
      "persons": [
        "Legrand (Mme)", 
        "Vaucanson", 
        "| Legris (AL)"
      ], 
      "text_ocr": "Legrand (Mme), beurre et \u0153ufs, piliers des Legris, bouch., r. Vaucanson,\nPotiers-d'Etiun, 18. | Legris (AL), herbor., r. du F.-St.-Ant.. 1451.\n", 
      "type": "ENTRY"
    }, 
    {
      "EOL": false, 
      "box": [
        59, 
        479, 
        809, 
        21
      ], 
      "id": 298, 
      "indented": true, 
      "parent": 297, 
      "text": "", 
      "type": "LINE"
    }, 
    {
      "addresses": [
        {
          "street_name": "r. du Faub.-dn-Temple", 
          "street_numbers": [
            "67"
          ]
        }, 
        {
          "street_name": "Richelieu", 
          "street_numbers": [
            "4"
          ]
        }
      ], 
      "box": [
        59, 
        479, 
        809, 
        21
      ], 
      "checked": false, 
      "id": 297, 
      "ner_xml": "<PER>Legrand</PER>,<ACT>treill.</ACT>,<LOC>r. du Faub.-dn-Temple</LOC>,<CARDINAL>67</CARDINAL>,<PER>Legris</PER>, imp.<ACT>en taille-donce</ACT>,<ACT>r</ACT>,<LOC>Richelieu</LOC>,<CARDINAL>4</CARDINAL>\u00b0?\n", 
      "origin": "computer", 
      "parent": 261, 
      "persons": [
        "Legrand", 
        "Legris"
      ], 
      "text_ocr": "Legrand, treill., r. du Faub.-dn-Temple, 67, Legris, imp. en taille-donce, r, Richelieu, 4\u00b0?\n", 
      "type": "ENTRY"
    }, 
    {
      "EOL": false, 
      "box": [
        59, 
        499, 
        810, 
        40
      ], 
      "id": 300, 
      "indented": true, 
      "parent": 299, 
      "text": "", 
      "type": "LINE"
    }, 
    {
      "addresses": [
        {
          "street_name": "r. de Bretazne", 
          "street_numbers": [
            "17"
          ]
        }, 
        {
          "street_name": "Mar.  Legris", 
          "street_numbers": []
        }, 
        {
          "street_name": "r. Charenton, (\nLezrand", 
          "street_numbers": []
        }, 
        {
          "street_name": "Pal.-Roval", 
          "street_numbers": [
            "154", 
            "58"
          ]
        }
      ], 
      "box": [
        59, 
        499, 
        810, 
        40
      ], 
      "checked": false, 
      "id": 299, 
      "ner_xml": "<PER>Legrand</PER>,<ACT>vinaig.</ACT>,<LOC>r. de Bretazne</LOC>,<CARDINAL>17</CARDINAL>,<LOC>Mar.  Legris</LOC>,<ACT>menuis. en meub.</ACT>,<LOC>r. Charenton, (\nLezrand</LOC>_<ACT>bii.: en acier</ACT>,<LOC>Pal.-Roval</LOC>,<CARDINAL>154</CARDINAL>. *<PER>Legris</PER>,<ACT>peinten b\u00e2t.,r. du Faab.-Montim.</ACT>,<CARDINAL>58</CARDINAL>\n", 
      "origin": "computer", 
      "parent": 261, 
      "persons": [
        "Legrand", 
        "Legris"
      ], 
      "text_ocr": "Legrand, vinaig., r. de Bretazne, 17, Mar.  Legris, menuis. en meub., r. Charenton, (\nLezrand_ bii.: en acier, Pal.-Roval, 154. * Legris, peinten b\u00e2t.,r. du Faab.-Montim., 58\n", 
      "type": "ENTRY"
    }, 
    {
      "EOL": false, 
      "box": [
        60, 
        521, 
        347, 
        21
      ], 
      "id": 302, 
      "indented": true, 
      "parent": 301, 
      "text": "", 
      "type": "LINE"
    }, 
    {
      "addresses": [
        {
          "street_name": "Pal.-Roval", 
          "street_numbers": [
            "19"
          ]
        }
      ], 
      "box": [
        60, 
        521, 
        347, 
        21
      ], 
      "checked": false, 
      "id": 301, 
      "ner_xml": "<PER>Legrand</PER>,<ACT>bij., en acier</ACT>,<LOC>Pal.-Roval</LOC>,<CARDINAL>19</CARDINAL>%\n", 
      "origin": "computer", 
      "parent": 261, 
      "persons": [
        "Legrand"
      ], 
      "text_ocr": "Legrand, bij., en acier, Pal.-Roval, 19%\n", 
      "type": "ENTRY"
    }, 
    {
      "EOL": false, 
      "box": [
        58, 
        540, 
        748, 
        38
      ], 
      "id": 304, 
      "indented": true, 
      "parent": 303, 
      "text": "", 
      "type": "LINE"
    }, 
    {
      "addresses": [
        {
          "street_name": "r. Legris", 
          "street_numbers": [
            "19", 
            "35", 
            "25"
          ]
        }
      ], 
      "box": [
        58, 
        540, 
        748, 
        38
      ], 
      "checked": false, 
      "id": 303, 
      "ner_xml": "<PER>Legrand</PER>,<ACT>bois \u00e0 \u0153uvrer et bois de d\u00e9tail</ACT>,<LOC>r. Legris</LOC>,<ACT>v\u00e9t\u00e9rin.</ACT>,<ACT>r. de flanovre</ACT>,<CARDINAL>19</CARDINAL>,\nde l'Universit\u00e9,<CARDINAL>35</CARDINAL>.<PER>Legros</PER>,<ACT>bouch., march\u00e9 St.-Jean</ACT>,<CARDINAL>25</CARDINAL>.\n", 
      "origin": "computer", 
      "parent": 261, 
      "persons": [
        "Legrand", 
        "Legros"
      ], 
      "text_ocr": "Legrand, bois \u00e0 \u0153uvrer et bois de d\u00e9tail, r. Legris, v\u00e9t\u00e9rin., r. de flanovre, 19,\nde l'Universit\u00e9, 35. Legros, bouch., march\u00e9 St.-Jean, 25.\n", 
      "type": "ENTRY"
    }, 
    {
      "EOL": false, 
      "box": [
        79, 
        563, 
        174, 
        15
      ], 
      "id": 306, 
      "indented": true, 
      "parent": 305, 
      "text": "", 
      "type": "LINE"
    }, 
    {
      "addresses": [
        {
          "street_name": "LUnrersite", 
          "street_numbers": [
            "39"
          ]
        }
      ], 
      "box": [
        79, 
        563, 
        174, 
        15
      ], 
      "checked": false, 
      "id": 305, 
      "ner_xml": "de<LOC>LUnrersite</LOC>,<CARDINAL>39</CARDINAL>.\n", 
      "origin": "computer", 
      "parent": 261, 
      "persons": [], 
      "text_ocr": "de LUnrersite, 39.\n", 
      "type": "ENTRY"
    }, 
    {
      "EOL": false, 
      "box": [
        59, 
        580, 
        775, 
        20
      ], 
      "id": 308, 
      "indented": true, 
      "parent": 307, 
      "text": "", 
      "type": "LINE"
    }, 
    {
      "addresses": [
        {
          "street_name": "r. St.-Jac.-la-Boucherie", 
          "street_numbers": [
            "#", 
            "4"
          ]
        }, 
        {
          "street_name": "r. Antoine", 
          "street_numbers": [
            "199"
          ]
        }
      ], 
      "box": [
        59, 
        580, 
        775, 
        20
      ], 
      "checked": false, 
      "id": 307, 
      "ner_xml": "<PER>Legrand</PER>,<ACT>bouch.</ACT>,<LOC>r. St.-Jac.-la-Boucherie</LOC>,<CARDINAL>#</CARDINAL><CARDINAL>4</CARDINAL>.  <PER>Legros</PER>,<ACT>chap., de parlle</ACT>,<LOC>r. Antoine</LOC>,<CARDINAL>199</CARDINAL>\n", 
      "origin": "computer", 
      "parent": 261, 
      "persons": [
        "Legrand", 
        "Legros"
      ], 
      "text_ocr": "Legrand, bouch., r. St.-Jac.-la-Boucherie, #4.  Legros, chap., de parlle, r. Antoine, 199\n", 
      "type": "ENTRY"
    }, 
    {
      "EOL": false, 
      "box": [
        62, 
        602, 
        307, 
        19
      ], 
      "id": 310, 
      "indented": true, 
      "parent": 309, 
      "text": "", 
      "type": "LINE"
    }, 
    {
      "addresses": [
        {
          "street_name": "pl. Maubert", 
          "street_numbers": []
        }
      ], 
      "box": [
        62, 
        602, 
        307, 
        19
      ], 
      "checked": false, 
      "id": 309, 
      "ner_xml": "<PER>Legrand</PER>,<ACT>bouch.</ACT>,<LOC>pl. Maubert</LOC>, ++.\n", 
      "origin": "computer", 
      "parent": 261, 
      "persons": [
        "Legrand"
      ], 
      "text_ocr": "Legrand, bouch., pl. Maubert, ++.\n", 
      "type": "ENTRY"
    }, 
    {
      "EOL": false, 
      "box": [
        63, 
        600, 
        706, 
        40
      ], 
      "id": 312, 
      "indented": true, 
      "parent": 311, 
      "text": "", 
      "type": "LINE"
    }, 
    {
      "addresses": [
        {
          "street_name": "pl. Maubert", 
          "street_numbers": []
        }, 
        {
          "street_name": "r. St.-Paut", 
          "street_numbers": [
            "6"
          ]
        }, 
        {
          "street_name": "r. St-Denis", 
          "street_numbers": [
            "348"
          ]
        }, 
        {
          "street_name": "r. St.-Jacques.", 
          "street_numbers": [
            "112"
          ]
        }
      ], 
      "box": [
        63, 
        600, 
        706, 
        40
      ], 
      "checked": false, 
      "id": 311, 
      "ner_xml": "<PER>Legrand</PER>,<ACT>bouch.</ACT>,<LOC>pl. Maubert</LOC>, ##.<PER>Legros</PER>,<ACT>\u00e9pic.</ACT>,<LOC>r. St.-Paut</LOC>,<CARDINAL>6</CARDINAL>,\n<PER>Legrand</PER>.<ACT>m. de bois de d\u00e9t.</ACT>,<LOC>r. St-Denis</LOC>,<CARDINAL>348</CARDINAL>.<PER>Legros</PER>,<ACT>\u00e9pic.</ACT>,<LOC>r. St.-Jacques.</LOC><CARDINAL>112</CARDINAL>\n", 
      "origin": "computer", 
      "parent": 261, 
      "persons": [
        "Legrand", 
        "Legros", 
        "Legrand", 
        "Legros"
      ], 
      "text_ocr": "Legrand, bouch., pl. Maubert, ##. Legros, \u00e9pic., r. St.-Paut, 6,\nLegrand. m. de bois de d\u00e9t., r. St-Denis, 348. Legros, \u00e9pic., r. St.-Jacques. 112\n", 
      "type": "ENTRY"
    }, 
    {
      "EOL": false, 
      "box": [
        63, 
        641, 
        770, 
        19
      ], 
      "id": 314, 
      "indented": true, 
      "parent": 313, 
      "text": "", 
      "type": "LINE"
    }, 
    {
      "addresses": [
        {
          "street_name": "r. Monfet.", 
          "street_numbers": [
            "105"
          ]
        }, 
        {
          "street_name": "r. de Ja Roquette", 
          "street_numbers": [
            "15"
          ]
        }
      ], 
      "box": [
        63, 
        641, 
        770, 
        19
      ], 
      "checked": false, 
      "id": 313, 
      "ner_xml": "<PER>Legrand ($-Guill.)</PER>,<ACT>bouch.</ACT>,<LOC>r. Monfet.</LOC>,<CARDINAL>105</CARDINAL>.<PER>Legros</PER>,<ACT>ferblant.</ACT>,<LOC>r. de Ja Roquette</LOC>,<CARDINAL>15</CARDINAL>,\n", 
      "origin": "computer", 
      "parent": 261, 
      "persons": [
        "Legrand ($-Guill.)", 
        "Legros"
      ], 
      "text_ocr": "Legrand ($-Guill.), bouch., r. Monfet., 105. Legros, ferblant., r. de Ja Roquette, 15,\n", 
      "type": "ENTRY"
    }, 
    {
      "EOL": false, 
      "box": [
        63, 
        661, 
        741, 
        21
      ], 
      "id": 316, 
      "indented": true, 
      "parent": 315, 
      "text": "", 
      "type": "LINE"
    }, 
    {
      "addresses": [
        {
          "street_name": "r. aux Ours", 
          "street_numbers": [
            "30"
          ]
        }, 
        {
          "street_name": "r. du Care", 
          "street_numbers": [
            "19"
          ]
        }
      ], 
      "box": [
        63, 
        661, 
        741, 
        21
      ], 
      "checked": false, 
      "id": 315, 
      "ner_xml": "<PER>Legrand (Mtle.)</PER>,<ACT>boulang.</ACT>,<LOC>r. aux Ours</LOC>,<CARDINAL>30</CARDINAL>.  <PER>Legros</PER>,<ACT>fleurs artil.</ACT>,<LOC>r. du Care</LOC>,<CARDINAL>19</CARDINAL>.\n", 
      "origin": "computer", 
      "parent": 261, 
      "persons": [
        "Legrand (Mtle.)", 
        "Legros"
      ], 
      "text_ocr": "Legrand (Mtle.), boulang., r. aux Ours, 30.  Legros, fleurs artil., r. du Care, 19.\n", 
      "type": "ENTRY"
    }, 
    {
      "EOL": false, 
      "box": [
        64, 
        681, 
        768, 
        19
      ], 
      "id": 318, 
      "indented": true, 
      "parent": 317, 
      "text": "", 
      "type": "LINE"
    }, 
    {
      "addresses": [
        {
          "street_name": "boul.", 
          "street_numbers": []
        }, 
        {
          "street_name": "r. St.-Antoine", 
          "street_numbers": [
            "53"
          ]
        }, 
        {
          "street_name": "r. des Marmouzets", 
          "street_numbers": [
            "16"
          ]
        }
      ], 
      "box": [
        64, 
        681, 
        768, 
        19
      ], 
      "checked": false, 
      "id": 317, 
      "ner_xml": "<PER>Legrand (Edme)</PER>,<LOC>boul.</LOC>,<LOC>r. St.-Antoine</LOC>,<CARDINAL>53</CARDINAL>.<PER>Legros</PER>,<ACT>herbor.</ACT>,<LOC>r. des Marmouzets</LOC>,<CARDINAL>16</CARDINAL>\n", 
      "origin": "computer", 
      "parent": 261, 
      "persons": [
        "Legrand (Edme)", 
        "Legros"
      ], 
      "text_ocr": "Legrand (Edme), boul., r. St.-Antoine, 53. Legros, herbor., r. des Marmouzets, 16\n", 
      "type": "ENTRY"
    }, 
    {
      "EOL": false, 
      "box": [
        65, 
        701, 
        805, 
        100
      ], 
      "id": 320, 
      "indented": true, 
      "parent": 319, 
      "text": "", 
      "type": "LINE"
    }, 
    {
      "EOL": false, 
      "box": [
        85, 
        724, 
        67, 
        14
      ], 
      "id": 321, 
      "indented": false, 
      "parent": 319, 
      "text": "", 
      "type": "LINE"
    }, 
    {
      "addresses": [
        {
          "street_name": "boul.", 
          "street_numbers": []
        }, 
        {
          "street_name": "r. N.-Ste.-Cathe- Legros(Mme)", 
          "street_numbers": [
            "4"
          ]
        }, 
        {
          "street_name": "r. des Marais", 
          "street_numbers": [
            "15"
          ]
        }, 
        {
          "street_name": "r. St.-Denis", 
          "street_numbers": [
            "30"
          ]
        }, 
        {
          "street_name": "Palais-Royal", 
          "street_numbers": [
            "42"
          ]
        }, 
        {
          "street_name": "pl. Maubert", 
          "street_numbers": [
            "26", 
            "12"
          ]
        }, 
        {
          "street_name": "Bac", 
          "street_numbers": [
            "19"
          ]
        }, 
        {
          "street_name": "q. des Orf\u00e9vres", 
          "street_numbers": [
            "4"
          ]
        }
      ], 
      "box": [
        65, 
        701, 
        805, 
        100
      ], 
      "checked": false, 
      "id": 319, 
      "ner_xml": "<PER>Legrand (Ch.-A.)</PER>,<LOC>boul.</LOC>,<LOC>r. N.-Ste.-Cathe- Legros(Mme)</LOC>,<ACT>h. de la Paix</ACT>,<ACT>r. du Croissint.-\nrine</ACT>,<CARDINAL>4</CARDINAL>.<PER>Legros (A.) layet.-emball.</PER>,<LOC>r. des Marais</LOC>,<CARDINAL>15</CARDINAL>\n<PER>Legrand</PER>,<ACT>chapell.</ACT>,<LOC>r. St.-Denis</LOC>,<CARDINAL>30</CARDINAL>.<PER>Legros</PER>,<ACT>n\u00e9gociant</ACT>,<LOC>Palais-Royal</LOC>,<CARDINAL>42</CARDINAL>.\n<PER>Legrand</PER>,<ACT>charcut:</ACT>,<LOC>pl. Maubert</LOC>,<CARDINAL>26</CARDINAL>.<PER>Legros</PER>,<ACT>pap. de fantaisie</ACT>,<ACT>r. $t.-Ron</ACT>,<CARDINAL>12</CARDINAL>.\nL\u00e9grand \u2018co\u00fbtell + lu<LOC>Bac</LOC>,<CARDINAL>19</CARDINAL>.<PER>Lemos</PER>,<ACT>prof. de danse</ACT>,<LOC>q. des Orf\u00e9vres</LOC>,<CARDINAL>4</CARDINAL>\n", 
      "origin": "computer", 
      "parent": 261, 
      "persons": [
        "Legrand (Ch.-A.)", 
        "Legros (A.) layet.-emball.", 
        "Legrand", 
        "Legros", 
        "Legrand", 
        "Legros", 
        "Lemos"
      ], 
      "text_ocr": "Legrand (Ch.-A.), boul., r. N.-Ste.-Cathe- Legros(Mme), h. de la Paix, r. du Croissint.-\nrine, 4. Legros (A.) layet.-emball., r. des Marais, 15\nLegrand, chapell., r. St.-Denis, 30. Legros, n\u00e9gociant, Palais-Royal, 42.\nLegrand, charcut:, pl. Maubert, 26. Legros, pap. de fantaisie, r. $t.-Ron, 12.\nL\u00e9grand \u2018co\u00fbtell + lu Bac, 19. Lemos, prof. de danse, q. des Orf\u00e9vres, 4\n", 
      "type": "ENTRY"
    }, 
    {
      "EOL": false, 
      "box": [
        64, 
        741, 
        313, 
        21
      ], 
      "id": 323, 
      "indented": true, 
      "parent": 322, 
      "text": "", 
      "type": "LINE"
    }, 
    {
      "addresses": [
        {
          "street_name": "r. St-Denis", 
          "street_numbers": [
            "30"
          ]
        }
      ], 
      "box": [
        64, 
        741, 
        313, 
        21
      ], 
      "checked": false, 
      "id": 322, 
      "ner_xml": "<PER>Legrand</PER>,<ACT>chapell.</ACT>,<LOC>r. St-Denis</LOC>,<CARDINAL>30</CARDINAL>.\n", 
      "origin": "computer", 
      "parent": 261, 
      "persons": [
        "Legrand"
      ], 
      "text_ocr": "Legrand, chapell., r. St-Denis, 30.\n", 
      "type": "ENTRY"
    }, 
    {
      "EOL": false, 
      "box": [
        64, 
        763, 
        326, 
        19
      ], 
      "id": 325, 
      "indented": true, 
      "parent": 324, 
      "text": "", 
      "type": "LINE"
    }, 
    {
      "addresses": [
        {
          "street_name": "pl. Maubert", 
          "street_numbers": [
            "20"
          ]
        }
      ], 
      "box": [
        64, 
        763, 
        326, 
        19
      ], 
      "checked": false, 
      "id": 324, 
      "ner_xml": "<PER>Legrand</PER>,<ACT>charcut.</ACT>,<LOC>pl. Maubert</LOC>,<CARDINAL>20</CARDINAL>.\n", 
      "origin": "computer", 
      "parent": 261, 
      "persons": [
        "Legrand"
      ], 
      "text_ocr": "Legrand, charcut., pl. Maubert, 20.\n", 
      "type": "ENTRY"
    }, 
    {
      "EOL": false, 
      "box": [
        66, 
        783, 
        285, 
        18
      ], 
      "id": 327, 
      "indented": true, 
      "parent": 326, 
      "text": "", 
      "type": "LINE"
    }, 
    {
      "addresses": [
        {
          "street_name": "r. du Bac", 
          "street_numbers": [
            "12"
          ]
        }
      ], 
      "box": [
        66, 
        783, 
        285, 
        18
      ], 
      "checked": false, 
      "id": 326, 
      "ner_xml": "<PER>Legrand</PER>,<ACT>couteil.</ACT>,<LOC>r. du Bac</LOC>,<CARDINAL>12</CARDINAL>.\n", 
      "origin": "computer", 
      "parent": 261, 
      "persons": [
        "Legrand"
      ], 
      "text_ocr": "Legrand, couteil., r. du Bac, 12.\n", 
      "type": "ENTRY"
    }, 
    {
      "EOL": false, 
      "box": [
        67, 
        803, 
        345, 
        18
      ], 
      "id": 329, 
      "indented": true, 
      "parent": 328, 
      "text": "", 
      "type": "LINE"
    }, 
    {
      "addresses": [
        {
          "street_name": "r. Chapon", 
          "street_numbers": [
            "23"
          ]
        }
      ], 
      "box": [
        67, 
        803, 
        345, 
        18
      ], 
      "checked": false, 
      "id": 328, 
      "ner_xml": "<PER>Legrand</PER>,<ACT>dor. sur met.</ACT>,<LOC>r. Chapon</LOC>,<CARDINAL>23</CARDINAL>.\n", 
      "origin": "computer", 
      "parent": 261, 
      "persons": [
        "Legrand"
      ], 
      "text_ocr": "Legrand, dor. sur met., r. Chapon, 23.\n", 
      "type": "ENTRY"
    }, 
    {
      "EOL": false, 
      "box": [
        67, 
        802, 
        803, 
        75
      ], 
      "id": 331, 
      "indented": true, 
      "parent": 330, 
      "text": "", 
      "type": "LINE"
    }, 
    {
      "addresses": [
        {
          "street_name": "r. Chapon", 
          "street_numbers": [
            "23", 
            "33"
          ]
        }, 
        {
          "street_name": "r. St.-Nicolas", 
          "street_numbers": [
            "4"
          ]
        }, 
        {
          "street_name": "F.St.-Ant. LegrosDelondre", 
          "street_numbers": []
        }, 
        {
          "street_name": "Palait-Royat", 
          "street_numbers": [
            "42", 
            "25", 
            "14"
          ]
        }
      ], 
      "box": [
        67, 
        802, 
        803, 
        75
      ], 
      "checked": false, 
      "id": 330, 
      "ner_xml": "<PER>Legrand</PER>,<ACT>dor. sur m\u00e9t.</ACT>,<LOC>r. Chapon</LOC>,<CARDINAL>23</CARDINAL>.  ,<PER>Legios</PER>,<ACT>serrurrier</ACT>, r. du \u00a3emple,<CARDINAL>33</CARDINAL>.\n<PER>Lezrand</PER>,<ACT>\u00e9b\u00e9n.</ACT>,<LOC>r. St.-Nicolas</LOC>,<CARDINAL>4</CARDINAL>,<LOC>F.St.-Ant. LegrosDelondre</LOC>,<ACT>coutell</ACT>,<LOC>Palait-Royat</LOC>,<CARDINAL>42</CARDINAL>\n<PER>Lezrand</PER>,<ACT>\u00e9pic. grande r. Taranne</ACT>,<CARDINAL>25</CARDINAL>.<PER>Legros d'Anizi #</PER>,<ACT>peintre sur porcelaine</ACT>,\nLeand<PER>Len i  t Consea\u00e9 Goal 9 Chartot.</PER><CARDINAL>14</CARDINAL>.\n", 
      "origin": "computer", 
      "parent": 261, 
      "persons": [
        "Legrand", 
        "Legios", 
        "Lezrand", 
        "Lezrand", 
        "Legros d'Anizi #", 
        "Len i  t Consea\u00e9 Goal 9 Chartot."
      ], 
      "text_ocr": "Legrand, dor. sur m\u00e9t., r. Chapon, 23.  , Legios, serrurrier, r. du \u00a3emple, 33.\nLezrand, \u00e9b\u00e9n., r. St.-Nicolas, 4, F.St.-Ant. LegrosDelondre, coutell, Palait-Royat, 42\nLezrand, \u00e9pic. grande r. Taranne, 25. Legros d'Anizi #, peintre sur porcelaine,\nLeand Len i  t Consea\u00e9 Goal 9 Chartot. 14.\n", 
      "type": "ENTRY"
    }, 
    {
      "EOL": false, 
      "box": [
        66, 
        843, 
        336, 
        19
      ], 
      "id": 333, 
      "indented": true, 
      "parent": 332, 
      "text": "", 
      "type": "LINE"
    }, 
    {
      "addresses": [], 
      "box": [
        66, 
        843, 
        336, 
        19
      ], 
      "checked": false, 
      "id": 332, 
      "ner_xml": "<PER>Legrand</PER>,<ACT>epic., grande r. Faranne</ACT>,<CARDINAL>29</CARDINAL>.\n", 
      "origin": "computer", 
      "parent": 261, 
      "persons": [
        "Legrand"
      ], 
      "text_ocr": "Legrand, epic., grande r. Faranne, 29.\n", 
      "type": "ENTRY"
    }, 
    {
      "EOL": false, 
      "box": [
        67, 
        862, 
        350, 
        20
      ], 
      "id": 335, 
      "indented": true, 
      "parent": 334, 
      "text": "", 
      "type": "LINE"
    }, 
    {
      "addresses": [
        {
          "street_name": "r. du Contrat-Social", 
          "street_numbers": [
            "2"
          ]
        }
      ], 
      "box": [
        67, 
        862, 
        350, 
        20
      ], 
      "checked": false, 
      "id": 334, 
      "ner_xml": "<PER>Legrand</PER>,<ACT>\u00e9pic.</ACT>,<LOC>r. du Contrat-Social</LOC>,<CARDINAL>2</CARDINAL>,\n", 
      "origin": "computer", 
      "parent": 261, 
      "persons": [
        "Legrand"
      ], 
      "text_ocr": "Legrand, \u00e9pic., r. du Contrat-Social, 2,\n", 
      "type": "ENTRY"
    }, 
    {
      "EOL": false, 
      "box": [
        68, 
        883, 
        304, 
        19
      ], 
      "id": 337, 
      "indented": true, 
      "parent": 336, 
      "text": "", 
      "type": "LINE"
    }, 
    {
      "addresses": [
        {
          "street_name": "r. St.-Sebastien, #", 
          "street_numbers": []
        }
      ], 
      "box": [
        68, 
        883, 
        304, 
        19
      ], 
      "checked": false, 
      "id": 336, 
      "ner_xml": "<PER>Legrand</PER>,<ACT>epic.</ACT>,<LOC>r. St.-Sebastien, #</LOC>.\n", 
      "origin": "computer", 
      "parent": 261, 
      "persons": [
        "Legrand"
      ], 
      "text_ocr": "Legrand, epic., r. St.-Sebastien, #.\n", 
      "type": "ENTRY"
    }, 
    {
      "EOL": false, 
      "box": [
        67, 
        882, 
        807, 
        40
      ], 
      "id": 339, 
      "indented": true, 
      "parent": 338, 
      "text": "", 
      "type": "LINE"
    }, 
    {
      "addresses": [
        {
          "street_name": "r. St.-Sebastien, #", 
          "street_numbers": [
            "5"
          ]
        }, 
        {
          "street_name": "r. des Carmes", 
          "street_numbers": [
            "24"
          ]
        }, 
        {
          "street_name": "r. du F.-du-Temple", 
          "street_numbers": [
            "4"
          ]
        }
      ], 
      "box": [
        67, 
        882, 
        807, 
        40
      ], 
      "checked": false, 
      "id": 338, 
      "ner_xml": "<PER>Legrand</PER>,<ACT>\u00e9pic.</ACT>,<LOC>r. St.-Sebastien, #</LOC>.<PER>Legros</PER>,<ACT>dent.,r. du Monvreau-St.-Gervais</ACT>,<CARDINAL>5</CARDINAL>\n<PER>Legrand</PER>,<ACT>\u00e9pic. chocolat</ACT>,<LOC>r. des Carmes</LOC>,<CARDINAL>24</CARDINAL>.<PER>Lezay</PER>,<ACT>bou\u00e9h.</ACT>,<LOC>r. du F.-du-Temple</LOC>,<CARDINAL>4</CARDINAL>.\n", 
      "origin": "computer", 
      "parent": 261, 
      "persons": [
        "Legrand", 
        "Legros", 
        "Legrand", 
        "Lezay"
      ], 
      "text_ocr": "Legrand, \u00e9pic., r. St.-Sebastien, #. Legros, dent.,r. du Monvreau-St.-Gervais, 5\nLegrand, \u00e9pic. chocolat , r. des Carmes, 24. Lezay, bou\u00e9h., r. du F.-du-Temple, 4.\n", 
      "type": "ENTRY"
    }, 
    {
      "EOL": false, 
      "box": [
        68, 
        922, 
        812, 
        21
      ], 
      "id": 341, 
      "indented": true, 
      "parent": 340, 
      "text": "", 
      "type": "LINE"
    }, 
    {
      "addresses": [
        {
          "street_name": "r. St-Hon.", 
          "street_numbers": [
            "80"
          ]
        }, 
        {
          "street_name": "r. G.-des-Petits-Champs", 
          "street_numbers": [
            "26"
          ]
        }
      ], 
      "box": [
        68, 
        922, 
        812, 
        21
      ], 
      "checked": false, 
      "id": 340, 
      "ner_xml": "<PER>Legrand (Alex.)</PER>.<ACT>fer en m.</ACT>,<LOC>r. St-Hon.</LOC>,<CARDINAL>80</CARDINAL>.<PER>Leguay</PER>,<ACT>coffiet.</ACT>,<LOC>r. G.-des-Petits-Champs</LOC>,<CARDINAL>26</CARDINAL>.\n", 
      "origin": "computer", 
      "parent": 261, 
      "persons": [
        "Legrand (Alex.)", 
        "Leguay"
      ], 
      "text_ocr": "Legrand (Alex.). fer en m., r. St-Hon., 80. Leguay, coffiet., r. G.-des-Petits-Champs, 26.\n", 
      "type": "ENTRY"
    }, 
    {
      "EOL": false, 
      "box": [
        68, 
        943, 
        361, 
        17
      ], 
      "id": 343, 
      "indented": true, 
      "parent": 342, 
      "text": "", 
      "type": "LINE"
    }, 
    {
      "addresses": [
        {
          "street_name": "Hi", 
          "street_numbers": []
        }, 
        {
          "street_name": "St-Denis", 
          "street_numbers": [
            "25"
          ]
        }
      ], 
      "box": [
        68, 
        943, 
        361, 
        17
      ], 
      "checked": false, 
      "id": 342, 
      "ner_xml": "<PER>Legrand (C.)</PER>,<LOC>Hi</LOC>,<TITRE>artit.</TITRE>,<ACT>v</ACT>,<LOC>St-Denis</LOC>,<CARDINAL>25</CARDINAL>.\n", 
      "origin": "computer", 
      "parent": 261, 
      "persons": [
        "Legrand (C.)"
      ], 
      "text_ocr": "Legrand (C.), Hi, artit., v, St-Denis, 25.\n", 
      "type": "ENTRY"
    }, 
    {
      "EOL": false, 
      "box": [
        68, 
        943, 
        802, 
        41
      ], 
      "id": 345, 
      "indented": true, 
      "parent": 344, 
      "text": "", 
      "type": "LINE"
    }, 
    {
      "addresses": [
        {
          "street_name": "r. St-Denis", 
          "street_numbers": [
            "247", 
            "2"
          ]
        }, 
        {
          "street_name": "r. du Pet.- Vaugirard", 
          "street_numbers": [
            "10"
          ]
        }
      ], 
      "box": [
        68, 
        943, 
        802, 
        41
      ], 
      "checked": false, 
      "id": 344, 
      "ner_xml": "<PER>Legrand (C.)</PER>,<ACT>EL artf.</ACT>,<LOC>r. St-Denis</LOC>,<CARDINAL>247</CARDINAL>.<PER>Legay</PER>,<ACT>\u00e9p.c. r. du Bac</ACT>,<CARDINAL>2</CARDINAL>). :\n<PER>Legrand</PER>,<ACT>fond. typ.</ACT>,<LOC>r. du Pet.- Vaugirard</LOC>,<CARDINAL>10</CARDINAL>.<PER>Legnay (Mme.)</PER>,<ACT>inst. de j. dem, r. de Chu\n</ACT>", 
      "origin": "computer", 
      "parent": 261, 
      "persons": [
        "Legrand (C.)", 
        "Legay", 
        "Legrand", 
        "Legnay (Mme.)"
      ], 
      "text_ocr": "Legrand (C.), EL artf., r. St-Denis, 247. Legay, \u00e9p.c. r. du Bac, 2). :\nLegrand, fond. typ., r. du Pet.- Vaugirard, 10. Legnay (Mme.), inst. de j. dem, r. de Chu\n", 
      "type": "ENTRY"
    }, 
    {
      "EOL": false, 
      "box": [
        69, 
        983, 
        580, 
        18
      ], 
      "id": 347, 
      "indented": true, 
      "parent": 346, 
      "text": "", 
      "type": "LINE"
    }, 
    {
      "addresses": [
        {
          "street_name": "r. du Gr.-Chantier", 
          "street_numbers": [
            "4", 
            "3"
          ]
        }
      ], 
      "box": [
        69, 
        983, 
        580, 
        18
      ], 
      "checked": false, 
      "id": 346, 
      "ner_xml": "<PER>Legrand</PER>,<ACT>grav. tul.-d.</ACT>,<LOC>r. du Gr.-Chantier</LOC>,<CARDINAL>4</CARDINAL>tres-du-ioule,<CARDINAL>3</CARDINAL>.\n", 
      "origin": "computer", 
      "parent": 261, 
      "persons": [
        "Legrand"
      ], 
      "text_ocr": "Legrand, grav. tul.-d., r. du Gr.-Chantier, 4 tres-du-ioule, 3.\n", 
      "type": "ENTRY"
    }, 
    {
      "EOL": false, 
      "box": [
        68, 
        1003, 
        813, 
        43
      ], 
      "id": 349, 
      "indented": true, 
      "parent": 348, 
      "text": "", 
      "type": "LINE"
    }, 
    {
      "EOL": false, 
      "box": [
        89, 
        1024, 
        97, 
        14
      ], 
      "id": 350, 
      "indented": false, 
      "parent": 348, 
      "text": "", 
      "type": "LINE"
    }, 
    {
      "addresses": [
        {
          "street_name": "r. Haute- Leguay Mile.) merc.", 
          "street_numbers": []
        }, 
        {
          "street_name": "r.St-Louis", 
          "street_numbers": [
            "35", 
            "20"
          ]
        }
      ], 
      "box": [
        68, 
        1003, 
        813, 
        43
      ], 
      "checked": false, 
      "id": 348, 
      "ner_xml": "<PER>Legrand (Auz.)</PER>,<ACT>graveur-topogr.</ACT>,<LOC>r. Haute- Leguay Mile.) merc.</LOC>,<LOC>r.St-Louis</LOC>,<CARDINAL>35</CARDINAL>, au M\nfeuille,<CARDINAL>20</CARDINAL>:<PER>Legaay-Chambellan</PER>,<ACT>\u00e9picer.</ACT>, r du Four-st\n", 
      "origin": "computer", 
      "parent": 261, 
      "persons": [
        "Legrand (Auz.)", 
        "Legaay-Chambellan"
      ], 
      "text_ocr": "Legrand (Auz.), graveur-topogr., r. Haute- Leguay Mile.) merc., r.St-Louis, 35, au M\nfeuille, 20: Legaay-Chambellan, \u00e9picer., r du Four-st\n", 
      "type": "ENTRY"
    }, 
    {
      "EOL": false, 
      "box": [
        71, 
        1042, 
        545, 
        18
      ], 
      "id": 352, 
      "indented": true, 
      "parent": 351, 
      "text": "", 
      "type": "LINE"
    }, 
    {
      "addresses": [
        {
          "street_name": "Germain", 
          "street_numbers": [
            "51"
          ]
        }
      ], 
      "box": [
        71, 
        1042, 
        545, 
        18
      ], 
      "checked": false, 
      "id": 351, 
      "ner_xml": "<PER>L\u00e9grand et \u00ab.. herbor</PER>.,<ACT>r. des Lombards</ACT>,<CARDINAL>51</CARDINAL>,<LOC>Germain</LOC>,<CARDINAL>51</CARDINAL>.\n", 
      "origin": "computer", 
      "parent": 261, 
      "persons": [
        "L\u00e9grand et \u00ab.. herbor"
      ], 
      "text_ocr": "L\u00e9grand et \u00ab.. herbor., r. des Lombards, 51, Germain, 51.\n", 
      "type": "ENTRY"
    }, 
    {
      "EOL": false, 
      "box": [
        69, 
        1062, 
        777, 
        39
      ], 
      "id": 354, 
      "indented": true, 
      "parent": 353, 
      "text": "", 
      "type": "LINE"
    }, 
    {
      "EOL": false, 
      "box": [
        91, 
        1083, 
        87, 
        14
      ], 
      "id": 355, 
      "indented": false, 
      "parent": 353, 
      "text": "", 
      "type": "LINE"
    }, 
    {
      "addresses": [
        {
          "street_name": "r. Chapon", 
          "street_numbers": [
            "6", 
            "23", 
            "77"
          ]
        }
      ], 
      "box": [
        69, 
        1062, 
        777, 
        39
      ], 
      "checked": false, 
      "id": 353, 
      "ner_xml": "<PER>Legrand</PER>,<ACT>h\u00f4tel de Bourgogne</ACT>,<ACT>grande r. Ta- Leguerret</ACT>,<ACT>m\u00e9canicien</ACT>,<LOC>r. Chapon</LOC>,<CARDINAL>6</CARDINAL>.\nranne,<CARDINAL>23</CARDINAL>.<PER>Leguev</PER>,<ACT>nouv., boalev. Montmartre.</ACT><CARDINAL>77</CARDINAL>.\n", 
      "origin": "computer", 
      "parent": 261, 
      "persons": [
        "Legrand", 
        "Leguev"
      ], 
      "text_ocr": "Legrand, h\u00f4tel de Bourgogne, grande r. Ta- Leguerret, m\u00e9canicien, r. Chapon, 6.\nranne, 23. Leguev, nouv., boalev. Montmartre. 77.\n", 
      "type": "ENTRY"
    }, 
    {
      "EOL": false, 
      "box": [
        71, 
        1103, 
        320, 
        19
      ], 
      "id": 357, 
      "indented": true, 
      "parent": 356, 
      "text": "", 
      "type": "LINE"
    }, 
    {
      "addresses": [
        {
          "street_name": "q. de l'Horloze", 
          "street_numbers": [
            "7"
          ]
        }
      ], 
      "box": [
        71, 
        1103, 
        320, 
        19
      ], 
      "checked": false, 
      "id": 356, 
      "ner_xml": "<PER>Legrand</PER>,<ACT>orlevr.</ACT>,<LOC>q. de l'Horloze</LOC>,<CARDINAL>7</CARDINAL>.\n", 
      "origin": "computer", 
      "parent": 261, 
      "persons": [
        "Legrand"
      ], 
      "text_ocr": "Legrand, orlevr., q. de l'Horloze, 7.\n", 
      "type": "ENTRY"
    }, 
    {
      "EOL": false, 
      "box": [
        71, 
        1123, 
        345, 
        19
      ], 
      "id": 359, 
      "indented": true, 
      "parent": 358, 
      "text": "", 
      "type": "LINE"
    }, 
    {
      "addresses": [
        {
          "street_name": "q. de la Tournelle", 
          "street_numbers": [
            "3"
          ]
        }
      ], 
      "box": [
        71, 
        1123, 
        345, 
        19
      ], 
      "checked": false, 
      "id": 358, 
      "ner_xml": "<PER>Legrand</PER>,<ACT>macon</ACT>,<LOC>q. de la Tournelle</LOC>,<CARDINAL>3</CARDINAL>.\n", 
      "origin": "computer", 
      "parent": 261, 
      "persons": [
        "Legrand"
      ], 
      "text_ocr": "Legrand, macon, q. de la Tournelle, 3.\n", 
      "type": "ENTRY"
    }, 
    {
      "EOL": false, 
      "box": [
        71, 
        1104, 
        812, 
        78
      ], 
      "id": 361, 
      "indented": true, 
      "parent": 360, 
      "text": "", 
      "type": "LINE"
    }, 
    {
      "EOL": false, 
      "box": [
        93, 
        1163, 
        70, 
        15
      ], 
      "id": 362, 
      "indented": false, 
      "parent": 360, 
      "text": "", 
      "type": "LINE"
    }, 
    {
      "addresses": [
        {
          "street_name": "q. de l'Horloge", 
          "street_numbers": []
        }, 
        {
          "street_name": "Poissonu.", 
          "street_numbers": [
            "2\u00b0\n\n"
          ]
        }, 
        {
          "street_name": "q. de la Tournelle", 
          "street_numbers": [
            "3"
          ]
        }, 
        {
          "street_name": "r. de S\u00e8vres", 
          "street_numbers": [
            "55"
          ]
        }, 
        {
          "street_name": "r. N.-t.-M\u00e9dard", 
          "street_numbers": [
            "1\u00b0"
          ]
        }, 
        {
          "street_name": "Paon", 
          "street_numbers": [
            "3"
          ]
        }
      ], 
      "box": [
        71, 
        1104, 
        812, 
        78
      ], 
      "checked": false, 
      "id": 360, 
      "ner_xml": "<PER>Legrand</PER>,<ACT>orlevr.</ACT>,<LOC>q. de l'Horloge</LOC>, :.<PER>Leguillez</PER>,<ACT>h. de Houlogne</ACT>,<ACT>r</ACT>,<LOC>Poissonu.</LOC>,<CARDINAL>2\u00b0\n\n</CARDINAL><PER>Legrand</PER>,<ACT>ma\u00e7on</ACT>,<LOC>q. de la Tournelle</LOC>,<CARDINAL>3</CARDINAL>.<PER>Leguilliez</PER>,<ACT>\u00e9pic.</ACT>,<LOC>r. de S\u00e8vres</LOC>,<CARDINAL>55</CARDINAL>.\n\n<PER>Legrand ieune</PER>,<ACT>menuis. en m.,r. et imp. du Leguin</ACT>,<ACT>pot. de terre</ACT>,<LOC>r. N.-t.-M\u00e9dard</LOC>,<CARDINAL>1\u00b0</CARDINAL>\n<LOC>Paon</LOC>,<CARDINAL>3</CARDINAL>.<PER>Lehacene tils</PER>,<ACT>\u00e9b\u00e9nist., bois des \u00eeles</ACT>, r. de.\n", 
      "origin": "computer", 
      "parent": 261, 
      "persons": [
        "Legrand", 
        "Leguillez", 
        "Legrand", 
        "Leguilliez", 
        "Legrand ieune", 
        "Lehacene tils"
      ], 
      "text_ocr": "Legrand, orlevr., q. de l'Horloge, :. Leguillez, h. de Houlogne, r, Poissonu., 2\u00b0\n\nLegrand, ma\u00e7on, q. de la Tournelle, 3. Leguilliez, \u00e9pic., r. de S\u00e8vres, 55.\n\nLegrand ieune, menuis. en m.,r. et imp. du Leguin, pot. de terre, r. N.-t.-M\u00e9dard, 1\u00b0\nPaon, 3. Lehacene tils, \u00e9b\u00e9nist., bois des \u00eeles, r. de.\n", 
      "type": "ENTRY"
    }, 
    {
      "EOL": false, 
      "box": [
        72, 
        1183, 
        570, 
        20
      ], 
      "id": 364, 
      "indented": true, 
      "parent": 363, 
      "text": "", 
      "type": "LINE"
    }, 
    {
      "addresses": [
        {
          "street_name": "r. du G.-Chantier,4", 
          "street_numbers": []
        }, 
        {
          "street_name": "Tournelles", 
          "street_numbers": [
            "68"
          ]
        }
      ], 
      "box": [
        72, 
        1183, 
        570, 
        20
      ], 
      "checked": false, 
      "id": 363, 
      "ner_xml": "<PER>Legrand</PER>,<ACT>prof de mus.</ACT>,<LOC>r. du G.-Chantier,4</LOC>.  <LOC>Tournelles</LOC>,<CARDINAL>68</CARDINAL>.\n", 
      "origin": "computer", 
      "parent": 261, 
      "persons": [
        "Legrand"
      ], 
      "text_ocr": "Legrand, prof de mus., r. du G.-Chantier,4.  Tournelles, 68.\n", 
      "type": "ENTRY"
    }, 
    {
      "EOL": false, 
      "box": [
        73, 
        1203, 
        803, 
        37
      ], 
      "id": 366, 
      "indented": true, 
      "parent": 365, 
      "text": "", 
      "type": "LINE"
    }, 
    {
      "addresses": [
        {
          "street_name": "r. l\u00e9nilmontant", 
          "street_numbers": [
            "65"
          ]
        }, 
        {
          "street_name": "St.-Denis", 
          "street_numbers": [
            "141"
          ]
        }, 
        {
          "street_name": "r. St: Martin", 
          "street_numbers": [
            "230"
          ]
        }
      ], 
      "box": [
        73, 
        1203, 
        803, 
        37
      ], 
      "checked": false, 
      "id": 365, 
      "ner_xml": "<PER>Legrand</PER>,<ACT>f. pp peints</ACT>,<LOC>r. l\u00e9nilmontant</LOC>,<CARDINAL>65</CARDINAL>.<PER>Lehareng\u00e9.f</PER>. de chap. de p.,r:<LOC>St.-Denis</LOC>,<CARDINAL>141</CARDINAL>\n<PER>Lesrand:-parlum.</PER>,<LOC>r. St: Martin</LOC>,<CARDINAL>230</CARDINAL>.<PER>Lehec: Emonod : rt du Uulombes 1\n</PER>", 
      "origin": "computer", 
      "parent": 261, 
      "persons": [
        "Legrand", 
        "Lehareng\u00e9.f", 
        "Lesrand:-parlum.", 
        "Lehec: Emonod : rt du Uulombes 1\n"
      ], 
      "text_ocr": "Legrand, f. pp peints, r. l\u00e9nilmontant, 65. Lehareng\u00e9.f. de chap. de p.,r:St.-Denis, 141\nLesrand:-parlum., r. St: Martin, 230. Lehec: Emonod : rt du Uulombes 1\n", 
      "type": "ENTRY"
    }, 
    {
      "EOL": false, 
      "box": [
        73, 
        1223, 
        332, 
        20
      ], 
      "id": 368, 
      "indented": true, 
      "parent": 367, 
      "text": "", 
      "type": "LINE"
    }, 
    {
      "addresses": [
        {
          "street_name": "r. St: Martin", 
          "street_numbers": [
            "250"
          ]
        }
      ], 
      "box": [
        73, 
        1223, 
        332, 
        20
      ], 
      "checked": false, 
      "id": 367, 
      "ner_xml": "<PER>Legrand</PER>,<ACT>parlum.</ACT>,<LOC>r. St: Martin</LOC>,<CARDINAL>250</CARDINAL>\n", 
      "origin": "computer", 
      "parent": 261, 
      "persons": [
        "Legrand"
      ], 
      "text_ocr": "Legrand, parlum., r. St: Martin, 250\n", 
      "type": "ENTRY"
    }, 
    {
      "EOL": false, 
      "box": [
        75, 
        1243, 
        733, 
        38
      ], 
      "id": 370, 
      "indented": true, 
      "parent": 369, 
      "text": "", 
      "type": "LINE"
    }, 
    {
      "addresses": [
        {
          "street_name": "r. Ste.-Marguerte-St.-G.", 
          "street_numbers": [
            "43"
          ]
        }, 
        {
          "street_name": "r. de Sevres", 
          "street_numbers": [
            "66"
          ]
        }, 
        {
          "street_name": "r. Chapon.", 
          "street_numbers": [
            "1", 
            "137"
          ]
        }
      ], 
      "box": [
        75, 
        1243, 
        733, 
        38
      ], 
      "checked": false, 
      "id": 369, 
      "ner_xml": "<PER>Legrand</PER>,<ACT>patis.</ACT>,<LOC>r. Ste.-Marguerte-St.-G.</LOC>#<CARDINAL>43</CARDINAL>.<PER>Lehec</PER>,<ACT>\u00e9pic</ACT>,<LOC>r. de Sevres</LOC>,<CARDINAL>66</CARDINAL>.\nLexrand \u00c0. peignes.<LOC>r. Chapon.</LOC><CARDINAL>1</CARDINAL>.<PER>Lehen. limonad</PER>.. Palnis-Roval<CARDINAL>137</CARDINAL>.\n", 
      "origin": "computer", 
      "parent": 261, 
      "persons": [
        "Legrand", 
        "Lehec", 
        "Lehen. limonad"
      ], 
      "text_ocr": "Legrand, patis., r. Ste.-Marguerte-St.-G. #43. Lehec, \u00e9pic , r. de Sevres, 66.\nLexrand \u00c0. peignes. r. Chapon. 1. Lehen. limonad.. Palnis-Roval 137.\n", 
      "type": "ENTRY"
    }, 
    {
      "EOL": false, 
      "box": [
        75, 
        1263, 
        305, 
        20
      ], 
      "id": 372, 
      "indented": true, 
      "parent": 371, 
      "text": "", 
      "type": "LINE"
    }, 
    {
      "addresses": [
        {
          "street_name": "Chapon", 
          "street_numbers": [
            "1"
          ]
        }
      ], 
      "box": [
        75, 
        1263, 
        305, 
        20
      ], 
      "checked": false, 
      "id": 371, 
      "ner_xml": "<PER>Legrand, Et, peignes</PER>,<ACT>r</ACT>,<LOC>Chapon</LOC>,<CARDINAL>1</CARDINAL>,\n", 
      "origin": "computer", 
      "parent": 261, 
      "persons": [
        "Legrand, Et, peignes"
      ], 
      "text_ocr": "Legrand, Et, peignes, r, Chapon, 1,\n", 
      "type": "ENTRY"
    }, 
    {
      "EOL": false, 
      "box": [
        75, 
        1283, 
        806, 
        57
      ], 
      "id": 374, 
      "indented": true, 
      "parent": 373, 
      "text": "", 
      "type": "LINE"
    }, 
    {
      "addresses": [
        {
          "street_name": "cour des Fontaines", 
          "street_numbers": [
            "6"
          ]
        }, 
        {
          "street_name": "r. d'Enfer", 
          "street_numbers": [
            "82"
          ]
        }, 
        {
          "street_name": "r. St-Guillanme", 
          "street_numbers": [
            "6"
          ]
        }, 
        {
          "street_name": "r. des Moincaux", 
          "street_numbers": [
            "2"
          ]
        }, 
        {
          "street_name": "r. de Cl\u00e9ry", 
          "street_numbers": [
            "73"
          ]
        }, 
        {
          "street_name": "r. de la Mont Ste", 
          "street_numbers": []
        }, 
        {
          "street_name": "Goneyr", 
          "street_numbers": [
            "78"
          ]
        }
      ], 
      "box": [
        75, 
        1283, 
        806, 
        57
      ], 
      "checked": false, 
      "id": 373, 
      "ner_xml": "<PER>Legrand</PER>,<ACT>traiteur</ACT>,<LOC>cour des Fontaines</LOC>,<CARDINAL>6</CARDINAL>.<PER>Lehericy jeune</PER>,<ACT>charronn.</ACT>,<LOC>r. d'Enfer</LOC>,<CARDINAL>82</CARDINAL>\n<PER>Legrand</PER>,<ACT>serrur.</ACT>,<LOC>r. St-Guillanme</LOC>,<CARDINAL>6</CARDINAL>.<PER>Leh\u00e9ris\u00e9</PER>,<ACT>ma\u00e7on</ACT>,<LOC>r. des Moincaux</LOC>,<CARDINAL>2</CARDINAL>!\n<PER>Legrand (P.,, tableaux</PER>,<LOC>r. de Cl\u00e9ry</LOC>,<CARDINAL>73</CARDINAL>.<PER>Leherle</PER>,<ACT>vins</ACT>,<LOC>r. de la Mont Ste</LOC><LOC>Goneyr</LOC><CARDINAL>78</CARDINAL>\n", 
      "origin": "computer", 
      "parent": 261, 
      "persons": [
        "Legrand", 
        "Lehericy jeune", 
        "Legrand", 
        "Leh\u00e9ris\u00e9", 
        "Legrand (P.,, tableaux", 
        "Leherle"
      ], 
      "text_ocr": "Legrand, traiteur, cour des Fontaines, 6. Lehericy jeune, charronn., r. d'Enfer, 82\nLegrand, serrur., r. St-Guillanme, 6. Leh\u00e9ris\u00e9, ma\u00e7on, r. des Moincaux, 2!\nLegrand (P.,, tableaux, r. de Cl\u00e9ry, 73. Leherle, vins, r. de la Mont Ste Goneyr 78\n", 
      "type": "ENTRY"
    }, 
    {
      "EOL": false, 
      "box": [
        76, 
        1303, 
        330, 
        17
      ], 
      "id": 376, 
      "indented": true, 
      "parent": 375, 
      "text": "", 
      "type": "LINE"
    }, 
    {
      "addresses": [
        {
          "street_name": "r. St-Guillauime", 
          "street_numbers": [
            "6"
          ]
        }
      ], 
      "box": [
        76, 
        1303, 
        330, 
        17
      ], 
      "checked": false, 
      "id": 375, 
      "ner_xml": "<PER>Legrand</PER>,<ACT>serrur.</ACT>,<LOC>r. St-Guillauime</LOC>,<CARDINAL>6</CARDINAL>.\n", 
      "origin": "computer", 
      "parent": 261, 
      "persons": [
        "Legrand"
      ], 
      "text_ocr": "Legrand, serrur., r. St-Guillauime, 6.\n", 
      "type": "ENTRY"
    }, 
    {
      "EOL": false, 
      "box": [
        77, 
        1323, 
        357, 
        17
      ], 
      "id": 378, 
      "indented": true, 
      "parent": 377, 
      "text": "", 
      "type": "LINE"
    }, 
    {
      "addresses": [
        {
          "street_name": "r. de Clery", 
          "street_numbers": [
            "23"
          ]
        }
      ], 
      "box": [
        77, 
        1323, 
        357, 
        17
      ], 
      "checked": false, 
      "id": 377, 
      "ner_xml": "<PER>Legrand (PP</PER>,<ACT>tableaux</ACT>,<LOC>r. de Clery</LOC>,<CARDINAL>23</CARDINAL>.\n", 
      "origin": "computer", 
      "parent": 261, 
      "persons": [
        "Legrand (PP"
      ], 
      "text_ocr": "Legrand (PP, tableaux, r. de Clery, 23.\n", 
      "type": "ENTRY"
    }, 
    {
      "EOL": false, 
      "box": [
        78, 
        1343, 
        805, 
        60
      ], 
      "id": 380, 
      "indented": true, 
      "parent": 379, 
      "text": "", 
      "type": "LINE"
    }, 
    {
      "addresses": [
        {
          "street_name": "r. Pholppeaux", 
          "street_numbers": []
        }, 
        {
          "street_name": "r. des Ecoutfes", 
          "street_numbers": [
            "20"
          ]
        }, 
        {
          "street_name": "r. St-Denis", 
          "street_numbers": [
            "348"
          ]
        }, 
        {
          "street_name": "r. V.-du-Tempie", 
          "street_numbers": [
            "12"
          ]
        }, 
        {
          "street_name": "r. Grenelle-St.-Aoh.", 
          "street_numbers": [
            "34", 
            "9"
          ]
        }
      ], 
      "box": [
        78, 
        1343, 
        805, 
        60
      ], 
      "checked": false, 
      "id": 379, 
      "ner_xml": "<PER>Legrand</PER>,<ACT>f. tablet</ACT>,<LOC>r. Pholppeaux</LOC>,<TITRE>#</TITRE>2<PER>Leluban</PER>,<ACT>hoil.</ACT>,<ACT>\u00a3 pend.</ACT>,<LOC>r. des Ecoutfes</LOC>,<CARDINAL>20</CARDINAL>\n<PER>Legrand</PER>,<ACT>men. en b\u00e2t.</ACT>,<LOC>r. St-Denis</LOC>,<CARDINAL>348</CARDINAL>.<PER>Lehiculle</PER>,<ACT>tois.-v\u00e9rif.</ACT>,<LOC>r. V.-du-Tempie</LOC>,<CARDINAL>12</CARDINAL>.\n<PER>Legrand</PER>,<ACT>tapis</ACT>,<LOC>r. Grenelle-St.-Aoh.</LOC>,<CARDINAL>34</CARDINAL>.<PER>Lehnert</PER>,<ACT>f. tablet.sr. N-D-de-Nazaret\u00e0.</ACT><CARDINAL>9</CARDINAL>\n", 
      "origin": "computer", 
      "parent": 261, 
      "persons": [
        "Legrand", 
        "Leluban", 
        "Legrand", 
        "Lehiculle", 
        "Legrand", 
        "Lehnert"
      ], 
      "text_ocr": "Legrand, f. tablet, r. Pholppeaux, #2 Leluban, hoil., \u00a3 pend., r. des Ecoutfes, 20\nLegrand, men. en b\u00e2t., r. St-Denis, 348. Lehiculle, tois.-v\u00e9rif., r. V.-du-Tempie, 12.\nLegrand, tapis, r. Grenelle-St.-Aoh., 34. Lehnert, f. tablet.sr. N-D-de-Nazaret\u00e0. 9\n", 
      "type": "ENTRY"
    }, 
    {
      "EOL": false, 
      "box": [
        78, 
        1363, 
        359, 
        17
      ], 
      "id": 382, 
      "indented": true, 
      "parent": 381, 
      "text": "", 
      "type": "LINE"
    }, 
    {
      "addresses": [
        {
          "street_name": "r. St-Denis", 
          "street_numbers": [
            "348"
          ]
        }
      ], 
      "box": [
        78, 
        1363, 
        359, 
        17
      ], 
      "checked": false, 
      "id": 381, 
      "ner_xml": "<PER>Legrand</PER>,<ACT>men. en b\u00e2t.</ACT>,<LOC>r. St-Denis</LOC>,<CARDINAL>348</CARDINAL>.\n", 
      "origin": "computer", 
      "parent": 261, 
      "persons": [
        "Legrand"
      ], 
      "text_ocr": "Legrand, men. en b\u00e2t., r. St-Denis, 348.\n", 
      "type": "ENTRY"
    }, 
    {
      "EOL": false, 
      "box": [
        78, 
        1382, 
        364, 
        20
      ], 
      "id": 384, 
      "indented": true, 
      "parent": 383, 
      "text": "", 
      "type": "LINE"
    }, 
    {
      "addresses": [
        {
          "street_name": "r. &renclle-St.-\u00c6{fon.", 
          "street_numbers": [
            "35"
          ]
        }
      ], 
      "box": [
        78, 
        1382, 
        364, 
        20
      ], 
      "checked": false, 
      "id": 383, 
      "ner_xml": "<PER>Legrand</PER>,<ACT>tapiss</ACT>,<LOC>r. &amp;renclle-St.-\u00c6{fon.</LOC>,<CARDINAL>35</CARDINAL>.\n", 
      "origin": "computer", 
      "parent": 261, 
      "persons": [
        "Legrand"
      ], 
      "text_ocr": "Legrand, tapiss, r. &renclle-St.-\u00c6{fon., 35.\n", 
      "type": "ENTRY"
    }, 
    {
      "EOL": false, 
      "box": [
        77, 
        1402, 
        767, 
        39
      ], 
      "id": 386, 
      "indented": true, 
      "parent": 385, 
      "text": "", 
      "type": "LINE"
    }, 
    {
      "EOL": false, 
      "box": [
        79, 
        1422, 
        289, 
        19
      ], 
      "id": 387, 
      "indented": false, 
      "parent": 385, 
      "text": "", 
      "type": "LINE"
    }, 
    {
      "addresses": [
        {
          "street_name": "r. Montmartre", 
          "street_numbers": [
            "412"
          ]
        }, 
        {
          "street_name": "r. St-Denis", 
          "street_numbers": [
            "136"
          ]
        }, 
        {
          "street_name": "r. Thiroux. 3 Leinert", 
          "street_numbers": [
            "61"
          ]
        }
      ], 
      "box": [
        77, 
        1402, 
        767, 
        39
      ], 
      "checked": false, 
      "id": 385, 
      "ner_xml": "<PER>Legrand</PER>et c.,<ACT>tapiss.</ACT><LOC>r. Montmartre</LOC>,<CARDINAL>412</CARDINAL>.<PER>Leichtnum</PER>,<ACT>taiileur</ACT>,<LOC>r. St-Denis</LOC>,<CARDINAL>136</CARDINAL>.\n<PER>Legrand</PER>,<ACT>tonnell:.</ACT><LOC>r. Thiroux. 3 Leinert</LOC>,<ACT>horlogerie. r. de Vaurirartt.</ACT><CARDINAL>61</CARDINAL>.\n", 
      "origin": "computer", 
      "parent": 261, 
      "persons": [
        "Legrand", 
        "Leichtnum", 
        "Legrand"
      ], 
      "text_ocr": "Legrand et c., tapiss. r. Montmartre, 412. Leichtnum, taiileur, r. St-Denis, 136.\nLegrand, tonnell:. r. Thiroux. 3 Leinert, horlogerie. r. de Vaurirartt. 61.\n", 
      "type": "ENTRY"
    }, 
    {
      "box": [
        57, 
        99, 
        826, 
        1342
      ], 
      "id": 261, 
      "parent": 260, 
      "type": "COLUMN_LEVEL_2"
    }, 
    {
      "box": [
        57, 
        99, 
        826, 
        1342
      ], 
      "id": 260, 
      "parent": 259, 
      "type": "SECTION_LEVEL_2"
    }, 
    {
      "box": [
        57, 
        99, 
        826, 
        1342
      ], 
      "id": 259, 
      "parent": 258, 
      "type": "COLUMN_LEVEL_1"
    }, 
    {
      "box": [
        57, 
        99, 
        826, 
        1342
      ], 
      "id": 258, 
      "parent": 256, 
      "type": "SECTION_LEVEL_1"
    }, 
    {
      "box": [
        57, 
        67, 
        826, 
        1399
      ], 
      "id": 256, 
      "type": "PAGE"
    }
  ], 
  "mode": "cached"
}
