[
  {
    "box": [
      35,
      101,
      830,
      16
    ],
    "checked": false,
    "id": 257,
    "origin": "computer",
    "parent": 256,
    "text": "fFatenciers. ,\nLErICLET': 47,7\n",
    "type": "TITLE_LEVEL_1"
  },
  {
    "EOL": false,
    "box": [
      39,
      133,
      401,
      20
    ],
    "id": 263,
    "indented": true,
    "parent": 262,
    "text": "",
    "type": "LINE"
  },
  {
    "EOL": false,
    "box": [
      61,
      157,
      130,
      15
    ],
    "id": 264,
    "indented": false,
    "parent": 262,
    "text": "",
    "type": "LINE"
  },
  {
    "addresses": [],
    "box": [
      39,
      133,
      401,
      39
    ],
    "checked": false,
    "id": 262,
    "ner_xml": "<PER>BARAULT (Ch). Et porcelanes; r. du Faub.-\n</PER>Montmartre.<CARDINAL>43</CARDINAL>.\n",
    "origin": "computer",
    "parent": 261,
    "persons": [
      "BARAULT (Ch). Et porcelanes; r. du Faub.-\n"
    ],
    "text_ocr": "BARAULT (Ch). Et porcelanes; r. du Faub.-\nMontmartre. 43.\n",
    "type": "ENTRY"
  },
  {
    "EOL": false,
    "box": [
      40,
      176,
      400,
      19
    ],
    "id": 266,
    "indented": true,
    "parent": 265,
    "text": "",
    "type": "LINE"
  },
  {
    "EOL": false,
    "box": [
      61,
      197,
      338,
      17
    ],
    "id": 267,
    "indented": false,
    "parent": 265,
    "text": "",
    "type": "LINE"
  },
  {
    "addresses": [
      {
        "street_name": "boul. Bonne-Nouv",
        "street_numbers": [
          "19"
        ]
      }
    ],
    "box": [
      40,
      176,
      400,
      38
    ],
    "checked": false,
    "id": 265,
    "ner_xml": "<PER>BARAULT (Isidore). EL nrag. de porcelanes</PER>,<ACT>cris-\ntaux et verreries</ACT>:<LOC>boul. Bonne-Nouv</LOC>..<CARDINAL>19</CARDINAL>:\n",
    "origin": "computer",
    "parent": 261,
    "persons": [
      "BARAULT (Isidore). EL nrag. de porcelanes"
    ],
    "text_ocr": "BARAULT (Isidore). EL nrag. de porcelanes, cris-\ntaux et verreries : boul. Bonne-Nouv.. 19:\n",
    "type": "ENTRY"
  },
  {
    "EOL": false,
    "box": [
      40,
      219,
      399,
      18
    ],
    "id": 269,
    "indented": true,
    "parent": 268,
    "text": "",
    "type": "LINE"
  },
  {
    "EOL": false,
    "box": [
      63,
      243,
      84,
      14
    ],
    "id": 270,
    "indented": false,
    "parent": 268,
    "text": "",
    "type": "LINE"
  },
  {
    "addresses": [
      {
        "street_name": "Fofans",
        "street_numbers": [
          "24"
        ]
      }
    ],
    "box": [
      40,
      219,
      399,
      38
    ],
    "checked": false,
    "id": 268,
    "ner_xml": "<PER>BARBIER. Mag. de farences en gros</PER>; r. des-Bons-\n<LOC>Fofans</LOC><CARDINAL>24</CARDINAL>.\n",
    "origin": "computer",
    "parent": 261,
    "persons": [
      "BARBIER. Mag. de farences en gros"
    ],
    "text_ocr": "BARBIER. Mag. de farences en gros; r. des-Bons-\nFofans 24.\n",
    "type": "ENTRY"
  },
  {
    "EOL": false,
    "box": [
      41,
      263,
      399,
      18
    ],
    "id": 272,
    "indented": true,
    "parent": 271,
    "text": "",
    "type": "LINE"
  },
  {
    "EOL": false,
    "box": [
      62,
      284,
      377,
      20
    ],
    "id": 273,
    "indented": false,
    "parent": 271,
    "text": "",
    "type": "LINE"
  },
  {
    "addresses": [],
    "box": [
      41,
      263,
      399,
      41
    ],
    "checked": false,
    "id": 271,
    "ner_xml": "BARDET.<PER>Faiences</PER>,<ACT>verreries, cristaux, quincanl-\nlerie</ACT>,<ACT>glaces : env. en prôv.; r. Montfaucon</ACT>,<TITRE>G.\n</TITRE>",
    "origin": "computer",
    "parent": 261,
    "persons": [
      "Faiences"
    ],
    "text_ocr": "BARDET. Faiences, verreries, cristaux, quincanl-\nlerie, glaces : env. en prôv.; r. Montfaucon, G.\n",
    "type": "ENTRY"
  },
  {
    "EOL": false,
    "box": [
      42,
      306,
      397,
      18
    ],
    "id": 275,
    "indented": true,
    "parent": 274,
    "text": "",
    "type": "LINE"
  },
  {
    "EOL": false,
    "box": [
      59,
      329,
      118,
      14
    ],
    "id": 276,
    "indented": false,
    "parent": 274,
    "text": "",
    "type": "LINE"
  },
  {
    "addresses": [],
    "box": [
      42,
      306,
      397,
      37
    ],
    "checked": false,
    "id": 274,
    "ner_xml": "<TITRE>BEAUVAIS</TITRE>.<PER>Faiences</PER>,<ACT>verreries et cristaux ; r.\nSt.-Martin.</ACT><CARDINAL>75</CARDINAL>.\n",
    "origin": "computer",
    "parent": 261,
    "persons": [
      "Faiences"
    ],
    "text_ocr": "BEAUVAIS. Faiences, verreries et cristaux ; r.\nSt.-Martin. 75.\n",
    "type": "ENTRY"
  },
  {
    "EOL": false,
    "box": [
      39,
      350,
      245,
      14
    ],
    "id": 278,
    "indented": true,
    "parent": 277,
    "text": "",
    "type": "LINE"
  },
  {
    "addresses": [],
    "box": [
      39,
      350,
      245,
      14
    ],
    "checked": false,
    "id": 277,
    "ner_xml": "<PER>RECHERMELLE (PP, au Bazar</PER>.\n",
    "origin": "computer",
    "parent": 261,
    "persons": [
      "RECHERMELLE (PP, au Bazar"
    ],
    "text_ocr": "RECHERMELLE (PP, au Bazar.\n",
    "type": "ENTRY"
  },
  {
    "EOL": false,
    "box": [
      38,
      371,
      400,
      18
    ],
    "id": 280,
    "indented": true,
    "parent": 279,
    "text": "",
    "type": "LINE"
  },
  {
    "EOL": false,
    "box": [
      58,
      392,
      305,
      18
    ],
    "id": 281,
    "indented": false,
    "parent": 279,
    "text": "",
    "type": "LINE"
  },
  {
    "addresses": [],
    "box": [
      38,
      371,
      400,
      39
    ],
    "checked": false,
    "id": 279,
    "ner_xml": "<PER>BLOTTIERE. Bouteilles</PER>,<ACT>laiences, porcelaines .\ncristaux, verrerie : r. de Mabillon</ACT>,<CARDINAL>42</CARDINAL>.\n",
    "origin": "computer",
    "parent": 261,
    "persons": [
      "BLOTTIERE. Bouteilles"
    ],
    "text_ocr": "BLOTTIERE. Bouteilles, laiences, porcelaines .\ncristaux, verrerie : r. de Mabillon, 42.\n",
    "type": "ENTRY"
  },
  {
    "EOL": false,
    "box": [
      37,
      413,
      402,
      19
    ],
    "id": 283,
    "indented": true,
    "parent": 282,
    "text": "",
    "type": "LINE"
  },
  {
    "EOL": false,
    "box": [
      59,
      435,
      337,
      19
    ],
    "id": 284,
    "indented": false,
    "parent": 282,
    "text": "",
    "type": "LINE"
  },
  {
    "addresses": [
      {
        "street_name": "r. des Lombards",
        "street_numbers": [
          "5",
          "7"
        ]
      }
    ],
    "box": [
      37,
      413,
      402,
      41
    ],
    "checked": false,
    "id": 282,
    "ner_xml": "<PER>BLOTTIERE. Mag. de faiences et verreries en\ngros et en détail</PER>;<LOC>r. des Lombards</LOC>,<CARDINAL>5</CARDINAL>et<CARDINAL>7</CARDINAL>.\n",
    "origin": "computer",
    "parent": 261,
    "persons": [
      "BLOTTIERE. Mag. de faiences et verreries en\ngros et en détail"
    ],
    "text_ocr": "BLOTTIERE. Mag. de faiences et verreries en\ngros et en détail ; r. des Lombards, 5 et 7.\n",
    "type": "ENTRY"
  },
  {
    "EOL": false,
    "box": [
      38,
      458,
      234,
      18
    ],
    "id": 286,
    "indented": true,
    "parent": 285,
    "text": "",
    "type": "LINE"
  },
  {
    "addresses": [
      {
        "street_name": "r. Coquihere",
        "street_numbers": [
          "20"
        ]
      }
    ],
    "box": [
      38,
      458,
      234,
      18
    ],
    "checked": false,
    "id": 285,
    "ner_xml": "<PER>BOILLET</PER>,<LOC>r. Coquihere</LOC>,<CARDINAL>20</CARDINAL>.\n",
    "origin": "computer",
    "parent": 261,
    "persons": [
      "BOILLET"
    ],
    "text_ocr": "BOILLET, r. Coquihere, 20.\n",
    "type": "ENTRY"
  },
  {
    "EOL": false,
    "box": [
      38,
      478,
      376,
      19
    ],
    "id": 288,
    "indented": true,
    "parent": 287,
    "text": "",
    "type": "LINE"
  },
  {
    "addresses": [],
    "box": [
      38,
      478,
      376,
      19
    ],
    "checked": false,
    "id": 287,
    "ner_xml": "<PER>BONDEUX, Et porcelaines ; cour des Font.</PER>,<CARDINAL>6</CARDINAL>.\n",
    "origin": "computer",
    "parent": 261,
    "persons": [
      "BONDEUX, Et porcelaines ; cour des Font."
    ],
    "text_ocr": "BONDEUX, Et porcelaines ; cour des Font., 6.\n",
    "type": "ENTRY"
  },
  {
    "EOL": false,
    "box": [
      38,
      500,
      401,
      19
    ],
    "id": 290,
    "indented": true,
    "parent": 289,
    "text": "",
    "type": "LINE"
  },
  {
    "EOL": false,
    "box": [
      59,
      522,
      380,
      19
    ],
    "id": 291,
    "indented": false,
    "parent": 289,
    "text": "",
    "type": "LINE"
  },
  {
    "EOL": false,
    "box": [
      58,
      543,
      185,
      16
    ],
    "id": 292,
    "indented": false,
    "parent": 289,
    "text": "",
    "type": "LINE"
  },
  {
    "addresses": [],
    "box": [
      38,
      500,
      401,
      59
    ],
    "checked": false,
    "id": 289,
    "ner_xml": "BOUCHE<PER>Frederic)</PER>,<ACT>Magasin de faence , porce-\nJaines</ACT>,<ACT>cristaux et verreries; r. St.-Jacques-de\nla-Boucherie</ACT>,<CARDINAL>23</CARDINAL>et<CARDINAL>25</CARDINAL>.\n",
    "origin": "computer",
    "parent": 261,
    "persons": [
      "Frederic)"
    ],
    "text_ocr": "BOUCHE Frederic), Magasin de faence , porce-\nJaines, cristaux et verreries; r. St.-Jacques-de\nla-Boucherie, 23 et 25.\n",
    "type": "ENTRY"
  },
  {
    "EOL": false,
    "box": [
      37,
      563,
      240,
      19
    ],
    "id": 294,
    "indented": true,
    "parent": 293,
    "text": "",
    "type": "LINE"
  },
  {
    "addresses": [],
    "box": [
      37,
      563,
      240,
      19
    ],
    "checked": false,
    "id": 293,
    "ner_xml": "BOUDIE, r, du Vert-Pois,<CARDINAL>38</CARDINAL>.\n",
    "origin": "computer",
    "parent": 261,
    "persons": [],
    "text_ocr": "BOUDIE, r, du Vert-Pois, 38.\n",
    "type": "ENTRY"
  },
  {
    "EOL": false,
    "box": [
      38,
      586,
      261,
      16
    ],
    "id": 296,
    "indented": true,
    "parent": 295,
    "text": "",
    "type": "LINE"
  },
  {
    "addresses": [],
    "box": [
      38,
      586,
      261,
      16
    ],
    "checked": false,
    "id": 295,
    "ner_xml": "<PER>BOURGATE (LL. r. du Pac</PER>,<CARDINAL>12</CARDINAL>.\n",
    "origin": "computer",
    "parent": 261,
    "persons": [
      "BOURGATE (LL. r. du Pac"
    ],
    "text_ocr": "BOURGATE (LL. r. du Pac, 12.\n",
    "type": "ENTRY"
  },
  {
    "EOL": false,
    "box": [
      39,
      608,
      258,
      15
    ],
    "id": 298,
    "indented": true,
    "parent": 297,
    "text": "",
    "type": "LINE"
  },
  {
    "addresses": [],
    "box": [
      39,
      608,
      258,
      15
    ],
    "checked": false,
    "id": 297,
    "ner_xml": "BOURLET .r.<PER>N.-St-Marumn</PER>,<CARDINAL>1</CARDINAL>%\n",
    "origin": "computer",
    "parent": 261,
    "persons": [
      "N.-St-Marumn"
    ],
    "text_ocr": "BOURLET .r. N.-St-Marumn, 1%\n",
    "type": "ENTRY"
  },
  {
    "EOL": false,
    "box": [
      38,
      629,
      315,
      15
    ],
    "id": 300,
    "indented": true,
    "parent": 299,
    "text": "",
    "type": "LINE"
  },
  {
    "addresses": [
      {
        "street_name": "BREON Cab",
        "street_numbers": []
      },
      {
        "street_name": "r. Gu F.-St-Demis",
        "street_numbers": [
          "82"
        ]
      }
    ],
    "box": [
      38,
      629,
      315,
      15
    ],
    "checked": false,
    "id": 299,
    "ner_xml": "<LOC>BREON Cab</LOC>.<LOC>r. Gu F.-St-Demis</LOC>.<CARDINAL>82</CARDINAL>,\n",
    "origin": "computer",
    "parent": 261,
    "persons": [],
    "text_ocr": "BREON Cab. r. Gu F.-St-Demis. 82,\n",
    "type": "ENTRY"
  },
  {
    "EOL": false,
    "box": [
      37,
      650,
      403,
      20
    ],
    "id": 302,
    "indented": true,
    "parent": 301,
    "text": "",
    "type": "LINE"
  },
  {
    "EOL": false,
    "box": [
      58,
      672,
      382,
      19
    ],
    "id": 303,
    "indented": false,
    "parent": 301,
    "text": "",
    "type": "LINE"
  },
  {
    "EOL": false,
    "box": [
      58,
      693,
      382,
      20
    ],
    "id": 304,
    "indented": false,
    "parent": 301,
    "text": "",
    "type": "LINE"
  },
  {
    "EOL": false,
    "box": [
      59,
      715,
      239,
      16
    ],
    "id": 305,
    "indented": false,
    "parent": 301,
    "text": "",
    "type": "LINE"
  },
  {
    "addresses": [],
    "box": [
      37,
      650,
      403,
      81
    ],
    "checked": false,
    "id": 301,
    "ner_xml": "BRETON.<PER>Faiences</PER>,<ACT>porcelaines, verreries, cris-\ntaux; tient dépôt de grès de Flandre et de Pi-\ncardie : env. en prov. et se charge de l'embäl\nJage: r: des Nonaindières</ACT>,<CARDINAL>24</CARDINAL>.\n",
    "origin": "computer",
    "parent": 261,
    "persons": [
      "Faiences"
    ],
    "text_ocr": "BRETON. Faiences, porcelaines, verreries, cris-\ntaux; tient dépôt de grès de Flandre et de Pi-\ncardie : env. en prov. et se charge de l'embäl\nJage: r: des Nonaindières, 24.\n",
    "type": "ENTRY"
  },
  {
    "EOL": false,
    "box": [
      39,
      737,
      401,
      19
    ],
    "id": 307,
    "indented": true,
    "parent": 306,
    "text": "",
    "type": "LINE"
  },
  {
    "EOL": false,
    "box": [
      58,
      758,
      230,
      19
    ],
    "id": 308,
    "indented": false,
    "parent": 306,
    "text": "",
    "type": "LINE"
  },
  {
    "addresses": [],
    "box": [
      39,
      737,
      401,
      40
    ],
    "checked": false,
    "id": 306,
    "ner_xml": "<PER>BREUZARD. Marchand tuencer-verrier, et po-\ntier; r. RovaleSt.-Martin</PER>,<CARDINAL>4</CARDINAL>.\n",
    "origin": "computer",
    "parent": 261,
    "persons": [
      "BREUZARD. Marchand tuencer-verrier, et po-\ntier; r. RovaleSt.-Martin"
    ],
    "text_ocr": "BREUZARD. Marchand tuencer-verrier, et po-\ntier; r. RovaleSt.-Martin, 4.\n",
    "type": "ENTRY"
  },
  {
    "EOL": false,
    "box": [
      37,
      779,
      210,
      16
    ],
    "id": 310,
    "indented": true,
    "parent": 309,
    "text": "",
    "type": "LINE"
  },
  {
    "addresses": [
      {
        "street_name": "BRON",
        "street_numbers": []
      },
      {
        "street_name": "r. St.-Martin",
        "street_numbers": []
      }
    ],
    "box": [
      37,
      779,
      210,
      16
    ],
    "checked": false,
    "id": 309,
    "ner_xml": "<LOC>BRON</LOC>,<LOC>r. St.-Martin</LOC>, 248$.\n",
    "origin": "computer",
    "parent": 261,
    "persons": [],
    "text_ocr": "BRON, r. St.-Martin, 248$.\n",
    "type": "ENTRY"
  },
  {
    "EOL": false,
    "box": [
      38,
      802,
      402,
      15
    ],
    "id": 312,
    "indented": true,
    "parent": 311,
    "text": "",
    "type": "LINE"
  },
  {
    "EOL": false,
    "box": [
      59,
      823,
      266,
      16
    ],
    "id": 313,
    "indented": false,
    "parent": 311,
    "text": "",
    "type": "LINE"
  },
  {
    "addresses": [],
    "box": [
      38,
      802,
      402,
      37
    ],
    "checked": false,
    "id": 311,
    "ner_xml": "<PER>SRONDEL. Farence de Rouen</PER>,<ACT>verreries et cris-\ntaux : r. des Lombards</ACT>,<CARDINAL>27</CARDINAL>et<CARDINAL>29</CARDINAL>.\n",
    "origin": "computer",
    "parent": 261,
    "persons": [
      "SRONDEL. Farence de Rouen"
    ],
    "text_ocr": "SRONDEL. Farence de Rouen, verreries et cris-\ntaux : r. des Lombards, 27 et 29.\n",
    "type": "ENTRY"
  },
  {
    "EOL": false,
    "box": [
      37,
      842,
      402,
      23
    ],
    "id": 315,
    "indented": true,
    "parent": 314,
    "text": "",
    "type": "LINE"
  },
  {
    "EOL": false,
    "box": [
      61,
      866,
      378,
      16
    ],
    "id": 316,
    "indented": false,
    "parent": 314,
    "text": "",
    "type": "LINE"
  },
  {
    "EOL": false,
    "box": [
      58,
      888,
      381,
      20
    ],
    "id": 317,
    "indented": false,
    "parent": 314,
    "text": "",
    "type": "LINE"
  },
  {
    "EOL": false,
    "box": [
      59,
      910,
      226,
      15
    ],
    "id": 318,
    "indented": false,
    "parent": 314,
    "text": "",
    "type": "LINE"
  },
  {
    "addresses": [],
    "box": [
      37,
      842,
      402,
      83
    ],
    "checked": false,
    "id": 314,
    "ner_xml": "<PER>BURÉE</PER>,<ACT>Cristaux, verreries, porcelaines, faiences</ACT>,\n<ACT>services de table, vases et corbeilles montés ;\ntôles vernies et dépôt de pendules: env. en\nprov.: r. de l'ArbreSec</ACT>,<CARDINAL>49</CARDINAL>.\n",
    "origin": "computer",
    "parent": 261,
    "persons": [
      "BURÉE"
    ],
    "text_ocr": "BURÉE, Cristaux, verreries, porcelaines, faiences,\nservices de table, vases et corbeilles montés ;\ntôles vernies et dépôt de pendules: env. en\nprov.: r. de l'ArbreSec, 49.\n",
    "type": "ENTRY"
  },
  {
    "EOL": false,
    "box": [
      36,
      931,
      268,
      15
    ],
    "id": 320,
    "indented": true,
    "parent": 319,
    "text": "",
    "type": "LINE"
  },
  {
    "addresses": [],
    "box": [
      36,
      931,
      268,
      15
    ],
    "checked": false,
    "id": 319,
    "ner_xml": "<PER>LAHART</PER>,<ACT>r. du MontPlanc</ACT>,<CARDINAL>61</CARDINAL>.\n",
    "origin": "computer",
    "parent": 261,
    "persons": [
      "LAHART"
    ],
    "text_ocr": "LAHART, r. du MontPlanc, 61.\n",
    "type": "ENTRY"
  },
  {
    "EOL": false,
    "box": [
      36,
      952,
      289,
      15
    ],
    "id": 322,
    "indented": true,
    "parent": 321,
    "text": "",
    "type": "LINE"
  },
  {
    "addresses": [],
    "box": [
      36,
      952,
      289,
      15
    ],
    "checked": false,
    "id": 321,
    "ner_xml": "<PER>CALLIAT, r. des Nonamdueres.</PER>,<CARDINAL>40</CARDINAL>.\n",
    "origin": "computer",
    "parent": 261,
    "persons": [
      "CALLIAT, r. des Nonamdueres."
    ],
    "text_ocr": "CALLIAT, r. des Nonamdueres., 40.\n",
    "type": "ENTRY"
  },
  {
    "EOL": false,
    "box": [
      36,
      974,
      403,
      20
    ],
    "id": 324,
    "indented": true,
    "parent": 323,
    "text": "",
    "type": "LINE"
  },
  {
    "EOL": false,
    "box": [
      58,
      994,
      381,
      22
    ],
    "id": 325,
    "indented": false,
    "parent": 323,
    "text": "",
    "type": "LINE"
  },
  {
    "EOL": false,
    "box": [
      57,
      1015,
      73,
      15
    ],
    "id": 326,
    "indented": false,
    "parent": 323,
    "text": "",
    "type": "LINE"
  },
  {
    "addresses": [],
    "box": [
      36,
      974,
      403,
      56
    ],
    "checked": false,
    "id": 323,
    "ner_xml": "<PER>LAMUSE-PILLOT</PER>.<PER>Cnistaux</PER>,<ACT>porcelaines, bou-\nteilles et cloches pour jardins ; r. Aubry-le-Bou-\n</ACT>cher<ACT>.</ACT><CARDINAL>27</CARDINAL>.\n",
    "origin": "computer",
    "parent": 261,
    "persons": [
      "LAMUSE-PILLOT",
      "Cnistaux"
    ],
    "text_ocr": "LAMUSE-PILLOT. Cnistaux, porcelaines, bou-\nteilles et cloches pour jardins ; r. Aubry-le-Bou-\ncher. 27.\n",
    "type": "ENTRY"
  },
  {
    "EOL": false,
    "box": [
      36,
      1038,
      374,
      20
    ],
    "id": 328,
    "indented": true,
    "parent": 327,
    "text": "",
    "type": "LINE"
  },
  {
    "addresses": [],
    "box": [
      36,
      1038,
      374,
      20
    ],
    "checked": false,
    "id": 327,
    "ner_xml": "<PER>LASSEDANNE. Et porcelaines: r. du Jour</PER>,<CARDINAL>4</CARDINAL>.\n",
    "origin": "computer",
    "parent": 261,
    "persons": [
      "LASSEDANNE. Et porcelaines: r. du Jour"
    ],
    "text_ocr": "LASSEDANNE. Et porcelaines: r. du Jour, 4.\n",
    "type": "ENTRY"
  },
  {
    "EOL": false,
    "box": [
      36,
      1059,
      194,
      16
    ],
    "id": 330,
    "indented": true,
    "parent": 329,
    "text": "",
    "type": "LINE"
  },
  {
    "addresses": [],
    "box": [
      36,
      1059,
      194,
      16
    ],
    "checked": false,
    "id": 329,
    "ner_xml": "<PER>CHALMEL</PER>,<ACT>r. Bleue 1</ACT>.\n",
    "origin": "computer",
    "parent": 261,
    "persons": [
      "CHALMEL"
    ],
    "text_ocr": "CHALMEL, r. Bleue 1.\n",
    "type": "ENTRY"
  },
  {
    "EOL": false,
    "box": [
      36,
      1081,
      276,
      20
    ],
    "id": 332,
    "indented": true,
    "parent": 331,
    "text": "",
    "type": "LINE"
  },
  {
    "addresses": [],
    "box": [
      36,
      1081,
      276,
      20
    ],
    "checked": false,
    "id": 331,
    "ner_xml": "CHANUVÇE, Fr.<PER>Godot-Maurov</PER>,<CARDINAL>54</CARDINAL>.\n",
    "origin": "computer",
    "parent": 261,
    "persons": [
      "Godot-Maurov"
    ],
    "text_ocr": "CHANUVÇE, Fr. Godot-Maurov, 54.\n",
    "type": "ENTRY"
  },
  {
    "EOL": false,
    "box": [
      36,
      1102,
      403,
      16
    ],
    "id": 334,
    "indented": true,
    "parent": 333,
    "text": "",
    "type": "LINE"
  },
  {
    "EOL": false,
    "box": [
      58,
      1123,
      66,
      16
    ],
    "id": 335,
    "indented": false,
    "parent": 333,
    "text": "",
    "type": "LINE"
  },
  {
    "addresses": [],
    "box": [
      36,
      1102,
      403,
      37
    ],
    "checked": false,
    "id": 333,
    "ner_xml": "<PER>CHAPERON. Porcelaines et faïiences ; r. du Dra-\nyon</PER>,<CARDINAL>44</CARDINAL>.\n",
    "origin": "computer",
    "parent": 261,
    "persons": [
      "CHAPERON. Porcelaines et faïiences ; r. du Dra-\nyon"
    ],
    "text_ocr": "CHAPERON. Porcelaines et faïiences ; r. du Dra-\nyon, 44.\n",
    "type": "ENTRY"
  },
  {
    "EOL": false,
    "box": [
      36,
      1144,
      404,
      19
    ],
    "id": 337,
    "indented": true,
    "parent": 336,
    "text": "",
    "type": "LINE"
  },
  {
    "EOL": false,
    "box": [
      58,
      1166,
      381,
      18
    ],
    "id": 338,
    "indented": false,
    "parent": 336,
    "text": "",
    "type": "LINE"
  },
  {
    "EOL": false,
    "box": [
      58,
      1187,
      381,
      20
    ],
    "id": 339,
    "indented": false,
    "parent": 336,
    "text": "",
    "type": "LINE"
  },
  {
    "EOL": false,
    "box": [
      59,
      1209,
      359,
      20
    ],
    "id": 340,
    "indented": false,
    "parent": 336,
    "text": "",
    "type": "LINE"
  },
  {
    "addresses": [
      {
        "street_name": "St.-Clément",
        "street_numbers": []
      },
      {
        "street_name": "Sceaux",
        "street_numbers": []
      },
      {
        "street_name": "BourgLaReine",
        "street_numbers": [
          "21"
        ]
      }
    ],
    "box": [
      36,
      1144,
      404,
      85
    ],
    "checked": false,
    "id": 336,
    "ner_xml": "<PER>COCHEUX. Mag</PER>.<ACT>en gros de faiences de Nevers</ACT>,\nLorraine,<LOC>St.-Clément</LOC>,<LOC>Sceaux</LOC>,<LOC>BourgLaReine</LOC>,\nRouen; terre-de-pipe,<ACT>earr. de faïence, crist.\nverrerie et bouteilles : r. de la Roquette</ACT>,<CARDINAL>21</CARDINAL>.\n",
    "origin": "computer",
    "parent": 261,
    "persons": [
      "COCHEUX. Mag"
    ],
    "text_ocr": "COCHEUX. Mag. en gros de faiences de Nevers,\nLorraine, St.-Clément, Sceaux, BourgLaReine ,\nRouen; terre-de-pipe, earr. de faïence, crist.\nverrerie et bouteilles : r. de la Roquette, 21.\n",
    "type": "ENTRY"
  },
  {
    "EOL": false,
    "box": [
      36,
      1230,
      246,
      16
    ],
    "id": 342,
    "indented": true,
    "parent": 341,
    "text": "",
    "type": "LINE"
  },
  {
    "addresses": [
      {
        "street_name": "Montmartre.",
        "street_numbers": [
          "442"
        ]
      }
    ],
    "box": [
      36,
      1230,
      246,
      16
    ],
    "checked": false,
    "id": 341,
    "ner_xml": "COCHIRX.,<ACT>r</ACT>,<LOC>Montmartre.</LOC><CARDINAL>442</CARDINAL>\n",
    "origin": "computer",
    "parent": 261,
    "persons": [],
    "text_ocr": "COCHIRX., r, Montmartre. 442\n",
    "type": "ENTRY"
  },
  {
    "EOL": false,
    "box": [
      36,
      1252,
      403,
      19
    ],
    "id": 344,
    "indented": true,
    "parent": 343,
    "text": "",
    "type": "LINE"
  },
  {
    "EOL": false,
    "box": [
      58,
      1272,
      108,
      17
    ],
    "id": 345,
    "indented": false,
    "parent": 343,
    "text": "",
    "type": "LINE"
  },
  {
    "addresses": [
      {
        "street_name": "Colombier",
        "street_numbers": [
          "7"
        ]
      }
    ],
    "box": [
      36,
      1252,
      403,
      37
    ],
    "checked": false,
    "id": 343,
    "ner_xml": "<PER>VOMNU, Et porcelaines et cristaux ; r. du vieux-</PER>\n<LOC>Colombier</LOC>,<CARDINAL>7</CARDINAL>.\n",
    "origin": "computer",
    "parent": 261,
    "persons": [
      "VOMNU, Et porcelaines et cristaux ; r. du vieux-"
    ],
    "text_ocr": "VOMNU, Et porcelaines et cristaux ; r. du vieux-\nColombier, 7.\n",
    "type": "ENTRY"
  },
  {
    "EOL": false,
    "box": [
      36,
      1295,
      290,
      16
    ],
    "id": 347,
    "indented": true,
    "parent": 346,
    "text": "",
    "type": "LINE"
  },
  {
    "addresses": [],
    "box": [
      36,
      1295,
      290,
      16
    ],
    "checked": false,
    "id": 346,
    "ner_xml": "<PER>COSSON</PER>,<ACT>r, du F.-St-Honeorc.</ACT><CARDINAL>100</CARDINAL>.\n",
    "origin": "computer",
    "parent": 261,
    "persons": [
      "COSSON"
    ],
    "text_ocr": "COSSON ,r, du F.-St-Honeorc. 100.\n",
    "type": "ENTRY"
  },
  {
    "EOL": false,
    "box": [
      36,
      1316,
      378,
      16
    ],
    "id": 349,
    "indented": true,
    "parent": 348,
    "text": "",
    "type": "LINE"
  },
  {
    "addresses": [],
    "box": [
      36,
      1316,
      378,
      16
    ],
    "checked": false,
    "id": 348,
    "ner_xml": "<PER>LOURTOIS. r. des Fosses-St (5 -des Prés</PER><CARDINAL>97</CARDINAL>,\n",
    "origin": "computer",
    "parent": 261,
    "persons": [
      "LOURTOIS. r. des Fosses-St (5 -des Prés"
    ],
    "text_ocr": "LOURTOIS. r. des Fosses-St (5 -des Prés 97,\n",
    "type": "ENTRY"
  },
  {
    "EOL": false,
    "box": [
      36,
      1337,
      328,
      17
    ],
    "id": 351,
    "indented": true,
    "parent": 350,
    "text": "",
    "type": "LINE"
  },
  {
    "addresses": [],
    "box": [
      36,
      1337,
      328,
      17
    ],
    "checked": false,
    "id": 350,
    "ner_xml": "<PER>Cr ROUX</PER>,<ACT>r. du faub.-Poissonniere.</ACT>,<CARDINAL>57</CARDINAL>.\n",
    "origin": "computer",
    "parent": 261,
    "persons": [
      "Cr ROUX"
    ],
    "text_ocr": "Cr ROUX, r. du faub.-Poissonniere., 57.\n",
    "type": "ENTRY"
  },
  {
    "EOL": false,
    "box": [
      36,
      1359,
      363,
      16
    ],
    "id": 353,
    "indented": true,
    "parent": 352,
    "text": "",
    "type": "LINE"
  },
  {
    "addresses": [],
    "box": [
      36,
      1359,
      363,
      16
    ],
    "checked": false,
    "id": 352,
    "ner_xml": "<PER>LEROUX</PER>,<ACT>r, d'Artois</ACT>,<CARDINAL>37</CARDINAL>.<PER>Chanssée-d'Antin</PER>.\n",
    "origin": "computer",
    "parent": 261,
    "persons": [
      "LEROUX",
      "Chanssée-d'Antin"
    ],
    "text_ocr": "LEROUX, r, d'Artois, 37. Chanssée-d'Antin.\n",
    "type": "ENTRY"
  },
  {
    "EOL": false,
    "box": [
      37,
      1380,
      402,
      22
    ],
    "id": 355,
    "indented": true,
    "parent": 354,
    "text": "",
    "type": "LINE"
  },
  {
    "EOL": false,
    "box": [
      58,
      1400,
      330,
      19
    ],
    "id": 356,
    "indented": false,
    "parent": 354,
    "text": "",
    "type": "LINE"
  },
  {
    "addresses": [
      {
        "street_name": "boulev. St-Martin.",
        "street_numbers": [
          "57"
        ]
      }
    ],
    "box": [
      37,
      1380,
      402,
      39
    ],
    "checked": false,
    "id": 354,
    "ner_xml": "<PER>DARGHE aine</PER>,<ACT>Dépôt de verres bombés, porce-\nlaines et cristaux</ACT>:<LOC>boulev. St-Martin.</LOC><CARDINAL>57</CARDINAL>.\n",
    "origin": "computer",
    "parent": 261,
    "persons": [
      "DARGHE aine"
    ],
    "text_ocr": "DARGHE aine, Dépôt de verres bombés, porce-\nlaines et cristaux : boulev. St-Martin. 57.\n",
    "type": "ENTRY"
  },
  {
    "EOL": false,
    "box": [
      36,
      1423,
      394,
      21
    ],
    "id": 358,
    "indented": true,
    "parent": 357,
    "text": "",
    "type": "LINE"
  },
  {
    "addresses": [],
    "box": [
      36,
      1423,
      394,
      21
    ],
    "checked": false,
    "id": 357,
    "ner_xml": "<PER>DASSON</PER>VILLE.<PER>Faïence</PER>:<ACT>porcelaines , cristaux\n</ACT>",
    "origin": "computer",
    "parent": 261,
    "persons": [
      "DASSON",
      "Faïence"
    ],
    "text_ocr": "DASSON VILLE. Faïence: porcelaines , cristaux\n",
    "type": "ENTRY"
  },
  {
    "box": [
      35,
      133,
      408,
      1311
    ],
    "id": 261,
    "parent": 260,
    "type": "COLUMN_LEVEL_2"
  },
  {
    "box": [
      35,
      133,
      408,
      1311
    ],
    "id": 260,
    "parent": 259,
    "type": "SECTION_LEVEL_2"
  },
  {
    "box": [
      35,
      133,
      408,
      1311
    ],
    "id": 259,
    "parent": 258,
    "type": "COLUMN_LEVEL_1"
  },
  {
    "EOL": false,
    "box": [
      479,
      133,
      386,
      14
    ],
    "id": 363,
    "indented": false,
    "parent": 362,
    "text": "",
    "type": "LINE"
  },
  {
    "EOL": false,
    "box": [
      479,
      151,
      105,
      18
    ],
    "id": 364,
    "indented": false,
    "parent": 362,
    "text": "",
    "type": "LINE"
  },
  {
    "addresses": [],
    "box": [
      479,
      133,
      386,
      36
    ],
    "checked": false,
    "id": 362,
    "ner_xml": "verres; 1AD. CL VORG ONS CORAN Es M AVESUE\nSauveur,<CARDINAL>20</CARDINAL>.\n",
    "origin": "computer",
    "parent": 361,
    "persons": [],
    "text_ocr": "verres; 1AD. CL VORG ONS CORAN Es M AVESUE\nSauveur, 20.\n",
    "type": "ENTRY"
  },
  {
    "EOL": false,
    "box": [
      458,
      171,
      406,
      20
    ],
    "id": 366,
    "indented": true,
    "parent": 365,
    "text": "",
    "type": "LINE"
  },
  {
    "EOL": false,
    "box": [
      480,
      192,
      384,
      22
    ],
    "id": 367,
    "indented": false,
    "parent": 365,
    "text": "",
    "type": "LINE"
  },
  {
    "EOL": false,
    "box": [
      479,
      215,
      258,
      18
    ],
    "id": 368,
    "indented": false,
    "parent": 365,
    "text": "",
    "type": "LINE"
  },
  {
    "addresses": [],
    "box": [
      458,
      171,
      406,
      62
    ],
    "checked": false,
    "id": 365,
    "ner_xml": "DELAMARRE.<PER>Terre-de-pipe</PER>,<ACT>cristaux, verres,\nbouteilles, poterie de terre</ACT>,<ACT>grès de Picardie</ACT>,\netc: r. et carré St-Denis,<CARDINAL>381</CARDINAL>.\n",
    "origin": "computer",
    "parent": 361,
    "persons": [
      "Terre-de-pipe"
    ],
    "text_ocr": "DELAMARRE. Terre-de-pipe, cristaux, verres,\nbouteilles, poterie de terre, grès de Picardie,\netc: r. et carré St-Denis, 381.\n",
    "type": "ENTRY"
  },
  {
    "EOL": false,
    "box": [
      458,
      236,
      265,
      19
    ],
    "id": 370,
    "indented": true,
    "parent": 369,
    "text": "",
    "type": "LINE"
  },
  {
    "addresses": [],
    "box": [
      458,
      236,
      265,
      19
    ],
    "checked": false,
    "id": 369,
    "ner_xml": "<PER>DELATTRE</PER>,<ACT>r. d'Aguesseau</ACT>,<CARDINAL>106</CARDINAL>.\n",
    "origin": "computer",
    "parent": 361,
    "persons": [
      "DELATTRE"
    ],
    "text_ocr": "DELATTRE, r. d'Aguesseau, 106.\n",
    "type": "ENTRY"
  },
  {
    "EOL": false,
    "box": [
      458,
      260,
      223,
      18
    ],
    "id": 372,
    "indented": true,
    "parent": 371,
    "text": "",
    "type": "LINE"
  },
  {
    "addresses": [
      {
        "street_name": "Descartes",
        "street_numbers": [
          "8"
        ]
      }
    ],
    "box": [
      458,
      260,
      223,
      18
    ],
    "checked": false,
    "id": 371,
    "ner_xml": "<PER>DELAUNE</PER>,<ACT>r</ACT>,<LOC>Descartes</LOC>,<CARDINAL>8</CARDINAL>.\n",
    "origin": "computer",
    "parent": 361,
    "persons": [
      "DELAUNE"
    ],
    "text_ocr": "DELAUNE, r, Descartes, 8.\n",
    "type": "ENTRY"
  },
  {
    "EOL": false,
    "box": [
      458,
      280,
      271,
      17
    ],
    "id": 374,
    "indented": true,
    "parent": 373,
    "text": "",
    "type": "LINE"
  },
  {
    "addresses": [
      {
        "street_name": "DEROCHE. r. J.-J.-Rousseau",
        "street_numbers": [
          "106"
        ]
      }
    ],
    "box": [
      458,
      280,
      271,
      17
    ],
    "checked": false,
    "id": 373,
    "ner_xml": "<LOC>DEROCHE. r. J.-J.-Rousseau</LOC>,<CARDINAL>106</CARDINAL>.\n",
    "origin": "computer",
    "parent": 361,
    "persons": [],
    "text_ocr": "DEROCHE. r. J.-J.-Rousseau, 106.\n",
    "type": "ENTRY"
  },
  {
    "EOL": false,
    "box": [
      458,
      301,
      406,
      21
    ],
    "id": 376,
    "indented": true,
    "parent": 375,
    "text": "",
    "type": "LINE"
  },
  {
    "EOL": false,
    "box": [
      479,
      323,
      383,
      20
    ],
    "id": 377,
    "indented": false,
    "parent": 375,
    "text": "",
    "type": "LINE"
  },
  {
    "EOL": false,
    "box": [
      479,
      346,
      172,
      15
    ],
    "id": 378,
    "indented": false,
    "parent": 375,
    "text": "",
    "type": "LINE"
  },
  {
    "addresses": [],
    "box": [
      458,
      301,
      406,
      60
    ],
    "checked": false,
    "id": 375,
    "ner_xml": "DESLIENS.<PER>Faïences</PER>,<ACT>porcelaimes, verreries ; oris-\ntaux, grès de Picardie, carreaux de faïence</ACT>, ete. ;\nr de la Verrerie,<ACT>59-\n</ACT>",
    "origin": "computer",
    "parent": 361,
    "persons": [
      "Faïences"
    ],
    "text_ocr": "DESLIENS. Faïences, porcelaimes, verreries ; oris-\ntaux, grès de Picardie, carreaux de faïence, ete. ;\nr de la Verrerie, 59-\n",
    "type": "ENTRY"
  },
  {
    "EOL": false,
    "box": [
      458,
      367,
      264,
      20
    ],
    "id": 380,
    "indented": true,
    "parent": 379,
    "text": "",
    "type": "LINE"
  },
  {
    "addresses": [
      {
        "street_name": "place Maubert",
        "street_numbers": [
          "95"
        ]
      }
    ],
    "box": [
      458,
      367,
      264,
      20
    ],
    "checked": false,
    "id": 379,
    "ner_xml": "<PER>DESCAMPS</PER>,<LOC>place Maubert</LOC>,<CARDINAL>95</CARDINAL>.\n",
    "origin": "computer",
    "parent": 361,
    "persons": [
      "DESCAMPS"
    ],
    "text_ocr": "DESCAMPS, place Maubert, 95.\n",
    "type": "ENTRY"
  },
  {
    "EOL": false,
    "box": [
      458,
      390,
      252,
      18
    ],
    "id": 382,
    "indented": true,
    "parent": 381,
    "text": "",
    "type": "LINE"
  },
  {
    "addresses": [
      {
        "street_name": "r. St.-Jacques",
        "street_numbers": [
          "239"
        ]
      }
    ],
    "box": [
      458,
      390,
      252,
      18
    ],
    "checked": false,
    "id": 381,
    "ner_xml": "<PER>DESPRES</PER>,<LOC>r. St.-Jacques</LOC>,<CARDINAL>239</CARDINAL>.\n",
    "origin": "computer",
    "parent": 361,
    "persons": [
      "DESPRES"
    ],
    "text_ocr": "DESPRES, r. St.-Jacques, 239.\n",
    "type": "ENTRY"
  },
  {
    "EOL": false,
    "box": [
      458,
      410,
      311,
      19
    ],
    "id": 384,
    "indented": true,
    "parent": 383,
    "text": "",
    "type": "LINE"
  },
  {
    "addresses": [],
    "box": [
      458,
      410,
      311,
      19
    ],
    "checked": false,
    "id": 383,
    "ner_xml": "<TITRE>DEVICQUE</TITRE>,<ACT>r. du faub.-du-Roule</ACT>,<CARDINAL>96</CARDINAL>.\n",
    "origin": "computer",
    "parent": 361,
    "persons": [],
    "text_ocr": "DEVICQUE, r. du faub.-du-Roule, 96.\n",
    "type": "ENTRY"
  },
  {
    "EOL": false,
    "box": [
      458,
      431,
      405,
      21
    ],
    "id": 386,
    "indented": true,
    "parent": 385,
    "text": "",
    "type": "LINE"
  },
  {
    "EOL": false,
    "box": [
      480,
      454,
      385,
      19
    ],
    "id": 387,
    "indented": false,
    "parent": 385,
    "text": "",
    "type": "LINE"
  },
  {
    "EOL": false,
    "box": [
      480,
      476,
      132,
      16
    ],
    "id": 388,
    "indented": false,
    "parent": 385,
    "text": "",
    "type": "LINE"
  },
  {
    "addresses": [
      {
        "street_name": "r. Rôyalé-St-\nAntoine",
        "street_numbers": [
          "41 bis"
        ]
      }
    ],
    "box": [
      458,
      431,
      407,
      61
    ],
    "checked": false,
    "id": 385,
    "ner_xml": "D'HERBES.<ACT>Dépôt de terre bronzée à l'épreuve du\nfeu, de la manuf. de Limours</ACT>;<LOC>r. Rôyalé-St-\nAntoine</LOC>,<CARDINAL>41 bis</CARDINAL>.\n",
    "origin": "computer",
    "parent": 361,
    "persons": [],
    "text_ocr": "D'HERBES. Dépôt de terre bronzée à l'épreuve du\nfeu, de la manuf. de Limours; r. Rôyalé-St-\nAntoine, 41 bis.\n",
    "type": "ENTRY"
  },
  {
    "EOL": false,
    "box": [
      457,
      497,
      333,
      20
    ],
    "id": 390,
    "indented": true,
    "parent": 389,
    "text": "",
    "type": "LINE"
  },
  {
    "addresses": [],
    "box": [
      457,
      497,
      333,
      20
    ],
    "checked": false,
    "id": 389,
    "ner_xml": "<PER>DUPOIS, pl. de la Porte-St-Antoine</PER>, Ÿ.\n",
    "origin": "computer",
    "parent": 361,
    "persons": [
      "DUPOIS, pl. de la Porte-St-Antoine"
    ],
    "text_ocr": "DUPOIS, pl. de la Porte-St-Antoine, Ÿ.\n",
    "type": "ENTRY"
  },
  {
    "EOL": false,
    "box": [
      458,
      519,
      285,
      20
    ],
    "id": 392,
    "indented": true,
    "parent": 391,
    "text": "",
    "type": "LINE"
  },
  {
    "addresses": [
      {
        "street_name": "r. Aubry-le-Boucher",
        "street_numbers": [
          "54"
        ]
      }
    ],
    "box": [
      458,
      519,
      285,
      20
    ],
    "checked": false,
    "id": 391,
    "ner_xml": "<PER>DUBOIS</PER>,<LOC>r. Aubry-le-Boucher</LOC>,<CARDINAL>54</CARDINAL>.\n",
    "origin": "computer",
    "parent": 361,
    "persons": [
      "DUBOIS"
    ],
    "text_ocr": "DUBOIS, r. Aubry-le-Boucher, 54.\n",
    "type": "ENTRY"
  },
  {
    "EOL": false,
    "box": [
      458,
      541,
      361,
      19
    ],
    "id": 394,
    "indented": true,
    "parent": 393,
    "text": "",
    "type": "LINE"
  },
  {
    "addresses": [
      {
        "street_name": "pl. St.-Antoine",
        "street_numbers": [
          "9"
        ]
      }
    ],
    "box": [
      458,
      541,
      361,
      19
    ],
    "checked": false,
    "id": 393,
    "ner_xml": "<PER>DUBOIS pere et his</PER>que.,<LOC>pl. St.-Antoine</LOC>,<CARDINAL>9</CARDINAL>.\n",
    "origin": "computer",
    "parent": 361,
    "persons": [
      "DUBOIS pere et his"
    ],
    "text_ocr": "DUBOIS pere et his que., pl. St.-Antoine, 9.\n",
    "type": "ENTRY"
  },
  {
    "EOL": false,
    "box": [
      457,
      563,
      407,
      17
    ],
    "id": 396,
    "indented": true,
    "parent": 395,
    "text": "",
    "type": "LINE"
  },
  {
    "EOL": false,
    "box": [
      479,
      584,
      384,
      18
    ],
    "id": 397,
    "indented": false,
    "parent": 395,
    "text": "",
    "type": "LINE"
  },
  {
    "EOL": false,
    "box": [
      479,
      606,
      258,
      18
    ],
    "id": 398,
    "indented": false,
    "parent": 395,
    "text": "",
    "type": "LINE"
  },
  {
    "addresses": [
      {
        "street_name": "Manvf. de\nporelakies : r-de Veidénie",
        "street_numbers": [
          "44"
        ]
      }
    ],
    "box": [
      457,
      563,
      407,
      61
    ],
    "checked": false,
    "id": 395,
    "ner_xml": "<PER>DUBOIS fils</PER>et<PER>JEANNET</PER>,<PER>Faience</PER>,<ACT>cnstaux,\nverreries de diverses fab. en gros</ACT>.<LOC>Manvf. de\nporelakies : r-de Veidénie</LOC>,<CARDINAL>44</CARDINAL>:\n",
    "origin": "computer",
    "parent": 361,
    "persons": [
      "DUBOIS fils",
      "JEANNET",
      "Faience"
    ],
    "text_ocr": "DUBOIS fils et JEANNET, Faience, cnstaux,\nverreries de diverses fab. en gros. Manvf. de\nporelakies : r-de Veidénie, 44:\n",
    "type": "ENTRY"
  },
  {
    "EOL": false,
    "box": [
      458,
      628,
      406,
      19
    ],
    "id": 400,
    "indented": true,
    "parent": 399,
    "text": "",
    "type": "LINE"
  },
  {
    "EOL": false,
    "box": [
      479,
      650,
      203,
      17
    ],
    "id": 401,
    "indented": false,
    "parent": 399,
    "text": "",
    "type": "LINE"
  },
  {
    "addresses": [],
    "box": [
      458,
      628,
      406,
      39
    ],
    "checked": false,
    "id": 399,
    "ner_xml": "<PER>DUCHEMIN</PER>,<PER>Farence</PER>,<ACT>porcelaines et cristaux ;\nboulL de ls Madéleine: 4:\n</ACT>",
    "origin": "computer",
    "parent": 361,
    "persons": [
      "DUCHEMIN",
      "Farence"
    ],
    "text_ocr": "DUCHEMIN, Farence, porcelaines et cristaux ;\nboulL de ls Madéleine: 4:\n",
    "type": "ENTRY"
  },
  {
    "EOL": false,
    "box": [
      458,
      671,
      274,
      19
    ],
    "id": 403,
    "indented": true,
    "parent": 402,
    "text": "",
    "type": "LINE"
  },
  {
    "addresses": [],
    "box": [
      458,
      671,
      274,
      19
    ],
    "checked": false,
    "id": 402,
    "ner_xml": "<PER>DUCHEMIN jeune</PER>,<ACT>r. du Pac</ACT>,<CARDINAL>98</CARDINAL>.\n",
    "origin": "computer",
    "parent": 361,
    "persons": [
      "DUCHEMIN jeune"
    ],
    "text_ocr": "DUCHEMIN jeune, r. du Pac, 98.\n",
    "type": "ENTRY"
  },
  {
    "EOL": false,
    "box": [
      458,
      692,
      405,
      19
    ],
    "id": 405,
    "indented": true,
    "parent": 404,
    "text": "",
    "type": "LINE"
  },
  {
    "EOL": false,
    "box": [
      479,
      714,
      237,
      17
    ],
    "id": 406,
    "indented": false,
    "parent": 404,
    "text": "",
    "type": "LINE"
  },
  {
    "addresses": [],
    "box": [
      458,
      692,
      405,
      39
    ],
    "checked": false,
    "id": 404,
    "ner_xml": "<PER>DUHAMEL. Ft porcelaines</PER>,<ACT>cristaux, bouteilles</ACT>,\ngrès: r. du Contrat-Social,<CARDINAL>4</CARDINAL>.\n",
    "origin": "computer",
    "parent": 361,
    "persons": [
      "DUHAMEL. Ft porcelaines"
    ],
    "text_ocr": "DUHAMEL. Ft porcelaines, cristaux, bouteilles,\ngrès: r. du Contrat-Social, 4.\n",
    "type": "ENTRY"
  },
  {
    "EOL": false,
    "box": [
      458,
      734,
      404,
      19
    ],
    "id": 408,
    "indented": true,
    "parent": 407,
    "text": "",
    "type": "LINE"
  },
  {
    "addresses": [],
    "box": [
      458,
      734,
      404,
      19
    ],
    "checked": false,
    "id": 407,
    "ner_xml": "<PER>DUPONT-LAGRE</PER>,<ACT>r. de la Vicille-Bouclerie</ACT>,<CARDINAL>24</CARDINAL>.\n",
    "origin": "computer",
    "parent": 361,
    "persons": [
      "DUPONT-LAGRE"
    ],
    "text_ocr": "DUPONT-LAGRE, r. de la Vicille-Bouclerie, 24.\n",
    "type": "ENTRY"
  },
  {
    "EOL": false,
    "box": [
      457,
      757,
      407,
      20
    ],
    "id": 410,
    "indented": true,
    "parent": 409,
    "text": "",
    "type": "LINE"
  },
  {
    "EOL": false,
    "box": [
      479,
      779,
      308,
      15
    ],
    "id": 411,
    "indented": false,
    "parent": 409,
    "text": "",
    "type": "LINE"
  },
  {
    "addresses": [],
    "box": [
      457,
      757,
      407,
      37
    ],
    "checked": false,
    "id": 409,
    "ner_xml": "DUPREY.<PER>Faiences</PER>,<ACT>porcelaines, cristaux, verrerie\net bouteilles : r. du Petit-Carrean.</ACT><CARDINAL>54</CARDINAL>.\n",
    "origin": "computer",
    "parent": 361,
    "persons": [
      "Faiences"
    ],
    "text_ocr": "DUPREY. Faiences, porcelaines, cristaux, verrerie\net bouteilles : r. du Petit-Carrean. 54.\n",
    "type": "ENTRY"
  },
  {
    "EOL": false,
    "box": [
      458,
      801,
      406,
      17
    ],
    "id": 413,
    "indented": true,
    "parent": 412,
    "text": "",
    "type": "LINE"
  },
  {
    "EOL": false,
    "box": [
      478,
      822,
      386,
      20
    ],
    "id": 414,
    "indented": false,
    "parent": 412,
    "text": "",
    "type": "LINE"
  },
  {
    "EOL": false,
    "box": [
      478,
      845,
      129,
      17
    ],
    "id": 415,
    "indented": false,
    "parent": 412,
    "text": "",
    "type": "LINE"
  },
  {
    "addresses": [
      {
        "street_name": "DURANCONX. Porcelaines",
        "street_numbers": []
      },
      {
        "street_name": "r. St.-Victor",
        "street_numbers": [
          "9"
        ]
      }
    ],
    "box": [
      458,
      801,
      406,
      61
    ],
    "checked": false,
    "id": 412,
    "ner_xml": "<LOC>DURANCONX. Porcelaines</LOC>,<ACT>carreaux de laienre, ver-\nreries, cristaux, cloches dejardin : env. en pro</ACT>:\n<LOC>r. St.-Victor</LOC>,<CARDINAL>9</CARDINAL>\n",
    "origin": "computer",
    "parent": 361,
    "persons": [],
    "text_ocr": "DURANCONX. Porcelaines, carreaux de laienre, ver-\nreries, cristaux, cloches dejardin : env. en pro:\nr. St.-Victor, 9\n",
    "type": "ENTRY"
  },
  {
    "EOL": false,
    "box": [
      457,
      866,
      344,
      18
    ],
    "id": 417,
    "indented": true,
    "parent": 416,
    "text": "",
    "type": "LINE"
  },
  {
    "addresses": [
      {
        "street_name": "St.-Honere",
        "street_numbers": [
          "1"
        ]
      }
    ],
    "box": [
      457,
      866,
      344,
      18
    ],
    "checked": false,
    "id": 416,
    "ner_xml": "DUVAL(V.),r. du Marche-<LOC>St.-Honere</LOC>,<CARDINAL>1</CARDINAL>.\n",
    "origin": "computer",
    "parent": 361,
    "persons": [],
    "text_ocr": "DUVAL(V.),r. du Marche-St.-Honere, 1.\n",
    "type": "ENTRY"
  },
  {
    "EOL": false,
    "box": [
      457,
      888,
      324,
      19
    ],
    "id": 419,
    "indented": true,
    "parent": 418,
    "text": "",
    "type": "LINE"
  },
  {
    "addresses": [],
    "box": [
      457,
      888,
      324,
      19
    ],
    "checked": false,
    "id": 418,
    "ner_xml": "DUVAL<PER>june. r. St.-Andre-des-Arts</PER>,<CARDINAL>22</CARDINAL>.\n",
    "origin": "computer",
    "parent": 361,
    "persons": [
      "june. r. St.-Andre-des-Arts"
    ],
    "text_ocr": "DUVAL june. r. St.-Andre-des-Arts, 22.\n",
    "type": "ENTRY"
  },
  {
    "EOL": false,
    "box": [
      457,
      908,
      177,
      17
    ],
    "id": 421,
    "indented": true,
    "parent": 420,
    "text": "",
    "type": "LINE"
  },
  {
    "addresses": [],
    "box": [
      457,
      908,
      177,
      17
    ],
    "checked": false,
    "id": 420,
    "ner_xml": "<PER>ECRY. r. Boucher</PER>,<CARDINAL>2</CARDINAL>.\n",
    "origin": "computer",
    "parent": 361,
    "persons": [
      "ECRY. r. Boucher"
    ],
    "text_ocr": "ECRY. r. Boucher, 2.\n",
    "type": "ENTRY"
  },
  {
    "EOL": false,
    "box": [
      457,
      931,
      341,
      16
    ],
    "id": 423,
    "indented": true,
    "parent": 422,
    "text": "",
    "type": "LINE"
  },
  {
    "addresses": [
      {
        "street_name": "r. des Fosses-St.-G.-des-Pres",
        "street_numbers": [
          "11"
        ]
      }
    ],
    "box": [
      457,
      931,
      341,
      16
    ],
    "checked": false,
    "id": 422,
    "ner_xml": "<PER>ESSON.</PER><LOC>r. des Fosses-St.-G.-des-Pres</LOC>,<CARDINAL>11</CARDINAL>).\n",
    "origin": "computer",
    "parent": 361,
    "persons": [
      "ESSON."
    ],
    "text_ocr": "ESSON. r. des Fosses-St.-G.-des-Pres, 11).\n",
    "type": "ENTRY"
  },
  {
    "EOL": false,
    "box": [
      457,
      954,
      405,
      18
    ],
    "id": 425,
    "indented": true,
    "parent": 424,
    "text": "",
    "type": "LINE"
  },
  {
    "EOL": false,
    "box": [
      478,
      975,
      319,
      19
    ],
    "id": 426,
    "indented": false,
    "parent": 424,
    "text": "",
    "type": "LINE"
  },
  {
    "addresses": [
      {
        "street_name": "q. Voltaire",
        "street_numbers": [
          "9"
        ]
      }
    ],
    "box": [
      457,
      954,
      405,
      40
    ],
    "checked": false,
    "id": 424,
    "ner_xml": "<PER>EUDES. Faiences</PER>,<ACT>cristaux, poreelaines d'occasion</ACT>,\ndénôt d’eau de Cologne :<LOC>q. Voltaire</LOC>, (<CARDINAL>9</CARDINAL>!\n",
    "origin": "computer",
    "parent": 361,
    "persons": [
      "EUDES. Faiences"
    ],
    "text_ocr": "EUDES. Faiences, cristaux, poreelaines d'occasion,\ndénôt d’eau de Cologne : q. Voltaire, (9!\n",
    "type": "ENTRY"
  },
  {
    "EOL": false,
    "box": [
      457,
      997,
      406,
      19
    ],
    "id": 428,
    "indented": true,
    "parent": 427,
    "text": "",
    "type": "LINE"
  },
  {
    "EOL": false,
    "box": [
      477,
      1018,
      386,
      19
    ],
    "id": 429,
    "indented": false,
    "parent": 427,
    "text": "",
    "type": "LINE"
  },
  {
    "EOL": false,
    "box": [
      479,
      1040,
      217,
      18
    ],
    "id": 430,
    "indented": false,
    "parent": 427,
    "text": "",
    "type": "LINE"
  },
  {
    "addresses": [],
    "box": [
      457,
      997,
      406,
      61
    ],
    "checked": false,
    "id": 427,
    "ner_xml": "<PER>FEAUVEAU. Faences</PER>,<ACT>porcelaines el verreries</ACT>,\ncloches de jardin,<ACT>bouteilles, flacons : env. eu\nprove r. St.-Honoré</ACT>,<CARDINAL>256</CARDINAL>.\n",
    "origin": "computer",
    "parent": 361,
    "persons": [
      "FEAUVEAU. Faences"
    ],
    "text_ocr": "FEAUVEAU. Faences, porcelaines el verreries,\ncloches de jardin, bouteilles, flacons : env. eu\nprove r. St.-Honoré, 256.\n",
    "type": "ENTRY"
  },
  {
    "EOL": false,
    "box": [
      457,
      1060,
      406,
      20
    ],
    "id": 432,
    "indented": true,
    "parent": 431,
    "text": "",
    "type": "LINE"
  },
  {
    "EOL": false,
    "box": [
      479,
      1084,
      89,
      15
    ],
    "id": 433,
    "indented": false,
    "parent": 431,
    "text": "",
    "type": "LINE"
  },
  {
    "addresses": [
      {
        "street_name": "imp. St-\nMartial",
        "street_numbers": []
      }
    ],
    "box": [
      457,
      1060,
      406,
      39
    ],
    "checked": false,
    "id": 431,
    "ner_xml": "<PER>FERREIRA et DEFARIA</PER>,<PER>r. Si.-Elor</PER>,<LOC>imp. St-\nMartial</LOC>,<TITRE>S.\n</TITRE>",
    "origin": "computer",
    "parent": 361,
    "persons": [
      "FERREIRA et DEFARIA",
      "r. Si.-Elor"
    ],
    "text_ocr": "FERREIRA et DEFARIA, r. Si.-Elor, imp. St-\nMartial, S.\n",
    "type": "ENTRY"
  },
  {
    "EOL": false,
    "box": [
      458,
      1104,
      245,
      18
    ],
    "id": 435,
    "indented": true,
    "parent": 434,
    "text": "",
    "type": "LINE"
  },
  {
    "addresses": [
      {
        "street_name": "r. Montmartre",
        "street_numbers": [
          "4992"
        ]
      }
    ],
    "box": [
      458,
      1104,
      245,
      18
    ],
    "checked": false,
    "id": 434,
    "ner_xml": "<PER>FILLOT</PER>,<LOC>r. Montmartre</LOC>,<CARDINAL>4992</CARDINAL>.\n",
    "origin": "computer",
    "parent": 361,
    "persons": [
      "FILLOT"
    ],
    "text_ocr": "FILLOT, r. Montmartre, 4992.\n",
    "type": "ENTRY"
  },
  {
    "EOL": false,
    "box": [
      457,
      1125,
      385,
      20
    ],
    "id": 437,
    "indented": true,
    "parent": 436,
    "text": "",
    "type": "LINE"
  },
  {
    "addresses": [],
    "box": [
      457,
      1125,
      385,
      20
    ],
    "checked": false,
    "id": 436,
    "ner_xml": "<PER>FLAN. Cristaux et porcel. ; r. St.-Honore</PER>,<CARDINAL>517</CARDINAL>.\n",
    "origin": "computer",
    "parent": 361,
    "persons": [
      "FLAN. Cristaux et porcel. ; r. St.-Honore"
    ],
    "text_ocr": "FLAN. Cristaux et porcel. ; r. St.-Honore, 517.\n",
    "type": "ENTRY"
  },
  {
    "EOL": false,
    "box": [
      458,
      1147,
      326,
      16
    ],
    "id": 439,
    "indented": true,
    "parent": 438,
    "text": "",
    "type": "LINE"
  },
  {
    "addresses": [],
    "box": [
      458,
      1147,
      326,
      16
    ],
    "checked": false,
    "id": 438,
    "ner_xml": "<PER>FOURDRINIER</PER>,<ACT>r. du Mont-Blanc</ACT>, où.\n",
    "origin": "computer",
    "parent": 361,
    "persons": [
      "FOURDRINIER"
    ],
    "text_ocr": "FOURDRINIER, r. du Mont-Blanc, où.\n",
    "type": "ENTRY"
  },
  {
    "EOL": false,
    "box": [
      458,
      1169,
      329,
      17
    ],
    "id": 441,
    "indented": true,
    "parent": 440,
    "text": "",
    "type": "LINE"
  },
  {
    "addresses": [],
    "box": [
      458,
      1169,
      329,
      17
    ],
    "checked": false,
    "id": 440,
    "ner_xml": "<PER>FOURNIER</PER>,<ACT>r. du Faub.-St.-Honore</ACT>,<CARDINAL>0</CARDINAL>.\n",
    "origin": "computer",
    "parent": 361,
    "persons": [
      "FOURNIER"
    ],
    "text_ocr": "FOURNIER, r. du Faub.-St.-Honore, 0.\n",
    "type": "ENTRY"
  },
  {
    "EOL": false,
    "box": [
      458,
      1190,
      264,
      17
    ],
    "id": 443,
    "indented": true,
    "parent": 442,
    "text": "",
    "type": "LINE"
  },
  {
    "addresses": [],
    "box": [
      458,
      1190,
      264,
      17
    ],
    "checked": false,
    "id": 442,
    "ner_xml": "<PER>FOURNIER</PER>,<ACT>r. St.-Martan</ACT>,<CARDINAL>460</CARDINAL>.\n",
    "origin": "computer",
    "parent": 361,
    "persons": [
      "FOURNIER"
    ],
    "text_ocr": "FOURNIER, r. St.-Martan, 460.\n",
    "type": "ENTRY"
  },
  {
    "EOL": false,
    "box": [
      459,
      1211,
      268,
      20
    ],
    "id": 445,
    "indented": true,
    "parent": 444,
    "text": "",
    "type": "LINE"
  },
  {
    "addresses": [],
    "box": [
      459,
      1211,
      268,
      20
    ],
    "checked": false,
    "id": 444,
    "ner_xml": "<PER>FRANÇOIS (L.)</PER>,<ACT>r. de Clery</ACT>,<CARDINAL>19</CARDINAL>,\n",
    "origin": "computer",
    "parent": 361,
    "persons": [
      "FRANÇOIS (L.)"
    ],
    "text_ocr": "FRANÇOIS (L.), r. de Clery, 19,\n",
    "type": "ENTRY"
  },
  {
    "EOL": false,
    "box": [
      459,
      1233,
      403,
      19
    ],
    "id": 447,
    "indented": true,
    "parent": 446,
    "text": "",
    "type": "LINE"
  },
  {
    "addresses": [],
    "box": [
      459,
      1233,
      403,
      19
    ],
    "checked": false,
    "id": 446,
    "ner_xml": "<PER>FROGER</PER>et<ACT>comp. Et cristaux;r. St.-Antoine</ACT>,<CARDINAL>51</CARDINAL>.\n",
    "origin": "computer",
    "parent": 361,
    "persons": [
      "FROGER"
    ],
    "text_ocr": "FROGER et comp. Et cristaux;r. St.-Antoine, 51.\n",
    "type": "ENTRY"
  },
  {
    "EOL": false,
    "box": [
      457,
      1254,
      340,
      21
    ],
    "id": 449,
    "indented": true,
    "parent": 448,
    "text": "",
    "type": "LINE"
  },
  {
    "addresses": [],
    "box": [
      457,
      1254,
      340,
      21
    ],
    "checked": false,
    "id": 448,
    "ner_xml": "<PER>GAGEOT</PER>,<ACT>r. Nve.-des-Pelits-Champs</ACT>,<CARDINAL>41</CARDINAL>.\n",
    "origin": "computer",
    "parent": 361,
    "persons": [
      "GAGEOT"
    ],
    "text_ocr": "GAGEOT, r. Nve.-des-Pelits-Champs, 41.\n",
    "type": "ENTRY"
  },
  {
    "EOL": false,
    "box": [
      457,
      1276,
      407,
      16
    ],
    "id": 451,
    "indented": true,
    "parent": 450,
    "text": "",
    "type": "LINE"
  },
  {
    "EOL": false,
    "box": [
      480,
      1297,
      383,
      22
    ],
    "id": 452,
    "indented": false,
    "parent": 450,
    "text": "",
    "type": "LINE"
  },
  {
    "EOL": false,
    "box": [
      479,
      1321,
      385,
      19
    ],
    "id": 453,
    "indented": false,
    "parent": 450,
    "text": "",
    "type": "LINE"
  },
  {
    "EOL": false,
    "box": [
      479,
      1340,
      383,
      21
    ],
    "id": 454,
    "indented": false,
    "parent": 450,
    "text": "",
    "type": "LINE"
  },
  {
    "EOL": false,
    "box": [
      479,
      1362,
      383,
      18
    ],
    "id": 455,
    "indented": false,
    "parent": 450,
    "text": "",
    "type": "LINE"
  },
  {
    "addresses": [],
    "box": [
      457,
      1276,
      407,
      104
    ],
    "checked": false,
    "id": 450,
    "ner_xml": "GAMBIER.<PER>Porcelaines</PER>,<ACT>faiences, cristaux, verres\nbombés, globes et garde-vues, verres à qüin-\nquels, pipes en gros</ACT>, el fout ce qui concerne\nles<ACT>débitants de tabacs ; loue porcelaines et cris-\ntaux : fait la commission: r. de l'Arbre-Sec</ACT>,<CARDINAL>20</CARDINAL>.\n",
    "origin": "computer",
    "parent": 361,
    "persons": [
      "Porcelaines"
    ],
    "text_ocr": "GAMBIER. Porcelaines, faiences, cristaux, verres\nbombés, globes et garde-vues, verres à qüin-\nquels, pipes en gros, el fout ce qui concerne\nles débitants de tabacs ; loue porcelaines et cris-\ntaux : fait la commission: r. de l'Arbre-Sec, 20.\n",
    "type": "ENTRY"
  },
  {
    "EOL": false,
    "box": [
      457,
      1384,
      329,
      16
    ],
    "id": 457,
    "indented": true,
    "parent": 456,
    "text": "",
    "type": "LINE"
  },
  {
    "addresses": [],
    "box": [
      457,
      1384,
      329,
      16
    ],
    "checked": false,
    "id": 456,
    "ner_xml": "<PER>GA TELIER</PER>,<ACT>r. du Faub.-St -Martin. 3%</ACT>.\n",
    "origin": "computer",
    "parent": 361,
    "persons": [
      "GA TELIER"
    ],
    "text_ocr": "GA TELIER, r. du Faub.-St -Martin. 3%.\n",
    "type": "ENTRY"
  },
  {
    "EOL": false,
    "box": [
      456,
      1402,
      231,
      23
    ],
    "id": 459,
    "indented": true,
    "parent": 458,
    "text": "",
    "type": "LINE"
  },
  {
    "addresses": [
      {
        "street_name": "GEANT, r. Bourtibourg",
        "street_numbers": [
          "44"
        ]
      }
    ],
    "box": [
      456,
      1402,
      231,
      23
    ],
    "checked": false,
    "id": 458,
    "ner_xml": "<LOC>GEANT, r. Bourtibourg</LOC>,<CARDINAL>44</CARDINAL>.\n",
    "origin": "computer",
    "parent": 361,
    "persons": [],
    "text_ocr": "GEANT, r. Bourtibourg, 44.\n",
    "type": "ENTRY"
  },
  {
    "EOL": false,
    "box": [
      456,
      1427,
      258,
      17
    ],
    "id": 461,
    "indented": true,
    "parent": 460,
    "text": "",
    "type": "LINE"
  },
  {
    "addresses": [],
    "box": [
      456,
      1427,
      258,
      17
    ],
    "checked": false,
    "id": 460,
    "ner_xml": "<PER>GODARD</PER>,<ACT>r. de Boureosne</ACT>,<CARDINAL>25</CARDINAL>.\n",
    "origin": "computer",
    "parent": 361,
    "persons": [
      "GODARD"
    ],
    "text_ocr": "GODARD, r. de Boureosne, 25.\n",
    "type": "ENTRY"
  },
  {
    "box": [
      452,
      133,
      413,
      1311
    ],
    "id": 361,
    "parent": 360,
    "type": "COLUMN_LEVEL_2"
  },
  {
    "box": [
      452,
      133,
      413,
      1311
    ],
    "id": 360,
    "parent": 359,
    "type": "SECTION_LEVEL_2"
  },
  {
    "box": [
      452,
      133,
      413,
      1311
    ],
    "id": 359,
    "parent": 258,
    "type": "COLUMN_LEVEL_1"
  },
  {
    "box": [
      35,
      133,
      830,
      1311
    ],
    "id": 258,
    "parent": 256,
    "type": "SECTION_LEVEL_1"
  },
  {
    "box": [
      35,
      101,
      830,
      1343
    ],
    "id": 256,
    "type": "PAGE"
  }
]
