{
  "content": [
    {
      "box": [
        29, 
        90, 
        841, 
        14
      ], 
      "checked": false, 
      "id": 257, 
      "origin": "computer", 
      "parent": 256, 
      "text": "ad CTTUTACTS VA,\n", 
      "type": "TITLE_LEVEL_1"
    }, 
    {
      "EOL": false, 
      "box": [
        31, 
        121, 
        331, 
        17
      ], 
      "id": 263, 
      "indented": false, 
      "parent": 262, 
      "text": "", 
      "type": "LINE"
    }, 
    {
      "addresses": [], 
      "box": [
        31, 
        121, 
        331, 
        17
      ], 
      "checked": false, 
      "id": 262, 
      "ner_xml": "<PER>DESNOYERS</PER>,<ACT>r.St.-Nicolas-d Anti</ACT>,<CARDINAL>92</CARDINAL>.\n", 
      "origin": "computer", 
      "parent": 261, 
      "persons": [
        "DESNOYERS"
      ], 
      "text_ocr": "DESNOYERS, r.St.-Nicolas-d Anti, 92.\n", 
      "type": "ENTRY"
    }, 
    {
      "EOL": false, 
      "box": [
        32, 
        143, 
        210, 
        19
      ], 
      "id": 265, 
      "indented": true, 
      "parent": 264, 
      "text": "", 
      "type": "LINE"
    }, 
    {
      "addresses": [
        {
          "street_name": "Chabannais", 
          "street_numbers": [
            "0"
          ]
        }
      ], 
      "box": [
        32, 
        143, 
        210, 
        19
      ], 
      "checked": false, 
      "id": 264, 
      "ner_xml": "DIVRY,<ACT>r</ACT>,<LOC>Chabannais</LOC>,<CARDINAL>0</CARDINAL>.\n", 
      "origin": "computer", 
      "parent": 261, 
      "persons": [], 
      "text_ocr": "DIVRY,r, Chabannais, 0.\n", 
      "type": "ENTRY"
    }, 
    {
      "EOL": false, 
      "box": [
        32, 
        165, 
        199, 
        17
      ], 
      "id": 267, 
      "indented": true, 
      "parent": 266, 
      "text": "", 
      "type": "LINE"
    }, 
    {
      "addresses": [
        {
          "street_name": "r. Bailleul", 
          "street_numbers": []
        }, 
        {
          "street_name": "#", 
          "street_numbers": [
            "1"
          ]
        }
      ], 
      "box": [
        32, 
        165, 
        199, 
        17
      ], 
      "checked": false, 
      "id": 266, 
      "ner_xml": "DIVRY,<LOC>r. Bailleul</LOC>,<LOC>#</LOC><CARDINAL>1</CARDINAL>.\n", 
      "origin": "computer", 
      "parent": 261, 
      "persons": [], 
      "text_ocr": "DIVRY,r. Bailleul, #1.\n", 
      "type": "ENTRY"
    }, 
    {
      "EOL": false, 
      "box": [
        31, 
        186, 
        266, 
        18
      ], 
      "id": 269, 
      "indented": true, 
      "parent": 268, 
      "text": "", 
      "type": "LINE"
    }, 
    {
      "addresses": [
        {
          "street_name": "r. Beauregard", 
          "street_numbers": [
            "14"
          ]
        }
      ], 
      "box": [
        31, 
        186, 
        266, 
        18
      ], 
      "checked": false, 
      "id": 268, 
      "ner_xml": "<PER>DORLEANS</PER>,<LOC>r. Beauregard</LOC>,<CARDINAL>14</CARDINAL>.\n", 
      "origin": "computer", 
      "parent": 261, 
      "persons": [
        "DORLEANS"
      ], 
      "text_ocr": "DORLEANS, r. Beauregard, 14.\n", 
      "type": "ENTRY"
    }, 
    {
      "EOL": false, 
      "box": [
        32, 
        207, 
        343, 
        19
      ], 
      "id": 271, 
      "indented": true, 
      "parent": 270, 
      "text": "", 
      "type": "LINE"
    }, 
    {
      "addresses": [], 
      "box": [
        32, 
        207, 
        343, 
        19
      ], 
      "checked": false, 
      "id": 270, 
      "ner_xml": "<PER>DOUCET, r. du Faub.-Porssonmere</PER>,<CARDINAL>192</CARDINAL>.\n", 
      "origin": "computer", 
      "parent": 261, 
      "persons": [
        "DOUCET, r. du Faub.-Porssonmere"
      ], 
      "text_ocr": "DOUCET, r. du Faub.-Porssonmere, 192.\n", 
      "type": "ENTRY"
    }, 
    {
      "EOL": false, 
      "box": [
        32, 
        230, 
        288, 
        17
      ], 
      "id": 273, 
      "indented": true, 
      "parent": 272, 
      "text": "", 
      "type": "LINE"
    }, 
    {
      "addresses": [], 
      "box": [
        32, 
        230, 
        288, 
        17
      ], 
      "checked": false, 
      "id": 272, 
      "ner_xml": "<PER>DROUERE</PER>,<ACT>r. du Mont-PBlauc, #</ACT><CARDINAL>7</CARDINAL>.\n", 
      "origin": "computer", 
      "parent": 261, 
      "persons": [
        "DROUERE"
      ], 
      "text_ocr": "DROUERE, r. du Mont-PBlauc, #7.\n", 
      "type": "ENTRY"
    }, 
    {
      "EOL": false, 
      "box": [
        32, 
        252, 
        308, 
        16
      ], 
      "id": 275, 
      "indented": true, 
      "parent": 274, 
      "text": "", 
      "type": "LINE"
    }, 
    {
      "addresses": [], 
      "box": [
        32, 
        252, 
        308, 
        16
      ], 
      "checked": false, 
      "id": 274, 
      "ner_xml": "DROUIX,<ACT>r. du Faub.-St-Dens</ACT>, VS.\n", 
      "origin": "computer", 
      "parent": 261, 
      "persons": [], 
      "text_ocr": "DROUIX, r. du Faub.-St-Dens , VS.\n", 
      "type": "ENTRY"
    }, 
    {
      "EOL": false, 
      "box": [
        31, 
        273, 
        312, 
        17
      ], 
      "id": 277, 
      "indented": true, 
      "parent": 276, 
      "text": "", 
      "type": "LINE"
    }, 
    {
      "addresses": [
        {
          "street_name": "DUPBUS. r. Neuve-des-Mathurins", 
          "street_numbers": [
            "19"
          ]
        }
      ], 
      "box": [
        31, 
        273, 
        312, 
        17
      ], 
      "checked": false, 
      "id": 276, 
      "ner_xml": "<LOC>DUPBUS. r. Neuve-des-Mathurins</LOC>,<CARDINAL>19</CARDINAL>,\n", 
      "origin": "computer", 
      "parent": 261, 
      "persons": [], 
      "text_ocr": "DUPBUS. r. Neuve-des-Mathurins, 19,\n", 
      "type": "ENTRY"
    }, 
    {
      "EOL": false, 
      "box": [
        32, 
        294, 
        354, 
        19
      ], 
      "id": 279, 
      "indented": true, 
      "parent": 278, 
      "text": "", 
      "type": "LINE"
    }, 
    {
      "addresses": [
        {
          "street_name": "r. St.-Andr\u00e9", 
          "street_numbers": [
            "10"
          ]
        }
      ], 
      "box": [
        32, 
        294, 
        354, 
        19
      ], 
      "checked": false, 
      "id": 278, 
      "ner_xml": "<PER>DUFOUR</PER>,<LOC>r. St.-Andr\u00e9</LOC>,<CARDINAL>10</CARDINAL>, hors barriere.\n", 
      "origin": "computer", 
      "parent": 261, 
      "persons": [
        "DUFOUR"
      ], 
      "text_ocr": "DUFOUR, r. St.-Andr\u00e9, 10, hors barriere.\n", 
      "type": "ENTRY"
    }, 
    {
      "EOL": false, 
      "box": [
        33, 
        318, 
        221, 
        16
      ], 
      "id": 281, 
      "indented": true, 
      "parent": 280, 
      "text": "", 
      "type": "LINE"
    }, 
    {
      "addresses": [
        {
          "street_name": "r. St.-iazare", 
          "street_numbers": [
            "22"
          ]
        }
      ], 
      "box": [
        33, 
        318, 
        221, 
        16
      ], 
      "checked": false, 
      "id": 280, 
      "ner_xml": "<TITRE>DUMAS</TITRE>,<LOC>r. St.-iazare</LOC>,<CARDINAL>22</CARDINAL>,\n", 
      "origin": "computer", 
      "parent": 261, 
      "persons": [], 
      "text_ocr": "DUMAS, r. St.-iazare, 22,\n", 
      "type": "ENTRY"
    }, 
    {
      "EOL": false, 
      "box": [
        32, 
        339, 
        282, 
        15
      ], 
      "id": 283, 
      "indented": true, 
      "parent": 282, 
      "text": "", 
      "type": "LINE"
    }, 
    {
      "addresses": [], 
      "box": [
        32, 
        339, 
        282, 
        15
      ], 
      "checked": false, 
      "id": 282, 
      "ner_xml": "<PER>DUMENEL r du Mont-Blanc.</PER><CARDINAL>92</CARDINAL>.\n", 
      "origin": "computer", 
      "parent": 261, 
      "persons": [
        "DUMENEL r du Mont-Blanc."
      ], 
      "text_ocr": "DUMENEL r du Mont-Blanc. 92.\n", 
      "type": "ENTRY"
    }, 
    {
      "EOL": false, 
      "box": [
        32, 
        359, 
        408, 
        18
      ], 
      "id": 285, 
      "indented": true, 
      "parent": 284, 
      "text": "", 
      "type": "LINE"
    }, 
    {
      "addresses": [], 
      "box": [
        32, 
        359, 
        408, 
        18
      ], 
      "checked": false, 
      "id": 284, 
      "ner_xml": "<PER>DUPOIZ A. r. des Foss\u00e9s-Si.-Germ.l'Auxerr.</PER>,<CARDINAL>49</CARDINAL>,\n", 
      "origin": "computer", 
      "parent": 261, 
      "persons": [
        "DUPOIZ A. r. des Foss\u00e9s-Si.-Germ.l'Auxerr."
      ], 
      "text_ocr": "DUPOIZ A. r. des Foss\u00e9s-Si.-Germ.l'Auxerr., 49,\n", 
      "type": "ENTRY"
    }, 
    {
      "EOL": false, 
      "box": [
        31, 
        382, 
        289, 
        19
      ], 
      "id": 287, 
      "indented": true, 
      "parent": 286, 
      "text": "", 
      "type": "LINE"
    }, 
    {
      "addresses": [
        {
          "street_name": "r. Bourbon-le-Ch\u00e2\u00e4teau", 
          "street_numbers": [
            "2"
          ]
        }
      ], 
      "box": [
        31, 
        382, 
        289, 
        19
      ], 
      "checked": false, 
      "id": 286, 
      "ner_xml": "<PER>DUPRE</PER>,<LOC>r. Bourbon-le-Ch\u00e2\u00e4teau</LOC>,<CARDINAL>2</CARDINAL>.\n", 
      "origin": "computer", 
      "parent": 261, 
      "persons": [
        "DUPRE"
      ], 
      "text_ocr": "DUPRE, r. Bourbon-le-Ch\u00e2\u00e4teau, 2.\n", 
      "type": "ENTRY"
    }, 
    {
      "EOL": false, 
      "box": [
        31, 
        409, 
        245, 
        14
      ], 
      "id": 289, 
      "indented": true, 
      "parent": 288, 
      "text": "", 
      "type": "LINE"
    }, 
    {
      "addresses": [], 
      "box": [
        31, 
        409, 
        245, 
        14
      ], 
      "checked": false, 
      "id": 288, 
      "ner_xml": "<PER>DEPRE. r. des (annuelles</PER>,<CARDINAL>12</CARDINAL>.\n", 
      "origin": "computer", 
      "parent": 261, 
      "persons": [
        "DEPRE. r. des (annuelles"
      ], 
      "text_ocr": "DEPRE. r. des (annuelles, 12.\n", 
      "type": "ENTRY"
    }, 
    {
      "EOL": false, 
      "box": [
        31, 
        429, 
        276, 
        18
      ], 
      "id": 291, 
      "indented": true, 
      "parent": 290, 
      "text": "", 
      "type": "LINE"
    }, 
    {
      "addresses": [], 
      "box": [
        31, 
        429, 
        276, 
        18
      ], 
      "checked": false, 
      "id": 290, 
      "ner_xml": "<PER>DURAND</PER>,<ACT>r. el ile St.-Louis</ACT>,<CARDINAL>40</CARDINAL>.\n", 
      "origin": "computer", 
      "parent": 261, 
      "persons": [
        "DURAND"
      ], 
      "text_ocr": "DURAND, r. el ile St.-Louis, 40.\n", 
      "type": "ENTRY"
    }, 
    {
      "EOL": false, 
      "box": [
        31, 
        449, 
        375, 
        20
      ], 
      "id": 293, 
      "indented": true, 
      "parent": 292, 
      "text": "", 
      "type": "LINE"
    }, 
    {
      "addresses": [
        {
          "street_name": "r. St.-Nicolas", 
          "street_numbers": [
            "8"
          ]
        }, 
        {
          "street_name": "St-Autoine", 
          "street_numbers": []
        }
      ], 
      "box": [
        31, 
        449, 
        375, 
        20
      ], 
      "checked": false, 
      "id": 292, 
      "ner_xml": "<PER>DUVAL</PER>,<LOC>r. St.-Nicolas</LOC>,<CARDINAL>8</CARDINAL>, faub.<LOC>St-Autoine</LOC>.\n", 
      "origin": "computer", 
      "parent": 261, 
      "persons": [
        "DUVAL"
      ], 
      "text_ocr": "DUVAL, r. St.-Nicolas, 8, faub. St-Autoine.\n", 
      "type": "ENTRY"
    }, 
    {
      "EOL": false, 
      "box": [
        32, 
        473, 
        181, 
        15
      ], 
      "id": 295, 
      "indented": true, 
      "parent": 294, 
      "text": "", 
      "type": "LINE"
    }, 
    {
      "addresses": [
        {
          "street_name": "r. Bleue.", 
          "street_numbers": [
            "22"
          ]
        }
      ], 
      "box": [
        32, 
        473, 
        181, 
        15
      ], 
      "checked": false, 
      "id": 294, 
      "ner_xml": "DUVAL.<LOC>r. Bleue.</LOC><CARDINAL>22</CARDINAL>.\n", 
      "origin": "computer", 
      "parent": 261, 
      "persons": [], 
      "text_ocr": "DUVAL. r. Bleue. 22.\n", 
      "type": "ENTRY"
    }, 
    {
      "EOL": false, 
      "box": [
        30, 
        493, 
        354, 
        18
      ], 
      "id": 297, 
      "indented": true, 
      "parent": 296, 
      "text": "", 
      "type": "LINE"
    }, 
    {
      "addresses": [], 
      "box": [
        30, 
        493, 
        354, 
        18
      ], 
      "checked": false, 
      "id": 296, 
      "ner_xml": "EXUPERE {Colas\u2019.<PER>r. et ile St.-Louis</PER>,<CARDINAL>21</CARDINAL>,\n", 
      "origin": "computer", 
      "parent": 261, 
      "persons": [
        "r. et ile St.-Louis"
      ], 
      "text_ocr": "EXUPERE {Colas\u2019. r. et ile St.-Louis, 21,\n", 
      "type": "ENTRY"
    }, 
    {
      "EOL": false, 
      "box": [
        30, 
        513, 
        398, 
        18
      ], 
      "id": 299, 
      "indented": true, 
      "parent": 298, 
      "text": "", 
      "type": "LINE"
    }, 
    {
      "addresses": [
        {
          "street_name": "r. St.-Lazare", 
          "street_numbers": [
            "444"
          ]
        }
      ], 
      "box": [
        30, 
        513, 
        398, 
        18
      ], 
      "checked": false, 
      "id": 298, 
      "ner_xml": "<PER>FARCY. Pose les sonnettes</PER>:<LOC>r. St.-Lazare</LOC>,<CARDINAL>444</CARDINAL>.\n", 
      "origin": "computer", 
      "parent": 261, 
      "persons": [
        "FARCY. Pose les sonnettes"
      ], 
      "text_ocr": "FARCY. Pose les sonnettes: r. St.-Lazare, 444.\n", 
      "type": "ENTRY"
    }, 
    {
      "EOL": false, 
      "box": [
        30, 
        538, 
        280, 
        16
      ], 
      "id": 301, 
      "indented": true, 
      "parent": 300, 
      "text": "", 
      "type": "LINE"
    }, 
    {
      "addresses": [], 
      "box": [
        30, 
        538, 
        280, 
        16
      ], 
      "checked": false, 
      "id": 300, 
      "ner_xml": "<PER>FARCY. r. Neuve-St.-Martin</PER>,<CARDINAL>18</CARDINAL>.\n", 
      "origin": "computer", 
      "parent": 261, 
      "persons": [
        "FARCY. r. Neuve-St.-Martin"
      ], 
      "text_ocr": "FARCY. r. Neuve-St.-Martin, 18.\n", 
      "type": "ENTRY"
    }, 
    {
      "EOL": false, 
      "box": [
        30, 
        558, 
        410, 
        22
      ], 
      "id": 303, 
      "indented": true, 
      "parent": 302, 
      "text": "", 
      "type": "LINE"
    }, 
    {
      "EOL": false, 
      "box": [
        52, 
        584, 
        123, 
        18
      ], 
      "id": 304, 
      "indented": false, 
      "parent": 302, 
      "text": "", 
      "type": "LINE"
    }, 
    {
      "addresses": [], 
      "box": [
        30, 
        558, 
        410, 
        44
      ], 
      "checked": false, 
      "id": 302, 
      "ner_xml": "FAUCONNIER.<ACT>Entrepreneur de serrurerie; pas-\nsage St.-Merry</ACT>.\n", 
      "origin": "computer", 
      "parent": 261, 
      "persons": [], 
      "text_ocr": "FAUCONNIER. Entrepreneur de serrurerie; pas-\nsage St.-Merry.\n", 
      "type": "ENTRY"
    }, 
    {
      "EOL": false, 
      "box": [
        30, 
        606, 
        380, 
        17
      ], 
      "id": 306, 
      "indented": true, 
      "parent": 305, 
      "text": "", 
      "type": "LINE"
    }, 
    {
      "addresses": [
        {
          "street_name": "St.-CGrerm.\n", 
          "street_numbers": []
        }
      ], 
      "box": [
        30, 
        606, 
        380, 
        17
      ], 
      "checked": false, 
      "id": 305, 
      "ner_xml": "<PER>FAUDIN.</PER>,<ACT>r, de la Chaise</ACT>,<CARDINAL>42</CARDINAL>,<ACT>taub</ACT>,<LOC>St.-CGrerm.\n</LOC>", 
      "origin": "computer", 
      "parent": 261, 
      "persons": [
        "FAUDIN."
      ], 
      "text_ocr": "FAUDIN., r, de la Chaise, 42, taub, St.-CGrerm.\n", 
      "type": "ENTRY"
    }, 
    {
      "EOL": false, 
      "box": [
        30, 
        626, 
        382, 
        18
      ], 
      "id": 308, 
      "indented": true, 
      "parent": 307, 
      "text": "", 
      "type": "LINE"
    }, 
    {
      "addresses": [], 
      "box": [
        30, 
        626, 
        382, 
        18
      ], 
      "checked": false, 
      "id": 307, 
      "ner_xml": "<PER>FAVAUD. r. des Deux-Portes-St.-Sauveur</PER>,<CARDINAL>9</CARDINAL>.\n", 
      "origin": "computer", 
      "parent": 261, 
      "persons": [
        "FAVAUD. r. des Deux-Portes-St.-Sauveur"
      ], 
      "text_ocr": "FAVAUD. r. des Deux-Portes-St.-Sauveur, 9.\n", 
      "type": "ENTRY"
    }, 
    {
      "EOL": false, 
      "box": [
        31, 
        650, 
        255, 
        15
      ], 
      "id": 310, 
      "indented": true, 
      "parent": 309, 
      "text": "", 
      "type": "LINE"
    }, 
    {
      "addresses": [], 
      "box": [
        31, 
        650, 
        255, 
        15
      ], 
      "checked": false, 
      "id": 309, 
      "ner_xml": "<PER>FERAGUES. r. St -Ceorres. 2/7</PER>.\n", 
      "origin": "computer", 
      "parent": 261, 
      "persons": [
        "FERAGUES. r. St -Ceorres. 2/7"
      ], 
      "text_ocr": "FERAGUES. r. St -Ceorres. 2/7.\n", 
      "type": "ENTRY"
    }, 
    {
      "EOL": false, 
      "box": [
        30, 
        672, 
        277, 
        16
      ], 
      "id": 312, 
      "indented": true, 
      "parent": 311, 
      "text": "", 
      "type": "LINE"
    }, 
    {
      "addresses": [], 
      "box": [
        30, 
        672, 
        277, 
        16
      ], 
      "checked": false, 
      "id": 311, 
      "ner_xml": "<PER>FERAND. r. du Cherche-Mrdu</PER>,<CARDINAL>7</CARDINAL>.\n", 
      "origin": "computer", 
      "parent": 261, 
      "persons": [
        "FERAND. r. du Cherche-Mrdu"
      ], 
      "text_ocr": "FERAND. r. du Cherche-Mrdu, 7.\n", 
      "type": "ENTRY"
    }, 
    {
      "EOL": false, 
      "box": [
        31, 
        692, 
        292, 
        16
      ], 
      "id": 314, 
      "indented": true, 
      "parent": 313, 
      "text": "", 
      "type": "LINE"
    }, 
    {
      "addresses": [], 
      "box": [
        31, 
        692, 
        292, 
        16
      ], 
      "checked": false, 
      "id": 313, 
      "ner_xml": "<PER>FERE Achille) r. de Bourbon</PER>.<CARDINAL>394</CARDINAL>.\n", 
      "origin": "computer", 
      "parent": 261, 
      "persons": [
        "FERE Achille) r. de Bourbon"
      ], 
      "text_ocr": "FERE Achille) r. de Bourbon. 394.\n", 
      "type": "ENTRY"
    }, 
    {
      "EOL": false, 
      "box": [
        31, 
        719, 
        194, 
        17
      ], 
      "id": 316, 
      "indented": true, 
      "parent": 315, 
      "text": "", 
      "type": "LINE"
    }, 
    {
      "addresses": [], 
      "box": [
        31, 
        719, 
        194, 
        17
      ], 
      "checked": false, 
      "id": 315, 
      "ner_xml": "<PER>FICHET, r</PER>,<PER>Rameau</PER>, \u00bb.\n", 
      "origin": "computer", 
      "parent": 261, 
      "persons": [
        "FICHET, r", 
        "Rameau"
      ], 
      "text_ocr": "FICHET, r, Rameau, \u00bb.\n", 
      "type": "ENTRY"
    }, 
    {
      "EOL": false, 
      "box": [
        31, 
        739, 
        297, 
        18
      ], 
      "id": 318, 
      "indented": true, 
      "parent": 317, 
      "text": "", 
      "type": "LINE"
    }, 
    {
      "addresses": [], 
      "box": [
        31, 
        739, 
        297, 
        18
      ], 
      "checked": false, 
      "id": 317, 
      "ner_xml": "<PER>FIGARET</PER>,<ACT>r. Jeau-Pain-Mollet</ACT>,<CARDINAL>14</CARDINAL>,\n", 
      "origin": "computer", 
      "parent": 261, 
      "persons": [
        "FIGARET"
      ], 
      "text_ocr": "FIGARET, r. Jeau-Pain-Mollet, 14,\n", 
      "type": "ENTRY"
    }, 
    {
      "EOL": false, 
      "box": [
        30, 
        762, 
        258, 
        17
      ], 
      "id": 320, 
      "indented": true, 
      "parent": 319, 
      "text": "", 
      "type": "LINE"
    }, 
    {
      "addresses": [
        {
          "street_name": "r. de la Maaeleine", 
          "street_numbers": [
            "26"
          ]
        }
      ], 
      "box": [
        30, 
        762, 
        258, 
        17
      ], 
      "checked": false, 
      "id": 319, 
      "ner_xml": "<PER>FINET.</PER>,<LOC>r. de la Maaeleine</LOC>,<CARDINAL>26</CARDINAL>.\n", 
      "origin": "computer", 
      "parent": 261, 
      "persons": [
        "FINET."
      ], 
      "text_ocr": "FINET., r. de la Maaeleine, 26.\n", 
      "type": "ENTRY"
    }, 
    {
      "EOL": false, 
      "box": [
        30, 
        782, 
        409, 
        22
      ], 
      "id": 322, 
      "indented": true, 
      "parent": 321, 
      "text": "", 
      "type": "LINE"
    }, 
    {
      "EOL": false, 
      "box": [
        52, 
        807, 
        112, 
        13
      ], 
      "id": 323, 
      "indented": false, 
      "parent": 321, 
      "text": "", 
      "type": "LINE"
    }, 
    {
      "addresses": [], 
      "box": [
        30, 
        782, 
        409, 
        38
      ], 
      "checked": false, 
      "id": 321, 
      "ner_xml": "<PER>FLEURET. Tout ce</PER>qui a<ACT>rapport \u00e0 la serrurerie ;\nr Bicher</ACT><CARDINAL>21</CARDINAL>.\n", 
      "origin": "computer", 
      "parent": 261, 
      "persons": [
        "FLEURET. Tout ce"
      ], 
      "text_ocr": "FLEURET. Tout ce qui a rapport \u00e0 la serrurerie ;\nr Bicher 21.\n", 
      "type": "ENTRY"
    }, 
    {
      "EOL": false, 
      "box": [
        31, 
        830, 
        408, 
        16
      ], 
      "id": 325, 
      "indented": true, 
      "parent": 324, 
      "text": "", 
      "type": "LINE"
    }, 
    {
      "addresses": [
        {
          "street_name": "FORESTIER.", 
          "street_numbers": [
            "1"
          ]
        }
      ], 
      "box": [
        31, 
        830, 
        408, 
        16
      ], 
      "checked": false, 
      "id": 324, 
      "ner_xml": "<LOC>FORESTIER.</LOC>r. de la Boucherie-des-Invalides,<CARDINAL>1</CARDINAL>%.\n", 
      "origin": "computer", 
      "parent": 261, 
      "persons": [], 
      "text_ocr": "FORESTIER. r. de la Boucherie-des-Invalides, 1%.\n", 
      "type": "ENTRY"
    }, 
    {
      "EOL": false, 
      "box": [
        29, 
        852, 
        249, 
        15
      ], 
      "id": 327, 
      "indented": true, 
      "parent": 326, 
      "text": "", 
      "type": "LINE"
    }, 
    {
      "addresses": [], 
      "box": [
        29, 
        852, 
        249, 
        15
      ], 
      "checked": false, 
      "id": 326, 
      "ner_xml": "<PER>FORGEOT. r. des Vertus.</PER><CARDINAL>23</CARDINAL>.\n", 
      "origin": "computer", 
      "parent": 261, 
      "persons": [
        "FORGEOT. r. des Vertus."
      ], 
      "text_ocr": "FORGEOT. r. des Vertus. 23.\n", 
      "type": "ENTRY"
    }, 
    {
      "EOL": false, 
      "box": [
        30, 
        875, 
        236, 
        17
      ], 
      "id": 329, 
      "indented": true, 
      "parent": 328, 
      "text": "", 
      "type": "LINE"
    }, 
    {
      "addresses": [], 
      "box": [
        30, 
        875, 
        236, 
        17
      ], 
      "checked": false, 
      "id": 328, 
      "ner_xml": "<PER>FRANCOIS</PER>,<ACT>r. du Caire</ACT>,<CARDINAL>29</CARDINAL>.\n", 
      "origin": "computer", 
      "parent": 261, 
      "persons": [
        "FRANCOIS"
      ], 
      "text_ocr": "FRANCOIS, r. du Caire, 29.\n", 
      "type": "ENTRY"
    }, 
    {
      "EOL": false, 
      "box": [
        29, 
        894, 
        343, 
        17
      ], 
      "id": 331, 
      "indented": true, 
      "parent": 330, 
      "text": "", 
      "type": "LINE"
    }, 
    {
      "addresses": [], 
      "box": [
        29, 
        894, 
        343, 
        17
      ], 
      "checked": false, 
      "id": 330, 
      "ner_xml": "<PER>GAILLARD r. des PBlarcs-Manteaux</PER>,<CARDINAL>96</CARDINAL>,\n", 
      "origin": "computer", 
      "parent": 261, 
      "persons": [
        "GAILLARD r. des PBlarcs-Manteaux"
      ], 
      "text_ocr": "GAILLARD r. des PBlarcs-Manteaux, 96,\n", 
      "type": "ENTRY"
    }, 
    {
      "EOL": false, 
      "box": [
        30, 
        917, 
        342, 
        16
      ], 
      "id": 333, 
      "indented": true, 
      "parent": 332, 
      "text": "", 
      "type": "LINE"
    }, 
    {
      "addresses": [], 
      "box": [
        30, 
        917, 
        342, 
        16
      ], 
      "checked": false, 
      "id": 332, 
      "ner_xml": "<PER>GALLINO. r. du Faub-Poissonniere</PER>,<CARDINAL>47</CARDINAL>,\n", 
      "origin": "computer", 
      "parent": 261, 
      "persons": [
        "GALLINO. r. du Faub-Poissonniere"
      ], 
      "text_ocr": "GALLINO. r. du Faub-Poissonniere, 47,\n", 
      "type": "ENTRY"
    }, 
    {
      "EOL": false, 
      "box": [
        30, 
        939, 
        345, 
        19
      ], 
      "id": 335, 
      "indented": true, 
      "parent": 334, 
      "text": "", 
      "type": "LINE"
    }, 
    {
      "addresses": [], 
      "box": [
        30, 
        939, 
        345, 
        19
      ], 
      "checked": false, 
      "id": 334, 
      "ner_xml": "<PER>GARBSONNET</PER>,<ACT>r. des Grands-Degres</ACT>,<CARDINAL>12</CARDINAL>.\n", 
      "origin": "computer", 
      "parent": 261, 
      "persons": [
        "GARBSONNET"
      ], 
      "text_ocr": "GARBSONNET, r. des Grands-Degres, 12.\n", 
      "type": "ENTRY"
    }, 
    {
      "EOL": false, 
      "box": [
        30, 
        961, 
        320, 
        19
      ], 
      "id": 337, 
      "indented": true, 
      "parent": 336, 
      "text": "", 
      "type": "LINE"
    }, 
    {
      "addresses": [], 
      "box": [
        30, 
        961, 
        320, 
        19
      ], 
      "checked": false, 
      "id": 336, 
      "ner_xml": "<PER>GAUMEL</PER>,<ACT>r. et porte St.-Martm</ACT>,<CARDINAL>297</CARDINAL>.\n", 
      "origin": "computer", 
      "parent": 261, 
      "persons": [
        "GAUMEL"
      ], 
      "text_ocr": "GAUMEL, r. et porte St.-Martm, 297.\n", 
      "type": "ENTRY"
    }, 
    {
      "EOL": false, 
      "box": [
        30, 
        984, 
        279, 
        15
      ], 
      "id": 339, 
      "indented": true, 
      "parent": 338, 
      "text": "", 
      "type": "LINE"
    }, 
    {
      "addresses": [], 
      "box": [
        30, 
        984, 
        279, 
        15
      ], 
      "checked": false, 
      "id": 338, 
      "ner_xml": "<PER>GG AUMEL His</PER>,<ACT>r. de la Ferme</ACT>,<CARDINAL>40</CARDINAL>.\n", 
      "origin": "computer", 
      "parent": 261, 
      "persons": [
        "GG AUMEL His"
      ], 
      "text_ocr": "GG AUMEL His, r. de la Ferme, 40.\n", 
      "type": "ENTRY"
    }, 
    {
      "EOL": false, 
      "box": [
        29, 
        1007, 
        332, 
        18
      ], 
      "id": 341, 
      "indented": true, 
      "parent": 340, 
      "text": "", 
      "type": "LINE"
    }, 
    {
      "addresses": [
        {
          "street_name": "GAUTERON,", 
          "street_numbers": []
        }, 
        {
          "street_name": "carrefour de l'Od\u00e9on", 
          "street_numbers": [
            "19"
          ]
        }
      ], 
      "box": [
        29, 
        1007, 
        332, 
        18
      ], 
      "checked": false, 
      "id": 340, 
      "ner_xml": "<LOC>GAUTERON,</LOC>,<LOC>carrefour de l'Od\u00e9on</LOC>,<CARDINAL>19</CARDINAL>.\n", 
      "origin": "computer", 
      "parent": 261, 
      "persons": [], 
      "text_ocr": "GAUTERON,, carrefour de l'Od\u00e9on, 19.\n", 
      "type": "ENTRY"
    }, 
    {
      "EOL": false, 
      "box": [
        29, 
        1029, 
        387, 
        19
      ], 
      "id": 343, 
      "indented": true, 
      "parent": 342, 
      "text": "", 
      "type": "LINE"
    }, 
    {
      "addresses": [], 
      "box": [
        29, 
        1029, 
        387, 
        19
      ], 
      "checked": false, 
      "id": 342, 
      "ner_xml": "<PER>GAUTHEROT, r. des Deux-Portes-St.-Jean</PER>,<CARDINAL>5</CARDINAL>.\n", 
      "origin": "computer", 
      "parent": 261, 
      "persons": [
        "GAUTHEROT, r. des Deux-Portes-St.-Jean"
      ], 
      "text_ocr": "GAUTHEROT, r. des Deux-Portes-St.-Jean, 5.\n", 
      "type": "ENTRY"
    }, 
    {
      "EOL": false, 
      "box": [
        30, 
        1052, 
        211, 
        17
      ], 
      "id": 345, 
      "indented": true, 
      "parent": 344, 
      "text": "", 
      "type": "LINE"
    }, 
    {
      "addresses": [
        {
          "street_name": "Charlot", 
          "street_numbers": [
            "2"
          ]
        }
      ], 
      "box": [
        30, 
        1052, 
        211, 
        17
      ], 
      "checked": false, 
      "id": 344, 
      "ner_xml": "GAUVERT, r.<LOC>Charlot</LOC>,<CARDINAL>2</CARDINAL>.\n", 
      "origin": "computer", 
      "parent": 261, 
      "persons": [], 
      "text_ocr": "GAUVERT, r. Charlot, 2.\n", 
      "type": "ENTRY"
    }, 
    {
      "EOL": false, 
      "box": [
        30, 
        1074, 
        210, 
        16
      ], 
      "id": 347, 
      "indented": true, 
      "parent": 346, 
      "text": "", 
      "type": "LINE"
    }, 
    {
      "addresses": [
        {
          "street_name": "r. Lhiroux", 
          "street_numbers": [
            "9"
          ]
        }
      ], 
      "box": [
        30, 
        1074, 
        210, 
        16
      ], 
      "checked": false, 
      "id": 346, 
      "ner_xml": "<PER>GAVEALU</PER>,<LOC>r. Lhiroux</LOC>,<CARDINAL>9</CARDINAL>,\n", 
      "origin": "computer", 
      "parent": 261, 
      "persons": [
        "GAVEALU"
      ], 
      "text_ocr": "GAVEALU, r. Lhiroux, 9,\n", 
      "type": "ENTRY"
    }, 
    {
      "EOL": false, 
      "box": [
        30, 
        1095, 
        396, 
        18
      ], 
      "id": 349, 
      "indented": true, 
      "parent": 348, 
      "text": "", 
      "type": "LINE"
    }, 
    {
      "addresses": [
        {
          "street_name": "r. Paradis", 
          "street_numbers": [
            "5"
          ]
        }, 
        {
          "street_name": "F.-St-Dems", 
          "street_numbers": [
            "109"
          ]
        }
      ], 
      "box": [
        30, 
        1095, 
        396, 
        18
      ], 
      "checked": false, 
      "id": 348, 
      "ner_xml": "<PER>GEOFFROY</PER>,<LOC>r. Paradis</LOC>,<CARDINAL>5</CARDINAL>, et<LOC>F.-St-Dems</LOC>,<CARDINAL>109</CARDINAL>.\n", 
      "origin": "computer", 
      "parent": 261, 
      "persons": [
        "GEOFFROY"
      ], 
      "text_ocr": "GEOFFROY, r. Paradis, 5, et F.-St-Dems, 109.\n", 
      "type": "ENTRY"
    }, 
    {
      "EOL": false, 
      "box": [
        29, 
        1117, 
        387, 
        17
      ], 
      "id": 351, 
      "indented": true, 
      "parent": 350, 
      "text": "", 
      "type": "LINE"
    }, 
    {
      "addresses": [], 
      "box": [
        29, 
        1117, 
        387, 
        17
      ], 
      "checked": false, 
      "id": 350, 
      "ner_xml": "<TITRE>GEORGES</TITRE>,<ACT>r. Pamlion, \u00e0, laub.</ACT><PER>Poissonunmere</PER>,\n", 
      "origin": "computer", 
      "parent": 261, 
      "persons": [
        "Poissonunmere"
      ], 
      "text_ocr": "GEORGES, r. Pamlion, \u00e0, laub. Poissonunmere,\n", 
      "type": "ENTRY"
    }, 
    {
      "EOL": false, 
      "box": [
        29, 
        1138, 
        223, 
        17
      ], 
      "id": 353, 
      "indented": true, 
      "parent": 352, 
      "text": "", 
      "type": "LINE"
    }, 
    {
      "addresses": [], 
      "box": [
        29, 
        1138, 
        223, 
        17
      ], 
      "checked": false, 
      "id": 352, 
      "ner_xml": "<PER>GERAUD</PER>,<ACT>r. des Pailets</ACT>,<CARDINAL>3</CARDINAL>.\n", 
      "origin": "computer", 
      "parent": 261, 
      "persons": [
        "GERAUD"
      ], 
      "text_ocr": "GERAUD, r. des Pailets, 3.\n", 
      "type": "ENTRY"
    }, 
    {
      "EOL": false, 
      "box": [
        29, 
        1159, 
        409, 
        19
      ], 
      "id": 355, 
      "indented": true, 
      "parent": 354, 
      "text": "", 
      "type": "LINE"
    }, 
    {
      "EOL": false, 
      "box": [
        52, 
        1181, 
        387, 
        19
      ], 
      "id": 356, 
      "indented": false, 
      "parent": 354, 
      "text": "", 
      "type": "LINE"
    }, 
    {
      "EOL": false, 
      "box": [
        52, 
        1203, 
        234, 
        18
      ], 
      "id": 357, 
      "indented": false, 
      "parent": 354, 
      "text": "", 
      "type": "LINE"
    }, 
    {
      "addresses": [], 
      "box": [
        29, 
        1159, 
        410, 
        62
      ], 
      "checked": false, 
      "id": 354, 
      "ner_xml": "GER VAIS aine. Pose les sonnelles<ACT>lait les peignes</ACT>,\n<ACT>griffes et machines \u00e0 tordre pour les criniers ;\nx. du Faub.-du-Temple</ACT>,<CARDINAL>46</CARDINAL>.\n", 
      "origin": "computer", 
      "parent": 261, 
      "persons": [], 
      "text_ocr": "GER VAIS aine. Pose les sonnelles lait les peignes,\ngriffes et machines \u00e0 tordre pour les criniers ;\nx. du Faub.-du-Temple, 46.\n", 
      "type": "ENTRY"
    }, 
    {
      "EOL": false, 
      "box": [
        29, 
        1227, 
        305, 
        17
      ], 
      "id": 359, 
      "indented": true, 
      "parent": 358, 
      "text": "", 
      "type": "LINE"
    }, 
    {
      "addresses": [
        {
          "street_name": "r. des Barres-St.-Pam", 
          "street_numbers": [
            "7"
          ]
        }
      ], 
      "box": [
        29, 
        1227, 
        305, 
        17
      ], 
      "checked": false, 
      "id": 358, 
      "ner_xml": "GILBARD.<LOC>r. des Barres-St.-Pam</LOC>,<CARDINAL>7</CARDINAL>.\n", 
      "origin": "computer", 
      "parent": 261, 
      "persons": [], 
      "text_ocr": "GILBARD. r. des Barres-St.-Pam, 7.\n", 
      "type": "ENTRY"
    }, 
    {
      "EOL": false, 
      "box": [
        30, 
        1249, 
        410, 
        19
      ], 
      "id": 361, 
      "indented": true, 
      "parent": 360, 
      "text": "", 
      "type": "LINE"
    }, 
    {
      "EOL": false, 
      "box": [
        52, 
        1271, 
        376, 
        21
      ], 
      "id": 362, 
      "indented": false, 
      "parent": 360, 
      "text": "", 
      "type": "LINE"
    }, 
    {
      "addresses": [], 
      "box": [
        30, 
        1249, 
        410, 
        43
      ], 
      "checked": false, 
      "id": 360, 
      "ner_xml": "GILON. Serrurier-mecauicien<ACT>sgoutils pour les\nsculpteurs</ACT>: r.<PER>Mazarine</PER>,<ACT>18.etr. de Seine</ACT>,<CARDINAL>41</CARDINAL>.\n", 
      "origin": "computer", 
      "parent": 261, 
      "persons": [
        "Mazarine"
      ], 
      "text_ocr": "GILON. Serrurier-mecauicien sgoutils pour les\nsculpteurs : r. Mazarine, 18.etr. de Seine, 41.\n", 
      "type": "ENTRY"
    }, 
    {
      "EOL": false, 
      "box": [
        30, 
        1295, 
        295, 
        19
      ], 
      "id": 364, 
      "indented": true, 
      "parent": 363, 
      "text": "", 
      "type": "LINE"
    }, 
    {
      "addresses": [], 
      "box": [
        30, 
        1295, 
        295, 
        19
      ], 
      "checked": false, 
      "id": 363, 
      "ner_xml": "<PER>GIRRAUX (Jh.;</PER>,<ACT>r. des Marauss</ACT><CARDINAL>2</CARDINAL>.\n", 
      "origin": "computer", 
      "parent": 261, 
      "persons": [
        "GIRRAUX (Jh.;"
      ], 
      "text_ocr": "GIRRAUX (Jh.;, r. des Marauss 2.\n", 
      "type": "ENTRY"
    }, 
    {
      "EOL": false, 
      "box": [
        30, 
        1317, 
        270, 
        20
      ], 
      "id": 366, 
      "indented": true, 
      "parent": 365, 
      "text": "", 
      "type": "LINE"
    }, 
    {
      "addresses": [], 
      "box": [
        30, 
        1317, 
        270, 
        20
      ], 
      "checked": false, 
      "id": 365, 
      "ner_xml": "<PER>GLAC\u00c7ONX, r, d'Argenteuil</PER>,<CARDINAL>42</CARDINAL>.<CARDINAL>2</CARDINAL>\n", 
      "origin": "computer", 
      "parent": 261, 
      "persons": [
        "GLAC\u00c7ONX, r, d'Argenteuil"
      ], 
      "text_ocr": "GLAC\u00c7ONX, r, d'Argenteuil, 42. 2\n", 
      "type": "ENTRY"
    }, 
    {
      "EOL": false, 
      "box": [
        29, 
        1340, 
        264, 
        17
      ], 
      "id": 368, 
      "indented": true, 
      "parent": 367, 
      "text": "", 
      "type": "LINE"
    }, 
    {
      "addresses": [
        {
          "street_name": "Chartiere", 
          "street_numbers": [
            "8"
          ]
        }
      ], 
      "box": [
        29, 
        1340, 
        264, 
        17
      ], 
      "checked": false, 
      "id": 367, 
      "ner_xml": "<PER>GLAIZE</PER>,<ACT>r</ACT>,<LOC>Chartiere</LOC>,<CARDINAL>8</CARDINAL>. '\n", 
      "origin": "computer", 
      "parent": 261, 
      "persons": [
        "GLAIZE"
      ], 
      "text_ocr": "GLAIZE, r, Chartiere, 8. '\n", 
      "type": "ENTRY"
    }, 
    {
      "EOL": false, 
      "box": [
        30, 
        1360, 
        409, 
        19
      ], 
      "id": 370, 
      "indented": true, 
      "parent": 369, 
      "text": "", 
      "type": "LINE"
    }, 
    {
      "EOL": false, 
      "box": [
        56, 
        1382, 
        21, 
        14
      ], 
      "id": 371, 
      "indented": false, 
      "parent": 369, 
      "text": "", 
      "type": "LINE"
    }, 
    {
      "addresses": [], 
      "box": [
        30, 
        1360, 
        409, 
        36
      ], 
      "checked": false, 
      "id": 369, 
      "ner_xml": "GOBILLOFT,; r. St-Marun,<ACT>271,et r. du Ponceau</ACT>,\n<CARDINAL>19</CARDINAL>\n", 
      "origin": "computer", 
      "parent": 261, 
      "persons": [], 
      "text_ocr": "GOBILLOFT,; r. St-Marun, 271,et r. du Ponceau,\n19\n", 
      "type": "ENTRY"
    }, 
    {
      "EOL": false, 
      "box": [
        30, 
        1408, 
        262, 
        15
      ], 
      "id": 373, 
      "indented": true, 
      "parent": 372, 
      "text": "", 
      "type": "LINE"
    }, 
    {
      "addresses": [
        {
          "street_name": "2/71. +\n", 
          "street_numbers": []
        }
      ], 
      "box": [
        30, 
        1408, 
        262, 
        15
      ], 
      "checked": false, 
      "id": 372, 
      "ner_xml": "GODEL, r. St.-Denus.<LOC>2/71. +\n</LOC>", 
      "origin": "computer", 
      "parent": 261, 
      "persons": [], 
      "text_ocr": "GODEL, r. St.-Denus. 2/71. +\n", 
      "type": "ENTRY"
    }, 
    {
      "EOL": false, 
      "box": [
        30, 
        1429, 
        268, 
        14
      ], 
      "id": 375, 
      "indented": true, 
      "parent": 374, 
      "text": "", 
      "type": "LINE"
    }, 
    {
      "addresses": [], 
      "box": [
        30, 
        1429, 
        268, 
        14
      ], 
      "checked": false, 
      "id": 374, 
      "ner_xml": "<PER>CGOPDFRIN r de la Verrer:ie</PER>.\n", 
      "origin": "computer", 
      "parent": 261, 
      "persons": [
        "CGOPDFRIN r de la Verrer:ie"
      ], 
      "text_ocr": "CGOPDFRIN r de la Verrer:ie.\n", 
      "type": "ENTRY"
    }, 
    {
      "box": [
        29, 
        121, 
        412, 
        1324
      ], 
      "id": 261, 
      "parent": 260, 
      "type": "COLUMN_LEVEL_2"
    }, 
    {
      "box": [
        29, 
        121, 
        412, 
        1324
      ], 
      "id": 260, 
      "parent": 259, 
      "type": "SECTION_LEVEL_2"
    }, 
    {
      "box": [
        29, 
        117, 
        412, 
        1328
      ], 
      "id": 259, 
      "parent": 258, 
      "type": "COLUMN_LEVEL_1"
    }, 
    {
      "EOL": false, 
      "box": [
        457, 
        117, 
        290, 
        18
      ], 
      "id": 380, 
      "indented": false, 
      "parent": 379, 
      "text": "", 
      "type": "LINE"
    }, 
    {
      "addresses": [
        {
          "street_name": "Sevres", 
          "street_numbers": []
        }, 
        {
          "street_name": "Ste.-Sopiue", 
          "street_numbers": [
            "1"
          ]
        }
      ], 
      "box": [
        457, 
        117, 
        290, 
        18
      ], 
      "checked": false, 
      "id": 379, 
      "ner_xml": "<ACT>GONIN,</ACT>a<LOC>Sevres</LOC>,<ACT>r</ACT>,<LOC>Ste.-Sopiue</LOC>,<CARDINAL>1</CARDINAL>.\n", 
      "origin": "computer", 
      "parent": 378, 
      "persons": [], 
      "text_ocr": "GONIN, a Sevres, r, Ste.-Sopiue, 1.\n", 
      "type": "ENTRY"
    }, 
    {
      "EOL": false, 
      "box": [
        458, 
        138, 
        391, 
        18
      ], 
      "id": 382, 
      "indented": true, 
      "parent": 381, 
      "text": "", 
      "type": "LINE"
    }, 
    {
      "addresses": [], 
      "box": [
        458, 
        138, 
        391, 
        18
      ], 
      "checked": false, 
      "id": 381, 
      "ner_xml": "<PER>GRAAT, r. Traversire</PER>,<CARDINAL>24</CARDINAL>,<ACT>faub. $t.-Antoine</ACT>.\n", 
      "origin": "computer", 
      "parent": 378, 
      "persons": [
        "GRAAT, r. Traversire"
      ], 
      "text_ocr": "GRAAT, r. Traversire, 24, faub. $t.-Antoine.\n", 
      "type": "ENTRY"
    }, 
    {
      "EOL": false, 
      "box": [
        458, 
        160, 
        234, 
        19
      ], 
      "id": 384, 
      "indented": true, 
      "parent": 383, 
      "text": "", 
      "type": "LINE"
    }, 
    {
      "addresses": [
        {
          "street_name": "Meslay", 
          "street_numbers": [
            "9"
          ]
        }
      ], 
      "box": [
        458, 
        160, 
        234, 
        19
      ], 
      "checked": false, 
      "id": 383, 
      "ner_xml": "<PER>GRIMARDIA, r</PER>,<LOC>Meslay</LOC>,<CARDINAL>9</CARDINAL>.\n", 
      "origin": "computer", 
      "parent": 378, 
      "persons": [
        "GRIMARDIA, r"
      ], 
      "text_ocr": "GRIMARDIA, r, Meslay, 9.\n", 
      "type": "ENTRY"
    }, 
    {
      "EOL": false, 
      "box": [
        458, 
        182, 
        334, 
        18
      ], 
      "id": 386, 
      "indented": true, 
      "parent": 385, 
      "text": "", 
      "type": "LINE"
    }, 
    {
      "addresses": [], 
      "box": [
        458, 
        182, 
        334, 
        18
      ], 
      "checked": false, 
      "id": 385, 
      "ner_xml": "<PER>GUERIN</PER>,<ACT>r. des Marais-St -Germain</ACT>,<CARDINAL>2</CARDINAL>.\n", 
      "origin": "computer", 
      "parent": 378, 
      "persons": [
        "GUERIN"
      ], 
      "text_ocr": "GUERIN , r. des Marais-St -Germain , 2.\n", 
      "type": "ENTRY"
    }, 
    {
      "EOL": false, 
      "box": [
        458, 
        204, 
        310, 
        15
      ], 
      "id": 388, 
      "indented": true, 
      "parent": 387, 
      "text": "", 
      "type": "LINE"
    }, 
    {
      "addresses": [
        {
          "street_name": "cour de la Juunerie", 
          "street_numbers": []
        }
      ], 
      "box": [
        458, 
        204, 
        310, 
        15
      ], 
      "checked": false, 
      "id": 387, 
      "ner_xml": "GUEFRINEAL.<LOC>cour de la Juunerie</LOC>,<ACT>\u00e0</ACT>,\n", 
      "origin": "computer", 
      "parent": 378, 
      "persons": [], 
      "text_ocr": "GUEFRINEAL. cour de la Juunerie, \u00e0,\n", 
      "type": "ENTRY"
    }, 
    {
      "EOL": false, 
      "box": [
        459, 
        226, 
        354, 
        19
      ], 
      "id": 390, 
      "indented": true, 
      "parent": 389, 
      "text": "", 
      "type": "LINE"
    }, 
    {
      "addresses": [], 
      "box": [
        459, 
        226, 
        354, 
        19
      ], 
      "checked": false, 
      "id": 389, 
      "ner_xml": "<PER>GUILBERT</PER>,<ACT>r. des Pelerims-St -Jacques</ACT>,<CARDINAL>2</CARDINAL>.\n", 
      "origin": "computer", 
      "parent": 378, 
      "persons": [
        "GUILBERT"
      ], 
      "text_ocr": "GUILBERT, r. des Pelerims-St -Jacques, 2.\n", 
      "type": "ENTRY"
    }, 
    {
      "EOL": false, 
      "box": [
        458, 
        248, 
        268, 
        18
      ], 
      "id": 392, 
      "indented": true, 
      "parent": 391, 
      "text": "", 
      "type": "LINE"
    }, 
    {
      "addresses": [], 
      "box": [
        458, 
        248, 
        268, 
        18
      ], 
      "checked": false, 
      "id": 391, 
      "ner_xml": "<PER>GUILDET</PER>,<ACT>r. de la Roquelle</ACT>,<CARDINAL>0</CARDINAL>%.\n", 
      "origin": "computer", 
      "parent": 378, 
      "persons": [
        "GUILDET"
      ], 
      "text_ocr": "GUILDET, r. de la Roquelle, 0%.\n", 
      "type": "ENTRY"
    }, 
    {
      "EOL": false, 
      "box": [
        458, 
        269, 
        411, 
        21
      ], 
      "id": 394, 
      "indented": true, 
      "parent": 393, 
      "text": "", 
      "type": "LINE"
    }, 
    {
      "addresses": [
        {
          "street_name": "St-Germ", 
          "street_numbers": []
        }
      ], 
      "box": [
        458, 
        269, 
        411, 
        21
      ], 
      "checked": false, 
      "id": 393, 
      "ner_xml": "<PER>GUILLOUET</PER>,<ACT>r. de Varennes</ACT>,<CARDINAL>9</CARDINAL>, faub.<LOC>St-Germ</LOC>.\n", 
      "origin": "computer", 
      "parent": 378, 
      "persons": [
        "GUILLOUET"
      ], 
      "text_ocr": "GUILLOUET , r. de Varennes , 9, faub. St-Germ.\n", 
      "type": "ENTRY"
    }, 
    {
      "EOL": false, 
      "box": [
        458, 
        292, 
        252, 
        17
      ], 
      "id": 396, 
      "indented": true, 
      "parent": 395, 
      "text": "", 
      "type": "LINE"
    }, 
    {
      "addresses": [], 
      "box": [
        458, 
        292, 
        252, 
        17
      ], 
      "checked": false, 
      "id": 395, 
      "ner_xml": "<PER>GUILLUON</PER>,<ACT>r. Ste.-Placide, #</ACT>.\n", 
      "origin": "computer", 
      "parent": 378, 
      "persons": [
        "GUILLUON"
      ], 
      "text_ocr": "GUILLUON, r. Ste.-Placide, #.\n", 
      "type": "ENTRY"
    }, 
    {
      "EOL": false, 
      "box": [
        459, 
        313, 
        298, 
        18
      ], 
      "id": 398, 
      "indented": true, 
      "parent": 397, 
      "text": "", 
      "type": "LINE"
    }, 
    {
      "addresses": [], 
      "box": [
        459, 
        313, 
        298, 
        18
      ], 
      "checked": false, 
      "id": 397, 
      "ner_xml": "GUIRAND,<ACT>r. Neuve-S1.-Dems</ACT>,<CARDINAL>18</CARDINAL>,\n", 
      "origin": "computer", 
      "parent": 378, 
      "persons": [], 
      "text_ocr": "GUIRAND, r. Neuve-S1.-Dems, 18,\n", 
      "type": "ENTRY"
    }, 
    {
      "EOL": false, 
      "box": [
        459, 
        336, 
        251, 
        17
      ], 
      "id": 400, 
      "indented": true, 
      "parent": 399, 
      "text": "", 
      "type": "LINE"
    }, 
    {
      "addresses": [], 
      "box": [
        459, 
        336, 
        251, 
        17
      ], 
      "checked": false, 
      "id": 399, 
      "ner_xml": "<PER>GUYOT</PER>,<ACT>r. de Charonne</ACT>,<CARDINAL>194</CARDINAL>.\n", 
      "origin": "computer", 
      "parent": 378, 
      "persons": [
        "GUYOT"
      ], 
      "text_ocr": "GUYOT, r. de Charonne, 194.\n", 
      "type": "ENTRY"
    }, 
    {
      "EOL": false, 
      "box": [
        460, 
        358, 
        237, 
        19
      ], 
      "id": 402, 
      "indented": true, 
      "parent": 401, 
      "text": "", 
      "type": "LINE"
    }, 
    {
      "addresses": [], 
      "box": [
        460, 
        358, 
        237, 
        19
      ], 
      "checked": false, 
      "id": 401, 
      "ner_xml": "<PER>HARAN</PER>,<ACT>cour du Dragon</ACT>,<CARDINAL>2</CARDINAL>.\n", 
      "origin": "computer", 
      "parent": 378, 
      "persons": [
        "HARAN"
      ], 
      "text_ocr": "HARAN, cour du Dragon, 2.\n", 
      "type": "ENTRY"
    }, 
    {
      "EOL": false, 
      "box": [
        460, 
        379, 
        410, 
        18
      ], 
      "id": 404, 
      "indented": true, 
      "parent": 403, 
      "text": "", 
      "type": "LINE"
    }, 
    {
      "addresses": [], 
      "box": [
        460, 
        379, 
        410, 
        18
      ], 
      "checked": false, 
      "id": 403, 
      "ner_xml": "<PER>HARDON</PER>,<ACT>r. des Francs-Bourgeois</ACT>,<CARDINAL>2</CARDINAL>, au Marais.\n", 
      "origin": "computer", 
      "parent": 378, 
      "persons": [
        "HARDON"
      ], 
      "text_ocr": "HARDON ,r. des Francs-Bourgeois, 2, au Marais.\n", 
      "type": "ENTRY"
    }, 
    {
      "EOL": false, 
      "box": [
        459, 
        402, 
        300, 
        16
      ], 
      "id": 406, 
      "indented": true, 
      "parent": 405, 
      "text": "", 
      "type": "LINE"
    }, 
    {
      "addresses": [
        {
          "street_name": "r. Ge la Croix", 
          "street_numbers": [
            "2"
          ]
        }
      ], 
      "box": [
        459, 
        402, 
        300, 
        16
      ], 
      "checked": false, 
      "id": 405, 
      "ner_xml": "<PER>HENRY-HENSCB.</PER>,<LOC>r. Ge la Croix</LOC>,<CARDINAL>2</CARDINAL>,\n", 
      "origin": "computer", 
      "parent": 378, 
      "persons": [
        "HENRY-HENSCB."
      ], 
      "text_ocr": "HENRY-HENSCB., r. Ge la Croix, 2,\n", 
      "type": "ENTRY"
    }, 
    {
      "EOL": false, 
      "box": [
        459, 
        421, 
        267, 
        17
      ], 
      "id": 408, 
      "indented": true, 
      "parent": 407, 
      "text": "", 
      "type": "LINE"
    }, 
    {
      "addresses": [
        {
          "street_name": "r. Louis-le-Grand", 
          "street_numbers": [
            "26"
          ]
        }
      ], 
      "box": [
        459, 
        421, 
        267, 
        17
      ], 
      "checked": false, 
      "id": 407, 
      "ner_xml": "<PER>HERON.</PER>,<LOC>r. Louis-le-Grand</LOC>.<CARDINAL>26</CARDINAL>.\n", 
      "origin": "computer", 
      "parent": 378, 
      "persons": [
        "HERON."
      ], 
      "text_ocr": "HERON., r. Louis-le-Grand. 26.\n", 
      "type": "ENTRY"
    }, 
    {
      "EOL": false, 
      "box": [
        458, 
        448, 
        301, 
        17
      ], 
      "id": 410, 
      "indented": true, 
      "parent": 409, 
      "text": "", 
      "type": "LINE"
    }, 
    {
      "addresses": [
        {
          "street_name": "r. Neuve-St.-Laurent", 
          "street_numbers": [
            "20"
          ]
        }
      ], 
      "box": [
        458, 
        448, 
        301, 
        17
      ], 
      "checked": false, 
      "id": 409, 
      "ner_xml": "<PER>HEROUX.</PER>,<LOC>r. Neuve-St.-Laurent</LOC>,<CARDINAL>20</CARDINAL>.\n", 
      "origin": "computer", 
      "parent": 378, 
      "persons": [
        "HEROUX."
      ], 
      "text_ocr": "HEROUX., r. Neuve-St.-Laurent, 20.\n", 
      "type": "ENTRY"
    }, 
    {
      "EOL": false, 
      "box": [
        459, 
        468, 
        366, 
        20
      ], 
      "id": 412, 
      "indented": true, 
      "parent": 411, 
      "text": "", 
      "type": "LINE"
    }, 
    {
      "addresses": [], 
      "box": [
        459, 
        468, 
        366, 
        20
      ], 
      "checked": false, 
      "id": 411, 
      "ner_xml": "<PER>HONTARREDE</PER>,<ACT>r. Neuve-de-la-Ferme</ACT>,<CARDINAL>38</CARDINAL>.\n", 
      "origin": "computer", 
      "parent": 378, 
      "persons": [
        "HONTARREDE"
      ], 
      "text_ocr": "HONTARREDE , r. Neuve-de-la-Ferme, 38.\n", 
      "type": "ENTRY"
    }, 
    {
      "EOL": false, 
      "box": [
        458, 
        492, 
        213, 
        15
      ], 
      "id": 414, 
      "indented": true, 
      "parent": 413, 
      "text": "", 
      "type": "LINE"
    }, 
    {
      "addresses": [], 
      "box": [
        458, 
        492, 
        213, 
        15
      ], 
      "checked": false, 
      "id": 413, 
      "ner_xml": "<PER>JACOB. r. Satmt-PBon.</PER><CARDINAL>11</CARDINAL>.\n", 
      "origin": "computer", 
      "parent": 378, 
      "persons": [
        "JACOB. r. Satmt-PBon."
      ], 
      "text_ocr": "JACOB. r. Satmt-PBon. 11.\n", 
      "type": "ENTRY"
    }, 
    {
      "EOL": false, 
      "box": [
        457, 
        513, 
        356, 
        19
      ], 
      "id": 416, 
      "indented": true, 
      "parent": 415, 
      "text": "", 
      "type": "LINE"
    }, 
    {
      "addresses": [], 
      "box": [
        457, 
        513, 
        356, 
        19
      ], 
      "checked": false, 
      "id": 415, 
      "ner_xml": "<PER>JACQUEMARD</PER>,<ACT>passage du Commerce</ACT>,<CARDINAL>4</CARDINAL>.\n", 
      "origin": "computer", 
      "parent": 378, 
      "persons": [
        "JACQUEMARD"
      ], 
      "text_ocr": "JACQUEMARD, passage du Commerce, 4.\n", 
      "type": "ENTRY"
    }, 
    {
      "EOL": false, 
      "box": [
        458, 
        536, 
        337, 
        18
      ], 
      "id": 418, 
      "indented": true, 
      "parent": 417, 
      "text": "", 
      "type": "LINE"
    }, 
    {
      "addresses": [], 
      "box": [
        458, 
        536, 
        337, 
        18
      ], 
      "checked": false, 
      "id": 417, 
      "ner_xml": "<PER>JACQUEMAR D ls jeune</PER>,<ACT>r. d Assas</ACT>,<CARDINAL>20</CARDINAL>,\n", 
      "origin": "computer", 
      "parent": 378, 
      "persons": [
        "JACQUEMAR D ls jeune"
      ], 
      "text_ocr": "JACQUEMAR D ls jeune, r. d Assas, 20,\n", 
      "type": "ENTRY"
    }, 
    {
      "EOL": false, 
      "box": [
        458, 
        558, 
        356, 
        18
      ], 
      "id": 420, 
      "indented": true, 
      "parent": 419, 
      "text": "", 
      "type": "LINE"
    }, 
    {
      "addresses": [
        {
          "street_name": "Faub.-Sl.- Dents", 
          "street_numbers": [
            "88"
          ]
        }
      ], 
      "box": [
        458, 
        558, 
        356, 
        18
      ], 
      "checked": false, 
      "id": 419, 
      "ner_xml": "<PER>JACQUEMARD jeune</PER>,<LOC>Faub.-Sl.- Dents</LOC>,<CARDINAL>88</CARDINAL>.\n", 
      "origin": "computer", 
      "parent": 378, 
      "persons": [
        "JACQUEMARD jeune"
      ], 
      "text_ocr": "JACQUEMARD jeune, Faub.-Sl.- Dents, 88.\n", 
      "type": "ENTRY"
    }, 
    {
      "EOL": false, 
      "box": [
        458, 
        579, 
        412, 
        19
      ], 
      "id": 422, 
      "indented": true, 
      "parent": 421, 
      "text": "", 
      "type": "LINE"
    }, 
    {
      "EOL": false, 
      "box": [
        480, 
        601, 
        389, 
        20
      ], 
      "id": 423, 
      "indented": false, 
      "parent": 421, 
      "text": "", 
      "type": "LINE"
    }, 
    {
      "EOL": false, 
      "box": [
        481, 
        623, 
        277, 
        20
      ], 
      "id": 424, 
      "indented": false, 
      "parent": 421, 
      "text": "", 
      "type": "LINE"
    }, 
    {
      "addresses": [
        {
          "street_name": "Albouy", 
          "street_numbers": [
            "5"
          ]
        }
      ], 
      "box": [
        458, 
        579, 
        412, 
        64
      ], 
      "checked": false, 
      "id": 421, 
      "ner_xml": "<PER>JACQUEMART. Brev. d'invention pour ch\u00e4ssis-ta-\nbaticres en fer, baguettes pour vitraux et com-\n</PER>bles. Exp. en 4827 ; r.<LOC>Albouy</LOC>,<CARDINAL>5</CARDINAL>.\n", 
      "origin": "computer", 
      "parent": 378, 
      "persons": [
        "JACQUEMART. Brev. d'invention pour ch\u00e4ssis-ta-\nbaticres en fer, baguettes pour vitraux et com-\n"
      ], 
      "text_ocr": "JACQUEMART. Brev. d'invention pour ch\u00e4ssis-ta-\nbaticres en fer, baguettes pour vitraux et com-\nbles. Exp. en 4827 ; r. Albouy, 5.\n", 
      "type": "ENTRY"
    }, 
    {
      "EOL": false, 
      "box": [
        458, 
        648, 
        410, 
        19
      ], 
      "id": 426, 
      "indented": true, 
      "parent": 425, 
      "text": "", 
      "type": "LINE"
    }, 
    {
      "addresses": [], 
      "box": [
        458, 
        648, 
        410, 
        19
      ], 
      "checked": false, 
      "id": 425, 
      "ner_xml": "<PER>JAMET pere el fils</PER>,<ACT>r. des Fossts-St.-Eernard</ACT>,<CARDINAL>9</CARDINAL>%.\n", 
      "origin": "computer", 
      "parent": 378, 
      "persons": [
        "JAMET pere el fils"
      ], 
      "text_ocr": "JAMET pere el fils , r. des Fossts-St.-Eernard, 9%.\n", 
      "type": "ENTRY"
    }, 
    {
      "EOL": false, 
      "box": [
        458, 
        670, 
        235, 
        19
      ], 
      "id": 428, 
      "indented": true, 
      "parent": 427, 
      "text": "", 
      "type": "LINE"
    }, 
    {
      "addresses": [], 
      "box": [
        458, 
        670, 
        235, 
        19
      ], 
      "checked": false, 
      "id": 427, 
      "ner_xml": "<PER>JOISEL</PER>,<ACT>r. Contrescarpe, #</ACT>.\n", 
      "origin": "computer", 
      "parent": 378, 
      "persons": [
        "JOISEL"
      ], 
      "text_ocr": "JOISEL, r. Contrescarpe, #.\n", 
      "type": "ENTRY"
    }, 
    {
      "EOL": false, 
      "box": [
        458, 
        692, 
        268, 
        18
      ], 
      "id": 430, 
      "indented": true, 
      "parent": 429, 
      "text": "", 
      "type": "LINE"
    }, 
    {
      "addresses": [
        {
          "street_name": "r. St.-Jacques", 
          "street_numbers": [
            "457"
          ]
        }
      ], 
      "box": [
        458, 
        692, 
        268, 
        18
      ], 
      "checked": false, 
      "id": 429, 
      "ner_xml": "<PER>JOLLAUT</PER>,<LOC>r. St.-Jacques</LOC>,<CARDINAL>457</CARDINAL>,\n", 
      "origin": "computer", 
      "parent": 378, 
      "persons": [
        "JOLLAUT"
      ], 
      "text_ocr": "JOLLAUT, r. St.-Jacques , 457,\n", 
      "type": "ENTRY"
    }, 
    {
      "EOL": false, 
      "box": [
        458, 
        714, 
        334, 
        18
      ], 
      "id": 432, 
      "indented": true, 
      "parent": 431, 
      "text": "", 
      "type": "LINE"
    }, 
    {
      "addresses": [], 
      "box": [
        458, 
        714, 
        334, 
        18
      ], 
      "checked": false, 
      "id": 431, 
      "ner_xml": "<PER>JOSON</PER>,<ACT>r. de la Grande-Truanderie</ACT>,<CARDINAL>44</CARDINAL>.\n", 
      "origin": "computer", 
      "parent": 378, 
      "persons": [
        "JOSON"
      ], 
      "text_ocr": "JOSON, r. de la Grande-Truanderie, 44.\n", 
      "type": "ENTRY"
    }, 
    {
      "EOL": false, 
      "box": [
        458, 
        735, 
        412, 
        20
      ], 
      "id": 434, 
      "indented": true, 
      "parent": 433, 
      "text": "", 
      "type": "LINE"
    }, 
    {
      "EOL": false, 
      "box": [
        480, 
        757, 
        274, 
        20
      ], 
      "id": 435, 
      "indented": false, 
      "parent": 433, 
      "text": "", 
      "type": "LINE"
    }, 
    {
      "addresses": [], 
      "box": [
        458, 
        735, 
        412, 
        42
      ], 
      "checked": false, 
      "id": 433, 
      "ner_xml": "<PER>JOURDAN. Etentrepreneur d'entourages de tom-\nbes; r. St:-Andr\u00e9-Popinconrt</PER>,<CARDINAL>42</CARDINAL>.\n", 
      "origin": "computer", 
      "parent": 378, 
      "persons": [
        "JOURDAN. Etentrepreneur d'entourages de tom-\nbes; r. St:-Andr\u00e9-Popinconrt"
      ], 
      "text_ocr": "JOURDAN. Etentrepreneur d'entourages de tom-\nbes; r. St:-Andr\u00e9-Popinconrt, 42.\n", 
      "type": "ENTRY"
    }, 
    {
      "EOL": false, 
      "box": [
        458, 
        780, 
        269, 
        14
      ], 
      "id": 437, 
      "indented": true, 
      "parent": 436, 
      "text": "", 
      "type": "LINE"
    }, 
    {
      "addresses": [], 
      "box": [
        458, 
        780, 
        269, 
        14
      ], 
      "checked": false, 
      "id": 436, 
      "ner_xml": "<PER>KAULECK. r. Aloutorouetl</PER>,<CARDINAL>40</CARDINAL>.\n", 
      "origin": "computer", 
      "parent": 378, 
      "persons": [
        "KAULECK. r. Aloutorouetl"
      ], 
      "text_ocr": "KAULECK. r. Aloutorouetl, 40.\n", 
      "type": "ENTRY"
    }, 
    {
      "EOL": false, 
      "box": [
        458, 
        802, 
        411, 
        19
      ], 
      "id": 439, 
      "indented": true, 
      "parent": 438, 
      "text": "", 
      "type": "LINE"
    }, 
    {
      "EOL": false, 
      "box": [
        479, 
        824, 
        136, 
        19
      ], 
      "id": 440, 
      "indented": false, 
      "parent": 438, 
      "text": "", 
      "type": "LINE"
    }, 
    {
      "addresses": [], 
      "box": [
        458, 
        802, 
        411, 
        41
      ], 
      "checked": false, 
      "id": 438, 
      "ner_xml": "<PER>KLEIN</PER>.<ACT>Serrurier en meubles ; pelie rug Neuve-\nSt.-Gilles</ACT>,<CARDINAL>5 bis</CARDINAL>.\n", 
      "origin": "computer", 
      "parent": 378, 
      "persons": [
        "KLEIN"
      ], 
      "text_ocr": "KLEIN. Serrurier en meubles ; pelie rug Neuve-\nSt.-Gilles, 5 bis.\n", 
      "type": "ENTRY"
    }, 
    {
      "EOL": false, 
      "box": [
        458, 
        848, 
        410, 
        17
      ], 
      "id": 442, 
      "indented": true, 
      "parent": 441, 
      "text": "", 
      "type": "LINE"
    }, 
    {
      "addresses": [], 
      "box": [
        458, 
        848, 
        410, 
        17
      ], 
      "checked": false, 
      "id": 441, 
      "ner_xml": "<PER>ROLB-DAVID.</PER>,<ACT>crande r. du Faub -St.-Ant.</ACT>,<CARDINAL>197</CARDINAL>.\n", 
      "origin": "computer", 
      "parent": 378, 
      "persons": [
        "ROLB-DAVID."
      ], 
      "text_ocr": "ROLB-DAVID., crande r. du Faub -St.-Ant., 197.\n", 
      "type": "ENTRY"
    }, 
    {
      "EOL": false, 
      "box": [
        458, 
        870, 
        410, 
        20
      ], 
      "id": 444, 
      "indented": true, 
      "parent": 443, 
      "text": "", 
      "type": "LINE"
    }, 
    {
      "addresses": [], 
      "box": [
        458, 
        870, 
        410, 
        20
      ], 
      "checked": false, 
      "id": 443, 
      "ner_xml": "<PER>LAROTTIERE. Pose les sonnettes: r. de Tracy</PER>,<CARDINAL>12</CARDINAL>,\n", 
      "origin": "computer", 
      "parent": 378, 
      "persons": [
        "LAROTTIERE. Pose les sonnettes: r. de Tracy"
      ], 
      "text_ocr": "LAROTTIERE. Pose les sonnettes: r. de Tracy, 12,\n", 
      "type": "ENTRY"
    }, 
    {
      "EOL": false, 
      "box": [
        458, 
        893, 
        336, 
        18
      ], 
      "id": 446, 
      "indented": true, 
      "parent": 445, 
      "text": "", 
      "type": "LINE"
    }, 
    {
      "addresses": [], 
      "box": [
        458, 
        893, 
        336, 
        18
      ], 
      "checked": false, 
      "id": 445, 
      "ner_xml": "<PER>LAGESSE</PER>,<ACT>r. du Marched Agnesseatr</ACT>,<CARDINAL>0</CARDINAL>.\n", 
      "origin": "computer", 
      "parent": 378, 
      "persons": [
        "LAGESSE"
      ], 
      "text_ocr": "LAGESSE, r. du Marched Agnesseatr, 0.\n", 
      "type": "ENTRY"
    }, 
    {
      "EOL": false, 
      "box": [
        458, 
        917, 
        233, 
        19
      ], 
      "id": 448, 
      "indented": true, 
      "parent": 447, 
      "text": "", 
      "type": "LINE"
    }, 
    {
      "addresses": [], 
      "box": [
        458, 
        917, 
        233, 
        19
      ], 
      "checked": false, 
      "id": 447, 
      "ner_xml": "<PER>LAHOCHE</PER>,<ACT>r. du Regard</ACT>,<CARDINAL>2</CARDINAL>.\n", 
      "origin": "computer", 
      "parent": 378, 
      "persons": [
        "LAHOCHE"
      ], 
      "text_ocr": "LAHOCHE, r. du Regard, 2.\n", 
      "type": "ENTRY"
    }, 
    {
      "EOL": false, 
      "box": [
        458, 
        939, 
        288, 
        19
      ], 
      "id": 450, 
      "indented": true, 
      "parent": 449, 
      "text": "", 
      "type": "LINE"
    }, 
    {
      "addresses": [], 
      "box": [
        458, 
        939, 
        288, 
        19
      ], 
      "checked": false, 
      "id": 449, 
      "ner_xml": "<PER>LAROCHETTE</PER>,<ACT>r. du Colvs\u00e9e, #0</ACT>,\n", 
      "origin": "computer", 
      "parent": 378, 
      "persons": [
        "LAROCHETTE"
      ], 
      "text_ocr": "LAROCHETTE, r. du Colvs\u00e9e, #0,\n", 
      "type": "ENTRY"
    }, 
    {
      "EOL": false, 
      "box": [
        459, 
        961, 
        226, 
        16
      ], 
      "id": 452, 
      "indented": true, 
      "parent": 451, 
      "text": "", 
      "type": "LINE"
    }, 
    {
      "addresses": [], 
      "box": [
        459, 
        961, 
        226, 
        16
      ], 
      "checked": false, 
      "id": 451, 
      "ner_xml": "<PER>LARUE</PER>,<ACT>r. S!.-Martn.</ACT>,<CARDINAL>290</CARDINAL>,\n", 
      "origin": "computer", 
      "parent": 378, 
      "persons": [
        "LARUE"
      ], 
      "text_ocr": "LARUE, r. S!.-Martn., 290,\n", 
      "type": "ENTRY"
    }, 
    {
      "EOL": false, 
      "box": [
        458, 
        986, 
        398, 
        18
      ], 
      "id": 454, 
      "indented": true, 
      "parent": 453, 
      "text": "", 
      "type": "LINE"
    }, 
    {
      "addresses": [], 
      "box": [
        458, 
        986, 
        398, 
        18
      ], 
      "checked": false, 
      "id": 453, 
      "ner_xml": "<PER>LAVAL</PER>,<ACT>r. des Poucheries</ACT>,<CARDINAL>19</CARDINAL>,<ACT>faub.</ACT>S:.-Germ.\n", 
      "origin": "computer", 
      "parent": 378, 
      "persons": [
        "LAVAL"
      ], 
      "text_ocr": "LAVAL, r. des Poucheries, 19, faub. S:.-Germ.\n", 
      "type": "ENTRY"
    }, 
    {
      "EOL": false, 
      "box": [
        458, 
        1008, 
        247, 
        18
      ], 
      "id": 456, 
      "indented": true, 
      "parent": 455, 
      "text": "", 
      "type": "LINE"
    }, 
    {
      "addresses": [], 
      "box": [
        458, 
        1008, 
        247, 
        18
      ], 
      "checked": false, 
      "id": 455, 
      "ner_xml": "<PER>LECO</PER>,<ACT>r. de ja Sourdiere</ACT>,<CARDINAL>9</CARDINAL>,\n", 
      "origin": "computer", 
      "parent": 378, 
      "persons": [
        "LECO"
      ], 
      "text_ocr": "LECO, r. de ja Sourdiere, 9,\n", 
      "type": "ENTRY"
    }, 
    {
      "EOL": false, 
      "box": [
        457, 
        1029, 
        410, 
        21
      ], 
      "id": 458, 
      "indented": true, 
      "parent": 457, 
      "text": "", 
      "type": "LINE"
    }, 
    {
      "EOL": false, 
      "box": [
        478, 
        1052, 
        173, 
        18
      ], 
      "id": 459, 
      "indented": false, 
      "parent": 457, 
      "text": "", 
      "type": "LINE"
    }, 
    {
      "addresses": [
        {
          "street_name": "rue du\nPare", 
          "street_numbers": [
            "5"
          ]
        }
      ], 
      "box": [
        457, 
        1029, 
        410, 
        41
      ], 
      "checked": false, 
      "id": 457, 
      "ner_xml": "<PER>LECONTE</PER>,<ACT>Travaille pour la m\u00e9canique</ACT>;<LOC>rue du\nPare</LOC>,<CARDINAL>5</CARDINAL>, \u00e0<PER>Vatgirard</PER>,\n", 
      "origin": "computer", 
      "parent": 378, 
      "persons": [
        "LECONTE", 
        "Vatgirard"
      ], 
      "text_ocr": "LECONTE, Travaille pour la m\u00e9canique; rue du\nPare, 5, \u00e0 Vatgirard,\n", 
      "type": "ENTRY"
    }, 
    {
      "EOL": false, 
      "box": [
        457, 
        1076, 
        256, 
        15
      ], 
      "id": 461, 
      "indented": true, 
      "parent": 460, 
      "text": "", 
      "type": "LINE"
    }, 
    {
      "addresses": [
        {
          "street_name": "r. Descartes.", 
          "street_numbers": [
            "927"
          ]
        }
      ], 
      "box": [
        457, 
        1076, 
        256, 
        15
      ], 
      "checked": false, 
      "id": 460, 
      "ner_xml": "<PER>LECOSSOIS.</PER>,<LOC>r. Descartes.</LOC><CARDINAL>927</CARDINAL>,\n", 
      "origin": "computer", 
      "parent": 378, 
      "persons": [
        "LECOSSOIS."
      ], 
      "text_ocr": "LECOSSOIS., r. Descartes. 927,\n", 
      "type": "ENTRY"
    }, 
    {
      "EOL": false, 
      "box": [
        457, 
        1097, 
        278, 
        19
      ], 
      "id": 463, 
      "indented": true, 
      "parent": 462, 
      "text": "", 
      "type": "LINE"
    }, 
    {
      "addresses": [], 
      "box": [
        457, 
        1097, 
        278, 
        19
      ], 
      "checked": false, 
      "id": 462, 
      "ner_xml": "<PER>LEFEVRE</PER>,<ACT>r. de la Roquette</ACT>,<CARDINAL>492</CARDINAL>.\n", 
      "origin": "computer", 
      "parent": 378, 
      "persons": [
        "LEFEVRE"
      ], 
      "text_ocr": "LEFEVRE, r. de la Roquette, 492.\n", 
      "type": "ENTRY"
    }, 
    {
      "EOL": false, 
      "box": [
        457, 
        1118, 
        410, 
        20
      ], 
      "id": 465, 
      "indented": true, 
      "parent": 464, 
      "text": "", 
      "type": "LINE"
    }, 
    {
      "EOL": false, 
      "box": [
        479, 
        1140, 
        388, 
        20
      ], 
      "id": 466, 
      "indented": false, 
      "parent": 464, 
      "text": "", 
      "type": "LINE"
    }, 
    {
      "EOL": false, 
      "box": [
        479, 
        1162, 
        64, 
        18
      ], 
      "id": 467, 
      "indented": false, 
      "parent": 464, 
      "text": "", 
      "type": "LINE"
    }, 
    {
      "addresses": [], 
      "box": [
        457, 
        1118, 
        410, 
        62
      ], 
      "checked": false, 
      "id": 464, 
      "ner_xml": "<PER>LEFEBURE. Fait serrures impenelrables \u00e0 toute\n</PER>fausse<ACT>clef pour meubles et autres; r</ACT>, des Mar-\ntrs,<CARDINAL>42</CARDINAL>.\n", 
      "origin": "computer", 
      "parent": 378, 
      "persons": [
        "LEFEBURE. Fait serrures impenelrables \u00e0 toute\n"
      ], 
      "text_ocr": "LEFEBURE. Fait serrures impenelrables \u00e0 toute\nfausse clef pour meubles et autres; r, des Mar-\ntrs, 42.\n", 
      "type": "ENTRY"
    }, 
    {
      "EOL": false, 
      "box": [
        458, 
        1186, 
        214, 
        17
      ], 
      "id": 469, 
      "indented": true, 
      "parent": 468, 
      "text": "", 
      "type": "LINE"
    }, 
    {
      "addresses": [], 
      "box": [
        458, 
        1186, 
        214, 
        17
      ], 
      "checked": false, 
      "id": 468, 
      "ner_xml": "<PER>LEGER</PER>,<ACT>r. Ste-Anne</ACT>,<PER>2\u00d9</PER>,\n", 
      "origin": "computer", 
      "parent": 378, 
      "persons": [
        "LEGER", 
        "2\u00d9"
      ], 
      "text_ocr": "LEGER, r. Ste-Anne, 2\u00d9,\n", 
      "type": "ENTRY"
    }, 
    {
      "EOL": false, 
      "box": [
        458, 
        1208, 
        260, 
        17
      ], 
      "id": 471, 
      "indented": true, 
      "parent": 470, 
      "text": "", 
      "type": "LINE"
    }, 
    {
      "addresses": [], 
      "box": [
        458, 
        1208, 
        260, 
        17
      ], 
      "checked": false, 
      "id": 470, 
      "ner_xml": "<PER>LEGRAND</PER>,<ACT>r. Si-CGuuillaume</ACT>,<CARDINAL>0</CARDINAL>.\n", 
      "origin": "computer", 
      "parent": 378, 
      "persons": [
        "LEGRAND"
      ], 
      "text_ocr": "LEGRAND, r. Si-CGuuillaume, 0.\n", 
      "type": "ENTRY"
    }, 
    {
      "EOL": false, 
      "box": [
        458, 
        1229, 
        232, 
        20
      ], 
      "id": 473, 
      "indented": true, 
      "parent": 472, 
      "text": "", 
      "type": "LINE"
    }, 
    {
      "addresses": [], 
      "box": [
        458, 
        1229, 
        232, 
        20
      ], 
      "checked": false, 
      "id": 472, 
      "ner_xml": "<PER>LEGROS</PER>,<ACT>r. du Temple</ACT>,<CARDINAL>99</CARDINAL>.\n", 
      "origin": "computer", 
      "parent": 378, 
      "persons": [
        "LEGROS"
      ], 
      "text_ocr": "LEGROS, r. du Temple, 99.\n", 
      "type": "ENTRY"
    }, 
    {
      "EOL": false, 
      "box": [
        459, 
        1251, 
        407, 
        18
      ], 
      "id": 475, 
      "indented": true, 
      "parent": 474, 
      "text": "", 
      "type": "LINE"
    }, 
    {
      "addresses": [], 
      "box": [
        459, 
        1251, 
        407, 
        18
      ], 
      "checked": false, 
      "id": 474, 
      "ner_xml": "<PER>LEMAITRE</PER>,<ACT>r. de Ja Planche \u0178</ACT>,<ACT>faub.</ACT>St.-Germ.\n", 
      "origin": "computer", 
      "parent": 378, 
      "persons": [
        "LEMAITRE"
      ], 
      "text_ocr": "LEMAITRE, r. de Ja Planche \u0178, faub. St.-Germ.\n", 
      "type": "ENTRY"
    }, 
    {
      "EOL": false, 
      "box": [
        459, 
        1271, 
        251, 
        20
      ], 
      "id": 477, 
      "indented": true, 
      "parent": 476, 
      "text": "", 
      "type": "LINE"
    }, 
    {
      "addresses": [
        {
          "street_name": "St.-Victor", 
          "street_numbers": [
            "43553"
          ]
        }
      ], 
      "box": [
        459, 
        1271, 
        251, 
        20
      ], 
      "checked": false, 
      "id": 476, 
      "ner_xml": "<PER>LEMARIE</PER>,<ACT>r</ACT>,<LOC>St.-Victor</LOC>,<CARDINAL>43553</CARDINAL>,\n", 
      "origin": "computer", 
      "parent": 378, 
      "persons": [
        "LEMARIE"
      ], 
      "text_ocr": "LEMARIE, r, St.-Victor, 43553,\n", 
      "type": "ENTRY"
    }, 
    {
      "EOL": false, 
      "box": [
        458, 
        1294, 
        408, 
        22
      ], 
      "id": 479, 
      "indented": true, 
      "parent": 478, 
      "text": "", 
      "type": "LINE"
    }, 
    {
      "EOL": false, 
      "box": [
        480, 
        1316, 
        385, 
        20
      ], 
      "id": 480, 
      "indented": false, 
      "parent": 478, 
      "text": "", 
      "type": "LINE"
    }, 
    {
      "EOL": false, 
      "box": [
        479, 
        1337, 
        114, 
        18
      ], 
      "id": 481, 
      "indented": false, 
      "parent": 478, 
      "text": "", 
      "type": "LINE"
    }, 
    {
      "addresses": [], 
      "box": [
        458, 
        1294, 
        408, 
        61
      ], 
      "checked": false, 
      "id": 478, 
      "ner_xml": "<PER>LEIRIS. Fait moulures en t\u00f4le pour remplacer les\nbois en usage dans les crois\u00e9es</PER>, ete.: @ en 1825;\nr. d'Enfer,<CARDINAL>50</CARDINAL>.<CARDINAL>1</CARDINAL>\n", 
      "origin": "computer", 
      "parent": 378, 
      "persons": [
        "LEIRIS. Fait moulures en t\u00f4le pour remplacer les\nbois en usage dans les crois\u00e9es"
      ], 
      "text_ocr": "LEIRIS. Fait moulures en t\u00f4le pour remplacer les\nbois en usage dans les crois\u00e9es, ete.: @ en 1825;\nr. d'Enfer, 50. 1\n", 
      "type": "ENTRY"
    }, 
    {
      "EOL": false, 
      "box": [
        458, 
        1360, 
        351, 
        21
      ], 
      "id": 483, 
      "indented": true, 
      "parent": 482, 
      "text": "", 
      "type": "LINE"
    }, 
    {
      "addresses": [
        {
          "street_name": "#4", 
          "street_numbers": []
        }, 
        {
          "street_name": "St.-Germain", 
          "street_numbers": []
        }
      ], 
      "box": [
        458, 
        1360, 
        351, 
        21
      ], 
      "checked": false, 
      "id": 482, 
      "ner_xml": "<PER>LEIS</PER>,<ACT>r. Cardinale</ACT>,<LOC>#4</LOC>,<ACT>faub</ACT>.<LOC>St.-Germain</LOC>.\n", 
      "origin": "computer", 
      "parent": 378, 
      "persons": [
        "LEIS"
      ], 
      "text_ocr": "LEIS, r. Cardinale, #4, faub. St.-Germain.\n", 
      "type": "ENTRY"
    }, 
    {
      "EOL": false, 
      "box": [
        458, 
        1384, 
        329, 
        21
      ], 
      "id": 485, 
      "indented": true, 
      "parent": 484, 
      "text": "", 
      "type": "LINE"
    }, 
    {
      "addresses": [], 
      "box": [
        458, 
        1384, 
        329, 
        21
      ], 
      "checked": false, 
      "id": 484, 
      "ner_xml": "<PER>LENOBLE</PER>,<ACT>r. du Pl\u00e4tre-St -Jacques. 1</ACT>%\n", 
      "origin": "computer", 
      "parent": 378, 
      "persons": [
        "LENOBLE"
      ], 
      "text_ocr": "LENOBLE, r. du Pl\u00e4tre-St -Jacques. 1%\n", 
      "type": "ENTRY"
    }, 
    {
      "EOL": false, 
      "box": [
        458, 
        1407, 
        262, 
        19
      ], 
      "id": 487, 
      "indented": true, 
      "parent": 486, 
      "text": "", 
      "type": "LINE"
    }, 
    {
      "addresses": [], 
      "box": [
        458, 
        1407, 
        262, 
        19
      ], 
      "checked": false, 
      "id": 486, 
      "ner_xml": "<PER>LEONARD</PER>,<ACT>r. Sl.-Jacques</ACT>,<CARDINAL>242</CARDINAL>.\n", 
      "origin": "computer", 
      "parent": 378, 
      "persons": [
        "LEONARD"
      ], 
      "text_ocr": "LEONARD, r. Sl.-Jacques, 242.\n", 
      "type": "ENTRY"
    }, 
    {
      "EOL": false, 
      "box": [
        459, 
        1428, 
        185, 
        15
      ], 
      "id": 489, 
      "indented": true, 
      "parent": 488, 
      "text": "", 
      "type": "LINE"
    }, 
    {
      "addresses": [], 
      "box": [
        459, 
        1428, 
        185, 
        15
      ], 
      "checked": false, 
      "id": 488, 
      "ner_xml": "<PER>LEPAGE</PER>.<ACT>rv. Ballet. K.\n</ACT>", 
      "origin": "computer", 
      "parent": 378, 
      "persons": [
        "LEPAGE"
      ], 
      "text_ocr": "LEPAGE. rv. Ballet. K.\n", 
      "type": "ENTRY"
    }, 
    {
      "box": [
        453, 
        117, 
        417, 
        1328
      ], 
      "id": 378, 
      "parent": 377, 
      "type": "COLUMN_LEVEL_2"
    }, 
    {
      "box": [
        453, 
        117, 
        417, 
        1328
      ], 
      "id": 377, 
      "parent": 376, 
      "type": "SECTION_LEVEL_2"
    }, 
    {
      "box": [
        453, 
        117, 
        417, 
        1328
      ], 
      "id": 376, 
      "parent": 258, 
      "type": "COLUMN_LEVEL_1"
    }, 
    {
      "box": [
        29, 
        117, 
        841, 
        1328
      ], 
      "id": 258, 
      "parent": 256, 
      "type": "SECTION_LEVEL_1"
    }, 
    {
      "box": [
        29, 
        90, 
        841, 
        1355
      ], 
      "id": 256, 
      "type": "PAGE"
    }
  ], 
  "mode": "cached"
}
