[
  {
    "box": [
      111,
      75,
      863,
      18
    ],
    "checked": false,
    "id": 257,
    "origin": "computer",
    "parent": 256,
    "text": "T0 2 PRIE PROT\n",
    "type": "TITLE_LEVEL_1"
  },
  {
    "EOL": false,
    "box": [
      112,
      105,
      416,
      22
    ],
    "id": 263,
    "indented": true,
    "parent": 262,
    "text": "",
    "type": "LINE"
  },
  {
    "addresses": [
      {
        "street_name": "r. N.-St.-Denis",
        "street_numbers": [
          "25"
        ]
      }
    ],
    "box": [
      112,
      105,
      416,
      22
    ],
    "checked": false,
    "id": 262,
    "ner_xml": "<PER>Preux fils</PER>,<ACT>voit. publiqg.</ACT>,<LOC>r. N.-St.-Denis</LOC>,<CARDINAL>25</CARDINAL>\n",
    "origin": "computer",
    "parent": 261,
    "persons": [
      "Preux fils"
    ],
    "text_ocr": "Preux fils, voit. publiqg., r. N.-St.-Denis, 25\n",
    "type": "ENTRY"
  },
  {
    "EOL": false,
    "box": [
      113,
      127,
      389,
      17
    ],
    "id": 265,
    "indented": true,
    "parent": 264,
    "text": "",
    "type": "LINE"
  },
  {
    "addresses": [],
    "box": [
      113,
      127,
      389,
      17
    ],
    "checked": false,
    "id": 264,
    "ner_xml": "<PER>Prevel</PER>,<ACT>serr. en bat... r. Poissonniere.</ACT><CARDINAL>19</CARDINAL>.\n",
    "origin": "computer",
    "parent": 261,
    "persons": [
      "Prevel"
    ],
    "text_ocr": "Prevel, serr. en bat... r. Poissonniere. 19.\n",
    "type": "ENTRY"
  },
  {
    "EOL": false,
    "box": [
      112,
      148,
      424,
      21
    ],
    "id": 267,
    "indented": true,
    "parent": 266,
    "text": "",
    "type": "LINE"
  },
  {
    "EOL": false,
    "box": [
      134,
      171,
      57,
      14
    ],
    "id": 268,
    "indented": false,
    "parent": 266,
    "text": "",
    "type": "LINE"
  },
  {
    "addresses": [
      {
        "street_name": "r. Godot-de Mau-\nrov.",
        "street_numbers": [
          "1"
        ]
      }
    ],
    "box": [
      112,
      148,
      424,
      37
    ],
    "checked": false,
    "id": 266,
    "ner_xml": "<PER>Prevel</PER>,<ACT>peint. pour bätim.</ACT>,<LOC>r. Godot-de Mau-\nrov.</LOC><CARDINAL>1</CARDINAL>.\n",
    "origin": "computer",
    "parent": 261,
    "persons": [
      "Prevel"
    ],
    "text_ocr": "Prevel, peint. pour bätim., r. Godot-de Mau-\nrov. 1.\n",
    "type": "ENTRY"
  },
  {
    "EOL": false,
    "box": [
      112,
      190,
      423,
      22
    ],
    "id": 270,
    "indented": true,
    "parent": 269,
    "text": "",
    "type": "LINE"
  },
  {
    "addresses": [
      {
        "street_name": "r. Phélippeaux",
        "street_numbers": [
          "27"
        ]
      }
    ],
    "box": [
      112,
      190,
      423,
      22
    ],
    "checked": false,
    "id": 269,
    "ner_xml": "<PER>Previeu (Mme)</PER>,<ACT>casquet.</ACT>,<LOC>r. Phélippeaux</LOC>,<CARDINAL>27</CARDINAL>.\n",
    "origin": "computer",
    "parent": 261,
    "persons": [
      "Previeu (Mme)"
    ],
    "text_ocr": "Previeu (Mme), casquet., r. Phélippeaux, 27.\n",
    "type": "ENTRY"
  },
  {
    "EOL": false,
    "box": [
      113,
      212,
      319,
      19
    ],
    "id": 272,
    "indented": true,
    "parent": 271,
    "text": "",
    "type": "LINE"
  },
  {
    "addresses": [
      {
        "street_name": "Bourg-l'Abbe",
        "street_numbers": [
          "26"
        ]
      }
    ],
    "box": [
      113,
      212,
      319,
      19
    ],
    "checked": false,
    "id": 271,
    "ner_xml": "<PER>Preville</PER>,<ACT>Hg.,r</ACT>.<LOC>Bourg-l'Abbe</LOC>,<CARDINAL>26</CARDINAL>.\n",
    "origin": "computer",
    "parent": 261,
    "persons": [
      "Preville"
    ],
    "text_ocr": "Preville, Hg.,r. Bourg-l'Abbe, 26.\n",
    "type": "ENTRY"
  },
  {
    "EOL": false,
    "box": [
      114,
      233,
      338,
      17
    ],
    "id": 274,
    "indented": true,
    "parent": 273,
    "text": "",
    "type": "LINE"
  },
  {
    "addresses": [],
    "box": [
      114,
      233,
      338,
      17
    ],
    "checked": false,
    "id": 273,
    "ner_xml": "<PER>Prevost.</PER>,<ACT>bots a bruler. r. d'Aval.</ACT><CARDINAL>22</CARDINAL>\n",
    "origin": "computer",
    "parent": 261,
    "persons": [
      "Prevost."
    ],
    "text_ocr": "Prevost., bots a bruler. r. d'Aval. 22\n",
    "type": "ENTRY"
  },
  {
    "EOL": false,
    "box": [
      112,
      254,
      284,
      16
    ],
    "id": 276,
    "indented": true,
    "parent": 275,
    "text": "",
    "type": "LINE"
  },
  {
    "addresses": [
      {
        "street_name": "chuses. r. Clerv.",
        "street_numbers": [
          "83"
        ]
      }
    ],
    "box": [
      112,
      254,
      284,
      16
    ],
    "checked": false,
    "id": 275,
    "ner_xml": "<PER>Prevost</PER>.<LOC>chuses. r. Clerv.</LOC><CARDINAL>83</CARDINAL>.\n",
    "origin": "computer",
    "parent": 261,
    "persons": [
      "Prevost"
    ],
    "text_ocr": "Prevost. chuses. r. Clerv. 83.\n",
    "type": "ENTRY"
  },
  {
    "EOL": false,
    "box": [
      114,
      275,
      423,
      18
    ],
    "id": 278,
    "indented": true,
    "parent": 277,
    "text": "",
    "type": "LINE"
  },
  {
    "EOL": false,
    "box": [
      134,
      296,
      108,
      16
    ],
    "id": 279,
    "indented": false,
    "parent": 277,
    "text": "",
    "type": "LINE"
  },
  {
    "addresses": [
      {
        "street_name": "r. de la Fa-\nbletterie.",
        "street_numbers": [
          "9"
        ]
      }
    ],
    "box": [
      114,
      275,
      423,
      37
    ],
    "checked": false,
    "id": 277,
    "ner_xml": "<PER>Prevost (Ch.'</PER>,<ACT>fab. bonneterie</ACT>,<LOC>r. de la Fa-\nbletterie.</LOC><CARDINAL>9</CARDINAL>.\n",
    "origin": "computer",
    "parent": 261,
    "persons": [
      "Prevost (Ch.'"
    ],
    "text_ocr": "Prevost (Ch.', fab. bonneterie, r. de la Fa-\nbletterie. 9.\n",
    "type": "ENTRY"
  },
  {
    "EOL": false,
    "box": [
      114,
      317,
      422,
      17
    ],
    "id": 281,
    "indented": true,
    "parent": 280,
    "text": "",
    "type": "LINE"
  },
  {
    "addresses": [],
    "box": [
      114,
      317,
      422,
      17
    ],
    "checked": false,
    "id": 280,
    "ner_xml": "<PER>Prevost (M.)</PER>.<ACT>bonnet... r. du F.-St.-Denis.</ACT><CARDINAL>90</CARDINAL>.\n",
    "origin": "computer",
    "parent": 261,
    "persons": [
      "Prevost (M.)"
    ],
    "text_ocr": "Prevost (M.). bonnet... r. du F.-St.-Denis. 90.\n",
    "type": "ENTRY"
  },
  {
    "EOL": false,
    "box": [
      114,
      338,
      340,
      17
    ],
    "id": 283,
    "indented": true,
    "parent": 282,
    "text": "",
    "type": "LINE"
  },
  {
    "addresses": [],
    "box": [
      114,
      338,
      340,
      17
    ],
    "checked": false,
    "id": 282,
    "ner_xml": "<PER>Prévost</PER>.<ACT>bott.-cord.. r. St.-!'aul</ACT>.<CARDINAL>51</CARDINAL>.\n",
    "origin": "computer",
    "parent": 261,
    "persons": [
      "Prévost"
    ],
    "text_ocr": "Prévost. bott.-cord.. r. St.-!'aul. 51.\n",
    "type": "ENTRY"
  },
  {
    "EOL": false,
    "box": [
      113,
      359,
      423,
      18
    ],
    "id": 285,
    "indented": true,
    "parent": 284,
    "text": "",
    "type": "LINE"
  },
  {
    "addresses": [
      {
        "street_name": "r. du Four-St.-Germ.",
        "street_numbers": [
          "33"
        ]
      }
    ],
    "box": [
      113,
      359,
      423,
      18
    ],
    "checked": false,
    "id": 284,
    "ner_xml": "<PER>Prévost</PER>,<ACT>boulanse.</ACT>,<LOC>r. du Four-St.-Germ.</LOC>,<CARDINAL>33</CARDINAL>.\n",
    "origin": "computer",
    "parent": 261,
    "persons": [
      "Prévost"
    ],
    "text_ocr": "Prévost, boulanse., r. du Four-St.-Germ., 33.\n",
    "type": "ENTRY"
  },
  {
    "EOL": false,
    "box": [
      113,
      381,
      424,
      20
    ],
    "id": 287,
    "indented": true,
    "parent": 286,
    "text": "",
    "type": "LINE"
  },
  {
    "EOL": false,
    "box": [
      135,
      402,
      103,
      16
    ],
    "id": 288,
    "indented": false,
    "parent": 286,
    "text": "",
    "type": "LINE"
  },
  {
    "addresses": [
      {
        "street_name": "passage Vi\nvienne.",
        "street_numbers": [
          "15"
        ]
      }
    ],
    "box": [
      113,
      381,
      424,
      37
    ],
    "checked": false,
    "id": 286,
    "ner_xml": "<PER>Prévost (Ach.)</PER>,<ACT>limonadier</ACT>,<LOC>passage Vi\nvienne.</LOC><CARDINAL>15</CARDINAL>.\n",
    "origin": "computer",
    "parent": 261,
    "persons": [
      "Prévost (Ach.)"
    ],
    "text_ocr": "Prévost (Ach.), limonadier, passage Vi\nvienne. 15.\n",
    "type": "ENTRY"
  },
  {
    "EOL": false,
    "box": [
      113,
      423,
      423,
      15
    ],
    "id": 290,
    "indented": true,
    "parent": 289,
    "text": "",
    "type": "LINE"
  },
  {
    "addresses": [],
    "box": [
      113,
      423,
      423,
      15
    ],
    "checked": false,
    "id": 289,
    "ner_xml": "Prevost.<PER>limon.. bou'ev</PER>. Bonne-Nouvelle.<CARDINAL>#</CARDINAL><CARDINAL>4</CARDINAL>.\n",
    "origin": "computer",
    "parent": 261,
    "persons": [
      "limon.. bou'ev"
    ],
    "text_ocr": "Prevost. limon.. bou'ev. Bonne-Nouvelle. #4.\n",
    "type": "ENTRY"
  },
  {
    "EOL": false,
    "box": [
      114,
      444,
      278,
      17
    ],
    "id": 292,
    "indented": true,
    "parent": 291,
    "text": "",
    "type": "LINE"
  },
  {
    "addresses": [],
    "box": [
      114,
      444,
      278,
      17
    ],
    "checked": false,
    "id": 291,
    "ner_xml": "<PER>Prévost</PER>,<PER>Coiff.. r. Joubert</PER>,<CARDINAL>32</CARDINAL>.\n",
    "origin": "computer",
    "parent": 261,
    "persons": [
      "Prévost",
      "Coiff.. r. Joubert"
    ],
    "text_ocr": "Prévost, Coiff.. r. Joubert, 32.\n",
    "type": "ENTRY"
  },
  {
    "EOL": false,
    "box": [
      114,
      465,
      343,
      21
    ],
    "id": 294,
    "indented": true,
    "parent": 293,
    "text": "",
    "type": "LINE"
  },
  {
    "addresses": [
      {
        "street_name": "r. St.-Honore",
        "street_numbers": [
          "185"
        ]
      }
    ],
    "box": [
      114,
      465,
      343,
      21
    ],
    "checked": false,
    "id": 293,
    "ner_xml": "<PER>Prévost</PER>,<ACT>chapell.</ACT>,<LOC>r. St.-Honore</LOC>,<CARDINAL>185</CARDINAL>.\n",
    "origin": "computer",
    "parent": 261,
    "persons": [
      "Prévost"
    ],
    "text_ocr": "Prévost, chapell., r. St.-Honore, 185.\n",
    "type": "ENTRY"
  },
  {
    "EOL": false,
    "box": [
      114,
      486,
      421,
      17
    ],
    "id": 296,
    "indented": true,
    "parent": 295,
    "text": "",
    "type": "LINE"
  },
  {
    "addresses": [
      {
        "street_name": "r. des Fontaines",
        "street_numbers": [
          "13"
        ]
      }
    ],
    "box": [
      114,
      486,
      421,
      17
    ],
    "checked": false,
    "id": 295,
    "ner_xml": "<PER>Prevost.comm. en marc</PER>..<LOC>r. des Fontaines</LOC>,<CARDINAL>13</CARDINAL>.\n",
    "origin": "computer",
    "parent": 261,
    "persons": [
      "Prevost.comm. en marc"
    ],
    "text_ocr": "Prevost.comm. en marc..r. des Fontaines, 13.\n",
    "type": "ENTRY"
  },
  {
    "EOL": false,
    "box": [
      113,
      507,
      424,
      18
    ],
    "id": 298,
    "indented": true,
    "parent": 297,
    "text": "",
    "type": "LINE"
  },
  {
    "EOL": false,
    "box": [
      134,
      529,
      112,
      20
    ],
    "id": 299,
    "indented": false,
    "parent": 297,
    "text": "",
    "type": "LINE"
  },
  {
    "addresses": [
      {
        "street_name": "r. C.-des-P.-\nChamps",
        "street_numbers": [
          "#",
          "3"
        ]
      }
    ],
    "box": [
      113,
      507,
      424,
      42
    ],
    "checked": false,
    "id": 297,
    "ner_xml": "<PER>Prévost aîné</PER>,<ACT>comm. en mar.</ACT>,<LOC>r. C.-des-P.-\nChamps</LOC>,<CARDINAL>#</CARDINAL><CARDINAL>3</CARDINAL>.\n",
    "origin": "computer",
    "parent": 261,
    "persons": [
      "Prévost aîné"
    ],
    "text_ocr": "Prévost aîné, comm. en mar., r. C.-des-P.-\nChamps, #3.\n",
    "type": "ENTRY"
  },
  {
    "EOL": false,
    "box": [
      114,
      549,
      315,
      21
    ],
    "id": 301,
    "indented": true,
    "parent": 300,
    "text": "",
    "type": "LINE"
  },
  {
    "addresses": [
      {
        "street_name": "r. des Coquilles",
        "street_numbers": [
          "2"
        ]
      }
    ],
    "box": [
      114,
      549,
      315,
      21
    ],
    "checked": false,
    "id": 300,
    "ner_xml": "<PER>Prevost</PER>,<ACT>nég.</ACT>,<LOC>r. des Coquilles</LOC>,<CARDINAL>2</CARDINAL>\n",
    "origin": "computer",
    "parent": 261,
    "persons": [
      "Prevost"
    ],
    "text_ocr": "Prevost, nég., r. des Coquilles, 2\n",
    "type": "ENTRY"
  },
  {
    "EOL": false,
    "box": [
      113,
      571,
      424,
      20
    ],
    "id": 303,
    "indented": true,
    "parent": 302,
    "text": "",
    "type": "LINE"
  },
  {
    "EOL": false,
    "box": [
      140,
      592,
      111,
      15
    ],
    "id": 304,
    "indented": false,
    "parent": 302,
    "text": "",
    "type": "LINE"
  },
  {
    "addresses": [
      {
        "street_name": "r. St.-\nAntoine.",
        "street_numbers": [
          "81"
        ]
      }
    ],
    "box": [
      113,
      571,
      424,
      36
    ],
    "checked": false,
    "id": 302,
    "ner_xml": "<PER>Prevost (C.-J.-P.)</PER>,<ACT>courtier-adioint</ACT>,<LOC>r. St.-\nAntoine.</LOC><CARDINAL>81</CARDINAL>.\n",
    "origin": "computer",
    "parent": 261,
    "persons": [
      "Prevost (C.-J.-P.)"
    ],
    "text_ocr": "Prevost (C.-J.-P.), courtier-adioint, r. St.-\nAntoine. 81.\n",
    "type": "ENTRY"
  },
  {
    "EOL": false,
    "box": [
      113,
      613,
      424,
      19
    ],
    "id": 306,
    "indented": true,
    "parent": 305,
    "text": "",
    "type": "LINE"
  },
  {
    "EOL": false,
    "box": [
      134,
      635,
      101,
      15
    ],
    "id": 307,
    "indented": false,
    "parent": 305,
    "text": "",
    "type": "LINE"
  },
  {
    "addresses": [
      {
        "street_name": "r. des Vieilies- Au-\ndriettes. ?",
        "street_numbers": []
      }
    ],
    "box": [
      113,
      613,
      424,
      37
    ],
    "checked": false,
    "id": 305,
    "ner_xml": "<PER>Prévost (J.-J.)</PER>,<ACT>courtier</ACT>,<LOC>r. des Vieilies- Au-\ndriettes. ?</LOC>.\n",
    "origin": "computer",
    "parent": 261,
    "persons": [
      "Prévost (J.-J.)"
    ],
    "text_ocr": "Prévost (J.-J.), courtier, r. des Vieilies- Au-\ndriettes. ?.\n",
    "type": "ENTRY"
  },
  {
    "EOL": false,
    "box": [
      115,
      655,
      423,
      20
    ],
    "id": 309,
    "indented": true,
    "parent": 308,
    "text": "",
    "type": "LINE"
  },
  {
    "EOL": false,
    "box": [
      135,
      678,
      67,
      13
    ],
    "id": 310,
    "indented": false,
    "parent": 308,
    "text": "",
    "type": "LINE"
  },
  {
    "addresses": [
      {
        "street_name": "r. St.-Jean-de -La-\ntrun",
        "street_numbers": [
          "9"
        ]
      }
    ],
    "box": [
      115,
      655,
      423,
      36
    ],
    "checked": false,
    "id": 308,
    "ner_xml": "<PER>Prevost (Mme.)</PER>,<ACT>crepins</ACT>,<LOC>r. St.-Jean-de -La-\ntrun</LOC>,<CARDINAL>9</CARDINAL>.\n",
    "origin": "computer",
    "parent": 261,
    "persons": [
      "Prevost (Mme.)"
    ],
    "text_ocr": "Prevost (Mme.), crepins, r. St.-Jean-de -La-\ntrun, 9.\n",
    "type": "ENTRY"
  },
  {
    "EOL": false,
    "box": [
      114,
      697,
      374,
      21
    ],
    "id": 312,
    "indented": true,
    "parent": 311,
    "text": "",
    "type": "LINE"
  },
  {
    "addresses": [
      {
        "street_name": "St.-Merry",
        "street_numbers": [
          "11"
        ]
      }
    ],
    "box": [
      114,
      697,
      374,
      21
    ],
    "checked": false,
    "id": 311,
    "ner_xml": "<PER>Prévost (F.-H)</PER>,<ACT>drog.</ACT>, r<LOC>St.-Merry</LOC>,<CARDINAL>11</CARDINAL>.\n",
    "origin": "computer",
    "parent": 261,
    "persons": [
      "Prévost (F.-H)"
    ],
    "text_ocr": "Prévost (F.-H), drog., r St.-Merry, 11.\n",
    "type": "ENTRY"
  },
  {
    "EOL": false,
    "box": [
      113,
      718,
      328,
      21
    ],
    "id": 314,
    "indented": true,
    "parent": 313,
    "text": "",
    "type": "LINE"
  },
  {
    "addresses": [
      {
        "street_name": "r. d'Anjou",
        "street_numbers": [
          "19"
        ]
      }
    ],
    "box": [
      113,
      718,
      328,
      21
    ],
    "checked": false,
    "id": 313,
    "ner_xml": "Piévost et c.,<ACT>épic.</ACT>,<LOC>r. d'Anjou</LOC>,<CARDINAL>19</CARDINAL>.\n",
    "origin": "computer",
    "parent": 261,
    "persons": [],
    "text_ocr": "Piévost et c., épic., r. d'Anjou, 19.\n",
    "type": "ENTRY"
  },
  {
    "EOL": false,
    "box": [
      115,
      739,
      304,
      21
    ],
    "id": 316,
    "indented": true,
    "parent": 315,
    "text": "",
    "type": "LINE"
  },
  {
    "addresses": [
      {
        "street_name": "f. St.-Denis",
        "street_numbers": [
          "9"
        ]
      }
    ],
    "box": [
      115,
      739,
      304,
      21
    ],
    "checked": false,
    "id": 315,
    "ner_xml": "<PER>Prevost</PER>,<ACT>berbor.</ACT>,<LOC>f. St.-Denis</LOC>,<CARDINAL>9</CARDINAL>.\n",
    "origin": "computer",
    "parent": 261,
    "persons": [
      "Prevost"
    ],
    "text_ocr": "Prevost, berbor., f. St.-Denis, 9.\n",
    "type": "ENTRY"
  },
  {
    "EOL": false,
    "box": [
      115,
      761,
      373,
      16
    ],
    "id": 318,
    "indented": true,
    "parent": 317,
    "text": "",
    "type": "LINE"
  },
  {
    "addresses": [],
    "box": [
      115,
      761,
      373,
      16
    ],
    "checked": false,
    "id": 317,
    "ner_xml": "l'revost.<ACT>serr. en bat... r. St.-Et'enne.</ACT><CARDINAL>1</CARDINAL>.\n",
    "origin": "computer",
    "parent": 261,
    "persons": [],
    "text_ocr": "l'revost. serr. en bat... r. St.-Et'enne. 1.\n",
    "type": "ENTRY"
  },
  {
    "EOL": false,
    "box": [
      114,
      782,
      382,
      20
    ],
    "id": 320,
    "indented": true,
    "parent": 319,
    "text": "",
    "type": "LINE"
  },
  {
    "addresses": [
      {
        "street_name": "r. de la l'onnellerie",
        "street_numbers": [
          "10"
        ]
      }
    ],
    "box": [
      114,
      782,
      382,
      20
    ],
    "checked": false,
    "id": 319,
    "ner_xml": "<PER>Prévost</PER>,<ACT>épic.</ACT>,<LOC>r. de la l'onnellerie</LOC>,<CARDINAL>10</CARDINAL>.\n",
    "origin": "computer",
    "parent": 261,
    "persons": [
      "Prévost"
    ],
    "text_ocr": "Prévost, épic., r. de la l'onnellerie, 10.\n",
    "type": "ENTRY"
  },
  {
    "EOL": false,
    "box": [
      115,
      803,
      395,
      19
    ],
    "id": 322,
    "indented": true,
    "parent": 321,
    "text": "",
    "type": "LINE"
  },
  {
    "addresses": [
      {
        "street_name": "r. Richelieu",
        "street_numbers": [
          "10"
        ]
      }
    ],
    "box": [
      115,
      803,
      395,
      19
    ],
    "checked": false,
    "id": 321,
    "ner_xml": "<PER>Prevost (Ve.)</PER>,<ACT>fleurs-art.</ACT>,<LOC>r. Richelieu</LOC>,<CARDINAL>10</CARDINAL>\n",
    "origin": "computer",
    "parent": 261,
    "persons": [
      "Prevost (Ve.)"
    ],
    "text_ocr": "Prevost (Ve.), fleurs-art., r. Richelieu, 10\n",
    "type": "ENTRY"
  },
  {
    "EOL": false,
    "box": [
      113,
      824,
      424,
      21
    ],
    "id": 324,
    "indented": true,
    "parent": 323,
    "text": "",
    "type": "LINE"
  },
  {
    "EOL": false,
    "box": [
      135,
      845,
      199,
      21
    ],
    "id": 325,
    "indented": false,
    "parent": 323,
    "text": "",
    "type": "LINE"
  },
  {
    "addresses": [
      {
        "street_name": "Palais-Royal",
        "street_numbers": []
      },
      {
        "street_name": "galerie du\nThéâtre-Francais",
        "street_numbers": [
          "47"
        ]
      }
    ],
    "box": [
      113,
      824,
      424,
      42
    ],
    "checked": false,
    "id": 323,
    "ner_xml": "Prévots.<ACT>fleur.-pépi.</ACT>,<LOC>Palais-Royal</LOC>,<LOC>galerie du\nThéâtre-Francais</LOC>,<CARDINAL>47</CARDINAL>.\n",
    "origin": "computer",
    "parent": 261,
    "persons": [],
    "text_ocr": "Prévots. fleur.-pépi., Palais-Royal, galerie du\nThéâtre-Francais, 47.\n",
    "type": "ENTRY"
  },
  {
    "EOL": false,
    "box": [
      113,
      866,
      423,
      21
    ],
    "id": 327,
    "indented": true,
    "parent": 326,
    "text": "",
    "type": "LINE"
  },
  {
    "addresses": [
      {
        "street_name": "r. des Frois-Bornes",
        "street_numbers": [
          "11"
        ]
      }
    ],
    "box": [
      113,
      866,
      423,
      21
    ],
    "checked": false,
    "id": 326,
    "ner_xml": "<PER>Prevots</PER>,<ACT>fleur.-pépt.</ACT>,<LOC>r. des Frois-Bornes</LOC>,<CARDINAL>11</CARDINAL>,\n",
    "origin": "computer",
    "parent": 261,
    "persons": [
      "Prevots"
    ],
    "text_ocr": "Prevots, fleur.-pépt., r. des Frois-Bornes, 11,\n",
    "type": "ENTRY"
  },
  {
    "EOL": false,
    "box": [
      113,
      888,
      341,
      20
    ],
    "id": 329,
    "indented": true,
    "parent": 328,
    "text": "",
    "type": "LINE"
  },
  {
    "addresses": [
      {
        "street_name": "r. St.-Honore",
        "street_numbers": [
          "OUT"
        ]
      }
    ],
    "box": [
      113,
      888,
      341,
      20
    ],
    "checked": false,
    "id": 328,
    "ner_xml": "<PER>Prevost</PER>,<ACT>papet.</ACT>,<LOC>r. St.-Honore</LOC>,<CARDINAL>OUT</CARDINAL>.\n",
    "origin": "computer",
    "parent": 261,
    "persons": [
      "Prevost"
    ],
    "text_ocr": "Prevost, papet., r. St.-Honore, OUT.\n",
    "type": "ENTRY"
  },
  {
    "EOL": false,
    "box": [
      113,
      909,
      338,
      20
    ],
    "id": 331,
    "indented": true,
    "parent": 330,
    "text": "",
    "type": "LINE"
  },
  {
    "addresses": [
      {
        "street_name": "r. Dauphine",
        "street_numbers": [
          "5"
        ]
      }
    ],
    "box": [
      113,
      909,
      338,
      20
    ],
    "checked": false,
    "id": 330,
    "ner_xml": "<PER>Prevost</PER>,<ACT>herborist.</ACT>,<LOC>r. Dauphine</LOC>,<CARDINAL>5</CARDINAL>.\n",
    "origin": "computer",
    "parent": 261,
    "persons": [
      "Prevost"
    ],
    "text_ocr": "Prevost, herborist., r. Dauphine, 5.\n",
    "type": "ENTRY"
  },
  {
    "EOL": false,
    "box": [
      113,
      930,
      423,
      19
    ],
    "id": 333,
    "indented": true,
    "parent": 332,
    "text": "",
    "type": "LINE"
  },
  {
    "addresses": [
      {
        "street_name": "r. N.-D.-des-Victoires",
        "street_numbers": [
          "10"
        ]
      }
    ],
    "box": [
      113,
      930,
      423,
      19
    ],
    "checked": false,
    "id": 332,
    "ner_xml": "<PER>Prévost</PER>,<ACT>horlog.</ACT>,<LOC>r. N.-D.-des-Victoires</LOC>,<CARDINAL>10</CARDINAL>.\n",
    "origin": "computer",
    "parent": 261,
    "persons": [
      "Prévost"
    ],
    "text_ocr": "Prévost, horlog., r. N.-D.-des-Victoires, 10.\n",
    "type": "ENTRY"
  },
  {
    "EOL": false,
    "box": [
      115,
      951,
      420,
      21
    ],
    "id": 335,
    "indented": true,
    "parent": 334,
    "text": "",
    "type": "LINE"
  },
  {
    "addresses": [
      {
        "street_name": "imp. taill.-d.",
        "street_numbers": []
      },
      {
        "street_name": "r. St-Denis, TOUT",
        "street_numbers": []
      }
    ],
    "box": [
      115,
      951,
      420,
      21
    ],
    "checked": false,
    "id": 334,
    "ner_xml": "<PER>Prévost (E.)</PER>,<LOC>imp. taill.-d.</LOC>,<LOC>r. St-Denis, TOUT</LOC>.\n",
    "origin": "computer",
    "parent": 261,
    "persons": [
      "Prévost (E.)"
    ],
    "text_ocr": "Prévost (E.), imp. taill.-d., r. St-Denis, TOUT.\n",
    "type": "ENTRY"
  },
  {
    "EOL": false,
    "box": [
      115,
      972,
      400,
      20
    ],
    "id": 337,
    "indented": true,
    "parent": 336,
    "text": "",
    "type": "LINE"
  },
  {
    "addresses": [],
    "box": [
      115,
      972,
      400,
      20
    ],
    "checked": false,
    "id": 336,
    "ner_xml": "<PER>Prevost</PER>,<ACT>macon</ACT>,<ACT>r. des lrois-Pavillons</ACT>,<CARDINAL>5</CARDINAL>.\n",
    "origin": "computer",
    "parent": 261,
    "persons": [
      "Prevost"
    ],
    "text_ocr": "Prevost, macon, r. des lrois-Pavillons, 5.\n",
    "type": "ENTRY"
  },
  {
    "EOL": false,
    "box": [
      115,
      993,
      393,
      16
    ],
    "id": 339,
    "indented": true,
    "parent": 338,
    "text": "",
    "type": "LINE"
  },
  {
    "addresses": [],
    "box": [
      115,
      993,
      393,
      16
    ],
    "checked": false,
    "id": 338,
    "ner_xml": "Prevost.<PER>mere... r. St.-Nicolas-d'\\Antan.</PER><CARDINAL>61</CARDINAL>.\n",
    "origin": "computer",
    "parent": 261,
    "persons": [
      "mere... r. St.-Nicolas-d'\\Antan."
    ],
    "text_ocr": "Prevost. mere... r. St.-Nicolas-d'\\Antan. 61.\n",
    "type": "ENTRY"
  },
  {
    "EOL": false,
    "box": [
      114,
      1014,
      379,
      20
    ],
    "id": 341,
    "indented": true,
    "parent": 340,
    "text": "",
    "type": "LINE"
  },
  {
    "addresses": [
      {
        "street_name": "r. de Richelieu",
        "street_numbers": [
          "51"
        ]
      }
    ],
    "box": [
      114,
      1014,
      379,
      20
    ],
    "checked": false,
    "id": 340,
    "ner_xml": "Prevost, {.<ACT>parfurw.</ACT>,<LOC>r. de Richelieu</LOC>,<CARDINAL>51</CARDINAL>.\n",
    "origin": "computer",
    "parent": 261,
    "persons": [],
    "text_ocr": "Prevost, {. parfurw., r. de Richelieu, 51.\n",
    "type": "ENTRY"
  },
  {
    "EOL": false,
    "box": [
      113,
      1035,
      330,
      16
    ],
    "id": 343,
    "indented": true,
    "parent": 342,
    "text": "",
    "type": "LINE"
  },
  {
    "addresses": [],
    "box": [
      113,
      1035,
      330,
      16
    ],
    "checked": false,
    "id": 342,
    "ner_xml": "<PER>Prevost.</PER>,<ACT>taill.. r. Montmartre</ACT>. Su.\n",
    "origin": "computer",
    "parent": 261,
    "persons": [
      "Prevost."
    ],
    "text_ocr": "Prevost., taill.. r. Montmartre. Su.\n",
    "type": "ENTRY"
  },
  {
    "EOL": false,
    "box": [
      114,
      1056,
      403,
      20
    ],
    "id": 345,
    "indented": true,
    "parent": 344,
    "text": "",
    "type": "LINE"
  },
  {
    "addresses": [
      {
        "street_name": "r. St.-Antoine",
        "street_numbers": [
          "107"
        ]
      }
    ],
    "box": [
      114,
      1056,
      403,
      20
    ],
    "checked": false,
    "id": 344,
    "ner_xml": "<PER>Prévost</PER>,<ACT>quincaillerie</ACT>,<LOC>r. St.-Antoine</LOC>,<CARDINAL>107</CARDINAL>.\n",
    "origin": "computer",
    "parent": 261,
    "persons": [
      "Prévost"
    ],
    "text_ocr": "Prévost, quincaillerie, r. St.-Antoine, 107.\n",
    "type": "ENTRY"
  },
  {
    "EOL": false,
    "box": [
      114,
      1077,
      422,
      21
    ],
    "id": 347,
    "indented": true,
    "parent": 346,
    "text": "",
    "type": "LINE"
  },
  {
    "EOL": false,
    "box": [
      137,
      1099,
      105,
      15
    ],
    "id": 348,
    "indented": false,
    "parent": 346,
    "text": "",
    "type": "LINE"
  },
  {
    "addresses": [
      {
        "street_name": "r. de la Uroix-St.-\nMartin.",
        "street_numbers": [
          "21"
        ]
      }
    ],
    "box": [
      114,
      1077,
      422,
      37
    ],
    "checked": false,
    "id": 346,
    "ner_xml": "<PER>Prevost Jeune</PER>,<ACT>f. tablett.</ACT>,<LOC>r. de la Uroix-St.-\nMartin.</LOC><CARDINAL>21</CARDINAL>.\n",
    "origin": "computer",
    "parent": 261,
    "persons": [
      "Prevost Jeune"
    ],
    "text_ocr": "Prevost Jeune, f. tablett., r. de la Uroix-St.-\nMartin. 21.\n",
    "type": "ENTRY"
  },
  {
    "EOL": false,
    "box": [
      115,
      1119,
      348,
      17
    ],
    "id": 350,
    "indented": true,
    "parent": 349,
    "text": "",
    "type": "LINE"
  },
  {
    "addresses": [
      {
        "street_name": "r. du Chemin- Vert",
        "street_numbers": [
          "3"
        ]
      }
    ],
    "box": [
      115,
      1119,
      348,
      17
    ],
    "checked": false,
    "id": 349,
    "ner_xml": "<PER>Prévost</PER>.<ACT>vins</ACT>,<LOC>r. du Chemin- Vert</LOC>,<CARDINAL>3</CARDINAL>.\n",
    "origin": "computer",
    "parent": 261,
    "persons": [
      "Prévost"
    ],
    "text_ocr": "Prévost. vins, r. du Chemin- Vert, 3.\n",
    "type": "ENTRY"
  },
  {
    "EOL": false,
    "box": [
      115,
      1140,
      398,
      19
    ],
    "id": 352,
    "indented": true,
    "parent": 351,
    "text": "",
    "type": "LINE"
  },
  {
    "addresses": [
      {
        "street_name": "ile St -Louis",
        "street_numbers": [
          "21"
        ]
      }
    ],
    "box": [
      115,
      1140,
      398,
      19
    ],
    "checked": false,
    "id": 351,
    "ner_xml": "<PER>Prevost</PER>,<ACT>vins en gr., r.et</ACT><LOC>ile St -Louis</LOC>,<CARDINAL>21</CARDINAL>.\n",
    "origin": "computer",
    "parent": 261,
    "persons": [
      "Prevost"
    ],
    "text_ocr": "Prevost, vins en gr., r.et ile St -Louis, 21.\n",
    "type": "ENTRY"
  },
  {
    "EOL": false,
    "box": [
      116,
      1161,
      377,
      21
    ],
    "id": 354,
    "indented": true,
    "parent": 353,
    "text": "",
    "type": "LINE"
  },
  {
    "addresses": [
      {
        "street_name": "r. St.-Martin",
        "street_numbers": [
          "247"
        ]
      }
    ],
    "box": [
      116,
      1161,
      377,
      21
    ],
    "checked": false,
    "id": 353,
    "ner_xml": "<PER>Prevost</PER>,<ACT>voit. publ.</ACT>,<LOC>r. St.-Martin</LOC>,<CARDINAL>247</CARDINAL>.\n",
    "origin": "computer",
    "parent": 261,
    "persons": [
      "Prevost"
    ],
    "text_ocr": "Prevost, voit. publ., r. St.-Martin, 247.\n",
    "type": "ENTRY"
  },
  {
    "EOL": false,
    "box": [
      114,
      1182,
      288,
      17
    ],
    "id": 356,
    "indented": true,
    "parent": 355,
    "text": "",
    "type": "LINE"
  },
  {
    "addresses": [
      {
        "street_name": "r. de Crussol",
        "street_numbers": [
          "10"
        ]
      }
    ],
    "box": [
      114,
      1182,
      288,
      17
    ],
    "checked": false,
    "id": 355,
    "ner_xml": "Prevost. fil.<LOC>r. de Crussol</LOC>.<CARDINAL>10</CARDINAL>.\n",
    "origin": "computer",
    "parent": 261,
    "persons": [],
    "text_ocr": "Prevost. fil. r. de Crussol. 10.\n",
    "type": "ENTRY"
  },
  {
    "EOL": false,
    "box": [
      115,
      1202,
      380,
      21
    ],
    "id": 358,
    "indented": true,
    "parent": 357,
    "text": "",
    "type": "LINE"
  },
  {
    "addresses": [
      {
        "street_name": "r. Bar-du-Bec",
        "street_numbers": []
      }
    ],
    "box": [
      115,
      1202,
      380,
      21
    ],
    "checked": false,
    "id": 357,
    "ner_xml": "<PER>Prevost-Aubry</PER>,<ACT>fromages</ACT>,<LOC>r. Bar-du-Bec</LOC>.\n",
    "origin": "computer",
    "parent": 261,
    "persons": [
      "Prevost-Aubry"
    ],
    "text_ocr": "Prevost-Aubry, fromages, r. Bar-du-Bec.\n",
    "type": "ENTRY"
  },
  {
    "EOL": false,
    "box": [
      114,
      1223,
      420,
      18
    ],
    "id": 360,
    "indented": true,
    "parent": 359,
    "text": "",
    "type": "LINE"
  },
  {
    "addresses": [],
    "box": [
      114,
      1223,
      420,
      18
    ],
    "checked": false,
    "id": 359,
    "ner_xml": "<PER>Prevost-Guillaume. f.ta.. r. N-St.-Mauart</PER>.<CARDINAL>28</CARDINAL>.\n",
    "origin": "computer",
    "parent": 261,
    "persons": [
      "Prevost-Guillaume. f.ta.. r. N-St.-Mauart"
    ],
    "text_ocr": "Prevost-Guillaume. f.ta.. r. N-St.-Mauart. 28.\n",
    "type": "ENTRY"
  },
  {
    "EOL": false,
    "box": [
      115,
      1244,
      388,
      22
    ],
    "id": 362,
    "indented": true,
    "parent": 361,
    "text": "",
    "type": "LINE"
  },
  {
    "addresses": [
      {
        "street_name": "r. des Jeun.",
        "street_numbers": []
      },
      {
        "street_name": "Ÿ.\n",
        "street_numbers": []
      }
    ],
    "box": [
      115,
      1244,
      388,
      22
    ],
    "checked": false,
    "id": 361,
    "ner_xml": "<PER>Prevost-Rousseau</PER>,<ACT>banqg.</ACT>,<LOC>r. des Jeun.</LOC>,<LOC>Ÿ.\n</LOC>",
    "origin": "computer",
    "parent": 261,
    "persons": [
      "Prevost-Rousseau"
    ],
    "text_ocr": "Prevost-Rousseau, banqg., r. des Jeun., Ÿ.\n",
    "type": "ENTRY"
  },
  {
    "EOL": false,
    "box": [
      115,
      1265,
      419,
      17
    ],
    "id": 364,
    "indented": true,
    "parent": 363,
    "text": "",
    "type": "LINE"
  },
  {
    "addresses": [
      {
        "street_name": "r. St-Denis",
        "street_numbers": []
      }
    ],
    "box": [
      115,
      1265,
      419,
      17
    ],
    "checked": false,
    "id": 363,
    "ner_xml": "Prevost-<ACT>Wenzel. fleurs-art</ACT>.<LOC>r. St-Denis</LOC>.<PER>23#.\n</PER>",
    "origin": "computer",
    "parent": 261,
    "persons": [
      "23#.\n"
    ],
    "text_ocr": "Prevost- Wenzel. fleurs-art . r. St-Denis. 23#.\n",
    "type": "ENTRY"
  },
  {
    "EOL": false,
    "box": [
      115,
      1286,
      367,
      20
    ],
    "id": 366,
    "indented": true,
    "parent": 365,
    "text": "",
    "type": "LINE"
  },
  {
    "addresses": [
      {
        "street_name": "Joullerie",
        "street_numbers": [
          "20"
        ]
      }
    ],
    "box": [
      115,
      1286,
      367,
      20
    ],
    "checked": false,
    "id": 365,
    "ner_xml": "Prevost,<LOC>Joullerie</LOC>,<ACT>r. J.-J Rousseau</ACT>,<CARDINAL>20</CARDINAL>.\n",
    "origin": "computer",
    "parent": 261,
    "persons": [],
    "text_ocr": "Prevost, Joullerie, r. J.-J Rousseau, 20.\n",
    "type": "ENTRY"
  },
  {
    "EOL": false,
    "box": [
      115,
      1307,
      320,
      17
    ],
    "id": 368,
    "indented": true,
    "parent": 367,
    "text": "",
    "type": "LINE"
  },
  {
    "addresses": [
      {
        "street_name": "r. Censrer.",
        "street_numbers": [
          "235"
        ]
      }
    ],
    "box": [
      115,
      1307,
      320,
      17
    ],
    "checked": false,
    "id": 367,
    "ner_xml": "<PER>Prevôt</PER>,<ACT>megisserice</ACT>,<LOC>r. Censrer.</LOC>,<CARDINAL>235</CARDINAL>.\n",
    "origin": "computer",
    "parent": 261,
    "persons": [
      "Prevôt"
    ],
    "text_ocr": "Prevôt, megisserice, r. Censrer., 235.\n",
    "type": "ENTRY"
  },
  {
    "EOL": false,
    "box": [
      115,
      1328,
      401,
      20
    ],
    "id": 370,
    "indented": true,
    "parent": 369,
    "text": "",
    "type": "LINE"
  },
  {
    "addresses": [
      {
        "street_name": "r. des Fossés-St.-Jacques",
        "street_numbers": [
          "0"
        ]
      }
    ],
    "box": [
      115,
      1328,
      401,
      20
    ],
    "checked": false,
    "id": 369,
    "ner_xml": "<PER>Prevost</PER>,<ACT>tuill.</ACT>,<LOC>r. des Fossés-St.-Jacques</LOC>,<CARDINAL>0</CARDINAL>.\n",
    "origin": "computer",
    "parent": 261,
    "persons": [
      "Prevost"
    ],
    "text_ocr": "Prevost, tuill., r. des Fossés-St.-Jacques, 0.\n",
    "type": "ENTRY"
  },
  {
    "EOL": false,
    "box": [
      116,
      1349,
      418,
      16
    ],
    "id": 372,
    "indented": true,
    "parent": 371,
    "text": "",
    "type": "LINE"
  },
  {
    "addresses": [],
    "box": [
      116,
      1349,
      418,
      16
    ],
    "checked": false,
    "id": 371,
    "ner_xml": "<PER>Prevost trait.</PER>,r.des Boncheries-St. Germ..<CARDINAL>3</CARDINAL>.\n",
    "origin": "computer",
    "parent": 261,
    "persons": [
      "Prevost trait."
    ],
    "text_ocr": "Prevost trait.,r.des Boncheries-St. Germ..3.\n",
    "type": "ENTRY"
  },
  {
    "EOL": false,
    "box": [
      116,
      1369,
      270,
      17
    ],
    "id": 374,
    "indented": true,
    "parent": 373,
    "text": "",
    "type": "LINE"
  },
  {
    "addresses": [
      {
        "street_name": "r. Joubert",
        "street_numbers": [
          "37"
        ]
      }
    ],
    "box": [
      116,
      1369,
      270,
      17
    ],
    "checked": false,
    "id": 373,
    "ner_xml": "<PER>Prévôt</PER>.<ACT>couft.</ACT>,<LOC>r. Joubert</LOC>,<CARDINAL>37</CARDINAL>.\n",
    "origin": "computer",
    "parent": 261,
    "persons": [
      "Prévôt"
    ],
    "text_ocr": "Prévôt. couft., r. Joubert, 37.\n",
    "type": "ENTRY"
  },
  {
    "EOL": false,
    "box": [
      117,
      1391,
      418,
      20
    ],
    "id": 376,
    "indented": true,
    "parent": 375,
    "text": "",
    "type": "LINE"
  },
  {
    "addresses": [
      {
        "street_name": "r. Boul.",
        "street_numbers": [
          "1"
        ]
      }
    ],
    "box": [
      117,
      1391,
      418,
      20
    ],
    "checked": false,
    "id": 375,
    "ner_xml": "<PER>Prevoteau Jeune</PER>,<ACT>armes blanches</ACT>,<LOC>r. Boul.</LOC>,<CARDINAL>1</CARDINAL>.\n",
    "origin": "computer",
    "parent": 261,
    "persons": [
      "Prevoteau Jeune"
    ],
    "text_ocr": "Prevoteau Jeune, armes blanches, r. Boul., 1.\n",
    "type": "ENTRY"
  },
  {
    "EOL": false,
    "box": [
      116,
      1411,
      352,
      20
    ],
    "id": 378,
    "indented": true,
    "parent": 377,
    "text": "",
    "type": "LINE"
  },
  {
    "addresses": [
      {
        "street_name": "r. Chapon",
        "street_numbers": [
          "19"
        ]
      }
    ],
    "box": [
      116,
      1411,
      352,
      20
    ],
    "checked": false,
    "id": 377,
    "ner_xml": "<PER>Prié</PER>,<ACT>fourn. d'horlog.</ACT>,<LOC>r. Chapon</LOC>,<CARDINAL>19</CARDINAL>.\n",
    "origin": "computer",
    "parent": 261,
    "persons": [
      "Prié"
    ],
    "text_ocr": "Prié, fourn. d'horlog., r. Chapon, 19.\n",
    "type": "ENTRY"
  },
  {
    "EOL": false,
    "box": [
      116,
      1432,
      386,
      19
    ],
    "id": 380,
    "indented": true,
    "parent": 379,
    "text": "",
    "type": "LINE"
  },
  {
    "addresses": [
      {
        "street_name": "r. de la Monnaie",
        "street_numbers": [
          "24"
        ]
      }
    ],
    "box": [
      116,
      1432,
      386,
      19
    ],
    "checked": false,
    "id": 379,
    "ner_xml": "<PER>Prieur</PER>,<ACT>arch.-gretl.</ACT>,<LOC>r. de la Monnaie</LOC>,<CARDINAL>24</CARDINAL>\n",
    "origin": "computer",
    "parent": 261,
    "persons": [
      "Prieur"
    ],
    "text_ocr": "Prieur, arch.-gretl., r. de la Monnaie, 24\n",
    "type": "ENTRY"
  },
  {
    "EOL": false,
    "box": [
      116,
      1452,
      379,
      17
    ],
    "id": 382,
    "indented": true,
    "parent": 381,
    "text": "",
    "type": "LINE"
  },
  {
    "addresses": [],
    "box": [
      116,
      1452,
      379,
      17
    ],
    "checked": false,
    "id": 381,
    "ner_xml": "Peur.<PER>armur.. r. des Petites-Ecuries</PER>,<CARDINAL>7</CARDINAL>.\n",
    "origin": "computer",
    "parent": 261,
    "persons": [
      "armur.. r. des Petites-Ecuries"
    ],
    "text_ocr": "Peur. armur.. r. des Petites-Ecuries, 7.\n",
    "type": "ENTRY"
  },
  {
    "EOL": false,
    "box": [
      117,
      1473,
      419,
      20
    ],
    "id": 384,
    "indented": true,
    "parent": 383,
    "text": "",
    "type": "LINE"
  },
  {
    "EOL": false,
    "box": [
      137,
      1497,
      85,
      15
    ],
    "id": 385,
    "indented": false,
    "parent": 383,
    "text": "",
    "type": "LINE"
  },
  {
    "addresses": [
      {
        "street_name": "r. Ste.-Marg..",
        "street_numbers": [
          "32"
        ]
      }
    ],
    "box": [
      117,
      1473,
      419,
      39
    ],
    "checked": false,
    "id": 383,
    "ner_xml": "<PER>Prieur</PER>,<ACT>bonnet.</ACT>,<LOC>r. Ste.-Marg..</LOC><CARDINAL>32</CARDINAL>.<PER>Faub_.-St.-\nGermain</PER>.\n",
    "origin": "computer",
    "parent": 261,
    "persons": [
      "Prieur",
      "Faub_.-St.-\nGermain"
    ],
    "text_ocr": "Prieur, bonnet., r. Ste.-Marg.. 32. Faub_.-St.-\nGermain.\n",
    "type": "ENTRY"
  },
  {
    "box": [
      111,
      104,
      429,
      1408
    ],
    "id": 261,
    "parent": 260,
    "type": "COLUMN_LEVEL_2"
  },
  {
    "box": [
      111,
      104,
      429,
      1408
    ],
    "id": 260,
    "parent": 259,
    "type": "SECTION_LEVEL_2"
  },
  {
    "box": [
      111,
      104,
      429,
      1408
    ],
    "id": 259,
    "parent": 258,
    "type": "COLUMN_LEVEL_1"
  },
  {
    "EOL": false,
    "box": [
      557,
      108,
      406,
      19
    ],
    "id": 390,
    "indented": true,
    "parent": 389,
    "text": "",
    "type": "LINE"
  },
  {
    "addresses": [
      {
        "street_name": "r. Bonne-Nouvelle",
        "street_numbers": []
      }
    ],
    "box": [
      557,
      108,
      406,
      19
    ],
    "checked": false,
    "id": 389,
    "ner_xml": "<PER>Prieur</PER>,<ACT>serr. en bat.</ACT>,<LOC>r. Bonne-Nouvelle</LOC>3\n",
    "origin": "computer",
    "parent": 388,
    "persons": [
      "Prieur"
    ],
    "text_ocr": "Prieur, serr. en bat., r. Bonne-Nouvelle 3\n",
    "type": "ENTRY"
  },
  {
    "EOL": false,
    "box": [
      557,
      130,
      415,
      19
    ],
    "id": 392,
    "indented": true,
    "parent": 391,
    "text": "",
    "type": "LINE"
  },
  {
    "addresses": [
      {
        "street_name": "r. du Four-St.-G.",
        "street_numbers": [
          "64"
        ]
      }
    ],
    "box": [
      557,
      130,
      415,
      19
    ],
    "checked": false,
    "id": 391,
    "ner_xml": "<PER>Prieur Jeune</PER>,<ACT>bonnet.</ACT>,<LOC>r. du Four-St.-G.</LOC><CARDINAL>64</CARDINAL>.\n",
    "origin": "computer",
    "parent": 388,
    "persons": [
      "Prieur Jeune"
    ],
    "text_ocr": "Prieur Jeune, bonnet., r. du Four-St.-G. 64.\n",
    "type": "ENTRY"
  },
  {
    "EOL": false,
    "box": [
      557,
      150,
      417,
      19
    ],
    "id": 394,
    "indented": true,
    "parent": 393,
    "text": "",
    "type": "LINE"
  },
  {
    "addresses": [
      {
        "street_name": "r. du Pont-aux-Choux",
        "street_numbers": [
          "3"
        ]
      }
    ],
    "box": [
      557,
      150,
      417,
      19
    ],
    "checked": false,
    "id": 393,
    "ner_xml": "<PER>Prieur (F.)</PER>,<ACT>bouch.</ACT>,<LOC>r. du Pont-aux-Choux</LOC>.<CARDINAL>3</CARDINAL>.\n",
    "origin": "computer",
    "parent": 388,
    "persons": [
      "Prieur (F.)"
    ],
    "text_ocr": "Prieur (F.), bouch., r. du Pont-aux-Choux. 3.\n",
    "type": "ENTRY"
  },
  {
    "EOL": false,
    "box": [
      557,
      171,
      417,
      19
    ],
    "id": 396,
    "indented": true,
    "parent": 395,
    "text": "",
    "type": "LINE"
  },
  {
    "addresses": [],
    "box": [
      557,
      171,
      417,
      19
    ],
    "checked": false,
    "id": 395,
    "ner_xml": "<PER>Prieur (L.-F.)</PER>,<ACT>boucher., r.de Charonne.</ACT><CARDINAL>107</CARDINAL>.\n",
    "origin": "computer",
    "parent": 388,
    "persons": [
      "Prieur (L.-F.)"
    ],
    "text_ocr": "Prieur (L.-F.), boucher., r.de Charonne. 107.\n",
    "type": "ENTRY"
  },
  {
    "EOL": false,
    "box": [
      557,
      192,
      361,
      18
    ],
    "id": 398,
    "indented": true,
    "parent": 397,
    "text": "",
    "type": "LINE"
  },
  {
    "addresses": [
      {
        "street_name": "r. de Charonne",
        "street_numbers": [
          "108"
        ]
      }
    ],
    "box": [
      557,
      192,
      361,
      18
    ],
    "checked": false,
    "id": 397,
    "ner_xml": "<PER>Prieur</PER>,<ACT>boucher.</ACT>,<LOC>r. de Charonne</LOC>.<CARDINAL>108</CARDINAL>\n",
    "origin": "computer",
    "parent": 388,
    "persons": [
      "Prieur"
    ],
    "text_ocr": "Prieur, boucher., r. de Charonne. 108\n",
    "type": "ENTRY"
  },
  {
    "EOL": false,
    "box": [
      558,
      213,
      355,
      19
    ],
    "id": 400,
    "indented": true,
    "parent": 399,
    "text": "",
    "type": "LINE"
  },
  {
    "addresses": [
      {
        "street_name": "r. St.-Sauveur.",
        "street_numbers": [
          "14"
        ]
      }
    ],
    "box": [
      558,
      213,
      355,
      19
    ],
    "checked": false,
    "id": 399,
    "ner_xml": "<PER>Prieur</PER>,<ACT>boulanger.</ACT>,<LOC>r. St.-Sauveur.</LOC>,<CARDINAL>14</CARDINAL>.\n",
    "origin": "computer",
    "parent": 388,
    "persons": [
      "Prieur"
    ],
    "text_ocr": "Prieur, boulanger., r. St.-Sauveur., 14.\n",
    "type": "ENTRY"
  },
  {
    "EOL": false,
    "box": [
      558,
      235,
      275,
      18
    ],
    "id": 402,
    "indented": true,
    "parent": 401,
    "text": "",
    "type": "LINE"
  },
  {
    "addresses": [
      {
        "street_name": "r. de Moussy",
        "street_numbers": [
          "9"
        ]
      }
    ],
    "box": [
      558,
      235,
      275,
      18
    ],
    "checked": false,
    "id": 401,
    "ner_xml": "<ACT>rieur, neg.</ACT>,<LOC>r. de Moussy</LOC>,<CARDINAL>9</CARDINAL>.\n",
    "origin": "computer",
    "parent": 388,
    "persons": [],
    "text_ocr": "rieur, neg., r. de Moussy, 9.\n",
    "type": "ENTRY"
  },
  {
    "EOL": false,
    "box": [
      558,
      256,
      298,
      17
    ],
    "id": 404,
    "indented": true,
    "parent": 403,
    "text": "",
    "type": "LINE"
  },
  {
    "addresses": [
      {
        "street_name": "r. des Arcis",
        "street_numbers": [
          "15"
        ]
      }
    ],
    "box": [
      558,
      256,
      298,
      17
    ],
    "checked": false,
    "id": 403,
    "ner_xml": "<PER>Prieur</PER>,<ACT>coftret.</ACT>,<LOC>r. des Arcis</LOC>.<CARDINAL>15</CARDINAL>.\n",
    "origin": "computer",
    "parent": 388,
    "persons": [
      "Prieur"
    ],
    "text_ocr": "Prieur, coftret., r. des Arcis. 15.\n",
    "type": "ENTRY"
  },
  {
    "EOL": false,
    "box": [
      558,
      277,
      331,
      21
    ],
    "id": 406,
    "indented": true,
    "parent": 405,
    "text": "",
    "type": "LINE"
  },
  {
    "addresses": [
      {
        "street_name": "r. Fromenteau",
        "street_numbers": [
          "12"
        ]
      }
    ],
    "box": [
      558,
      277,
      331,
      21
    ],
    "checked": false,
    "id": 405,
    "ner_xml": "<PER>Piieur</PER>,<ACT>COrroYy.</ACT>,<LOC>r. Fromenteau</LOC>,<CARDINAL>12</CARDINAL>.\n",
    "origin": "computer",
    "parent": 388,
    "persons": [
      "Piieur"
    ],
    "text_ocr": "Piieur, COrroYy., r. Fromenteau, 12.\n",
    "type": "ENTRY"
  },
  {
    "EOL": false,
    "box": [
      558,
      298,
      376,
      19
    ],
    "id": 408,
    "indented": true,
    "parent": 407,
    "text": "",
    "type": "LINE"
  },
  {
    "addresses": [],
    "box": [
      558,
      298,
      376,
      19
    ],
    "checked": false,
    "id": 407,
    "ner_xml": "<PER>Prieur</PER>,<ACT>mecan.,r. des Petites-Ecuries</ACT>,<CARDINAL>7</CARDINAL>.\n",
    "origin": "computer",
    "parent": 388,
    "persons": [
      "Prieur"
    ],
    "text_ocr": "Prieur, mecan.,r. des Petites-Ecuries, 7.\n",
    "type": "ENTRY"
  },
  {
    "EOL": false,
    "box": [
      558,
      319,
      335,
      20
    ],
    "id": 410,
    "indented": true,
    "parent": 409,
    "text": "",
    "type": "LINE"
  },
  {
    "addresses": [
      {
        "street_name": "r. de Seine",
        "street_numbers": [
          "83"
        ]
      }
    ],
    "box": [
      558,
      319,
      335,
      20
    ],
    "checked": false,
    "id": 409,
    "ner_xml": "<PER>Prieur</PER>,<ACT>pap. peints</ACT>,<LOC>r. de Seine</LOC>,<CARDINAL>83</CARDINAL>.\n",
    "origin": "computer",
    "parent": 388,
    "persons": [
      "Prieur"
    ],
    "text_ocr": "Prieur, pap. peints, r. de Seine, 83.\n",
    "type": "ENTRY"
  },
  {
    "EOL": false,
    "box": [
      558,
      340,
      392,
      20
    ],
    "id": 412,
    "indented": true,
    "parent": 411,
    "text": "",
    "type": "LINE"
  },
  {
    "addresses": [
      {
        "street_name": "ust. chas.",
        "street_numbers": []
      },
      {
        "street_name": "r. des Arcis",
        "street_numbers": [
          "16"
        ]
      }
    ],
    "box": [
      558,
      340,
      392,
      20
    ],
    "checked": false,
    "id": 411,
    "ner_xml": "<PER>Prieur</PER>,<ACT>f. sell.</ACT>,<LOC>ust. chas.</LOC>,<LOC>r. des Arcis</LOC>,<CARDINAL>16</CARDINAL>\n",
    "origin": "computer",
    "parent": 388,
    "persons": [
      "Prieur"
    ],
    "text_ocr": "Prieur, f. sell., ust. chas., r. des Arcis, 16\n",
    "type": "ENTRY"
  },
  {
    "EOL": false,
    "box": [
      559,
      361,
      285,
      17
    ],
    "id": 414,
    "indented": true,
    "parent": 413,
    "text": "",
    "type": "LINE"
  },
  {
    "addresses": [
      {
        "street_name": "r. Caumartin",
        "street_numbers": [
          "28"
        ]
      }
    ],
    "box": [
      559,
      361,
      285,
      17
    ],
    "checked": false,
    "id": 413,
    "ner_xml": "<PER>Prieur</PER>,<ACT>vins</ACT>,<LOC>r. Caumartin</LOC>.<CARDINAL>28</CARDINAL>\n",
    "origin": "computer",
    "parent": 388,
    "persons": [
      "Prieur"
    ],
    "text_ocr": "Prieur, vins, r. Caumartin. 28\n",
    "type": "ENTRY"
  },
  {
    "EOL": false,
    "box": [
      559,
      382,
      353,
      21
    ],
    "id": 416,
    "indented": true,
    "parent": 415,
    "text": "",
    "type": "LINE"
  },
  {
    "addresses": [
      {
        "street_name": "r. du F.-St.-Jacques",
        "street_numbers": [
          "27"
        ]
      }
    ],
    "box": [
      559,
      382,
      353,
      21
    ],
    "checked": false,
    "id": 415,
    "ner_xml": "<PER>Prieur</PER>,<ACT>vins</ACT>,<LOC>r. du F.-St.-Jacques</LOC>,<CARDINAL>27</CARDINAL>.\n",
    "origin": "computer",
    "parent": 388,
    "persons": [
      "Prieur"
    ],
    "text_ocr": "Prieur, vins, r. du F.-St.-Jacques, 27.\n",
    "type": "ENTRY"
  },
  {
    "EOL": false,
    "box": [
      558,
      403,
      377,
      21
    ],
    "id": 418,
    "indented": true,
    "parent": 417,
    "text": "",
    "type": "LINE"
  },
  {
    "addresses": [
      {
        "street_name": "r. St.-Honore",
        "street_numbers": [
          "257"
        ]
      }
    ],
    "box": [
      558,
      403,
      377,
      21
    ],
    "checked": false,
    "id": 417,
    "ner_xml": "<PER>Prieur</PER>,<ACT>brjount. en or</ACT>,<LOC>r. St.-Honore</LOC>,<CARDINAL>257</CARDINAL>\n",
    "origin": "computer",
    "parent": 388,
    "persons": [
      "Prieur"
    ],
    "text_ocr": "Prieur, brjount. en or, r. St.-Honore, 257\n",
    "type": "ENTRY"
  },
  {
    "EOL": false,
    "box": [
      558,
      424,
      347,
      20
    ],
    "id": 420,
    "indented": true,
    "parent": 419,
    "text": "",
    "type": "LINE"
  },
  {
    "addresses": [
      {
        "street_name": "r. des SS.-Peres",
        "street_numbers": [
          "58"
        ]
      }
    ],
    "box": [
      558,
      424,
      347,
      20
    ],
    "checked": false,
    "id": 419,
    "ner_xml": "<PER>Prieux</PER>,<ACT>épicerie</ACT>,<LOC>r. des SS.-Peres</LOC>,<CARDINAL>58</CARDINAL>.\n",
    "origin": "computer",
    "parent": 388,
    "persons": [
      "Prieux"
    ],
    "text_ocr": "Prieux, épicerie, r. des SS.-Peres, 58.\n",
    "type": "ENTRY"
  },
  {
    "EOL": false,
    "box": [
      558,
      445,
      375,
      17
    ],
    "id": 422,
    "indented": true,
    "parent": 421,
    "text": "",
    "type": "LINE"
  },
  {
    "addresses": [
      {
        "street_name": "r. de la Calandre.",
        "street_numbers": [
          "3"
        ]
      }
    ],
    "box": [
      558,
      445,
      375,
      17
    ],
    "checked": false,
    "id": 421,
    "ner_xml": "<PER>Prisnet</PER>,<ACT>corroterie</ACT>,<LOC>r. de la Calandre.</LOC><CARDINAL>3</CARDINAL>.\n",
    "origin": "computer",
    "parent": 388,
    "persons": [
      "Prisnet"
    ],
    "text_ocr": "Prisnet, corroterie, r. de la Calandre. 3.\n",
    "type": "ENTRY"
  },
  {
    "EOL": false,
    "box": [
      557,
      466,
      417,
      21
    ],
    "id": 424,
    "indented": true,
    "parent": 423,
    "text": "",
    "type": "LINE"
  },
  {
    "addresses": [
      {
        "street_name": "r. Coquilliére",
        "street_numbers": [
          "38"
        ]
      }
    ],
    "box": [
      557,
      466,
      417,
      21
    ],
    "checked": false,
    "id": 423,
    "ner_xml": "<PER>Prignon</PER>et<ACT>comp., châles</ACT>,<LOC>r. Coquilliére</LOC>,<CARDINAL>38</CARDINAL>.\n",
    "origin": "computer",
    "parent": 388,
    "persons": [
      "Prignon"
    ],
    "text_ocr": "Prignon et comp., châles, r. Coquilliére, 38.\n",
    "type": "ENTRY"
  },
  {
    "EOL": false,
    "box": [
      557,
      488,
      410,
      19
    ],
    "id": 426,
    "indented": true,
    "parent": 425,
    "text": "",
    "type": "LINE"
  },
  {
    "addresses": [
      {
        "street_name": "r. de la Ch.-d'Ant.",
        "street_numbers": [
          "35"
        ]
      }
    ],
    "box": [
      557,
      488,
      410,
      19
    ],
    "checked": false,
    "id": 425,
    "ner_xml": "<PER>Prilhipp</PER>,<ACT>fact. pianos</ACT>,<LOC>r. de la Ch.-d'Ant.</LOC>,<CARDINAL>35</CARDINAL>\n",
    "origin": "computer",
    "parent": 388,
    "persons": [
      "Prilhipp"
    ],
    "text_ocr": "Prilhipp, fact. pianos, r. de la Ch.-d'Ant., 35\n",
    "type": "ENTRY"
  },
  {
    "EOL": false,
    "box": [
      557,
      508,
      344,
      20
    ],
    "id": 428,
    "indented": true,
    "parent": 427,
    "text": "",
    "type": "LINE"
  },
  {
    "addresses": [
      {
        "street_name": "r Maubuée",
        "street_numbers": [
          "12"
        ]
      }
    ],
    "box": [
      557,
      508,
      344,
      20
    ],
    "checked": false,
    "id": 427,
    "ner_xml": "<PER>Prillard</PER>,<ACT>acier poli</ACT>,<LOC>r Maubuée</LOC>,<CARDINAL>12</CARDINAL>.\n",
    "origin": "computer",
    "parent": 388,
    "persons": [
      "Prillard"
    ],
    "text_ocr": "Prillard, acier poli, r Maubuée, 12.\n",
    "type": "ENTRY"
  },
  {
    "EOL": false,
    "box": [
      557,
      529,
      343,
      20
    ],
    "id": 430,
    "indented": true,
    "parent": 429,
    "text": "",
    "type": "LINE"
  },
  {
    "addresses": [
      {
        "street_name": "r. de Basfroid",
        "street_numbers": [
          "38"
        ]
      }
    ],
    "box": [
      557,
      529,
      343,
      20
    ],
    "checked": false,
    "id": 429,
    "ner_xml": "<PER>Primard</PER>,<ACT>epicerte</ACT>,<LOC>r. de Basfroid</LOC>,<CARDINAL>38</CARDINAL>.\n",
    "origin": "computer",
    "parent": 388,
    "persons": [
      "Primard"
    ],
    "text_ocr": "Primard, epicerte, r. de Basfroid, 38.\n",
    "type": "ENTRY"
  },
  {
    "EOL": false,
    "box": [
      557,
      550,
      380,
      17
    ],
    "id": 432,
    "indented": true,
    "parent": 431,
    "text": "",
    "type": "LINE"
  },
  {
    "addresses": [
      {
        "street_name": "r. du Vert-Bois.",
        "street_numbers": [
          "8"
        ]
      }
    ],
    "box": [
      557,
      550,
      380,
      17
    ],
    "checked": false,
    "id": 431,
    "ner_xml": "<PER>Primauit</PER>,<ACT>tabletterie.</ACT>,<LOC>r. du Vert-Bois.</LOC><CARDINAL>8</CARDINAL>\n",
    "origin": "computer",
    "parent": 388,
    "persons": [
      "Primauit"
    ],
    "text_ocr": "Primauit, tabletterie., r. du Vert-Bois. 8\n",
    "type": "ENTRY"
  },
  {
    "EOL": false,
    "box": [
      557,
      571,
      316,
      20
    ],
    "id": 434,
    "indented": true,
    "parent": 433,
    "text": "",
    "type": "LINE"
  },
  {
    "addresses": [
      {
        "street_name": "r. Cassette",
        "street_numbers": [
          "21"
        ]
      }
    ],
    "box": [
      557,
      571,
      316,
      20
    ],
    "checked": false,
    "id": 433,
    "ner_xml": "Primaut,<ACT>épicerie</ACT>,<LOC>r. Cassette</LOC>,<CARDINAL>21</CARDINAL>.\n",
    "origin": "computer",
    "parent": 388,
    "persons": [],
    "text_ocr": "Primaut, épicerie, r. Cassette, 21.\n",
    "type": "ENTRY"
  },
  {
    "EOL": false,
    "box": [
      558,
      592,
      323,
      19
    ],
    "id": 436,
    "indented": true,
    "parent": 435,
    "text": "",
    "type": "LINE"
  },
  {
    "addresses": [
      {
        "street_name": "r. de Beaune",
        "street_numbers": [
          "2"
        ]
      }
    ],
    "box": [
      558,
      592,
      323,
      19
    ],
    "checked": false,
    "id": 435,
    "ner_xml": "<PER>Primois</PER>,<ACT>épicerie</ACT>,<LOC>r. de Beaune</LOC>,<CARDINAL>2</CARDINAL>\n",
    "origin": "computer",
    "parent": 388,
    "persons": [
      "Primois"
    ],
    "text_ocr": "Primois, épicerie, r. de Beaune, 2\n",
    "type": "ENTRY"
  },
  {
    "EOL": false,
    "box": [
      558,
      613,
      416,
      20
    ],
    "id": 438,
    "indented": true,
    "parent": 437,
    "text": "",
    "type": "LINE"
  },
  {
    "addresses": [],
    "box": [
      558,
      613,
      416,
      20
    ],
    "checked": false,
    "id": 437,
    "ner_xml": "<PER>Primorin-Hartmann</PER>,<ACT>neg.,r</ACT>.<PER>Montesquieu</PER>,<TITRE>#</TITRE>.\n",
    "origin": "computer",
    "parent": 388,
    "persons": [
      "Primorin-Hartmann",
      "Montesquieu"
    ],
    "text_ocr": "Primorin-Hartmann, neg.,r.Montesquieu, #.\n",
    "type": "ENTRY"
  },
  {
    "EOL": false,
    "box": [
      558,
      634,
      415,
      19
    ],
    "id": 440,
    "indented": true,
    "parent": 439,
    "text": "",
    "type": "LINE"
  },
  {
    "addresses": [
      {
        "street_name": "r. Rohan",
        "street_numbers": [
          "6"
        ]
      }
    ],
    "box": [
      558,
      634,
      415,
      19
    ],
    "checked": false,
    "id": 439,
    "ner_xml": "<PER>Primorin-Hartmann</PER>,<ACT>agent d'af.</ACT>,<LOC>r. Rohan</LOC>,<CARDINAL>6</CARDINAL>.\n",
    "origin": "computer",
    "parent": 388,
    "persons": [
      "Primorin-Hartmann"
    ],
    "text_ocr": "Primorin-Hartmann, agent d'af., r. Rohan, 6.\n",
    "type": "ENTRY"
  },
  {
    "EOL": false,
    "box": [
      559,
      655,
      409,
      20
    ],
    "id": 442,
    "indented": true,
    "parent": 441,
    "text": "",
    "type": "LINE"
  },
  {
    "addresses": [
      {
        "street_name": "r. de Tracy",
        "street_numbers": [
          "9"
        ]
      }
    ],
    "box": [
      559,
      655,
      409,
      20
    ],
    "checked": false,
    "id": 441,
    "ner_xml": "<PER>Primard (Ve.)</PER>,<ACT>brjout. en or</ACT>,<LOC>r. de Tracy</LOC>,<CARDINAL>9</CARDINAL>\n",
    "origin": "computer",
    "parent": 388,
    "persons": [
      "Primard (Ve.)"
    ],
    "text_ocr": "Primard (Ve.), brjout. en or, r. de Tracy, 9\n",
    "type": "ENTRY"
  },
  {
    "EOL": false,
    "box": [
      559,
      676,
      375,
      17
    ],
    "id": 444,
    "indented": true,
    "parent": 443,
    "text": "",
    "type": "LINE"
  },
  {
    "addresses": [
      {
        "street_name": "r. N.-St.-Eustache",
        "street_numbers": [
          "33"
        ]
      }
    ],
    "box": [
      559,
      676,
      375,
      17
    ],
    "checked": false,
    "id": 443,
    "ner_xml": "<PER>Prince. {</PER>.<ACT>chales</ACT>,<LOC>r. N.-St.-Eustache</LOC>.<CARDINAL>33</CARDINAL>.\n",
    "origin": "computer",
    "parent": 388,
    "persons": [
      "Prince. {"
    ],
    "text_ocr": "Prince. {. chales, r. N.-St.-Eustache . 33.\n",
    "type": "ENTRY"
  },
  {
    "EOL": false,
    "box": [
      559,
      697,
      360,
      16
    ],
    "id": 446,
    "indented": true,
    "parent": 445,
    "text": "",
    "type": "LINE"
  },
  {
    "addresses": [],
    "box": [
      559,
      697,
      360,
      16
    ],
    "checked": false,
    "id": 445,
    "ner_xml": "<PER>Prioux</PER>.<PER>vanno.. r. du F.-St-Martin. S2</PER>.\n",
    "origin": "computer",
    "parent": 388,
    "persons": [
      "Prioux",
      "vanno.. r. du F.-St-Martin. S2"
    ],
    "text_ocr": "Prioux. vanno.. r. du F.-St-Martin. S2.\n",
    "type": "ENTRY"
  },
  {
    "EOL": false,
    "box": [
      558,
      718,
      404,
      18
    ],
    "id": 448,
    "indented": true,
    "parent": 447,
    "text": "",
    "type": "LINE"
  },
  {
    "addresses": [
      {
        "street_name": "r. N.-St.-Eust.",
        "street_numbers": []
      },
      {
        "street_name": "2#.\n",
        "street_numbers": []
      }
    ],
    "box": [
      558,
      718,
      404,
      18
    ],
    "checked": false,
    "id": 447,
    "ner_xml": "<PER>Prissette</PER>,<ACT>fils</ACT>,<ACT>f. chales</ACT>,<LOC>r. N.-St.-Eust.</LOC>,<LOC>2#.\n</LOC>",
    "origin": "computer",
    "parent": 388,
    "persons": [
      "Prissette"
    ],
    "text_ocr": "Prissette, fils, f. chales, r. N.-St.-Eust., 2#.\n",
    "type": "ENTRY"
  },
  {
    "EOL": false,
    "box": [
      559,
      740,
      366,
      19
    ],
    "id": 450,
    "indented": true,
    "parent": 449,
    "text": "",
    "type": "LINE"
  },
  {
    "addresses": [],
    "box": [
      559,
      740,
      366,
      19
    ],
    "checked": false,
    "id": 449,
    "ner_xml": "<PER>Privat</PER>,<ACT>gant., parfum. r. de la Paix</ACT>,<CARDINAL>17</CARDINAL>.\n",
    "origin": "computer",
    "parent": 388,
    "persons": [
      "Privat"
    ],
    "text_ocr": "Privat, gant., parfum. r. de la Paix, 17.\n",
    "type": "ENTRY"
  },
  {
    "EOL": false,
    "box": [
      558,
      760,
      415,
      20
    ],
    "id": 452,
    "indented": true,
    "parent": 451,
    "text": "",
    "type": "LINE"
  },
  {
    "EOL": false,
    "box": [
      581,
      783,
      94,
      14
    ],
    "id": 453,
    "indented": false,
    "parent": 451,
    "text": "",
    "type": "LINE"
  },
  {
    "addresses": [],
    "box": [
      558,
      760,
      415,
      37
    ],
    "checked": false,
    "id": 451,
    "ner_xml": "<PER>Privat</PER>,<ACT>h. des Princes-d'Europe</ACT>,<ACT>r. Richelieu</ACT>,\n<CARDINAL>409</CARDINAL>et<CARDINAL>111</CARDINAL>.\n",
    "origin": "computer",
    "parent": 388,
    "persons": [
      "Privat"
    ],
    "text_ocr": "Privat, h. des Princes-d'Europe, r. Richelieu,\n409 et 111.\n",
    "type": "ENTRY"
  },
  {
    "EOL": false,
    "box": [
      558,
      802,
      374,
      18
    ],
    "id": 455,
    "indented": true,
    "parent": 454,
    "text": "",
    "type": "LINE"
  },
  {
    "addresses": [],
    "box": [
      558,
      802,
      374,
      18
    ],
    "checked": false,
    "id": 454,
    "ner_xml": "<PER>Privault</PER>,<ACT>bois a brul. a Mont-Roure</ACT>,<CARDINAL>92</CARDINAL>\n",
    "origin": "computer",
    "parent": 388,
    "persons": [
      "Privault"
    ],
    "text_ocr": "Privault , bois a brul. a Mont-Roure, 92\n",
    "type": "ENTRY"
  },
  {
    "EOL": false,
    "box": [
      558,
      823,
      361,
      21
    ],
    "id": 457,
    "indented": true,
    "parent": 456,
    "text": "",
    "type": "LINE"
  },
  {
    "addresses": [
      {
        "street_name": "r. des Gravilhiers",
        "street_numbers": [
          "2"
        ]
      }
    ],
    "box": [
      558,
      823,
      361,
      21
    ],
    "checked": false,
    "id": 456,
    "ner_xml": "<PER>Privé</PER>,<ACT>f. lampes</ACT>,<LOC>r. des Gravilhiers</LOC>,<CARDINAL>2</CARDINAL>).\n",
    "origin": "computer",
    "parent": 388,
    "persons": [
      "Privé"
    ],
    "text_ocr": "Privé, f. lampes, r. des Gravilhiers, 2).\n",
    "type": "ENTRY"
  },
  {
    "EOL": false,
    "box": [
      558,
      845,
      303,
      16
    ],
    "id": 459,
    "indented": true,
    "parent": 458,
    "text": "",
    "type": "LINE"
  },
  {
    "addresses": [
      {
        "street_name": "r. St-Denis",
        "street_numbers": []
      }
    ],
    "box": [
      558,
      845,
      303,
      16
    ],
    "checked": false,
    "id": 458,
    "ner_xml": "Prive.,<ACT>menuis.</ACT>,<LOC>r. St-Denis</LOC>,<ACT>2/1\n</ACT>",
    "origin": "computer",
    "parent": 388,
    "persons": [],
    "text_ocr": "Prive., menuis., r. St-Denis, 2/1\n",
    "type": "ENTRY"
  },
  {
    "EOL": false,
    "box": [
      558,
      864,
      329,
      18
    ],
    "id": 461,
    "indented": true,
    "parent": 460,
    "text": "",
    "type": "LINE"
  },
  {
    "addresses": [],
    "box": [
      558,
      864,
      329,
      18
    ],
    "checked": false,
    "id": 460,
    "ner_xml": "<PER>Privé</PER>,<ACT>tonnel. faub. St -Denis</ACT>,<CARDINAL>10H.</CARDINAL>\n",
    "origin": "computer",
    "parent": 388,
    "persons": [
      "Privé"
    ],
    "text_ocr": "Privé, tonnel. faub. St -Denis, 10H.\n",
    "type": "ENTRY"
  },
  {
    "EOL": false,
    "box": [
      557,
      886,
      416,
      20
    ],
    "id": 463,
    "indented": true,
    "parent": 462,
    "text": "",
    "type": "LINE"
  },
  {
    "EOL": false,
    "box": [
      578,
      908,
      133,
      16
    ],
    "id": 464,
    "indented": false,
    "parent": 462,
    "text": "",
    "type": "LINE"
  },
  {
    "addresses": [],
    "box": [
      557,
      886,
      416,
      38
    ],
    "checked": false,
    "id": 462,
    "ner_xml": "<PER>Prix-Livernois hls</PER>,<ACT>men. pour bat.</ACT>,<ACT>r. de\nl'Acbalète</ACT>,<CARDINAL>11</CARDINAL>.\n",
    "origin": "computer",
    "parent": 388,
    "persons": [
      "Prix-Livernois hls"
    ],
    "text_ocr": "Prix-Livernois hls, men. pour bat., r. de\nl'Acbalète, 11.\n",
    "type": "ENTRY"
  },
  {
    "EOL": false,
    "box": [
      558,
      926,
      414,
      23
    ],
    "id": 466,
    "indented": true,
    "parent": 465,
    "text": "",
    "type": "LINE"
  },
  {
    "addresses": [
      {
        "street_name": "Beaujolais",
        "street_numbers": [
          "2"
        ]
      },
      {
        "street_name": "Mar.\n",
        "street_numbers": []
      }
    ],
    "box": [
      558,
      926,
      414,
      23
    ],
    "checked": false,
    "id": 465,
    "ner_xml": "Proche,<ACT>bij. en cuiv.</ACT>, r<LOC>Beaujolais</LOC>,<CARDINAL>2</CARDINAL>,<LOC>Mar.\n</LOC>",
    "origin": "computer",
    "parent": 388,
    "persons": [],
    "text_ocr": "Proche, bij. en cuiv., r Beaujolais , 2, Mar.\n",
    "type": "ENTRY"
  },
  {
    "EOL": false,
    "box": [
      558,
      949,
      403,
      19
    ],
    "id": 468,
    "indented": true,
    "parent": 467,
    "text": "",
    "type": "LINE"
  },
  {
    "addresses": [
      {
        "street_name": "boulev., des Capuc.",
        "street_numbers": [
          "7"
        ]
      }
    ],
    "box": [
      558,
      949,
      403,
      19
    ],
    "checked": false,
    "id": 467,
    "ner_xml": "<PER>Prod'homme</PER>,<ACT>hbr.</ACT>,<LOC>boulev., des Capuc.</LOC>,<CARDINAL>7</CARDINAL>\n",
    "origin": "computer",
    "parent": 388,
    "persons": [
      "Prod'homme"
    ],
    "text_ocr": "Prod'homme, hbr., boulev., des Capuc., 7\n",
    "type": "ENTRY"
  },
  {
    "EOL": false,
    "box": [
      558,
      969,
      402,
      18
    ],
    "id": 470,
    "indented": true,
    "parent": 469,
    "text": "",
    "type": "LINE"
  },
  {
    "addresses": [
      {
        "street_name": "r. des Vicux-Augustins",
        "street_numbers": [
          "52"
        ]
      }
    ],
    "box": [
      558,
      969,
      402,
      18
    ],
    "checked": false,
    "id": 469,
    "ner_xml": "<PER>Profit</PER>. bouch..<LOC>r. des Vicux-Augustins</LOC>,<CARDINAL>52</CARDINAL>\n",
    "origin": "computer",
    "parent": 388,
    "persons": [
      "Profit"
    ],
    "text_ocr": "Profit. bouch.. r. des Vicux-Augustins, 52\n",
    "type": "ENTRY"
  },
  {
    "EOL": false,
    "box": [
      557,
      989,
      410,
      19
    ],
    "id": 472,
    "indented": true,
    "parent": 471,
    "text": "",
    "type": "LINE"
  },
  {
    "addresses": [],
    "box": [
      557,
      989,
      410,
      19
    ],
    "checked": false,
    "id": 471,
    "ner_xml": "<PER>Profit</PER>.<ACT>h. de la Cloche-d'OUr, r. Grenetat</ACT>,<CARDINAL>39</CARDINAL>\n",
    "origin": "computer",
    "parent": 388,
    "persons": [
      "Profit"
    ],
    "text_ocr": "Profit. h. de la Cloche-d'OUr, r. Grenetat, 39\n",
    "type": "ENTRY"
  },
  {
    "EOL": false,
    "box": [
      557,
      1010,
      408,
      19
    ],
    "id": 474,
    "indented": true,
    "parent": 473,
    "text": "",
    "type": "LINE"
  },
  {
    "addresses": [
      {
        "street_name": "r. Montholon",
        "street_numbers": [
          "21"
        ]
      }
    ],
    "box": [
      557,
      1010,
      408,
      19
    ],
    "checked": false,
    "id": 473,
    "ner_xml": "<PER>Proflit (Mme )</PER>.<ACT>boucherie</ACT>.<LOC>r. Montholon</LOC>,<CARDINAL>21</CARDINAL>\n",
    "origin": "computer",
    "parent": 388,
    "persons": [
      "Proflit (Mme )"
    ],
    "text_ocr": "Proflit (Mme ). boucherie. r. Montholon, 21\n",
    "type": "ENTRY"
  },
  {
    "EOL": false,
    "box": [
      557,
      1032,
      386,
      18
    ],
    "id": 476,
    "indented": true,
    "parent": 475,
    "text": "",
    "type": "LINE"
  },
  {
    "addresses": [],
    "box": [
      557,
      1032,
      386,
      18
    ],
    "checked": false,
    "id": 475,
    "ner_xml": "<PER>Proflit</PER>.<ACT>meub. d'occ.. r. St.-Antoine</ACT>,<CARDINAL>190</CARDINAL>.\n",
    "origin": "computer",
    "parent": 388,
    "persons": [
      "Proflit"
    ],
    "text_ocr": "Proflit. meub. d'occ.. r. St.-Antoine, 190.\n",
    "type": "ENTRY"
  },
  {
    "EOL": false,
    "box": [
      557,
      1053,
      404,
      22
    ],
    "id": 478,
    "indented": true,
    "parent": 477,
    "text": "",
    "type": "LINE"
  },
  {
    "addresses": [
      {
        "street_name": "r. St.-Dominiq.-d Enter",
        "street_numbers": [
          "27"
        ]
      }
    ],
    "box": [
      557,
      1053,
      404,
      22
    ],
    "checked": false,
    "id": 477,
    "ner_xml": "<PER>Profilles</PER>,<ACT>épic.</ACT>,<LOC>r. St.-Dominiq.-d Enter</LOC>,<CARDINAL>27</CARDINAL>.\n",
    "origin": "computer",
    "parent": 388,
    "persons": [
      "Profilles"
    ],
    "text_ocr": "Profilles, épic., r. St.-Dominiq.-d Enter, 27.\n",
    "type": "ENTRY"
  },
  {
    "EOL": false,
    "box": [
      556,
      1072,
      415,
      23
    ],
    "id": 480,
    "indented": true,
    "parent": 479,
    "text": "",
    "type": "LINE"
  },
  {
    "addresses": [
      {
        "street_name": "r. du Roi-de-Sie.",
        "street_numbers": [
          "95"
        ]
      }
    ],
    "box": [
      556,
      1072,
      415,
      23
    ],
    "checked": false,
    "id": 479,
    "ner_xml": "<PER>Profillet</PER>,<ACT>men. p.</ACT>bât.,<LOC>r. du Roi-de-Sie.</LOC>,<CARDINAL>95</CARDINAL>.\n",
    "origin": "computer",
    "parent": 388,
    "persons": [
      "Profillet"
    ],
    "text_ocr": "Profillet , men. p. bât., r. du Roi-de-Sie., 95.\n",
    "type": "ENTRY"
  },
  {
    "EOL": false,
    "box": [
      557,
      1093,
      407,
      19
    ],
    "id": 482,
    "indented": true,
    "parent": 481,
    "text": "",
    "type": "LINE"
  },
  {
    "addresses": [],
    "box": [
      557,
      1093,
      407,
      19
    ],
    "checked": false,
    "id": 481,
    "ner_xml": "<PER>Dafinet. hôt. de Danemark</PER>. r.Ste.-Anne,27 .\n",
    "origin": "computer",
    "parent": 388,
    "persons": [
      "Dafinet. hôt. de Danemark"
    ],
    "text_ocr": "Dafinet. hôt. de Danemark. r.Ste.-Anne,27 .\n",
    "type": "ENTRY"
  },
  {
    "EOL": false,
    "box": [
      556,
      1115,
      414,
      22
    ],
    "id": 484,
    "indented": true,
    "parent": 483,
    "text": "",
    "type": "LINE"
  },
  {
    "addresses": [
      {
        "street_name": "r. du Petit-Lion-St.-Sauv.",
        "street_numbers": [
          "10"
        ]
      }
    ],
    "box": [
      556,
      1115,
      414,
      22
    ],
    "checked": false,
    "id": 483,
    "ner_xml": "<PER>Projean</PER>,<ACT>gant.</ACT>,<LOC>r. du Petit-Lion-St.-Sauv.</LOC>,<CARDINAL>10</CARDINAL>\n",
    "origin": "computer",
    "parent": 388,
    "persons": [
      "Projean"
    ],
    "text_ocr": "Projean, gant., r. du Petit-Lion-St.-Sauv., 10\n",
    "type": "ENTRY"
  },
  {
    "EOL": false,
    "box": [
      557,
      1136,
      372,
      22
    ],
    "id": 486,
    "indented": true,
    "parent": 485,
    "text": "",
    "type": "LINE"
  },
  {
    "addresses": [
      {
        "street_name": "r. de la Bucherie",
        "street_numbers": [
          "13"
        ]
      }
    ],
    "box": [
      557,
      1136,
      372,
      22
    ],
    "checked": false,
    "id": 485,
    "ner_xml": "<PER>Prolade</PER>,<ACT>épicerie</ACT>,<LOC>r. de la Bucherie</LOC>,<CARDINAL>13</CARDINAL>.\n",
    "origin": "computer",
    "parent": 388,
    "persons": [
      "Prolade"
    ],
    "text_ocr": "Prolade, épicerie, r. de la Bucherie, 13.\n",
    "type": "ENTRY"
  },
  {
    "EOL": false,
    "box": [
      556,
      1156,
      411,
      20
    ],
    "id": 488,
    "indented": true,
    "parent": 487,
    "text": "",
    "type": "LINE"
  },
  {
    "addresses": [],
    "box": [
      556,
      1156,
      411,
      20
    ],
    "checked": false,
    "id": 487,
    "ner_xml": "Pron.<ACT>loueur de voit.</ACT>,<ACT>r. de l'Eg.-St.-Ger.</ACT>,<CARDINAL>10</CARDINAL>\n",
    "origin": "computer",
    "parent": 388,
    "persons": [],
    "text_ocr": "Pron. loueur de voit., r. de l'Eg.-St.-Ger., 10\n",
    "type": "ENTRY"
  },
  {
    "EOL": false,
    "box": [
      556,
      1177,
      407,
      19
    ],
    "id": 490,
    "indented": true,
    "parent": 489,
    "text": "",
    "type": "LINE"
  },
  {
    "addresses": [],
    "box": [
      556,
      1177,
      407,
      19
    ],
    "checked": false,
    "id": 489,
    "ner_xml": "<PER>Peontant</PER>.<PER>fond.-achev.. r. de Charonne</PER>,<CARDINAL>01</CARDINAL>.\n",
    "origin": "computer",
    "parent": 388,
    "persons": [
      "Peontant",
      "fond.-achev.. r. de Charonne"
    ],
    "text_ocr": "Peontant. fond.-achev.. r. de Charonne, 01.\n",
    "type": "ENTRY"
  },
  {
    "EOL": false,
    "box": [
      556,
      1197,
      416,
      25
    ],
    "id": 492,
    "indented": true,
    "parent": 491,
    "text": "",
    "type": "LINE"
  },
  {
    "addresses": [
      {
        "street_name": "pl.-pom.",
        "street_numbers": [
          "7"
        ]
      }
    ],
    "box": [
      556,
      1197,
      416,
      25
    ],
    "checked": false,
    "id": 491,
    "ner_xml": "<PER>Prophète</PER>,<ACT>fond.</ACT>,<LOC>pl.-pom.</LOC>,<ACT>r. du Cœur-Vol.</ACT>,<CARDINAL>7</CARDINAL>.\n",
    "origin": "computer",
    "parent": 388,
    "persons": [
      "Prophète"
    ],
    "text_ocr": "Prophète, fond., pl.-pom., r. du Cœur-Vol., 7.\n",
    "type": "ENTRY"
  },
  {
    "EOL": false,
    "box": [
      556,
      1219,
      416,
      24
    ],
    "id": 494,
    "indented": true,
    "parent": 493,
    "text": "",
    "type": "LINE"
  },
  {
    "EOL": false,
    "box": [
      575,
      1243,
      180,
      16
    ],
    "id": 495,
    "indented": false,
    "parent": 493,
    "text": "",
    "type": "LINE"
  },
  {
    "addresses": [
      {
        "street_name": "passage de l'Ancien\nCrand-Cerf",
        "street_numbers": [
          "45 bis"
        ]
      }
    ],
    "box": [
      556,
      1219,
      416,
      40
    ],
    "checked": false,
    "id": 493,
    "ner_xml": "<PER>Projean (Mile.)</PER>,<ACT>bret.</ACT>,<LOC>passage de l'Ancien\nCrand-Cerf</LOC>.<CARDINAL>45 bis</CARDINAL>.\n",
    "origin": "computer",
    "parent": 388,
    "persons": [
      "Projean (Mile.)"
    ],
    "text_ocr": "Projean (Mile.), bret., passage de l'Ancien\nCrand-Cerf. 45 bis.\n",
    "type": "ENTRY"
  },
  {
    "EOL": false,
    "box": [
      556,
      1260,
      416,
      23
    ],
    "id": 497,
    "indented": true,
    "parent": 496,
    "text": "",
    "type": "LINE"
  },
  {
    "EOL": false,
    "box": [
      576,
      1284,
      173,
      17
    ],
    "id": 498,
    "indented": false,
    "parent": 496,
    "text": "",
    "type": "LINE"
  },
  {
    "addresses": [
      {
        "street_name": "r. de la\nVisille-Monnaie",
        "street_numbers": [
          "5"
        ]
      }
    ],
    "box": [
      556,
      1260,
      416,
      41
    ],
    "checked": false,
    "id": 496,
    "ner_xml": "<PER>Prosper frères</PER>,<ACT>diam. pour verres</ACT>,<LOC>r. de la\nVisille-Monnaie</LOC>,<CARDINAL>5</CARDINAL>.\n",
    "origin": "computer",
    "parent": 388,
    "persons": [
      "Prosper frères"
    ],
    "text_ocr": "Prosper frères, diam. pour verres, r. de la\nVisille-Monnaie, 5.\n",
    "type": "ENTRY"
  },
  {
    "EOL": false,
    "box": [
      556,
      1301,
      409,
      26
    ],
    "id": 500,
    "indented": true,
    "parent": 499,
    "text": "",
    "type": "LINE"
  },
  {
    "addresses": [],
    "box": [
      556,
      1301,
      409,
      26
    ],
    "checked": false,
    "id": 499,
    "ner_xml": "<PER>Prosper</PER>,<ACT>eaux m., parf.</ACT>,<ACT>r. et bains du Mail\n</ACT>",
    "origin": "computer",
    "parent": 388,
    "persons": [
      "Prosper"
    ],
    "text_ocr": "Prosper, eaux m., parf., r. et bains du Mail\n",
    "type": "ENTRY"
  },
  {
    "EOL": false,
    "box": [
      556,
      1323,
      400,
      25
    ],
    "id": 502,
    "indented": true,
    "parent": 501,
    "text": "",
    "type": "LINE"
  },
  {
    "addresses": [
      {
        "street_name": "pass. des Panoramas",
        "street_numbers": [
          "23"
        ]
      }
    ],
    "box": [
      556,
      1323,
      400,
      25
    ],
    "checked": false,
    "id": 501,
    "ner_xml": "<PER>Prosper</PER>,<ACT>restaur.</ACT>,<LOC>pass. des Panoramas</LOC>,<CARDINAL>23</CARDINAL>.\n",
    "origin": "computer",
    "parent": 388,
    "persons": [
      "Prosper"
    ],
    "text_ocr": "Prosper, restaur., pass. des Panoramas, 23.\n",
    "type": "ENTRY"
  },
  {
    "EOL": false,
    "box": [
      556,
      1343,
      416,
      25
    ],
    "id": 504,
    "indented": true,
    "parent": 503,
    "text": "",
    "type": "LINE"
  },
  {
    "addresses": [
      {
        "street_name": "r. St-Ant.",
        "street_numbers": [
          "102"
        ]
      }
    ],
    "box": [
      556,
      1343,
      416,
      25
    ],
    "checked": false,
    "id": 503,
    "ner_xml": "<PER>Prosper-Deschamps</PER>,<ACT>archit.</ACT>,<LOC>r. St-Ant.</LOC>,<CARDINAL>102</CARDINAL>.\n",
    "origin": "computer",
    "parent": 388,
    "persons": [
      "Prosper-Deschamps"
    ],
    "text_ocr": "Prosper-Deschamps, archit., r. St-Ant., 102.\n",
    "type": "ENTRY"
  },
  {
    "EOL": false,
    "box": [
      556,
      1365,
      340,
      21
    ],
    "id": 506,
    "indented": true,
    "parent": 505,
    "text": "",
    "type": "LINE"
  },
  {
    "addresses": [],
    "box": [
      556,
      1365,
      340,
      21
    ],
    "checked": false,
    "id": 505,
    "ner_xml": "<PER>Prost</PER>,<ACT>boulang.</ACT>,<ACT>faub.</ACT><PER>St.-Denis</PER>,<ACT>/2.\n</ACT>",
    "origin": "computer",
    "parent": 388,
    "persons": [
      "Prost",
      "St.-Denis"
    ],
    "text_ocr": "Prost, boulang., faub. St.-Denis, /2.\n",
    "type": "ENTRY"
  },
  {
    "EOL": false,
    "box": [
      557,
      1385,
      395,
      24
    ],
    "id": 508,
    "indented": true,
    "parent": 507,
    "text": "",
    "type": "LINE"
  },
  {
    "addresses": [
      {
        "street_name": "r. Bleue",
        "street_numbers": []
      },
      {
        "street_name": "pass. Saulnier",
        "street_numbers": [
          "10"
        ]
      }
    ],
    "box": [
      557,
      1385,
      395,
      24
    ],
    "checked": false,
    "id": 507,
    "ner_xml": "<PER>Prost</PER>,<ACT>maçon</ACT>,<LOC>r. Bleue</LOC>,<LOC>pass. Saulnier</LOC>,<CARDINAL>10</CARDINAL>.\n",
    "origin": "computer",
    "parent": 388,
    "persons": [
      "Prost"
    ],
    "text_ocr": "Prost, maçon, r. Bleue, pass. Saulnier, 10.\n",
    "type": "ENTRY"
  },
  {
    "EOL": false,
    "box": [
      556,
      1406,
      416,
      25
    ],
    "id": 510,
    "indented": true,
    "parent": 509,
    "text": "",
    "type": "LINE"
  },
  {
    "addresses": [],
    "box": [
      556,
      1406,
      416,
      25
    ],
    "checked": false,
    "id": 509,
    "ner_xml": "<PER>Prost</PER>,<ACT>passem , mais.</ACT><PER>Jourdain</PER>,<ACT>au Pemplie</ACT>.\n",
    "origin": "computer",
    "parent": 388,
    "persons": [
      "Prost",
      "Jourdain"
    ],
    "text_ocr": "Prost, passem , mais. Jourdain, au Pemplie.\n",
    "type": "ENTRY"
  },
  {
    "EOL": false,
    "box": [
      556,
      1427,
      405,
      23
    ],
    "id": 512,
    "indented": true,
    "parent": 511,
    "text": "",
    "type": "LINE"
  },
  {
    "addresses": [
      {
        "street_name": "r. Quincampoix",
        "street_numbers": [
          "17"
        ]
      }
    ],
    "box": [
      556,
      1427,
      405,
      23
    ],
    "checked": false,
    "id": 511,
    "ner_xml": "<PER>Prost</PER>,<ACT>£. bross., pinc.</ACT>,<LOC>r. Quincampoix</LOC>,<CARDINAL>17</CARDINAL>.\n",
    "origin": "computer",
    "parent": 388,
    "persons": [
      "Prost"
    ],
    "text_ocr": "Prost, £. bross., pinc., r. Quincampoix, 17.\n",
    "type": "ENTRY"
  },
  {
    "EOL": false,
    "box": [
      556,
      1446,
      404,
      21
    ],
    "id": 514,
    "indented": true,
    "parent": 513,
    "text": "",
    "type": "LINE"
  },
  {
    "addresses": [],
    "box": [
      556,
      1446,
      404,
      21
    ],
    "checked": false,
    "id": 513,
    "ner_xml": "<PER>Perot (Ve. herborist.. r. N.-St.-Martin</PER>,<CARDINAL>5</CARDINAL>%\n",
    "origin": "computer",
    "parent": 388,
    "persons": [
      "Perot (Ve. herborist.. r. N.-St.-Martin"
    ],
    "text_ocr": "Perot (Ve. herborist.. r. N.-St.-Martin, 5%\n",
    "type": "ENTRY"
  },
  {
    "EOL": false,
    "box": [
      556,
      1469,
      331,
      24
    ],
    "id": 516,
    "indented": true,
    "parent": 515,
    "text": "",
    "type": "LINE"
  },
  {
    "addresses": [
      {
        "street_name": "r. Rochechouart",
        "street_numbers": []
      }
    ],
    "box": [
      556,
      1469,
      331,
      24
    ],
    "checked": false,
    "id": 515,
    "ner_xml": "<PER>Prot</PER>,<ACT>pap. peints</ACT>,<LOC>r. Rochechouart</LOC>.\n",
    "origin": "computer",
    "parent": 388,
    "persons": [
      "Prot"
    ],
    "text_ocr": "Prot, pap. peints, r. Rochechouart.\n",
    "type": "ENTRY"
  },
  {
    "EOL": false,
    "box": [
      557,
      1487,
      407,
      25
    ],
    "id": 518,
    "indented": true,
    "parent": 517,
    "text": "",
    "type": "LINE"
  },
  {
    "addresses": [],
    "box": [
      557,
      1487,
      407,
      25
    ],
    "checked": false,
    "id": 517,
    "ner_xml": "<PER>Prot fils aîné</PER>,<ACT>pap. pein.. pass. Choiseut. 7°\n</ACT>",
    "origin": "computer",
    "parent": 388,
    "persons": [
      "Prot fils aîné"
    ],
    "text_ocr": "Prot fils aîné, pap. pein.. pass. Choiseut. 7°\n",
    "type": "ENTRY"
  },
  {
    "box": [
      552,
      107,
      422,
      1405
    ],
    "id": 388,
    "parent": 387,
    "type": "COLUMN_LEVEL_2"
  },
  {
    "box": [
      552,
      107,
      422,
      1405
    ],
    "id": 387,
    "parent": 386,
    "type": "SECTION_LEVEL_2"
  },
  {
    "box": [
      552,
      104,
      422,
      1408
    ],
    "id": 386,
    "parent": 258,
    "type": "COLUMN_LEVEL_1"
  },
  {
    "box": [
      111,
      104,
      863,
      1408
    ],
    "id": 258,
    "parent": 256,
    "type": "SECTION_LEVEL_1"
  },
  {
    "box": [
      111,
      75,
      863,
      1437
    ],
    "id": 256,
    "type": "PAGE"
  }
]
