[
  {
    "EOL": false,
    "box": [
      224,
      160,
      716,
      40
    ],
    "id": 262,
    "indented": false,
    "parent": 261,
    "text": "",
    "type": "LINE"
  },
  {
    "EOL": false,
    "box": [
      221,
      198,
      719,
      37
    ],
    "id": 263,
    "indented": false,
    "parent": 261,
    "text": "",
    "type": "LINE"
  },
  {
    "addresses": [
      {
        "street_name": "Jardiniers-Fleu\nDemaimieux ( inventeur de la pasigraphie, écriture qui se lit dans tout\n",
        "street_numbers": []
      }
    ],
    "box": [
      221,
      160,
      719,
      75
    ],
    "checked": false,
    "id": 261,
    "ner_xml": "<CARDINAL>124 Ænterpr</CARDINAL>. et Mes.<ACT>de Langues</ACT>,<LOC>Jardiniers-Fleu\nDemaimieux ( inventeur de la pasigraphie, écriture qui se lit dans tout\n</LOC>| PORC OU SR IT ER nu .<PER>ms ee\n</PER>",
    "origin": "computer",
    "parent": 260,
    "persons": [
      "ms ee\n"
    ],
    "text_ocr": "124 Ænterpr. et Mes. de Langues, Jardiniers-Fleu\nDemaimieux ( inventeur de la pasigraphie, écriture qui se lit dans tout\n| PORC OU SR IT ER nu . ms ee\n",
    "type": "ENTRY"
  },
  {
    "EOL": false,
    "box": [
      246,
      224,
      693,
      36
    ],
    "id": 265,
    "indented": true,
    "parent": 264,
    "text": "",
    "type": "LINE"
  },
  {
    "EOL": false,
    "box": [
      220,
      247,
      719,
      41
    ],
    "id": 266,
    "indented": false,
    "parent": 264,
    "text": "",
    "type": "LINE"
  },
  {
    "EOL": false,
    "box": [
      221,
      270,
      424,
      30
    ],
    "id": 267,
    "indented": false,
    "parent": 264,
    "text": "",
    "type": "LINE"
  },
  {
    "addresses": [
      {
        "street_name": "Nicaise",
        "street_numbers": [
          "508"
        ]
      },
      {
        "street_name": "Tuileries",
        "street_numbers": []
      }
    ],
    "box": [
      220,
      224,
      719,
      76
    ],
    "checked": false,
    "id": 264,
    "ner_xml": "eV. gg”, \"à SL USRS TOUL!\n\nlangues à ja fois),<TITRE>R. du Faubourg Montmartre</TITRE>»<CARDINAL>25</CARDINAL>: Mont Blanc.\nEmmanuel Etienne (<ACT>allemande ,avgaise, hollandaise)</ACT>.<PER>R.Bar-du-Bec</PER>,\nGallilanilly,<CARDINAL>R.</CARDINAL><LOC>Nicaise</LOC>,<CARDINAL>508</CARDINAL>.<LOC>Tuileries</LOC>.\n",
    "origin": "computer",
    "parent": 260,
    "persons": [
      "R.Bar-du-Bec"
    ],
    "text_ocr": "eV. gg”, \"à SL USRS TOUL!\n\nlangues à ja fois), R. du Faubourg Montmartre » 25: Mont Blanc.\nEmmanuel Etienne (allemande ,avgaise, hollandaise) . R.Bar-du-Bec,\nGallilanilly, R. Nicaise , 508. Tuileries.\n",
    "type": "ENTRY"
  },
  {
    "EOL": false,
    "box": [
      221,
      294,
      455,
      31
    ],
    "id": 269,
    "indented": true,
    "parent": 268,
    "text": "",
    "type": "LINE"
  },
  {
    "addresses": [],
    "box": [
      221,
      294,
      455,
      31
    ],
    "checked": false,
    "id": 268,
    "ner_xml": "<PER>Grele</PER>,<TITRE>R. de Bourgogne</TITRE>,<CARDINAL>1471</CARDINAL>. Invalides.\nCITEIC , A,<ACT>qe Dourg\n</ACT>",
    "origin": "computer",
    "parent": 260,
    "persons": [
      "Grele"
    ],
    "text_ocr": "Grele, R. de Bourgogne, 1471. Invalides.\nCITEIC , A, qe Dourg\n",
    "type": "ENTRY"
  },
  {
    "EOL": false,
    "box": [
      220,
      317,
      499,
      31
    ],
    "id": 271,
    "indented": true,
    "parent": 270,
    "text": "",
    "type": "LINE"
  },
  {
    "addresses": [],
    "box": [
      220,
      317,
      499,
      31
    ],
    "checked": false,
    "id": 270,
    "ner_xml": "<PER>Hicky (anglaise)</PER>,<CARDINAL>R. Haurefeuille</CARDINAL><CARDINAL>22</CARDINAL>.<PER>Th. Fr</PER>,\n",
    "origin": "computer",
    "parent": 260,
    "persons": [
      "Hicky (anglaise)",
      "Th. Fr"
    ],
    "text_ocr": "Hicky (anglaise), R. Haurefeuille 22. Th. Fr,\n",
    "type": "ENTRY"
  },
  {
    "EOL": false,
    "box": [
      220,
      343,
      507,
      30
    ],
    "id": 273,
    "indented": true,
    "parent": 272,
    "text": "",
    "type": "LINE"
  },
  {
    "addresses": [],
    "box": [
      220,
      343,
      507,
      30
    ],
    "checked": false,
    "id": 272,
    "ner_xml": "<PER>Kuhn (allemande ) 3 Ra Pavée</PER>,<CARDINAL>9</CARDINAL>.<PER>Bon Conseil.\n</PER>",
    "origin": "computer",
    "parent": 260,
    "persons": [
      "Kuhn (allemande ) 3 Ra Pavée",
      "Bon Conseil.\n"
    ],
    "text_ocr": "Kuhn (allemande ) 3 Ra Pavée, 9. Bon Conseil.\n",
    "type": "ENTRY"
  },
  {
    "EOL": false,
    "box": [
      219,
      367,
      547,
      32
    ],
    "id": 275,
    "indented": true,
    "parent": 274,
    "text": "",
    "type": "LINE"
  },
  {
    "addresses": [
      {
        "street_name": "R. Froidmanteau",
        "street_numbers": [
          "18"
        ]
      }
    ],
    "box": [
      219,
      367,
      547,
      32
    ],
    "checked": false,
    "id": 274,
    "ner_xml": "<PER>Lepine ( anglaise)</PER>,<LOC>R. Froidmanteau</LOC>,<CARDINAL>18</CARDINAL>.<PER>Muséum\n</PER>",
    "origin": "computer",
    "parent": 260,
    "persons": [
      "Lepine ( anglaise)",
      "Muséum\n"
    ],
    "text_ocr": "Lepine ( anglaise), R. Froidmanteau , 18. Muséum\n",
    "type": "ENTRY"
  },
  {
    "EOL": false,
    "box": [
      219,
      392,
      523,
      31
    ],
    "id": 277,
    "indented": true,
    "parent": 276,
    "text": "",
    "type": "LINE"
  },
  {
    "addresses": [
      {
        "street_name": "Tuileries",
        "street_numbers": [
          "25"
        ]
      }
    ],
    "box": [
      219,
      392,
      523,
      31
    ],
    "checked": false,
    "id": 276,
    "ner_xml": "+ Les ON REP TR ÉE\nLeprince ,<PER>; R. Thomas du Louvre</PER>,<CARDINAL>271</CARDINAL>.<LOC>Tuileries</LOC>.\nFM:<CARDINAL>25</CARDINAL>is ns\n",
    "origin": "computer",
    "parent": 260,
    "persons": [
      "; R. Thomas du Louvre"
    ],
    "text_ocr": "+ Les ON REP TR ÉE\nLeprince ,; R. Thomas du Louvre , 271. Tuileries.\nFM: 25 is ns\n",
    "type": "ENTRY"
  },
  {
    "EOL": false,
    "box": [
      219,
      416,
      709,
      39
    ],
    "id": 279,
    "indented": true,
    "parent": 278,
    "text": "",
    "type": "LINE"
  },
  {
    "addresses": [],
    "box": [
      219,
      416,
      709,
      39
    ],
    "checked": false,
    "id": 278,
    "ner_xml": "<PER>Li Univercies HA!\n</PER>a<ACT>casch (allemande ); R. de 1 Université » Hôtel de Nantes</ACT>,<CARDINAL>908</CARDINAL>.\n",
    "origin": "computer",
    "parent": 260,
    "persons": [
      "Li Univercies HA!\n"
    ],
    "text_ocr": "Li Univercies HA!\na casch (allemande ); R. de 1 Université » Hôtel de Nantes, 908.\n",
    "type": "ENTRY"
  },
  {
    "EOL": false,
    "box": [
      219,
      438,
      526,
      33
    ],
    "id": 281,
    "indented": true,
    "parent": 280,
    "text": "",
    "type": "LINE"
  },
  {
    "addresses": [
      {
        "street_name": "Honoré",
        "street_numbers": [
          "372",
          "15"
        ]
      }
    ],
    "box": [
      219,
      438,
      526,
      33
    ],
    "checked": false,
    "id": 280,
    "ner_xml": "NU. +, \"+ NYSE\nMaillet (anglaise) » R.<LOC>Honoré</LOC>,<CARDINAL>372</CARDINAL>.<PER>Gardes Fr.\n</PER><CARDINAL>15</CARDINAL>°\"<PER>ANpISE)</PER>, K, H\n",
    "origin": "computer",
    "parent": 260,
    "persons": [
      "Gardes Fr.\n",
      "ANpISE)"
    ],
    "text_ocr": "NU. +, \"+ NYSE\nMaillet (anglaise) » R. Honoré, 372. Gardes Fr.\n15°\" ANpISE), K, H\n",
    "type": "ENTRY"
  },
  {
    "EOL": false,
    "box": [
      217,
      463,
      599,
      36
    ],
    "id": 283,
    "indented": true,
    "parent": 282,
    "text": "",
    "type": "LINE"
  },
  {
    "addresses": [],
    "box": [
      217,
      463,
      599,
      36
    ],
    "checked": false,
    "id": 282,
    "ner_xml": "<PER>lasquerier (anglaise)</PER>,<TITRE>R. de Louvois</TITRE><CARDINAL>5</CARDINAL>Go Lepélieties.\nRS “Ha 0 è nn +\n",
    "origin": "computer",
    "parent": 260,
    "persons": [
      "lasquerier (anglaise)"
    ],
    "text_ocr": "lasquerier (anglaise), R. de Louvois 5 Go Lepélieties.\nRS “Ha 0 è nn +\n",
    "type": "ENTRY"
  },
  {
    "EOL": false,
    "box": [
      220,
      487,
      591,
      35
    ],
    "id": 285,
    "indented": true,
    "parent": 284,
    "text": "",
    "type": "LINE"
  },
  {
    "addresses": [
      {
        "street_name": "R",
        "street_numbers": []
      },
      {
        "street_name": "Vieux Augustins",
        "street_numbers": [
          "22",
          "CE Pn"
        ]
      }
    ],
    "box": [
      220,
      487,
      591,
      35
    ],
    "checked": false,
    "id": 284,
    "ner_xml": "<PER>Pal db. NV.</PER><CARDINAL>0</CARDINAL>.<PER>CRE re ete “ter ntestutre) int\nMugnozzy (italienne)</PER>,<LOC>R</LOC>, des<LOC>Vieux Augustins</LOC>,<CARDINAL>22</CARDINAL>,\nBan NS a: atsh<CARDINAL>CE Pn</CARDINAL>\n",
    "origin": "computer",
    "parent": 260,
    "persons": [
      "Pal db. NV.",
      "CRE re ete “ter ntestutre) int\nMugnozzy (italienne)"
    ],
    "text_ocr": "Pal db. NV. 0. CRE re ete “ter ntestutre) int\nMugnozzy (italienne), R, des Vieux Augustins, 22,\nBan NS a: atsh CE Pn\n",
    "type": "ENTRY"
  },
  {
    "EOL": false,
    "box": [
      218,
      511,
      649,
      32
    ],
    "id": 287,
    "indented": true,
    "parent": 286,
    "text": "",
    "type": "LINE"
  },
  {
    "addresses": [
      {
        "street_name": "Place SO A9",
        "street_numbers": [
          "1828"
        ]
      }
    ],
    "box": [
      218,
      511,
      649,
      32
    ],
    "checked": false,
    "id": 286,
    "ner_xml": "<CARDINAL>8</CARDINAL>...<PER>CP Mi S LYS. ne</PER>.<LOC>Place SO A9</LOC>DJ.\n<PER>Niel (anglaise et allemande )</PER>,<TITRE>R. de Thionville</TITRE>,<CARDINAL>1828</CARDINAL>. Unité.\n",
    "origin": "computer",
    "parent": 260,
    "persons": [
      "CP Mi S LYS. ne",
      "Niel (anglaise et allemande )"
    ],
    "text_ocr": "8... CP Mi S LYS. ne. Place SO A9 DJ.\nNiel (anglaise et allemande ), R. de Thionville, 1828. Unité.\n",
    "type": "ENTRY"
  },
  {
    "EOL": false,
    "box": [
      217,
      534,
      566,
      35
    ],
    "id": 289,
    "indented": true,
    "parent": 288,
    "text": "",
    "type": "LINE"
  },
  {
    "addresses": [
      {
        "street_name": "Colbert",
        "street_numbers": [
          "284"
        ]
      }
    ],
    "box": [
      217,
      534,
      566,
      35
    ],
    "checked": false,
    "id": 288,
    "ner_xml": "<PER>Fellevé (anglaise );</PER>, R. de<LOC>Colbert</LOC>,<CARDINAL>284</CARDINAL>.<PER>Leselletier</PER>.\nDu | \\,\"/0'a8€ } 5 AK de\n",
    "origin": "computer",
    "parent": 260,
    "persons": [
      "Fellevé (anglaise );",
      "Leselletier"
    ],
    "text_ocr": "Fellevé (anglaise );, R. de Colbert , 284. Leselletier.\nDu | \\,\"/0'a8€ } 5 AK de\n",
    "type": "ENTRY"
  },
  {
    "EOL": false,
    "box": [
      218,
      559,
      687,
      38
    ],
    "id": 291,
    "indented": true,
    "parent": 290,
    "text": "",
    "type": "LINE"
  },
  {
    "addresses": [],
    "box": [
      218,
      559,
      687,
      38
    ],
    "checked": false,
    "id": 290,
    "ner_xml": "<PER>Roberts ( Anglaise )</PER>» R.<PER>Notre Dame des Champs. Luxembourg</PER>.\nre Prin ed CRC\n",
    "origin": "computer",
    "parent": 260,
    "persons": [
      "Roberts ( Anglaise )",
      "Notre Dame des Champs. Luxembourg"
    ],
    "text_ocr": "Roberts ( Anglaise ) » R. Notre Dame des Champs. Luxembourg.\nre Prin ed CRC\n",
    "type": "ENTRY"
  },
  {
    "EOL": false,
    "box": [
      218,
      583,
      722,
      34
    ],
    "id": 293,
    "indented": true,
    "parent": 292,
    "text": "",
    "type": "LINE"
  },
  {
    "EOL": false,
    "box": [
      239,
      608,
      700,
      36
    ],
    "id": 294,
    "indented": false,
    "parent": 292,
    "text": "",
    "type": "LINE"
  },
  {
    "EOL": false,
    "box": [
      239,
      631,
      337,
      27
    ],
    "id": 295,
    "indented": false,
    "parent": 292,
    "text": "",
    "type": "LINE"
  },
  {
    "addresses": [],
    "box": [
      218,
      583,
      722,
      75
    ],
    "checked": false,
    "id": 292,
    "ner_xml": "<CARDINAL>Ré FF</CARDINAL>. D ne un ed ut nn room Se,\n\nVillette<PER>Charles (interprète avoué du Gouvernement</PER>» et<ACT>traducteur\nlangues latine , italienne » éspagnolle , allemande, anglaise et hollandai\nR. Mazarine</ACT>, 20—re&lt;4.<PER>Unré</PER>.\n",
    "origin": "computer",
    "parent": 260,
    "persons": [
      "Charles (interprète avoué du Gouvernement",
      "Unré"
    ],
    "text_ocr": "Ré FF. D ne un ed ut nn room Se,\n\nVillette Charles (interprète avoué du Gouvernement » et traducteur\nlangues latine , italienne » éspagnolle , allemande, anglaise et hollandai\nR. Mazarine, 20—re<4. Unré.\n",
    "type": "ENTRY"
  },
  {
    "box": [
      214,
      160,
      726,
      498
    ],
    "id": 260,
    "parent": 259,
    "type": "COLUMN_LEVEL_2"
  },
  {
    "box": [
      214,
      160,
      726,
      498
    ],
    "id": 259,
    "parent": 258,
    "type": "SECTION_LEVEL_2"
  },
  {
    "box": [
      214,
      160,
      726,
      498
    ],
    "id": 258,
    "parent": 257,
    "type": "COLUMN_LEVEL_1"
  },
  {
    "box": [
      200,
      160,
      740,
      498
    ],
    "id": 257,
    "parent": 256,
    "type": "SECTION_LEVEL_1"
  },
  {
    "EOL": false,
    "box": [
      238,
      688,
      701,
      38
    ],
    "id": 301,
    "indented": true,
    "parent": 300,
    "text": "",
    "type": "LINE"
  },
  {
    "EOL": false,
    "box": [
      213,
      715,
      726,
      28
    ],
    "id": 302,
    "indented": false,
    "parent": 300,
    "text": "",
    "type": "LINE"
  },
  {
    "addresses": [],
    "box": [
      213,
      688,
      726,
      55
    ],
    "checked": false,
    "id": 300,
    "ner_xml": "<PER>Les Maîtres de Langues vivantes sont invités d'envoyer, pour l’a:\nprochaine</PER>,<ACT>leur adresse , avec indication des Langues au’ils enseivnent</ACT>.\n",
    "origin": "computer",
    "parent": 299,
    "persons": [
      "Les Maîtres de Langues vivantes sont invités d'envoyer, pour l’a:\nprochaine"
    ],
    "text_ocr": "Les Maîtres de Langues vivantes sont invités d'envoyer, pour l’a:\nprochaine, leur adresse , avec indication des Langues au’ils enseivnent.\n",
    "type": "ENTRY"
  },
  {
    "box": [
      209,
      687,
      731,
      56
    ],
    "id": 299,
    "parent": 298,
    "type": "COLUMN_LEVEL_2"
  },
  {
    "box": [
      209,
      687,
      731,
      56
    ],
    "id": 298,
    "parent": 297,
    "type": "SECTION_LEVEL_2"
  },
  {
    "box": [
      209,
      687,
      731,
      56
    ],
    "id": 297,
    "parent": 296,
    "type": "COLUMN_LEVEL_1"
  },
  {
    "box": [
      200,
      687,
      740,
      56
    ],
    "id": 296,
    "parent": 256,
    "type": "SECTION_LEVEL_1"
  },
  {
    "box": [
      200,
      839,
      740,
      34
    ],
    "checked": false,
    "id": 303,
    "origin": "computer",
    "parent": 256,
    "text": "JARDINIERS-FIFERISTE\n",
    "type": "TITLE_LEVEL_1"
  },
  {
    "EOL": false,
    "box": [
      210,
      913,
      682,
      32
    ],
    "id": 309,
    "indented": false,
    "parent": 308,
    "text": "",
    "type": "LINE"
  },
  {
    "addresses": [],
    "box": [
      210,
      913,
      682,
      32
    ],
    "checked": false,
    "id": 308,
    "ner_xml": "<PER>AUDEBERT</PER>, Camp. à gauche par le boulevard,<CARDINAL>143</CARDINAL>. Observatoire.\ndat \"fps s., A &amp;:<CARDINAL>24</CARDINAL>+ ras\n",
    "origin": "computer",
    "parent": 307,
    "persons": [
      "AUDEBERT"
    ],
    "text_ocr": "AUDEBERT , Camp. à gauche par le boulevard, 143. Observatoire.\ndat \"fps s., A &: 24 + ras\n",
    "type": "ENTRY"
  },
  {
    "EOL": false,
    "box": [
      210,
      935,
      727,
      34
    ],
    "id": 311,
    "indented": true,
    "parent": 310,
    "text": "",
    "type": "LINE"
  },
  {
    "addresses": [],
    "box": [
      210,
      935,
      727,
      34
    ],
    "checked": false,
    "id": 310,
    "ner_xml": "<PER>Audcbert (fils)</PER>, Camp. à gauche par le boulevard,<CARDINAL>30</CARDINAL>. Observatoire.\nM<CARDINAL>1</CARDINAL>:<PER>Sue 7\" \"0 =\n</PER>",
    "origin": "computer",
    "parent": 307,
    "persons": [
      "Audcbert (fils)",
      "Sue 7\" \"0 =\n"
    ],
    "text_ocr": "Audcbert (fils), Camp. à gauche par le boulevard, 30. Observatoire.\nM 1: Sue 7\" \"0 =\n",
    "type": "ENTRY"
  },
  {
    "EOL": false,
    "box": [
      209,
      958,
      731,
      38
    ],
    "id": 313,
    "indented": true,
    "parent": 312,
    "text": "",
    "type": "LINE"
  },
  {
    "EOL": false,
    "box": [
      234,
      983,
      342,
      30
    ],
    "id": 314,
    "indented": false,
    "parent": 312,
    "text": "",
    "type": "LINE"
  },
  {
    "addresses": [
      {
        "street_name": "boulevard à droite pa\n",
        "street_numbers": [
          "1619"
        ]
      }
    ],
    "box": [
      209,
      958,
      731,
      55
    ],
    "checked": false,
    "id": 312,
    "ner_xml": "#e a RER, PSP DA nt LE dant abat &lt;.\n<PER>Beaudet (Pierre)</PER>,<PER>Campagne</PER>,<ACT>premiere partie</ACT>,<LOC>boulevard à droite pa\n</LOC>R. d'Enfer ,<CARDINAL>1619</CARDINAL>.<PER>Luxembourg</PER>.\n",
    "origin": "computer",
    "parent": 307,
    "persons": [
      "Beaudet (Pierre)",
      "Campagne",
      "Luxembourg"
    ],
    "text_ocr": "#e a RER, PSP DA nt LE dant abat <.\nBeaudet (Pierre), Campagne , premiere partie, boulevard à droite pa\nR. d'Enfer , 1619. Luxembourg.\n",
    "type": "ENTRY"
  },
  {
    "EOL": false,
    "box": [
      207,
      1006,
      497,
      31
    ],
    "id": 316,
    "indented": true,
    "parent": 315,
    "text": "",
    "type": "LINE"
  },
  {
    "addresses": [],
    "box": [
      207,
      1006,
      497,
      31
    ],
    "checked": false,
    "id": 315,
    "ner_xml": "<PER>Boulard</PER>,<CARDINAL>R.</CARDINAL>des Fossés<CARDINAL>Marcel</CARDINAL>,<CARDINAL>45</CARDINAL>.<PER>Finistère</PER>.\n",
    "origin": "computer",
    "parent": 307,
    "persons": [
      "Boulard",
      "Finistère"
    ],
    "text_ocr": "Boulard, R. des Fossés Marcel, 45. Finistère.\n",
    "type": "ENTRY"
  },
  {
    "EOL": false,
    "box": [
      208,
      1030,
      485,
      31
    ],
    "id": 318,
    "indented": true,
    "parent": 317,
    "text": "",
    "type": "LINE"
  },
  {
    "addresses": [
      {
        "street_name": "Marché aux Chevaux",
        "street_numbers": [
          "38"
        ]
      }
    ],
    "box": [
      208,
      1030,
      485,
      31
    ],
    "checked": false,
    "id": 317,
    "ner_xml": "<PER>Boulard</PER>,<LOC>Marché aux Chevaux</LOC>,<CARDINAL>38</CARDINAL>.<PER>Finistère</PER>.\n",
    "origin": "computer",
    "parent": 307,
    "persons": [
      "Boulard",
      "Finistère"
    ],
    "text_ocr": "Boulard , Marché aux Chevaux, 38. Finistère.\n",
    "type": "ENTRY"
  },
  {
    "EOL": false,
    "box": [
      208,
      1054,
      467,
      31
    ],
    "id": 320,
    "indented": true,
    "parent": 319,
    "text": "",
    "type": "LINE"
  },
  {
    "addresses": [
      {
        "street_name": "Hippolite",
        "street_numbers": [
          "13"
        ]
      }
    ],
    "box": [
      208,
      1054,
      467,
      31
    ],
    "checked": false,
    "id": 319,
    "ner_xml": "<PER>Boulard (fils)</PER>, R.<LOC>Hippolite</LOC>,<CARDINAL>13</CARDINAL>.<PER>Finistère</PER>.\n",
    "origin": "computer",
    "parent": 307,
    "persons": [
      "Boulard (fils)",
      "Finistère"
    ],
    "text_ocr": "Boulard (fils) , R. Hippolite, 13. Finistère.\n",
    "type": "ENTRY"
  },
  {
    "EOL": false,
    "box": [
      207,
      1079,
      546,
      28
    ],
    "id": 322,
    "indented": true,
    "parent": 321,
    "text": "",
    "type": "LINE"
  },
  {
    "addresses": [],
    "box": [
      207,
      1079,
      546,
      28
    ],
    "checked": false,
    "id": 321,
    "ner_xml": "<PER>Corpet ( veuve )</PER>,<TITRE>R. de Charonne</TITRE>,<CARDINAL>102</CARDINAL>.<PER>Montreuil</PER>.\n",
    "origin": "computer",
    "parent": 307,
    "persons": [
      "Corpet ( veuve )",
      "Montreuil"
    ],
    "text_ocr": "Corpet ( veuve ) , R. de Charonne , 102. Montreuil.\n",
    "type": "ENTRY"
  },
  {
    "EOL": false,
    "box": [
      205,
      1103,
      411,
      29
    ],
    "id": 324,
    "indented": true,
    "parent": 323,
    "text": "",
    "type": "LINE"
  },
  {
    "addresses": [
      {
        "street_name": "Charonne",
        "street_numbers": [
          "83"
        ]
      }
    ],
    "box": [
      205,
      1103,
      411,
      29
    ],
    "checked": false,
    "id": 323,
    "ner_xml": "<PER>Daube</PER>,<CARDINAL>R.</CARDINAL><LOC>Charonne</LOC>,<CARDINAL>83</CARDINAL>. Popincourt.\n",
    "origin": "computer",
    "parent": 307,
    "persons": [
      "Daube"
    ],
    "text_ocr": "Daube, R. Charonne , 83. Popincourt.\n",
    "type": "ENTRY"
  },
  {
    "EOL": false,
    "box": [
      205,
      1127,
      396,
      29
    ],
    "id": 326,
    "indented": true,
    "parent": 325,
    "text": "",
    "type": "LINE"
  },
  {
    "addresses": [],
    "box": [
      205,
      1127,
      396,
      29
    ],
    "checked": false,
    "id": 325,
    "ner_xml": "<PER>Delaunay</PER>,<CARDINAL>R. Maur</CARDINAL>,<CARDINAL>3</CARDINAL>. Popincourt.\n",
    "origin": "computer",
    "parent": 307,
    "persons": [
      "Delaunay"
    ],
    "text_ocr": "Delaunay , R. Maur, 3. Popincourt.\n",
    "type": "ENTRY"
  },
  {
    "EOL": false,
    "box": [
      204,
      1150,
      553,
      29
    ],
    "id": 328,
    "indented": true,
    "parent": 327,
    "text": "",
    "type": "LINE"
  },
  {
    "addresses": [
      {
        "street_name": "Charbonniers",
        "street_numbers": [
          "839"
        ]
      }
    ],
    "box": [
      204,
      1150,
      553,
      29
    ],
    "checked": false,
    "id": 327,
    "ner_xml": "<PER>Descouflet</PER>» R. des<LOC>Charbonniers</LOC>,<CARDINAL>839</CARDINAL>. Observatoire.\n",
    "origin": "computer",
    "parent": 307,
    "persons": [
      "Descouflet"
    ],
    "text_ocr": "Descouflet » R. des Charbonniers , 839. Observatoire.\n",
    "type": "ENTRY"
  },
  {
    "EOL": false,
    "box": [
      205,
      1174,
      494,
      31
    ],
    "id": 330,
    "indented": true,
    "parent": 329,
    "text": "",
    "type": "LINE"
  },
  {
    "addresses": [],
    "box": [
      205,
      1174,
      494,
      31
    ],
    "checked": false,
    "id": 329,
    "ner_xml": "<PER>Dutertre ; R. de l'Oursine</PER>,<ACT>1557. Observatoire.</ACT>\n",
    "origin": "computer",
    "parent": 307,
    "persons": [
      "Dutertre ; R. de l'Oursine"
    ],
    "text_ocr": "Dutertre ; R. de l'Oursine, 1557. Observatoire.\n",
    "type": "ENTRY"
  },
  {
    "EOL": false,
    "box": [
      205,
      1199,
      378,
      28
    ],
    "id": 332,
    "indented": true,
    "parent": 331,
    "text": "",
    "type": "LINE"
  },
  {
    "addresses": [],
    "box": [
      205,
      1199,
      378,
      28
    ],
    "checked": false,
    "id": 331,
    "ner_xml": "r'iou , R. Baffroy »<CARDINAL>21</CARDINAL>.<PER>Popincourt</PER>.\n",
    "origin": "computer",
    "parent": 307,
    "persons": [
      "Popincourt"
    ],
    "text_ocr": "r'iou , R. Baffroy » 21. Popincourt.\n",
    "type": "ENTRY"
  },
  {
    "EOL": false,
    "box": [
      206,
      1222,
      399,
      28
    ],
    "id": 334,
    "indented": true,
    "parent": 333,
    "text": "",
    "type": "LINE"
  },
  {
    "addresses": [
      {
        "street_name": "Hippolite",
        "street_numbers": [
          "18"
        ]
      }
    ],
    "box": [
      206,
      1222,
      399,
      28
    ],
    "checked": false,
    "id": 333,
    "ner_xml": "<TITRE>Gallois</TITRE>, R.<LOC>Hippolite</LOC>,<CARDINAL>18</CARDINAL>.<PER>Finistère</PER>.\n",
    "origin": "computer",
    "parent": 307,
    "persons": [
      "Finistère"
    ],
    "text_ocr": "Gallois , R. Hippolite, 18. Finistère.\n",
    "type": "ENTRY"
  },
  {
    "EOL": false,
    "box": [
      204,
      1247,
      401,
      26
    ],
    "id": 336,
    "indented": true,
    "parent": 335,
    "text": "",
    "type": "LINE"
  },
  {
    "addresses": [
      {
        "street_name": "Bernard",
        "street_numbers": [
          "20"
        ]
      }
    ],
    "box": [
      204,
      1247,
      401,
      26
    ],
    "checked": false,
    "id": 335,
    "ner_xml": "<PER>Gueppet</PER>,<CARDINAL>R.</CARDINAL><LOC>Bernard</LOC>,<CARDINAL>20</CARDINAL>.<PER>Montreuil</PER>.\n",
    "origin": "computer",
    "parent": 307,
    "persons": [
      "Gueppet",
      "Montreuil"
    ],
    "text_ocr": "Gueppet, R. Bernard , 20. Montreuil.\n",
    "type": "ENTRY"
  },
  {
    "EOL": false,
    "box": [
      203,
      1271,
      560,
      28
    ],
    "id": 338,
    "indented": true,
    "parent": 337,
    "text": "",
    "type": "LINE"
  },
  {
    "addresses": [],
    "box": [
      203,
      1271,
      560,
      28
    ],
    "checked": false,
    "id": 337,
    "ner_xml": "<PER>Hacville &gt; Au coin de la R. de l’Oursine</PER>,<CARDINAL>6</CARDINAL>.<PER>Finistère</PER>.\n",
    "origin": "computer",
    "parent": 307,
    "persons": [
      "Hacville > Au coin de la R. de l’Oursine",
      "Finistère"
    ],
    "text_ocr": "Hacville > Au coin de la R. de l’Oursine , 6. Finistère.\n",
    "type": "ENTRY"
  },
  {
    "EOL": false,
    "box": [
      203,
      1295,
      452,
      28
    ],
    "id": 340,
    "indented": true,
    "parent": 339,
    "text": "",
    "type": "LINE"
  },
  {
    "addresses": [],
    "box": [
      203,
      1295,
      452,
      28
    ],
    "checked": false,
    "id": 339,
    "ner_xml": "<PER>Joly</PER>,<TITRE>R. des Fossés Marcel</TITRE>,<CARDINAL>44</CARDINAL>.<PER>Finistère\n</PER>",
    "origin": "computer",
    "parent": 307,
    "persons": [
      "Joly",
      "Finistère\n"
    ],
    "text_ocr": "Joly, R. des Fossés Marcel, 44. Finistère\n",
    "type": "ENTRY"
  },
  {
    "EOL": false,
    "box": [
      203,
      1321,
      520,
      28
    ],
    "id": 342,
    "indented": true,
    "parent": 341,
    "text": "",
    "type": "LINE"
  },
  {
    "addresses": [],
    "box": [
      203,
      1321,
      520,
      28
    ],
    "checked": false,
    "id": 341,
    "ner_xml": "<PER>Lapipe</PER>,<ACT>K. des Bourguignons</ACT>,<CARDINAL>1449</CARDINAL>. Observatoire.\n",
    "origin": "computer",
    "parent": 307,
    "persons": [
      "Lapipe"
    ],
    "text_ocr": "Lapipe, K. des Bourguignons , 1449. Observatoire.\n",
    "type": "ENTRY"
  },
  {
    "EOL": false,
    "box": [
      202,
      1345,
      381,
      27
    ],
    "id": 344,
    "indented": true,
    "parent": 343,
    "text": "",
    "type": "LINE"
  },
  {
    "addresses": [],
    "box": [
      202,
      1345,
      381,
      27
    ],
    "checked": false,
    "id": 343,
    "ner_xml": "<PER>Lapipe , KR. Baffroy</PER>,<CARDINAL>44</CARDINAL>.<PER>Popincourr.\n</PER>",
    "origin": "computer",
    "parent": 307,
    "persons": [
      "Lapipe , KR. Baffroy",
      "Popincourr.\n"
    ],
    "text_ocr": "Lapipe , KR. Baffroy , 44. Popincourr.\n",
    "type": "ENTRY"
  },
  {
    "EOL": false,
    "box": [
      201,
      1370,
      739,
      29
    ],
    "id": 346,
    "indented": true,
    "parent": 345,
    "text": "",
    "type": "LINE"
  },
  {
    "EOL": false,
    "box": [
      226,
      1393,
      300,
      26
    ],
    "id": 347,
    "indented": false,
    "parent": 345,
    "text": "",
    "type": "LINE"
  },
  {
    "addresses": [
      {
        "street_name": "Campagne",
        "street_numbers": []
      },
      {
        "street_name": "boulevard à droite par-la R\n_ d'Enfer",
        "street_numbers": [
          "1690"
        ]
      }
    ],
    "box": [
      201,
      1370,
      739,
      49
    ],
    "checked": false,
    "id": 345,
    "ner_xml": "<ACT>grand</ACT>,<LOC>Campagne</LOC>,<ACT>deuxieme partie</ACT>,<LOC>boulevard à droite par-la R\n_ d'Enfer</LOC>,<CARDINAL>1690</CARDINAL>.<PER>Luxembourg</PER>.\n",
    "origin": "computer",
    "parent": 307,
    "persons": [
      "Luxembourg"
    ],
    "text_ocr": "grand, Campagne , deuxieme partie, boulevard à droite par-la R\n_ d'Enfer, 1690. Luxembourg.\n",
    "type": "ENTRY"
  },
  {
    "EOL": false,
    "box": [
      202,
      1415,
      400,
      28
    ],
    "id": 349,
    "indented": true,
    "parent": 348,
    "text": "",
    "type": "LINE"
  },
  {
    "addresses": [
      {
        "street_name": "Bernard",
        "street_numbers": [
          "19"
        ]
      }
    ],
    "box": [
      202,
      1415,
      400,
      28
    ],
    "checked": false,
    "id": 348,
    "ner_xml": "<TITRE>Marie</TITRE>,<CARDINAL>R.</CARDINAL><LOC>Bernard</LOC>,<CARDINAL>19</CARDINAL>.<PER>Montreuil</PER>.\n",
    "origin": "computer",
    "parent": 307,
    "persons": [
      "Montreuil"
    ],
    "text_ocr": "Marie, R. Bernard , 19. Montreuil.\n",
    "type": "ENTRY"
  },
  {
    "EOL": false,
    "box": [
      202,
      1440,
      373,
      26
    ],
    "id": 351,
    "indented": true,
    "parent": 350,
    "text": "",
    "type": "LINE"
  },
  {
    "addresses": [
      {
        "street_name": "Popincourt",
        "street_numbers": []
      }
    ],
    "box": [
      202,
      1440,
      373,
      26
    ],
    "checked": false,
    "id": 350,
    "ner_xml": "<PER>Kenou</PER>,<CARDINAL>R. Maur</CARDINAL>,<CARDINAL>10</CARDINAL>.<LOC>Popincourt</LOC>.\n",
    "origin": "computer",
    "parent": 307,
    "persons": [
      "Kenou"
    ],
    "text_ocr": "Kenou, R. Maur, 10. Popincourt.\n",
    "type": "ENTRY"
  },
  {
    "EOL": false,
    "box": [
      202,
      1463,
      626,
      29
    ],
    "id": 353,
    "indented": true,
    "parent": 352,
    "text": "",
    "type": "LINE"
  },
  {
    "addresses": [],
    "box": [
      202,
      1463,
      626,
      29
    ],
    "checked": false,
    "id": 352,
    "ner_xml": "<PER>KRobillard et Boujenot</PER>» R. de l’Oursine ,<ACT>1554.</ACT><PER>Observatoire</PER>,\n",
    "origin": "computer",
    "parent": 307,
    "persons": [
      "KRobillard et Boujenot",
      "Observatoire"
    ],
    "text_ocr": "KRobillard et Boujenot » R. de l’Oursine , 1554. Observatoire,\n",
    "type": "ENTRY"
  },
  {
    "EOL": false,
    "box": [
      201,
      1489,
      501,
      27
    ],
    "id": 355,
    "indented": true,
    "parent": 354,
    "text": "",
    "type": "LINE"
  },
  {
    "addresses": [
      {
        "street_name": "KR. de la Muette",
        "street_numbers": [
          "24"
        ]
      }
    ],
    "box": [
      201,
      1489,
      501,
      27
    ],
    "checked": false,
    "id": 354,
    "ner_xml": "<PER>caint-James</PER>,<LOC>KR. de la Muette</LOC>,<CARDINAL>24</CARDINAL>.<PER>Popincourt</PER>,\n",
    "origin": "computer",
    "parent": 307,
    "persons": [
      "caint-James",
      "Popincourt"
    ],
    "text_ocr": "caint-James, KR. de la Muette , 24. Popincourt,\n",
    "type": "ENTRY"
  },
  {
    "box": [
      200,
      913,
      740,
      604
    ],
    "id": 307,
    "parent": 306,
    "type": "COLUMN_LEVEL_2"
  },
  {
    "box": [
      200,
      913,
      740,
      604
    ],
    "id": 306,
    "parent": 305,
    "type": "SECTION_LEVEL_2"
  },
  {
    "box": [
      200,
      913,
      740,
      604
    ],
    "id": 305,
    "parent": 304,
    "type": "COLUMN_LEVEL_1"
  },
  {
    "box": [
      200,
      913,
      740,
      604
    ],
    "id": 304,
    "parent": 256,
    "type": "SECTION_LEVEL_1"
  },
  {
    "box": [
      200,
      160,
      740,
      1357
    ],
    "id": 256,
    "type": "PAGE"
  }
]
