[
  {
    "box": [
      60,
      142,
      767,
      28
    ],
    "checked": true,
    "id": 257,
    "origin": "human",
    "parent": 256,
    "text": "Tabac. (Mds. et Fab. de)\n",
    "type": "TITLE_LEVEL_1"
  },
  {
    "addresses": [
      {
        "street_name": "R. de Marivaux",
        "street_numbers": [
          "526"
        ]
      }
    ],
    "box": [
      61,
      185,
      347,
      24
    ],
    "checked": true,
    "id": 398,
    "origin": "human",
    "parent": 261,
    "persons": [
      "Boursaut"
    ],
    "text_ocr": "##Boursaut##, @@R. de Marivaux@@, $$526$$. @@Lepelletier.@@",
    "type": "ENTRY"
  },
  {
    "EOL": false,
    "box": [
      61,
      185,
      347,
      24
    ],
    "id": 263,
    "indented": false,
    "parent": 398,
    "text": "",
    "type": "LINE"
  },
  {
    "addresses": [
      {
        "street_name": "R. Poissonniere",
        "street_numbers": [
          "517"
        ]
      }
    ],
    "box": [
      60,
      210,
      349,
      20
    ],
    "checked": true,
    "id": 399,
    "origin": "human",
    "parent": 261,
    "persons": [
      "Brohon"
    ],
    "text_ocr": "##Brohon## . @@R. Poissonniere@@, $$517$$. @@Brutus@@",
    "type": "ENTRY"
  },
  {
    "EOL": false,
    "box": [
      60,
      210,
      349,
      20
    ],
    "id": 264,
    "indented": false,
    "parent": 399,
    "text": "",
    "type": "LINE"
  },
  {
    "box": [
      60,
      184,
      353,
      46
    ],
    "id": 261,
    "parent": 260,
    "type": "COLUMN_LEVEL_2"
  },
  {
    "box": [
      60,
      184,
      353,
      46
    ],
    "id": 260,
    "parent": 259,
    "type": "SECTION_LEVEL_2"
  },
  {
    "box": [
      60,
      184,
      353,
      47
    ],
    "id": 259,
    "parent": 258,
    "type": "COLUMN_LEVEL_1"
  },
  {
    "EOL": false,
    "box": [
      423,
      188,
      121,
      23
    ],
    "id": 269,
    "indented": true,
    "parent": 268,
    "text": "",
    "type": "LINE"
  },
  {
    "addresses": [],
    "box": [
      423,
      188,
      121,
      23
    ],
    "checked": false,
    "id": 268,
    "origin": "computer",
    "parent": 267,
    "persons": [
      ""
    ],
    "score": -1,
    "street": "",
    "street_number": "",
    "text_ocr": "Lépelletier.\n",
    "type": "ENTRY"
  },
  {
    "EOL": false,
    "box": [
      424,
      212,
      76,
      17
    ],
    "id": 271,
    "indented": true,
    "parent": 270,
    "text": "",
    "type": "LINE"
  },
  {
    "addresses": [],
    "box": [
      424,
      212,
      76,
      17
    ],
    "checked": false,
    "id": 270,
    "origin": "computer",
    "parent": 267,
    "persons": [
      ""
    ],
    "score": -1,
    "street": "",
    "street_number": "",
    "text_ocr": "Brutus,\n",
    "type": "ENTRY"
  },
  {
    "box": [
      419,
      186,
      129,
      45
    ],
    "id": 267,
    "parent": 266,
    "type": "COLUMN_LEVEL_2"
  },
  {
    "box": [
      419,
      186,
      129,
      45
    ],
    "id": 266,
    "parent": 265,
    "type": "SECTION_LEVEL_2"
  },
  {
    "box": [
      419,
      184,
      129,
      47
    ],
    "id": 265,
    "parent": 258,
    "type": "COLUMN_LEVEL_1"
  },
  {
    "box": [
      60,
      184,
      767,
      47
    ],
    "id": 258,
    "parent": 256,
    "type": "SECTION_LEVEL_1"
  },
  {
    "EOL": false,
    "box": [
      84,
      261,
      554,
      22
    ],
    "id": 277,
    "indented": false,
    "parent": 276,
    "text": "",
    "type": "LINE"
  },
  {
    "addresses": [
      {
        "street_name": "R. du Four",
        "street_numbers": [
          "41"
        ]
      }
    ],
    "box": [
      84,
      261,
      554,
      22
    ],
    "checked": true,
    "id": 276,
    "origin": "human",
    "parent": 275,
    "persons": [
      "Cadot ( veuve )"
    ],
    "score": 0.5,
    "text_ocr": "##Cadot ( veuve )##, @@R. du Four@@ , $$41$$. @@Halle au Bled@@.\n",
    "type": "ENTRY"
  },
  {
    "EOL": false,
    "box": [
      61,
      285,
      551,
      24
    ],
    "id": 279,
    "indented": true,
    "parent": 278,
    "text": "",
    "type": "LINE"
  },
  {
    "addresses": [
      {
        "street_name": "R. du Verbois",
        "street_numbers": [
          "29"
        ]
      }
    ],
    "box": [
      61,
      285,
      551,
      24
    ],
    "checked": true,
    "id": 278,
    "origin": "human",
    "parent": 275,
    "persons": [
      "campion | fabr"
    ],
    "score": 0.5,
    "text_ocr": "Campion [ ££fabr.££ ] , @@R. du Verbois@@, $$29$$. @@Gravilliers@@.\n",
    "type": "ENTRY"
  },
  {
    "EOL": false,
    "box": [
      61,
      307,
      354,
      24
    ],
    "id": 281,
    "indented": true,
    "parent": 280,
    "text": "",
    "type": "LINE"
  },
  {
    "addresses": [
      {
        "street_name": "R. Charlot",
        "street_numbers": [
          "28"
        ]
      }
    ],
    "box": [
      61,
      307,
      354,
      24
    ],
    "checked": true,
    "id": 280,
    "origin": "human",
    "parent": 275,
    "persons": [
      "Capet"
    ],
    "score": 0.5,
    "text_ocr": "##Capet## , @@R. Charlot@@, $$28$$. @@Temple@@.\n",
    "type": "ENTRY"
  },
  {
    "addresses": [
      {
        "street_name": "R. du Sentier",
        "street_numbers": [
          "27"
        ]
      }
    ],
    "box": [
      61,
      332,
      686,
      25
    ],
    "checked": true,
    "id": 400,
    "origin": "human",
    "parent": 275,
    "persons": [
      "Cardon [ Jean Bernard ]"
    ],
    "text_ocr": "##Cardon [ Jean Bernard ]##, ££manufact.££, @@R. du Sentier@@, $$27$$. @@Brutus@@.\nSes ££atteliers££ sont @@Quai des Célestins@@ , $$63$$.",
    "type": "ENTRY"
  },
  {
    "EOL": false,
    "box": [
      61,
      332,
      686,
      25
    ],
    "id": 283,
    "indented": true,
    "parent": 400,
    "text": "",
    "type": "LINE"
  },
  {
    "addresses": [
      {
        "street_name": "R. des Quatre Fils",
        "street_numbers": [
          "26"
        ]
      }
    ],
    "box": [
      61,
      357,
      608,
      46
    ],
    "checked": true,
    "id": 401,
    "origin": "human",
    "parent": 275,
    "persons": [
      "Cavalier"
    ],
    "text_ocr": "##Cavalier##, @@R. des Quatre Fils@@, $$26$$. @@Homme Armé@@.",
    "type": "ENTRY"
  },
  {
    "EOL": false,
    "box": [
      61,
      357,
      608,
      46
    ],
    "id": 284,
    "indented": false,
    "parent": 401,
    "text": "",
    "type": "LINE"
  },
  {
    "EOL": false,
    "box": [
      61,
      404,
      575,
      23
    ],
    "id": 286,
    "indented": true,
    "parent": 285,
    "text": "",
    "type": "LINE"
  },
  {
    "addresses": [
      {
        "street_name": "R. Montmartre",
        "street_numbers": [
          "217"
        ]
      }
    ],
    "box": [
      61,
      404,
      575,
      23
    ],
    "checked": true,
    "id": 285,
    "origin": "human",
    "parent": 275,
    "persons": [
      "Cazin [ veuve ]"
    ],
    "score": 0,
    "text_ocr": "##Cazin [ veuve ]##, @@R. Montmartre@@, $$217$$. @@Contrat Soc.@@\n",
    "type": "ENTRY"
  },
  {
    "EOL": false,
    "box": [
      61,
      426,
      524,
      23
    ],
    "id": 288,
    "indented": true,
    "parent": 287,
    "text": "",
    "type": "LINE"
  },
  {
    "addresses": [
      {
        "street_name": "R. Martin",
        "street_numbers": [
          "288"
        ]
      }
    ],
    "box": [
      61,
      426,
      524,
      23
    ],
    "checked": true,
    "id": 287,
    "origin": "human",
    "parent": 275,
    "persons": [
      "Condamine"
    ],
    "score": 0.5,
    "text_ocr": "##Condamine## , @@R. Martin@@, $$288$$. @@Amis de la Patrie@@.\n",
    "type": "ENTRY"
  },
  {
    "EOL": false,
    "box": [
      61,
      451,
      608,
      25
    ],
    "id": 290,
    "indented": true,
    "parent": 289,
    "text": "",
    "type": "LINE"
  },
  {
    "addresses": [
      {
        "street_name": "R. de l’Arbre Sec",
        "street_numbers": [
          "192"
        ]
      }
    ],
    "box": [
      61,
      451,
      608,
      25
    ],
    "checked": true,
    "id": 289,
    "origin": "human",
    "parent": 275,
    "persons": [
      "Costard"
    ],
    "score": 0.9411764705882353,
    "text_ocr": "##Costard## [ ££fab.££ ], @@R. de l’Arbre Sec@@, $$192$$. @@Gardes Franc@@.\n",
    "type": "ENTRY"
  },
  {
    "box": [
      60,
      259,
      687,
      217
    ],
    "id": 275,
    "parent": 274,
    "type": "COLUMN_LEVEL_2"
  },
  {
    "box": [
      60,
      259,
      687,
      217
    ],
    "id": 274,
    "parent": 273,
    "type": "SECTION_LEVEL_2"
  },
  {
    "box": [
      60,
      259,
      687,
      217
    ],
    "id": 273,
    "parent": 272,
    "type": "COLUMN_LEVEL_1"
  },
  {
    "box": [
      60,
      259,
      767,
      217
    ],
    "id": 272,
    "parent": 256,
    "type": "SECTION_LEVEL_1"
  },
  {
    "EOL": false,
    "box": [
      86,
      499,
      560,
      28
    ],
    "id": 296,
    "indented": false,
    "parent": 295,
    "text": "",
    "type": "LINE"
  },
  {
    "addresses": [
      {
        "street_name": "R. de la Harpe",
        "street_numbers": [
          "151"
        ]
      }
    ],
    "box": [
      86,
      499,
      560,
      28
    ],
    "checked": true,
    "id": 295,
    "origin": "human",
    "parent": 294,
    "persons": [
      "Damien [ veuve]"
    ],
    "score": 0.4285714285714286,
    "text_ocr": "##Damien [ veuve]##, @@R. de la Harpe@@, $$151$$. @@Thermes@@.\n",
    "type": "ENTRY"
  },
  {
    "EOL": false,
    "box": [
      62,
      524,
      623,
      26
    ],
    "id": 298,
    "indented": true,
    "parent": 297,
    "text": "",
    "type": "LINE"
  },
  {
    "addresses": [
      {
        "street_name": "R. de la Loi",
        "street_numbers": [
          "74"
        ]
      }
    ],
    "box": [
      62,
      524,
      623,
      26
    ],
    "checked": true,
    "id": 297,
    "origin": "human",
    "parent": 294,
    "persons": [
      "Dareste [ Antoine ]"
    ],
    "score": 0.5,
    "text_ocr": "##Dareste [ Antoine ]##, ££fab.££, @@R. de la Loi@@, $$74$$. @@Lepelletier@@.\n",
    "type": "ENTRY"
  },
  {
    "EOL": false,
    "box": [
      65,
      546,
      472,
      25
    ],
    "id": 300,
    "indented": true,
    "parent": 299,
    "text": "",
    "type": "LINE"
  },
  {
    "addresses": [
      {
        "street_name": "Cloître Germain",
        "street_numbers": [
          "30"
        ]
      }
    ],
    "box": [
      65,
      546,
      472,
      25
    ],
    "checked": true,
    "id": 299,
    "origin": "human",
    "parent": 294,
    "persons": [
      "Degoutin"
    ],
    "score": 0.5,
    "text_ocr": "##Degoutin##, @@Cloître Germain@@ , $$30$$. @@Muséum@@.\n",
    "type": "ENTRY"
  },
  {
    "EOL": false,
    "box": [
      63,
      570,
      619,
      26
    ],
    "id": 302,
    "indented": true,
    "parent": 301,
    "text": "",
    "type": "LINE"
  },
  {
    "addresses": [
      {
        "street_name": "R. des Ecrivains",
        "street_numbers": [
          "15"
        ]
      }
    ],
    "box": [
      63,
      570,
      619,
      26
    ],
    "checked": true,
    "id": 301,
    "origin": "human",
    "parent": 294,
    "persons": [
      "Delcourt"
    ],
    "score": 0.5,
    "text_ocr": "##Delcourt## [££fabr.££], @@R. des Ecrivains@@, $$15$$—$$14$$, @@Lombards@@.\n",
    "type": "ENTRY"
  },
  {
    "EOL": false,
    "box": [
      65,
      594,
      618,
      26
    ],
    "id": 304,
    "indented": true,
    "parent": 303,
    "text": "",
    "type": "LINE"
  },
  {
    "addresses": [
      {
        "street_name": "R. et Div. des Gravilliers",
        "street_numbers": [
          "57"
        ]
      }
    ],
    "box": [
      65,
      594,
      618,
      26
    ],
    "checked": true,
    "id": 303,
    "origin": "human",
    "parent": 294,
    "persons": [
      "Deleau [ mademoiselle ]"
    ],
    "score": 0,
    "text_ocr": "##Deleau [ mademoiselle ]## , @@R. et Div. des Gravilliers@@ , $$57$$.\n",
    "type": "ENTRY"
  },
  {
    "EOL": false,
    "box": [
      62,
      617,
      461,
      26
    ],
    "id": 306,
    "indented": true,
    "parent": 305,
    "text": "",
    "type": "LINE"
  },
  {
    "addresses": [
      {
        "street_name": "R Helvétius",
        "street_numbers": [
          "681"
        ]
      }
    ],
    "box": [
      62,
      617,
      461,
      26
    ],
    "checked": true,
    "id": 305,
    "origin": "human",
    "parent": 294,
    "persons": [
      "Delmont"
    ],
    "score": 0.5,
    "text_ocr": "##Delmont## , @@R Helvétius@@ , $$681$$. @@Lepelletier@@.\n",
    "type": "ENTRY"
  },
  {
    "EOL": false,
    "box": [
      63,
      640,
      764,
      29
    ],
    "id": 308,
    "indented": true,
    "parent": 307,
    "text": "",
    "type": "LINE"
  },
  {
    "EOL": false,
    "box": [
      87,
      664,
      271,
      22
    ],
    "id": 309,
    "indented": false,
    "parent": 307,
    "text": "",
    "type": "LINE"
  },
  {
    "addresses": [
      {
        "street_name": "R. Montmartre",
        "street_numbers": [
          "195"
        ]
      }
    ],
    "box": [
      63,
      640,
      764,
      46
    ],
    "checked": true,
    "id": 307,
    "origin": "human",
    "parent": 294,
    "persons": [
      "Deltuff, Lesourd et Comp."
    ],
    "score": 0.9230769230769231,
    "text_ocr": "##Deltuff, Lesourd et Comp.## [££fab.££], @@R. Montmartre@@, $$195$$, @@vis-à-vis celle\ndu Jour@@. @@Contrat Social@@.\n",
    "type": "ENTRY"
  },
  {
    "EOL": false,
    "box": [
      64,
      687,
      471,
      28
    ],
    "id": 311,
    "indented": true,
    "parent": 310,
    "text": "",
    "type": "LINE"
  },
  {
    "addresses": [
      {
        "street_name": "R. de Thionville",
        "street_numbers": [
          "34"
        ]
      }
    ],
    "box": [
      64,
      687,
      471,
      28
    ],
    "checked": true,
    "id": 310,
    "origin": "human",
    "parent": 294,
    "persons": [
      "Delu"
    ],
    "score": 0.5,
    "text_ocr": "##Delu##, @@R. de Thionville@@, $$34$$. @@Th. Francais@@.\n",
    "type": "ENTRY"
  },
  {
    "EOL": false,
    "box": [
      63,
      713,
      541,
      27
    ],
    "id": 313,
    "indented": true,
    "parent": 312,
    "text": "",
    "type": "LINE"
  },
  {
    "addresses": [
      {
        "street_name": "R. de la Planche Mibray",
        "street_numbers": [
          "10"
        ]
      }
    ],
    "box": [
      63,
      713,
      541,
      27
    ],
    "checked": true,
    "id": 312,
    "origin": "human",
    "parent": 294,
    "persons": [
      "Desjardins"
    ],
    "score": 0.5,
    "text_ocr": "##Desjardins##, @@R. de la Planche Mibray@@ , $$10$$. @@Arcis@@.\n",
    "type": "ENTRY"
  },
  {
    "EOL": false,
    "box": [
      63,
      735,
      471,
      28
    ],
    "id": 315,
    "indented": true,
    "parent": 314,
    "text": "",
    "type": "LINE"
  },
  {
    "addresses": [
      {
        "street_name": "R. Avoye",
        "street_numbers": [
          "142"
        ]
      }
    ],
    "box": [
      63,
      735,
      471,
      28
    ],
    "checked": true,
    "id": 314,
    "origin": "human",
    "parent": 294,
    "persons": [
      "Diamis"
    ],
    "score": 0.5,
    "text_ocr": "##Diamis## [ ££fab.££ ], @@R. Avoye@@, $$142$$. @@Réunion@@.\n",
    "type": "ENTRY"
  },
  {
    "EOL": false,
    "box": [
      64,
      759,
      762,
      28
    ],
    "id": 317,
    "indented": true,
    "parent": 316,
    "text": "",
    "type": "LINE"
  },
  {
    "addresses": [
      {
        "street_name": "R. André des Arts",
        "street_numbers": [
          "130"
        ]
      }
    ],
    "box": [
      64,
      759,
      762,
      28
    ],
    "checked": true,
    "id": 316,
    "origin": "human",
    "parent": 294,
    "persons": [
      "Discry"
    ],
    "score": 0.5,
    "text_ocr": "##Discry##, @@R. André des Arts@@, $$130$$, au coin du Pont Michel. @@Th. Franc@@.\n",
    "type": "ENTRY"
  },
  {
    "EOL": false,
    "box": [
      65,
      782,
      668,
      30
    ],
    "id": 319,
    "indented": true,
    "parent": 318,
    "text": "",
    "type": "LINE"
  },
  {
    "addresses": [
      {
        "street_name": "R. Vieille du Temple",
        "street_numbers": [
          "142"
        ]
      }
    ],
    "box": [
      65,
      782,
      668,
      30
    ],
    "checked": true,
    "id": 318,
    "origin": "human",
    "parent": 294,
    "persons": [
      "Dubois [ veuve]"
    ],
    "score": 0.95,
    "text_ocr": "##Dubois [ veuve]## , @@R. Vieille du Temple@@, $$142$$, @@Homme Armé@@.\n",
    "type": "ENTRY"
  },
  {
    "EOL": false,
    "box": [
      65,
      806,
      442,
      28
    ],
    "id": 321,
    "indented": true,
    "parent": 320,
    "text": "",
    "type": "LINE"
  },
  {
    "addresses": [
      {
        "street_name": "R. Marguerite",
        "street_numbers": [
          "491"
        ]
      }
    ],
    "box": [
      65,
      806,
      442,
      28
    ],
    "checked": true,
    "id": 320,
    "origin": "human",
    "parent": 294,
    "persons": [
      "Dubouchet"
    ],
    "score": 0.5,
    "text_ocr": "##Dubouchet##, @@R. Marguerite@@, $$491$$. @@Unité@@.\n",
    "type": "ENTRY"
  },
  {
    "EOL": false,
    "box": [
      65,
      831,
      559,
      28
    ],
    "id": 323,
    "indented": true,
    "parent": 322,
    "text": "",
    "type": "LINE"
  },
  {
    "addresses": [
      {
        "street_name": "R. du Faub. Martin",
        "street_numbers": [
          "206"
        ]
      }
    ],
    "box": [
      65,
      831,
      559,
      28
    ],
    "checked": true,
    "id": 322,
    "origin": "human",
    "parent": 294,
    "persons": [
      "Duran"
    ],
    "score": 0.5,
    "text_ocr": "##Duran## [ ££fab.££], @@R. du Faub. Martin@@, $$206$$. @@Nord@@.\n",
    "type": "ENTRY"
  },
  {
    "EOL": false,
    "box": [
      65,
      854,
      629,
      27
    ],
    "id": 325,
    "indented": true,
    "parent": 324,
    "text": "",
    "type": "LINE"
  },
  {
    "addresses": [
      {
        "street_name": "R. de la Ferronnerie",
        "street_numbers": [
          "186"
        ]
      }
    ],
    "box": [
      65,
      854,
      629,
      27
    ],
    "checked": true,
    "id": 324,
    "origin": "human",
    "parent": 294,
    "persons": [
      "Duval"
    ],
    "score": 0.5,
    "text_ocr": "##Duval## (££entrepôt££) , @@R. de la Ferronnerie@@ , $$186$$. @@Marchés@@.\n",
    "type": "ENTRY"
  },
  {
    "box": [
      60,
      498,
      767,
      383
    ],
    "id": 294,
    "parent": 293,
    "type": "COLUMN_LEVEL_2"
  },
  {
    "box": [
      60,
      498,
      767,
      383
    ],
    "id": 293,
    "parent": 292,
    "type": "SECTION_LEVEL_2"
  },
  {
    "box": [
      60,
      498,
      767,
      383
    ],
    "id": 292,
    "parent": 291,
    "type": "COLUMN_LEVEL_1"
  },
  {
    "box": [
      60,
      498,
      767,
      383
    ],
    "id": 291,
    "parent": 256,
    "type": "SECTION_LEVEL_1"
  },
  {
    "box": [
      60,
      903,
      767,
      26
    ],
    "checked": true,
    "id": 326,
    "name": "Etrelle",
    "origin": "human",
    "parent": 256,
    "street": "R. Germain l’Auxerrois",
    "street_number": "65",
    "text": "##Etrelle## , @@R. Germain l’Auxerrois@@. $$65$$. @@Muséum@@.\n",
    "type": "TITLE_LEVEL_1"
  },
  {
    "EOL": false,
    "box": [
      91,
      954,
      375,
      23
    ],
    "id": 332,
    "indented": false,
    "parent": 331,
    "text": "",
    "type": "LINE"
  },
  {
    "addresses": [
      {
        "street_name": "R. Victor",
        "street_numbers": [
          "17"
        ]
      }
    ],
    "box": [
      91,
      954,
      375,
      23
    ],
    "checked": true,
    "id": 331,
    "origin": "human",
    "parent": 330,
    "persons": [
      "Fernier"
    ],
    "score": 1,
    "text_ocr": "##Fernier## , @@R. Victor@@ , $$17$$. @@Panthéon@@.\n",
    "type": "ENTRY"
  },
  {
    "EOL": false,
    "box": [
      67,
      977,
      529,
      26
    ],
    "id": 334,
    "indented": true,
    "parent": 333,
    "text": "",
    "type": "LINE"
  },
  {
    "addresses": [
      {
        "street_name": "R. de Vaugirard",
        "street_numbers": [
          "1077"
        ]
      }
    ],
    "box": [
      67,
      977,
      529,
      26
    ],
    "checked": true,
    "id": 333,
    "origin": "human",
    "parent": 330,
    "persons": [
      "Foucard"
    ],
    "score": 0.43333333333333335,
    "text_ocr": "##Foucard##, @@R. de Vaugirard@@, $$1077$$. @@Luxembourg@@.\n",
    "type": "ENTRY"
  },
  {
    "EOL": false,
    "box": [
      68,
      1000,
      526,
      25
    ],
    "id": 336,
    "indented": true,
    "parent": 335,
    "text": "",
    "type": "LINE"
  },
  {
    "addresses": [
      {
        "street_name": "R. de la Harpe",
        "street_numbers": [
          "104"
        ]
      }
    ],
    "box": [
      68,
      1000,
      526,
      25
    ],
    "checked": true,
    "id": 335,
    "origin": "human",
    "parent": 330,
    "persons": [
      "Froment"
    ],
    "score": 0.5,
    "text_ocr": "##Froment## (££en gros££), @@R. de la Harpe@@, $$104$$. @@Th. Fr@@.\n",
    "type": "ENTRY"
  },
  {
    "box": [
      60,
      954,
      540,
      71
    ],
    "id": 330,
    "parent": 329,
    "type": "COLUMN_LEVEL_2"
  },
  {
    "box": [
      60,
      954,
      540,
      71
    ],
    "id": 329,
    "parent": 328,
    "type": "SECTION_LEVEL_2"
  },
  {
    "box": [
      60,
      954,
      540,
      72
    ],
    "id": 328,
    "parent": 327,
    "type": "COLUMN_LEVEL_1"
  },
  {
    "box": [
      60,
      954,
      767,
      72
    ],
    "id": 327,
    "parent": 256,
    "type": "SECTION_LEVEL_1"
  },
  {
    "addresses": [
      {
        "street_name": "R. du Faub. Denis",
        "street_numbers": [
          "36"
        ]
      }
    ],
    "box": [
      91,
      1050,
      554,
      25
    ],
    "checked": true,
    "id": 402,
    "origin": "human",
    "parent": 340,
    "persons": [
      "Gachard et Comp."
    ],
    "text_ocr": "##Gachard et Comp.## (££fab.££), @@R. du Faub. Denis@@, $$36$$. @@Poisson@@.",
    "type": "ENTRY"
  },
  {
    "EOL": false,
    "box": [
      91,
      1050,
      554,
      25
    ],
    "id": 342,
    "indented": true,
    "parent": 402,
    "text": "",
    "type": "LINE"
  },
  {
    "addresses": [
      {
        "street_name": "R. de la Harpe",
        "street_numbers": [
          "237"
        ]
      }
    ],
    "box": [
      69,
      1074,
      429,
      24
    ],
    "checked": true,
    "id": 403,
    "origin": "human",
    "parent": 340,
    "persons": [
      "Gareau"
    ],
    "text_ocr": "##Gareau## , @@R. de la Harpe@@, $$237$$. @@Therme@@ .",
    "type": "ENTRY"
  },
  {
    "EOL": false,
    "box": [
      69,
      1074,
      429,
      24
    ],
    "id": 343,
    "indented": false,
    "parent": 403,
    "text": "",
    "type": "LINE"
  },
  {
    "EOL": false,
    "box": [
      69,
      1098,
      457,
      24
    ],
    "id": 345,
    "indented": true,
    "parent": 344,
    "text": "",
    "type": "LINE"
  },
  {
    "addresses": [
      {
        "street_name": "R. de la Harpe",
        "street_numbers": [
          "158"
        ]
      }
    ],
    "box": [
      69,
      1098,
      457,
      24
    ],
    "checked": true,
    "id": 344,
    "origin": "human",
    "parent": 340,
    "persons": [
      "Gateau"
    ],
    "score": 0.5,
    "text_ocr": "##Gateau## , @@R. de la Harpe@@ , $$158$$, @@Th. Franc@@.\n",
    "type": "ENTRY"
  },
  {
    "EOL": false,
    "box": [
      70,
      1121,
      515,
      25
    ],
    "id": 347,
    "indented": true,
    "parent": 346,
    "text": "",
    "type": "LINE"
  },
  {
    "addresses": [
      {
        "street_name": "R. du Bout du Monde",
        "street_numbers": [
          "152"
        ]
      }
    ],
    "box": [
      70,
      1121,
      515,
      25
    ],
    "checked": true,
    "id": 346,
    "origin": "human",
    "parent": 340,
    "persons": [
      "Gautard"
    ],
    "score": 0.5,
    "text_ocr": "##Gautard##, @@R. du Bout du Monde@@ , $$152$$. @@Brutus@@.\n",
    "type": "ENTRY"
  },
  {
    "EOL": false,
    "box": [
      70,
      1144,
      517,
      26
    ],
    "id": 349,
    "indented": true,
    "parent": 348,
    "text": "",
    "type": "LINE"
  },
  {
    "addresses": [
      {
        "street_name": "R. Avoye",
        "street_numbers": [
          "165"
        ]
      }
    ],
    "box": [
      70,
      1144,
      517,
      26
    ],
    "checked": true,
    "id": 348,
    "origin": "human",
    "parent": 340,
    "persons": [
      "Graindorge"
    ],
    "score": 0.5,
    "text_ocr": "##Graindorge## (££fab.££ ), @@R. Avoye@@ , $$165$$. @@Réunion@@.\n",
    "type": "ENTRY"
  },
  {
    "EOL": false,
    "box": [
      70,
      1167,
      568,
      23
    ],
    "id": 351,
    "indented": true,
    "parent": 350,
    "text": "",
    "type": "LINE"
  },
  {
    "addresses": [
      {
        "street_name": "R. des Bons Enfans",
        "street_numbers": [
          "8"
        ]
      }
    ],
    "box": [
      70,
      1167,
      568,
      23
    ],
    "checked": true,
    "id": 350,
    "origin": "human",
    "parent": 340,
    "persons": [
      "Guillard"
    ],
    "score": 0,
    "text_ocr": "##Guillard##, @@R. des Bons Enfans@@, $$8$$. @@Halle au Bled@@.\n",
    "type": "ENTRY"
  },
  {
    "box": [
      65,
      1050,
      583,
      140
    ],
    "id": 340,
    "parent": 339,
    "type": "COLUMN_LEVEL_2"
  },
  {
    "box": [
      65,
      1050,
      583,
      140
    ],
    "id": 339,
    "parent": 338,
    "type": "SECTION_LEVEL_2"
  },
  {
    "box": [
      65,
      1050,
      583,
      141
    ],
    "id": 338,
    "parent": 337,
    "type": "COLUMN_LEVEL_1"
  },
  {
    "box": [
      657,
      1052,
      92,
      21
    ],
    "checked": true,
    "id": 353,
    "origin": "computer",
    "parent": 352,
    "text": "Poisson.\n",
    "type": "TITLE_LEVEL_2"
  },
  {
    "box": [
      657,
      1050,
      92,
      141
    ],
    "id": 352,
    "parent": 337,
    "type": "COLUMN_LEVEL_1"
  },
  {
    "box": [
      60,
      1050,
      767,
      141
    ],
    "id": 337,
    "parent": 256,
    "type": "SECTION_LEVEL_1"
  },
  {
    "EOL": false,
    "box": [
      94,
      1221,
      190,
      17
    ],
    "id": 359,
    "indented": true,
    "parent": 358,
    "text": "",
    "type": "LINE"
  },
  {
    "EOL": false,
    "box": [
      71,
      1244,
      211,
      24
    ],
    "id": 360,
    "indented": false,
    "parent": 358,
    "text": "",
    "type": "LINE"
  },
  {
    "EOL": false,
    "box": [
      72,
      1269,
      209,
      17
    ],
    "id": 361,
    "indented": false,
    "parent": 358,
    "text": "",
    "type": "LINE"
  },
  {
    "addresses": [
      {
        "street_name": "rue du Bac",
        "street_numbers": []
      }
    ],
    "box": [
      71,
      1221,
      213,
      65
    ],
    "checked": true,
    "id": 358,
    "origin": "computer",
    "parent": 357,
    "persons": [
      "henriot et morel hind (jean)"
    ],
    "score": 0.125,
    "street_number": "",
    "text_ocr": "Henriot et Morel\nHind (Jean), fab.,\nHurel et Beaufrere\n",
    "type": "ENTRY"
  },
  {
    "box": [
      67,
      1219,
      221,
      69
    ],
    "id": 357,
    "parent": 356,
    "type": "COLUMN_LEVEL_2"
  },
  {
    "box": [
      67,
      1219,
      221,
      69
    ],
    "id": 356,
    "parent": 355,
    "type": "SECTION_LEVEL_2"
  },
  {
    "box": [
      67,
      1219,
      221,
      70
    ],
    "id": 355,
    "parent": 354,
    "type": "COLUMN_LEVEL_1"
  },
  {
    "EOL": false,
    "box": [
      304,
      1221,
      378,
      23
    ],
    "id": 366,
    "indented": true,
    "parent": 365,
    "text": "",
    "type": "LINE"
  },
  {
    "addresses": [
      {
        "street_name": "R. Martin",
        "street_numbers": [
          "67"
        ]
      }
    ],
    "box": [
      304,
      1221,
      378,
      23
    ],
    "checked": true,
    "id": 365,
    "origin": "human",
    "parent": 364,
    "persons": [
      "Henriot et Morel"
    ],
    "score": 0.5,
    "text_ocr": "##Henriot et Morel## (££fab.££), @@R. Martin@@ , $$67$$. @@Lombards@@.\n",
    "type": "ENTRY"
  },
  {
    "EOL": false,
    "box": [
      299,
      1245,
      387,
      23
    ],
    "id": 368,
    "indented": true,
    "parent": 367,
    "text": "",
    "type": "LINE"
  },
  {
    "addresses": [
      {
        "street_name": "R. Quincampoix",
        "street_numbers": [
          "6"
        ]
      }
    ],
    "box": [
      299,
      1245,
      387,
      23
    ],
    "checked": true,
    "id": 367,
    "origin": "human",
    "parent": 364,
    "persons": [
      "kr"
    ],
    "score": 0.5,
    "text_ocr": "Hind (Jean), @@R. Quincampoix@@, $$6$$—$$8$$. @@Lombards@@,\n",
    "type": "ENTRY"
  },
  {
    "EOL": false,
    "box": [
      298,
      1269,
      377,
      20
    ],
    "id": 370,
    "indented": true,
    "parent": 369,
    "text": "",
    "type": "LINE"
  },
  {
    "addresses": [
      {
        "street_name": "R. Antoine",
        "street_numbers": [
          "287"
        ]
      }
    ],
    "box": [
      298,
      1269,
      377,
      20
    ],
    "checked": true,
    "id": 369,
    "origin": "human",
    "parent": 364,
    "persons": [
      "Hurel et Beaufrere"
    ],
    "score": 0.5,
    "text_ocr": "##Hurel et Beaufrere## ( ££fab.££ ), @@R. Antoine@@, $$287$$. @@Arsenal@@.\n",
    "type": "ENTRY"
  },
  {
    "box": [
      294,
      1219,
      396,
      70
    ],
    "id": 364,
    "parent": 363,
    "type": "COLUMN_LEVEL_2"
  },
  {
    "box": [
      294,
      1219,
      396,
      70
    ],
    "id": 363,
    "parent": 362,
    "type": "SECTION_LEVEL_2"
  },
  {
    "box": [
      294,
      1219,
      396,
      70
    ],
    "id": 362,
    "parent": 354,
    "type": "COLUMN_LEVEL_1"
  },
  {
    "box": [
      60,
      1219,
      767,
      70
    ],
    "id": 354,
    "parent": 256,
    "type": "SECTION_LEVEL_1"
  },
  {
    "addresses": [
      {
        "street_name": "R. du Faub. Laurent",
        "street_numbers": [
          "156"
        ]
      }
    ],
    "box": [
      96,
      1317,
      328,
      22
    ],
    "checked": true,
    "id": 404,
    "origin": "human",
    "parent": 374,
    "persons": [
      "Jolly"
    ],
    "text_ocr": "##Jolly##, @@R. du Faub. Laurent@@, $$156$$. @@Nord@@.",
    "type": "ENTRY"
  },
  {
    "EOL": false,
    "box": [
      96,
      1317,
      328,
      22
    ],
    "id": 376,
    "indented": true,
    "parent": 404,
    "text": "",
    "type": "LINE"
  },
  {
    "addresses": [
      {
        "street_name": "R. du Faub. Honoré",
        "street_numbers": [
          "55"
        ]
      }
    ],
    "box": [
      73,
      1341,
      356,
      20
    ],
    "checked": true,
    "id": 405,
    "origin": "human",
    "parent": 374,
    "persons": [
      "Jourdan"
    ],
    "text_ocr": "##Jourdan## , @@R. du Faub. Honoré@@, $$55$$. @@Roule@@.",
    "type": "ENTRY"
  },
  {
    "EOL": false,
    "box": [
      73,
      1341,
      356,
      20
    ],
    "id": 377,
    "indented": false,
    "parent": 405,
    "text": "",
    "type": "LINE"
  },
  {
    "box": [
      69,
      1315,
      364,
      46
    ],
    "id": 374,
    "parent": 373,
    "type": "COLUMN_LEVEL_2"
  },
  {
    "box": [
      69,
      1315,
      364,
      46
    ],
    "id": 373,
    "parent": 372,
    "type": "SECTION_LEVEL_2"
  },
  {
    "box": [
      69,
      1315,
      364,
      46
    ],
    "id": 372,
    "parent": 371,
    "type": "COLUMN_LEVEL_1"
  },
  {
    "EOL": false,
    "box": [
      442,
      1318,
      114,
      22
    ],
    "id": 382,
    "indented": false,
    "parent": 381,
    "text": "",
    "type": "LINE"
  },
  {
    "EOL": false,
    "box": [
      447,
      1341,
      111,
      20
    ],
    "id": 383,
    "indented": false,
    "parent": 381,
    "text": "",
    "type": "LINE"
  },
  {
    "addresses": [
      {
        "street_name": "rue du Nord",
        "street_numbers": []
      }
    ],
    "box": [
      442,
      1318,
      116,
      43
    ],
    "checked": false,
    "id": 381,
    "origin": "computer",
    "parent": 380,
    "persons": [
      "56"
    ],
    "score": 0.5,
    "street_number": "",
    "text_ocr": ":56. Nord.\n«<< Roule.\n",
    "type": "ENTRY"
  },
  {
    "box": [
      438,
      1317,
      124,
      44
    ],
    "id": 380,
    "parent": 379,
    "type": "COLUMN_LEVEL_2"
  },
  {
    "box": [
      438,
      1317,
      124,
      44
    ],
    "id": 379,
    "parent": 378,
    "type": "SECTION_LEVEL_2"
  },
  {
    "box": [
      438,
      1315,
      124,
      46
    ],
    "id": 378,
    "parent": 371,
    "type": "COLUMN_LEVEL_1"
  },
  {
    "box": [
      60,
      1315,
      767,
      46
    ],
    "id": 371,
    "parent": 256,
    "type": "SECTION_LEVEL_1"
  },
  {
    "EOL": false,
    "box": [
      98,
      1389,
      441,
      23
    ],
    "id": 389,
    "indented": false,
    "parent": 388,
    "text": "",
    "type": "LINE"
  },
  {
    "addresses": [
      {
        "street_name": "Cour Mandar",
        "street_numbers": [
          "9"
        ]
      }
    ],
    "box": [
      98,
      1389,
      441,
      23
    ],
    "checked": true,
    "id": 388,
    "origin": "human",
    "parent": 387,
    "persons": [
      "Laforest"
    ],
    "score": 0.5,
    "text_ocr": "##Laforest## , @@Cour Mandar@@ , $$9$$. @@Contrat Soc@@.\n",
    "type": "ENTRY"
  },
  {
    "EOL": false,
    "box": [
      76,
      1412,
      523,
      24
    ],
    "id": 391,
    "indented": true,
    "parent": 390,
    "text": "",
    "type": "LINE"
  },
  {
    "addresses": [
      {
        "street_name": "R. du Bacq",
        "street_numbers": [
          "158"
        ]
      }
    ],
    "box": [
      76,
      1412,
      523,
      24
    ],
    "checked": true,
    "id": 390,
    "origin": "human",
    "parent": 387,
    "persons": [
      "Lagrippe ( veuve)"
    ],
    "score": 0.5,
    "text_ocr": "##Lagrippe ( veuve)##, @@R. du Bacq@@, $$158$$. @@Grenelle@@.\n",
    "type": "ENTRY"
  },
  {
    "EOL": false,
    "box": [
      78,
      1435,
      589,
      25
    ],
    "id": 393,
    "indented": true,
    "parent": 392,
    "text": "",
    "type": "LINE"
  },
  {
    "addresses": [
      {
        "street_name": "R. Montorgueil",
        "street_numbers": [
          "167"
        ]
      }
    ],
    "box": [
      78,
      1435,
      589,
      25
    ],
    "checked": true,
    "id": 392,
    "origin": "human",
    "parent": 387,
    "persons": [
      "Lamaille"
    ],
    "score": 0.9285714285714286,
    "text_ocr": "##Lamaille## (££fabr.££), @@R. Montorgueil@@, $$167$$. @@Contrat Soc@@.\n",
    "type": "ENTRY"
  },
  {
    "EOL": false,
    "box": [
      77,
      1459,
      618,
      26
    ],
    "id": 395,
    "indented": true,
    "parent": 394,
    "text": "",
    "type": "LINE"
  },
  {
    "addresses": [
      {
        "street_name": "R. Neuve des Petits Champs",
        "street_numbers": [
          "1288"
        ]
      }
    ],
    "box": [
      77,
      1459,
      618,
      26
    ],
    "checked": true,
    "id": 394,
    "origin": "human",
    "parent": 387,
    "persons": [
      "Lamolere"
    ],
    "score": 0,
    "text_ocr": "##Lamolere## , @@R. Neuve des Petits Champs@@ , $$1288$$, @@Butte des M@@.\n",
    "type": "ENTRY"
  },
  {
    "box": [
      72,
      1388,
      626,
      97
    ],
    "id": 387,
    "parent": 386,
    "type": "COLUMN_LEVEL_2"
  },
  {
    "box": [
      72,
      1388,
      626,
      97
    ],
    "id": 386,
    "parent": 385,
    "type": "SECTION_LEVEL_2"
  },
  {
    "box": [
      72,
      1388,
      626,
      97
    ],
    "id": 385,
    "parent": 384,
    "type": "COLUMN_LEVEL_1"
  },
  {
    "box": [
      701,
      1457,
      37,
      28
    ],
    "checked": false,
    "id": 397,
    "origin": "computer",
    "parent": 396,
    "text": "WE.\n",
    "type": "TITLE_LEVEL_2"
  },
  {
    "box": [
      701,
      1388,
      37,
      97
    ],
    "id": 396,
    "parent": 384,
    "type": "COLUMN_LEVEL_1"
  },
  {
    "box": [
      60,
      1388,
      767,
      97
    ],
    "id": 384,
    "parent": 256,
    "type": "SECTION_LEVEL_1"
  },
  {
    "box": [
      60,
      142,
      767,
      1343
    ],
    "id": 256,
    "type": "PAGE"
  }
]
