[
  {
    "box": [
      67,
      160,
      694,
      26
    ],
    "checked": false,
    "id": 257,
    "origin": "computer",
    "parent": 256,
    "text": "Vins, (Marc'ands de )\n",
    "type": "TITLE_LEVEL_1"
  },
  {
    "EOL": false,
    "box": [
      67,
      202,
      428,
      25
    ],
    "id": 263,
    "indented": false,
    "parent": 262,
    "text": "",
    "type": "LINE"
  },
  {
    "addresses": [
      {
        "street_name": "R. de Poitou",
        "street_numbers": [
          "33"
        ]
      }
    ],
    "box": [
      67,
      202,
      428,
      25
    ],
    "checked": true,
    "id": 262,
    "origin": "human",
    "parent": 261,
    "persons": [
      "Joly"
    ],
    "score": 0.5,
    "text_ocr": "##Joly##, @@R. de Poitou@@, $$33$$. @@Homme Armé@@.\n",
    "type": "ENTRY"
  },
  {
    "EOL": false,
    "box": [
      67,
      225,
      486,
      23
    ],
    "id": 265,
    "indented": true,
    "parent": 264,
    "text": "",
    "type": "LINE"
  },
  {
    "addresses": [
      {
        "street_name": "R. des Fosses Montmartre",
        "street_numbers": [
          "6"
        ]
      }
    ],
    "box": [
      67,
      225,
      486,
      23
    ],
    "checked": true,
    "id": 264,
    "origin": "human",
    "parent": 261,
    "persons": [
      "Jonciere"
    ],
    "score": 0.5,
    "text_ocr": "##Jonciere##, @@R. des Fosses Montmartre@@ , $$6$$, @@Mail@@.\n",
    "type": "ENTRY"
  },
  {
    "EOL": false,
    "box": [
      67,
      250,
      445,
      23
    ],
    "id": 267,
    "indented": true,
    "parent": 266,
    "text": "",
    "type": "LINE"
  },
  {
    "addresses": [
      {
        "street_name": "R. du Vert Bois",
        "street_numbers": [
          "54"
        ]
      }
    ],
    "box": [
      67,
      250,
      445,
      23
    ],
    "checked": true,
    "id": 266,
    "origin": "human",
    "parent": 261,
    "persons": [
      "Jostet"
    ],
    "score": 0.5,
    "text_ocr": "##Jostet##, @@R. du Vert Bois@@, $$54$$. @@Graviiliers@@.\n",
    "type": "ENTRY"
  },
  {
    "EOL": false,
    "box": [
      68,
      274,
      522,
      25
    ],
    "id": 269,
    "indented": true,
    "parent": 268,
    "text": "",
    "type": "LINE"
  },
  {
    "addresses": [
      {
        "street_name": "R. de la Harpe",
        "street_numbers": [
          "153"
        ]
      }
    ],
    "box": [
      68,
      274,
      522,
      25
    ],
    "checked": true,
    "id": 268,
    "origin": "human",
    "parent": 261,
    "persons": [
      "Jouan ( veuve)"
    ],
    "score": 0.5,
    "text_ocr": "##Jouan ( veuve)##, @@R. de la Harpe@@, $$153$$. @@Thermes@@.\n",
    "type": "ENTRY"
  },
  {
    "EOL": false,
    "box": [
      68,
      298,
      516,
      24
    ],
    "id": 271,
    "indented": true,
    "parent": 270,
    "text": "",
    "type": "LINE"
  },
  {
    "addresses": [
      {
        "street_name": "R. et Div. du Faub. Montmartre",
        "street_numbers": [
          "936"
        ]
      }
    ],
    "box": [
      68,
      298,
      516,
      24
    ],
    "checked": true,
    "id": 270,
    "origin": "human",
    "parent": 261,
    "persons": [
      "Jourdan"
    ],
    "score": 0.5,
    "text_ocr": "##Jourdan## , @@R. et Div. du Faub. Montmartre@@, $$936$$.\n",
    "type": "ENTRY"
  },
  {
    "EOL": false,
    "box": [
      68,
      323,
      440,
      23
    ],
    "id": 273,
    "indented": true,
    "parent": 272,
    "text": "",
    "type": "LINE"
  },
  {
    "addresses": [
      {
        "street_name": "R. du Sepulchre",
        "street_numbers": [
          "714"
        ]
      }
    ],
    "box": [
      68,
      323,
      440,
      23
    ],
    "checked": true,
    "id": 272,
    "origin": "human",
    "parent": 261,
    "persons": [
      "Jourdeuil"
    ],
    "score": 0.5,
    "text_ocr": "##Jourdeuil##, @@R. du Sepulchre@@, $$714$$. @@Unité@@.\n",
    "type": "ENTRY"
  },
  {
    "EOL": false,
    "box": [
      68,
      347,
      419,
      20
    ],
    "id": 275,
    "indented": true,
    "parent": 274,
    "text": "",
    "type": "LINE"
  },
  {
    "addresses": [
      {
        "street_name": "R. de la Calandre",
        "street_numbers": [
          "60"
        ]
      }
    ],
    "box": [
      68,
      347,
      419,
      20
    ],
    "checked": true,
    "id": 274,
    "origin": "human",
    "parent": 261,
    "persons": [
      "Journeux"
    ],
    "score": 0.5,
    "text_ocr": "##Journeux## , @@R. de la Calandre@@, $$60$$. @@Cité@@.\n",
    "type": "ENTRY"
  },
  {
    "EOL": false,
    "box": [
      69,
      369,
      523,
      26
    ],
    "id": 277,
    "indented": true,
    "parent": 276,
    "text": "",
    "type": "LINE"
  },
  {
    "addresses": [
      {
        "street_name": "R. Bertin Poirée",
        "street_numbers": [
          "16"
        ]
      }
    ],
    "box": [
      69,
      369,
      523,
      26
    ],
    "checked": true,
    "id": 276,
    "origin": "human",
    "parent": 261,
    "persons": [
      "Jouron"
    ],
    "score": 1,
    "text_ocr": "##Jouron## ££(en gros)££, @@R. Bertin Poirée@@, $$16$$. @@Muséum@@.\n",
    "type": "ENTRY"
  },
  {
    "EOL": false,
    "box": [
      69,
      393,
      535,
      27
    ],
    "id": 279,
    "indented": true,
    "parent": 278,
    "text": "",
    "type": "LINE"
  },
  {
    "addresses": [
      {
        "street_name": "R. des Bons Enfans",
        "street_numbers": [
          "1342"
        ]
      }
    ],
    "box": [
      69,
      393,
      535,
      27
    ],
    "checked": true,
    "id": 278,
    "origin": "human",
    "parent": 261,
    "persons": [
      "Jugien"
    ],
    "score": 0,
    "text_ocr": "##Jugien## , @@R. des Bons Enfans@@, $$1342$$, @@Butte des M@@.\n",
    "type": "ENTRY"
  },
  {
    "EOL": false,
    "box": [
      69,
      417,
      401,
      23
    ],
    "id": 281,
    "indented": true,
    "parent": 280,
    "text": "",
    "type": "LINE"
  },
  {
    "addresses": [
      {
        "street_name": "R. Honoré",
        "street_numbers": [
          "274"
        ]
      }
    ],
    "box": [
      69,
      417,
      401,
      23
    ],
    "checked": true,
    "id": 280,
    "origin": "human",
    "parent": 261,
    "persons": [
      "Junot"
    ],
    "score": 0.5,
    "text_ocr": "##Junot##, @@R. Honoré@@, $$274$$. @@Gardes Fr.@@\n",
    "type": "ENTRY"
  },
  {
    "box": [
      67,
      201,
      540,
      239
    ],
    "id": 261,
    "parent": 260,
    "type": "COLUMN_LEVEL_2"
  },
  {
    "box": [
      67,
      201,
      540,
      239
    ],
    "id": 260,
    "parent": 259,
    "type": "SECTION_LEVEL_2"
  },
  {
    "box": [
      67,
      201,
      540,
      239
    ],
    "id": 259,
    "parent": 258,
    "type": "COLUMN_LEVEL_1"
  },
  {
    "box": [
      67,
      201,
      694,
      239
    ],
    "id": 258,
    "parent": 256,
    "type": "SECTION_LEVEL_1"
  },
  {
    "EOL": false,
    "box": [
      94,
      466,
      500,
      26
    ],
    "id": 287,
    "indented": false,
    "parent": 286,
    "text": "",
    "type": "LINE"
  },
  {
    "addresses": [
      {
        "street_name": "R. et Div. de Bondy",
        "street_numbers": [
          "42"
        ]
      }
    ],
    "box": [
      94,
      466,
      500,
      26
    ],
    "checked": true,
    "id": 286,
    "origin": "human",
    "parent": 285,
    "persons": [
      "Labbé"
    ],
    "score": 0.5,
    "text_ocr": "##Labbé## ££(en gros)££, @@R. et Div. de Bondy@@, $$42$$.\n",
    "type": "ENTRY"
  },
  {
    "EOL": false,
    "box": [
      72,
      491,
      481,
      24
    ],
    "id": 289,
    "indented": true,
    "parent": 288,
    "text": "",
    "type": "LINE"
  },
  {
    "addresses": [
      {
        "street_name": "Boulevard et Div. du Temple",
        "street_numbers": [
          "55"
        ]
      }
    ],
    "box": [
      72,
      491,
      481,
      24
    ],
    "checked": true,
    "id": 288,
    "origin": "human",
    "parent": 285,
    "persons": [
      "Ladan"
    ],
    "score": 0.25,
    "text_ocr": "##Ladan## , @@Boulevard et Div. du Temple@@, $$55$$.\n",
    "type": "ENTRY"
  },
  {
    "EOL": false,
    "box": [
      72,
      512,
      689,
      27
    ],
    "id": 291,
    "indented": true,
    "parent": 290,
    "text": "",
    "type": "LINE"
  },
  {
    "addresses": [
      {
        "street_name": "Q. de la Tournelle",
        "street_numbers": [
          "9"
        ]
      }
    ],
    "box": [
      72,
      512,
      689,
      27
    ],
    "checked": true,
    "id": 290,
    "origin": "human",
    "parent": 285,
    "persons": [
      "Lafond (neveu)"
    ],
    "score": 0.5,
    "text_ocr": "##Lafond (neveu)##, ££( en gros )££, @@Q. de la Tournelle@@, $$9$$, @@Jardin des Pl@@.\n",
    "type": "ENTRY"
  },
  {
    "EOL": false,
    "box": [
      73,
      539,
      525,
      23
    ],
    "id": 293,
    "indented": true,
    "parent": 292,
    "text": "",
    "type": "LINE"
  },
  {
    "addresses": [
      {
        "street_name": "R. des Deux Ecus",
        "street_numbers": [
          "464"
        ]
      }
    ],
    "box": [
      73,
      539,
      525,
      23
    ],
    "checked": true,
    "id": 292,
    "origin": "human",
    "parent": 285,
    "persons": [
      "Lafosse"
    ],
    "score": 0.5,
    "text_ocr": "##Lafosse## , @@R. des Deux Ecus@@, $$464$$. @@Contrat Soc.@@\n",
    "type": "ENTRY"
  },
  {
    "EOL": false,
    "box": [
      71,
      561,
      523,
      25
    ],
    "id": 295,
    "indented": true,
    "parent": 294,
    "text": "",
    "type": "LINE"
  },
  {
    "addresses": [
      {
        "street_name": "R. Lazare",
        "street_numbers": [
          "117-121"
        ]
      }
    ],
    "box": [
      71,
      561,
      523,
      25
    ],
    "checked": true,
    "id": 294,
    "origin": "human",
    "parent": 285,
    "persons": [
      "Lamarche"
    ],
    "score": 0.5,
    "text_ocr": "##Lamarche## , @@R. Lazare@@, $$117-121$$. @@Mont Blanc@@.\n",
    "type": "ENTRY"
  },
  {
    "EOL": false,
    "box": [
      73,
      586,
      543,
      23
    ],
    "id": 297,
    "indented": true,
    "parent": 296,
    "text": "",
    "type": "LINE"
  },
  {
    "addresses": [
      {
        "street_name": "R. du Faub. du Temple",
        "street_numbers": [
          "50"
        ]
      }
    ],
    "box": [
      73,
      586,
      543,
      23
    ],
    "checked": true,
    "id": 296,
    "origin": "human",
    "parent": 285,
    "persons": [
      "Lambert"
    ],
    "score": 0.25,
    "text_ocr": "##Lambert##, @@R. du Faub. du Temple@@, $$50$$. @@Bondy@@.\n",
    "type": "ENTRY"
  },
  {
    "EOL": false,
    "box": [
      72,
      610,
      551,
      22
    ],
    "id": 299,
    "indented": true,
    "parent": 298,
    "text": "",
    "type": "LINE"
  },
  {
    "addresses": [
      {
        "street_name": "R. des Boucheries",
        "street_numbers": [
          "47"
        ]
      }
    ],
    "box": [
      72,
      610,
      551,
      22
    ],
    "checked": true,
    "id": 298,
    "origin": "human",
    "parent": 285,
    "persons": [
      "Lambert"
    ],
    "score": 0.5,
    "text_ocr": "##Lambert## , @@R. des Boucheries@@, $$47$$. @@Luxembourg@@.\n",
    "type": "ENTRY"
  },
  {
    "EOL": false,
    "box": [
      74,
      633,
      566,
      24
    ],
    "id": 301,
    "indented": true,
    "parent": 300,
    "text": "",
    "type": "LINE"
  },
  {
    "addresses": [
      {
        "street_name": "R. Grenéta",
        "street_numbers": [
          "25"
        ]
      }
    ],
    "box": [
      74,
      633,
      566,
      24
    ],
    "checked": true,
    "id": 300,
    "origin": "human",
    "parent": 285,
    "persons": [
      "Lambriquet"
    ],
    "score": 0.9,
    "text_ocr": "##Lambriquet## , @@R. Grenéta@@ , $$25$$.@@ Amis de la Patrie@@.\n",
    "type": "ENTRY"
  },
  {
    "EOL": false,
    "box": [
      74,
      657,
      556,
      24
    ],
    "id": 303,
    "indented": true,
    "parent": 302,
    "text": "",
    "type": "LINE"
  },
  {
    "addresses": [
      {
        "street_name": "R. Antoine",
        "street_numbers": [
          "3"
        ]
      }
    ],
    "box": [
      74,
      657,
      556,
      24
    ],
    "checked": true,
    "id": 302,
    "origin": "human",
    "parent": 285,
    "persons": [
      "Lamoureux"
    ],
    "score": 0,
    "text_ocr": "##Lamoureux## , @@R. Antoine@@, $$3$$ @@Droits de l'Homme@@.\n",
    "type": "ENTRY"
  },
  {
    "EOL": false,
    "box": [
      75,
      680,
      667,
      25
    ],
    "id": 305,
    "indented": true,
    "parent": 304,
    "text": "",
    "type": "LINE"
  },
  {
    "addresses": [
      {
        "street_name": "R. Croix des Petits Champs",
        "street_numbers": [
          "12"
        ]
      }
    ],
    "box": [
      75,
      680,
      667,
      25
    ],
    "checked": true,
    "id": 304,
    "origin": "human",
    "parent": 285,
    "persons": [
      "Lancret"
    ],
    "score": 0.9615384615384616,
    "text_ocr": "##Lancret##, @@R. Croix des Petits Champs@@, $$12$$. @@Halle au Bled@@.\n",
    "type": "ENTRY"
  },
  {
    "EOL": false,
    "box": [
      75,
      704,
      469,
      25
    ],
    "id": 307,
    "indented": true,
    "parent": 306,
    "text": "",
    "type": "LINE"
  },
  {
    "addresses": [
      {
        "street_name": "R. de l’Université",
        "street_numbers": [
          "862"
        ]
      }
    ],
    "box": [
      75,
      704,
      469,
      25
    ],
    "checked": true,
    "id": 306,
    "origin": "human",
    "parent": 285,
    "persons": [
      "Lange"
    ],
    "score": 0.9444444444444444,
    "text_ocr": "##Lange## , @@R. de l’Université@@, $$862$$. @@Grenelle@@.\n",
    "type": "ENTRY"
  },
  {
    "EOL": false,
    "box": [
      75,
      729,
      567,
      24
    ],
    "id": 309,
    "indented": true,
    "parent": 308,
    "text": "",
    "type": "LINE"
  },
  {
    "addresses": [
      {
        "street_name": "R. de la Loi",
        "street_numbers": [
          "277"
        ]
      }
    ],
    "box": [
      75,
      729,
      567,
      24
    ],
    "checked": true,
    "id": 308,
    "origin": "human",
    "parent": 285,
    "persons": [
      "Langin"
    ],
    "score": 0.5,
    "text_ocr": "##Langin## ££(en gros)££, @@R. de la Loi@@, $$277$$. @@Lepelletier@@.\n",
    "type": "ENTRY"
  },
  {
    "EOL": false,
    "box": [
      77,
      753,
      471,
      22
    ],
    "id": 311,
    "indented": true,
    "parent": 310,
    "text": "",
    "type": "LINE"
  },
  {
    "addresses": [
      {
        "street_name": "R. de la Huchette",
        "street_numbers": [
          "8"
        ]
      }
    ],
    "box": [
      77,
      753,
      471,
      22
    ],
    "checked": true,
    "id": 310,
    "origin": "human",
    "parent": 285,
    "persons": [
      "Langlois"
    ],
    "score": 0.16666666666666666,
    "text_ocr": "##Langlois## , @@R. de la Huchette@@ , $$8$$, @@Thermes@@.\n",
    "type": "ENTRY"
  },
  {
    "EOL": false,
    "box": [
      76,
      776,
      623,
      24
    ],
    "id": 313,
    "indented": true,
    "parent": 312,
    "text": "",
    "type": "LINE"
  },
  {
    "addresses": [
      {
        "street_name": "R. Neuve des Capucines",
        "street_numbers": [
          "138"
        ]
      }
    ],
    "box": [
      76,
      776,
      623,
      24
    ],
    "checked": true,
    "id": 312,
    "origin": "human",
    "parent": 285,
    "persons": [
      "Langlois"
    ],
    "score": 0.5,
    "text_ocr": "##Langlois##, @@R. Neuve des Capucines@@ , $$138$$. @@Place Vendôme@@.\n",
    "type": "ENTRY"
  },
  {
    "EOL": false,
    "box": [
      77,
      799,
      683,
      25
    ],
    "id": 315,
    "indented": true,
    "parent": 314,
    "text": "",
    "type": "LINE"
  },
  {
    "addresses": [
      {
        "street_name": "R. Neuve des Petits Champs",
        "street_numbers": [
          "741"
        ]
      }
    ],
    "box": [
      77,
      799,
      683,
      25
    ],
    "checked": true,
    "id": 314,
    "origin": "human",
    "parent": 285,
    "persons": [
      "Lanier"
    ],
    "score": 0.5,
    "text_ocr": "##Lanier## , @@R. Neuve des Petits Champs@@ , $$741$$. @@Butte des Moulins@@.\n",
    "type": "ENTRY"
  },
  {
    "EOL": false,
    "box": [
      78,
      824,
      555,
      23
    ],
    "id": 317,
    "indented": true,
    "parent": 316,
    "text": "",
    "type": "LINE"
  },
  {
    "addresses": [
      {
        "street_name": "Petit Marche Neuf",
        "street_numbers": [
          "117"
        ]
      }
    ],
    "box": [
      78,
      824,
      555,
      23
    ],
    "checked": true,
    "id": 316,
    "origin": "human",
    "parent": 285,
    "persons": [
      "Lanquetif"
    ],
    "score": 0.5,
    "text_ocr": "##Lanquetif##, @@Petit Marche Neuf@@, $$117$$. @@Luxembourg@@.\n",
    "type": "ENTRY"
  },
  {
    "EOL": false,
    "box": [
      79,
      848,
      442,
      23
    ],
    "id": 319,
    "indented": true,
    "parent": 318,
    "text": "",
    "type": "LINE"
  },
  {
    "addresses": [
      {
        "street_name": "R.et Div. de Bon Conseil",
        "street_numbers": [
          "1"
        ]
      }
    ],
    "box": [
      79,
      848,
      442,
      23
    ],
    "checked": true,
    "id": 318,
    "origin": "human",
    "parent": 285,
    "persons": [
      "Lanson"
    ],
    "score": 0.5,
    "text_ocr": "##Lanson## , @@R.et Div. de Bon Conseil@@, $$1$$.\n",
    "type": "ENTRY"
  },
  {
    "EOL": false,
    "box": [
      78,
      871,
      501,
      24
    ],
    "id": 321,
    "indented": true,
    "parent": 320,
    "text": "",
    "type": "LINE"
  },
  {
    "addresses": [
      {
        "street_name": "R. Denis",
        "street_numbers": [
          "28"
        ]
      }
    ],
    "box": [
      78,
      871,
      501,
      24
    ],
    "checked": true,
    "id": 320,
    "origin": "human",
    "parent": 285,
    "persons": [
      "Lantaigne"
    ],
    "score": 0.5,
    "text_ocr": "##Lantaigne##, @@R. Denis@@, $$28$$. @@Bonne Nouvelle@@.\n",
    "type": "ENTRY"
  },
  {
    "EOL": false,
    "box": [
      79,
      895,
      545,
      24
    ],
    "id": 323,
    "indented": true,
    "parent": 322,
    "text": "",
    "type": "LINE"
  },
  {
    "addresses": [
      {
        "street_name": "R du Faub. Antoine",
        "street_numbers": [
          "1"
        ]
      }
    ],
    "box": [
      79,
      895,
      545,
      24
    ],
    "checked": true,
    "id": 322,
    "origin": "human",
    "parent": 285,
    "persons": [
      "Laplanche"
    ],
    "score": 0.5,
    "text_ocr": "##Laplanche## , @@R du Faub. Antoine@@, $$1$$. @@Montreuil@@.\n",
    "type": "ENTRY"
  },
  {
    "EOL": false,
    "box": [
      79,
      918,
      679,
      24
    ],
    "id": 325,
    "indented": true,
    "parent": 324,
    "text": "",
    "type": "LINE"
  },
  {
    "addresses": [
      {
        "street_name": "R. Neuve des Petits Champs",
        "street_numbers": [
          "1262"
        ]
      }
    ],
    "box": [
      79,
      918,
      679,
      24
    ],
    "checked": true,
    "id": 324,
    "origin": "human",
    "parent": 285,
    "persons": [
      "Laporte"
    ],
    "score": 0,
    "text_ocr": "##Laporte##, @@R. Neuve des Petits Champs@@ , $$1262$$. @@Butte des Moulins@@\n",
    "type": "ENTRY"
  },
  {
    "EOL": false,
    "box": [
      79,
      942,
      682,
      25
    ],
    "id": 327,
    "indented": true,
    "parent": 326,
    "text": "",
    "type": "LINE"
  },
  {
    "addresses": [
      {
        "street_name": " R. de Seine Victor",
        "street_numbers": [
          "1314"
        ]
      }
    ],
    "box": [
      79,
      942,
      682,
      25
    ],
    "checked": true,
    "id": 326,
    "origin": "human",
    "parent": 285,
    "persons": [
      "Lardenois"
    ],
    "score": 0.25,
    "text_ocr": "##Lardenois## ££(en gros)££,@@ R. de Seine Victor@@ , $$1314$$. @@Jardin des Plantes@@.",
    "type": "ENTRY"
  },
  {
    "EOL": false,
    "box": [
      80,
      966,
      377,
      23
    ],
    "id": 329,
    "indented": true,
    "parent": 328,
    "text": "",
    "type": "LINE"
  },
  {
    "addresses": [
      {
        "street_name": "R. Taranne ",
        "street_numbers": [
          "734"
        ]
      }
    ],
    "box": [
      80,
      966,
      377,
      23
    ],
    "checked": true,
    "id": 328,
    "origin": "human",
    "parent": 285,
    "persons": [
      "Latena"
    ],
    "score": 0.5,
    "text_ocr": "##Latena## , @@R. Taranne @@, $$734$$. @@Unité@@.\n",
    "type": "ENTRY"
  },
  {
    "EOL": false,
    "box": [
      80,
      989,
      522,
      24
    ],
    "id": 331,
    "indented": true,
    "parent": 330,
    "text": "",
    "type": "LINE"
  },
  {
    "addresses": [
      {
        "street_name": "R. Aubry le Boucher",
        "street_numbers": [
          "19"
        ]
      }
    ],
    "box": [
      80,
      989,
      522,
      24
    ],
    "checked": true,
    "id": 330,
    "origin": "human",
    "parent": 285,
    "persons": [
      "Laurent"
    ],
    "score": 0.5,
    "text_ocr": "##Laurent## , @@R. Aubry le Boucher@@, $$19$$. @@Lombards@@.\n",
    "type": "ENTRY"
  },
  {
    "EOL": false,
    "box": [
      81,
      1013,
      418,
      24
    ],
    "id": 333,
    "indented": true,
    "parent": 332,
    "text": "",
    "type": "LINE"
  },
  {
    "addresses": [
      {
        "street_name": "R. du Bacq",
        "street_numbers": [
          "738"
        ]
      }
    ],
    "box": [
      81,
      1013,
      418,
      24
    ],
    "checked": true,
    "id": 332,
    "origin": "human",
    "parent": 285,
    "persons": [
      "Lauvray"
    ],
    "score": 0.5,
    "text_ocr": "##Lauvray## , @@R. du Bacq@@, $$738$$ @@Grenelle@@.\n",
    "type": "ENTRY"
  },
  {
    "EOL": false,
    "box": [
      81,
      1037,
      549,
      24
    ],
    "id": 335,
    "indented": true,
    "parent": 334,
    "text": "",
    "type": "LINE"
  },
  {
    "addresses": [
      {
        "street_name": "R. d'Argenteuil ",
        "street_numbers": [
          "277"
        ]
      }
    ],
    "box": [
      81,
      1037,
      549,
      24
    ],
    "checked": true,
    "id": 334,
    "origin": "human",
    "parent": 285,
    "persons": [
      "Laval"
    ],
    "score": 0.9333333333333333,
    "text_ocr": "##Laval##, @@R. d'Argenteuil @@, $$277$$. @@Butte des Moulins@@.\n",
    "type": "ENTRY"
  },
  {
    "EOL": false,
    "box": [
      82,
      1061,
      410,
      23
    ],
    "id": 337,
    "indented": true,
    "parent": 336,
    "text": "",
    "type": "LINE"
  },
  {
    "addresses": [
      {
        "street_name": "R. Batave",
        "street_numbers": [
          "400"
        ]
      }
    ],
    "box": [
      82,
      1061,
      410,
      23
    ],
    "checked": true,
    "id": 336,
    "origin": "human",
    "parent": 285,
    "persons": [
      "Lavarde"
    ],
    "score": 0.5,
    "text_ocr": "##Lavarde## , @@R. Batave@@ , $$400$$. @@Tuileries@@.\n",
    "type": "ENTRY"
  },
  {
    "EOL": false,
    "box": [
      83,
      1085,
      415,
      24
    ],
    "id": 339,
    "indented": true,
    "parent": 338,
    "text": "",
    "type": "LINE"
  },
  {
    "addresses": [
      {
        "street_name": "R. Montmartre",
        "street_numbers": [
          "104"
        ]
      }
    ],
    "box": [
      83,
      1085,
      415,
      24
    ],
    "checked": true,
    "id": 338,
    "origin": "human",
    "parent": 285,
    "persons": [
      "Lavarde"
    ],
    "score": 0.9230769230769231,
    "text_ocr": "##Lavarde##, @@R. Montmartre@@, $$104$$, @@Mail@@.",
    "type": "ENTRY"
  },
  {
    "EOL": false,
    "box": [
      83,
      1108,
      499,
      24
    ],
    "id": 341,
    "indented": true,
    "parent": 340,
    "text": "",
    "type": "LINE"
  },
  {
    "addresses": [
      {
        "street_name": "R. Denis",
        "street_numbers": [
          "123"
        ]
      }
    ],
    "box": [
      83,
      1108,
      499,
      24
    ],
    "checked": true,
    "id": 340,
    "origin": "human",
    "parent": 285,
    "persons": [
      "Laville"
    ],
    "score": 0.5,
    "text_ocr": "##Laville## , @@R. Denis@@ , $$123$$. @@Amis de la Patrie@@.\n",
    "type": "ENTRY"
  },
  {
    "addresses": [
      {
        "street_name": "Chemin le long de la rivière",
        "street_numbers": [
          "21"
        ]
      }
    ],
    "box": [
      82,
      1131,
      657,
      25
    ],
    "checked": true,
    "id": 368,
    "origin": "human",
    "parent": 285,
    "persons": [
      "Leante"
    ],
    "text_ocr": "##Leante##, @@Chemin le long de la rivière@@, $$21$$. @@Quinze Vingts@@.",
    "type": "ENTRY"
  },
  {
    "EOL": false,
    "box": [
      82,
      1131,
      657,
      25
    ],
    "id": 343,
    "indented": true,
    "parent": 368,
    "text": "",
    "type": "LINE"
  },
  {
    "addresses": [
      {
        "street_name": "R. et Div. de la Fraternité",
        "street_numbers": [
          "91"
        ]
      }
    ],
    "box": [
      84,
      1156,
      555,
      25
    ],
    "checked": true,
    "id": 369,
    "origin": "human",
    "parent": 285,
    "persons": [
      "Lebas"
    ],
    "text_ocr": "##Lebas## ££(en gros)££, @@R. et Div. de la Fraternité@@, $$91$$.",
    "type": "ENTRY"
  },
  {
    "EOL": false,
    "box": [
      84,
      1156,
      555,
      25
    ],
    "id": 344,
    "indented": false,
    "parent": 369,
    "text": "",
    "type": "LINE"
  },
  {
    "addresses": [
      {
        "street_name": "Q. de la Tournelle",
        "street_numbers": [
          "2"
        ]
      }
    ],
    "box": [
      85,
      1178,
      658,
      26
    ],
    "checked": true,
    "id": 370,
    "origin": "human",
    "parent": 285,
    "persons": [
      "Lebas, fils aîné"
    ],
    "text_ocr": "##Lebas, fils aîné## ££(en gros)££, @@Q. de la Tournelle@@, $$2$$. @@Plantes@@.",
    "type": "ENTRY"
  },
  {
    "EOL": false,
    "box": [
      85,
      1178,
      658,
      26
    ],
    "id": 345,
    "indented": false,
    "parent": 370,
    "text": "",
    "type": "LINE"
  },
  {
    "addresses": [
      {
        "street_name": "R. de Beaune",
        "street_numbers": [
          "775"
        ]
      }
    ],
    "box": [
      84,
      1204,
      445,
      23
    ],
    "checked": true,
    "id": 371,
    "origin": "human",
    "parent": 285,
    "persons": [
      "Leblond"
    ],
    "text_ocr": "##Leblond##, @@R. de Beaune@@, $$775$$. @@Grenelle@@.",
    "type": "ENTRY"
  },
  {
    "EOL": false,
    "box": [
      84,
      1204,
      445,
      23
    ],
    "id": 346,
    "indented": false,
    "parent": 371,
    "text": "",
    "type": "LINE"
  },
  {
    "EOL": false,
    "box": [
      86,
      1227,
      528,
      24
    ],
    "id": 348,
    "indented": true,
    "parent": 347,
    "text": "",
    "type": "LINE"
  },
  {
    "addresses": [
      {
        "street_name": "R. Montorgueil",
        "street_numbers": [
          "38"
        ]
      }
    ],
    "box": [
      86,
      1227,
      528,
      24
    ],
    "checked": true,
    "id": 347,
    "origin": "human",
    "parent": 285,
    "persons": [
      "Lebouteiller"
    ],
    "score": 0.5,
    "text_ocr": "##Lebouteiller##, @@R. Montorgueil@@, $$38$$. @@Bon Conseil@@.\n",
    "type": "ENTRY"
  },
  {
    "EOL": false,
    "box": [
      85,
      1250,
      579,
      25
    ],
    "id": 350,
    "indented": true,
    "parent": 349,
    "text": "",
    "type": "LINE"
  },
  {
    "addresses": [
      {
        "street_name": "R. de l'Université",
        "street_numbers": [
          "932"
        ]
      }
    ],
    "box": [
      85,
      1250,
      579,
      25
    ],
    "checked": true,
    "id": 349,
    "origin": "human",
    "parent": 285,
    "persons": [
      "Lebrun (veuve)"
    ],
    "score": 0.9444444444444444,
    "text_ocr": "##Lebrun (veuve)##, @@R. de l'Université@@, $$932$$. @@Grenelle@@.\n",
    "type": "ENTRY"
  },
  {
    "EOL": false,
    "box": [
      86,
      1275,
      462,
      24
    ],
    "id": 352,
    "indented": true,
    "parent": 351,
    "text": "",
    "type": "LINE"
  },
  {
    "addresses": [
      {
        "street_name": "Cour Henry. Place Vendôme",
        "street_numbers": []
      }
    ],
    "box": [
      86,
      1275,
      462,
      24
    ],
    "checked": true,
    "id": 351,
    "origin": "human",
    "parent": 285,
    "persons": [
      "Lechantre"
    ],
    "score": 0.5,
    "street_number": "",
    "text_ocr": "##Lechantre## , @@Cour Henry. Place Vendôme@@.",
    "type": "ENTRY"
  },
  {
    "EOL": false,
    "box": [
      86,
      1299,
      449,
      23
    ],
    "id": 354,
    "indented": true,
    "parent": 353,
    "text": "",
    "type": "LINE"
  },
  {
    "addresses": [
      {
        "street_name": "R. de la Convention, Tuileries.",
        "street_numbers": []
      }
    ],
    "box": [
      86,
      1299,
      449,
      23
    ],
    "checked": true,
    "id": 353,
    "origin": "human",
    "parent": 285,
    "persons": [
      "Leclerc"
    ],
    "score": 0.5,
    "street_number": "",
    "text_ocr": "##Leclerc## @@R. de la Convention, Tuileries.@@\n",
    "type": "ENTRY"
  },
  {
    "EOL": false,
    "box": [
      87,
      1323,
      442,
      23
    ],
    "id": 356,
    "indented": true,
    "parent": 355,
    "text": "",
    "type": "LINE"
  },
  {
    "addresses": [
      {
        "street_name": "Place Maubert",
        "street_numbers": [
          "36"
        ]
      }
    ],
    "box": [
      87,
      1323,
      442,
      23
    ],
    "checked": true,
    "id": 355,
    "origin": "human",
    "parent": 285,
    "persons": [
      "Leclerc"
    ],
    "score": 1,
    "text_ocr": "##Leclerc## , @@Place Maubert@@, $$36$$. @@Pantheon@@.\n",
    "type": "ENTRY"
  },
  {
    "EOL": false,
    "box": [
      87,
      1346,
      529,
      24
    ],
    "id": 358,
    "indented": true,
    "parent": 357,
    "text": "",
    "type": "LINE"
  },
  {
    "addresses": [
      {
        "street_name": "R. Martin",
        "street_numbers": [
          "367"
        ]
      }
    ],
    "box": [
      87,
      1346,
      529,
      24
    ],
    "checked": true,
    "id": 357,
    "origin": "human",
    "parent": 285,
    "persons": [
      "L'Eclopé "
    ],
    "score": 0.5,
    "text_ocr": "##L'Eclopé ##, @@R. Martin@@, $$367$$. @@Amis de la Patrie@@.\n",
    "type": "ENTRY"
  },
  {
    "EOL": false,
    "box": [
      88,
      1369,
      608,
      22
    ],
    "id": 360,
    "indented": true,
    "parent": 359,
    "text": "",
    "type": "LINE"
  },
  {
    "addresses": [
      {
        "street_name": "Q. de la Tournelle",
        "street_numbers": [
          "17"
        ]
      }
    ],
    "box": [
      88,
      1369,
      608,
      22
    ],
    "checked": true,
    "id": 359,
    "origin": "human",
    "parent": 285,
    "persons": [
      "Lecomte"
    ],
    "score": 0.5,
    "text_ocr": "##Lecomte##, @@Q. de la Tournelle@@, $$17$$. @@Jardin des Plantes@@.\n",
    "type": "ENTRY"
  },
  {
    "EOL": false,
    "box": [
      89,
      1394,
      444,
      21
    ],
    "id": 362,
    "indented": true,
    "parent": 361,
    "text": "",
    "type": "LINE"
  },
  {
    "addresses": [
      {
        "street_name": "R. Montmartre",
        "street_numbers": [
          "169"
        ]
      }
    ],
    "box": [
      89,
      1394,
      444,
      21
    ],
    "checked": true,
    "id": 361,
    "origin": "human",
    "parent": 285,
    "persons": [
      "Lecomte"
    ],
    "score": 0.9230769230769231,
    "text_ocr": "##Lecomte## , @@R. Montmartre@@ , $$169$$. @@Brutus@@.\n",
    "type": "ENTRY"
  },
  {
    "EOL": false,
    "box": [
      89,
      1417,
      472,
      22
    ],
    "id": 364,
    "indented": true,
    "parent": 363,
    "text": "",
    "type": "LINE"
  },
  {
    "addresses": [
      {
        "street_name": "R. du Faub. Martin",
        "street_numbers": [
          "2"
        ]
      }
    ],
    "box": [
      89,
      1417,
      472,
      22
    ],
    "checked": true,
    "id": 363,
    "origin": "human",
    "parent": 285,
    "persons": [
      "Ledoux"
    ],
    "score": 0,
    "text_ocr": "##Ledoux## , @@R. du Faub. Martin@@, $$2$$ @@Bondy@@.\n",
    "type": "ENTRY"
  },
  {
    "addresses": [
      {
        "street_name": "R. Neuve des Mathurins",
        "street_numbers": [
          "670"
        ]
      }
    ],
    "box": [
      91,
      1438,
      656,
      23
    ],
    "checked": true,
    "id": 372,
    "origin": "human",
    "parent": 285,
    "persons": [
      "Lefebvre"
    ],
    "text_ocr": "##Lefebvre##, @@R. Neuve des Mathurins@@, $$670$$. @@Place Vendôme@@.",
    "type": "ENTRY"
  },
  {
    "EOL": false,
    "box": [
      91,
      1438,
      656,
      23
    ],
    "id": 366,
    "indented": true,
    "parent": 372,
    "text": "",
    "type": "LINE"
  },
  {
    "addresses": [
      {
        "street_name": "R. de la Vrilliere",
        "street_numbers": [
          "9"
        ]
      }
    ],
    "box": [
      91,
      1462,
      663,
      27
    ],
    "checked": true,
    "id": 373,
    "origin": "human",
    "parent": 285,
    "persons": [
      "Lefevre"
    ],
    "text_ocr": "##Lefevre## ££(en gros)££, @@R. de la Vrilliere@@, $$9$$. @@Halle au Bled@@.",
    "type": "ENTRY"
  },
  {
    "EOL": false,
    "box": [
      91,
      1462,
      663,
      27
    ],
    "id": 367,
    "indented": false,
    "parent": 373,
    "text": "",
    "type": "LINE"
  },
  {
    "box": [
      67,
      466,
      694,
      1023
    ],
    "id": 285,
    "parent": 284,
    "type": "COLUMN_LEVEL_2"
  },
  {
    "box": [
      67,
      466,
      694,
      1023
    ],
    "id": 284,
    "parent": 283,
    "type": "SECTION_LEVEL_2"
  },
  {
    "box": [
      67,
      466,
      694,
      1023
    ],
    "id": 283,
    "parent": 282,
    "type": "COLUMN_LEVEL_1"
  },
  {
    "box": [
      67,
      466,
      694,
      1023
    ],
    "id": 282,
    "parent": 256,
    "type": "SECTION_LEVEL_1"
  },
  {
    "box": [
      67,
      160,
      694,
      1329
    ],
    "id": 256,
    "type": "PAGE"
  }
]
