{
  "content": [
    {
      "box": [
        67, 
        163, 
        769, 
        27
      ], 
      "checked": true, 
      "id": 257, 
      "origin": "human", 
      "parent": 256, 
      "text": "Non-Commer\u00e7ans . 279\n", 
      "type": "TITLE_LEVEL_1"
    }, 
    {
      "EOL": false, 
      "box": [
        67, 
        203, 
        496, 
        27
      ], 
      "id": 263, 
      "indented": false, 
      "parent": 262, 
      "text": "", 
      "type": "LINE"
    }, 
    {
      "addresses": [
        {
          "street_name": "R. Montmartre", 
          "street_numbers": [
            "98"
          ]
        }
      ], 
      "box": [
        67, 
        203, 
        496, 
        27
      ], 
      "checked": true, 
      "id": 262, 
      "origin": "human", 
      "parent": 261, 
      "persons": [
        "B\u00e9hague (Mme)"
      ], 
      "score": 0.9230769230769231, 
      "text_ocr": "##B\u00e9hague (Mme)##, @@R. Montmartre@@, $$98$$. @@Mail@@.\n", 
      "type": "ENTRY"
    }, 
    {
      "EOL": false, 
      "box": [
        67, 
        223, 
        755, 
        31
      ], 
      "id": 265, 
      "indented": true, 
      "parent": 264, 
      "text": "", 
      "type": "LINE"
    }, 
    {
      "addresses": [
        {
          "street_name": "R. des Peres,", 
          "street_numbers": [
            "1217\u20141218"
          ]
        }
      ], 
      "box": [
        67, 
        223, 
        755, 
        31
      ], 
      "checked": true, 
      "id": 264, 
      "origin": "human", 
      "parent": 261, 
      "persons": [
        "Besnard"
      ], 
      "score": 0.0, 
      "text_ocr": "##Besnard## , \u00a3\u00a3inspecteur des ponts et chauss\u00e9es\u00a3\u00a3, @@R. des Peres,@@ $$1217\u20141218$$.\n", 
      "type": "ENTRY"
    }, 
    {
      "EOL": false, 
      "box": [
        67, 
        253, 
        457, 
        23
      ], 
      "id": 267, 
      "indented": true, 
      "parent": 266, 
      "text": "", 
      "type": "LINE"
    }, 
    {
      "addresses": [
        {
          "street_name": "R. du Faub. Poissonniere", 
          "street_numbers": [
            "109"
          ]
        }
      ], 
      "box": [
        67, 
        253, 
        457, 
        23
      ], 
      "checked": true, 
      "id": 266, 
      "origin": "human", 
      "parent": 261, 
      "persons": [
        "Bekvelt"
      ], 
      "score": 0.16666666666666669, 
      "text_ocr": "##Bekvelt##, @@R. du Faub. Poissonniere@@ , $$109$$.\n", 
      "type": "ENTRY"
    }, 
    {
      "EOL": false, 
      "box": [
        67, 
        276, 
        437, 
        25
      ], 
      "id": 269, 
      "indented": true, 
      "parent": 268, 
      "text": "", 
      "type": "LINE"
    }, 
    {
      "addresses": [
        {
          "street_name": "Q. Malaquay", 
          "street_numbers": [
            "1913"
          ]
        }
      ], 
      "box": [
        67, 
        276, 
        437, 
        25
      ], 
      "checked": true, 
      "id": 268, 
      "origin": "human", 
      "parent": 261, 
      "persons": [
        "Belderbuch"
      ], 
      "score": 0.16666666666666666, 
      "text_ocr": "##Belderbuch## , @@Q. Malaquay@@ , $$1913$$. @@Unit\u00e9@@.\n", 
      "type": "ENTRY"
    }, 
    {
      "EOL": false, 
      "box": [
        68, 
        297, 
        760, 
        27
      ], 
      "id": 271, 
      "indented": true, 
      "parent": 270, 
      "text": "", 
      "type": "LINE"
    }, 
    {
      "addresses": [
        {
          "street_name": "R. de Thionville", 
          "street_numbers": [
            "1834"
          ]
        }
      ], 
      "box": [
        68, 
        297, 
        760, 
        27
      ], 
      "checked": true, 
      "id": 270, 
      "origin": "human", 
      "parent": 261, 
      "persons": [
        "Belfort"
      ], 
      "score": 0.33333333333333337, 
      "text_ocr": "##Belfort## , \u00a3\u00a3direct. du th\u00e9\u00e2tre des Jeunes Eleves\u00a3\u00a3, @@R. de Thionville@@, $$1834$$,\n", 
      "type": "ENTRY"
    }, 
    {
      "EOL": false, 
      "box": [
        68, 
        323, 
        692, 
        27
      ], 
      "id": 273, 
      "indented": true, 
      "parent": 272, 
      "text": "", 
      "type": "LINE"
    }, 
    {
      "addresses": [
        {
          "street_name": "R. Garenciere", 
          "street_numbers": [
            "1086"
          ]
        }
      ], 
      "box": [
        68, 
        323, 
        692, 
        27
      ], 
      "checked": true, 
      "id": 272, 
      "origin": "human", 
      "parent": 261, 
      "persons": [
        "Belhomme"
      ], 
      "score": 0.0, 
      "text_ocr": "##Belhomme## , @@R. Garenciere@@, $$1086$$, @@Luxembourg@@.\n", 
      "type": "ENTRY"
    }, 
    {
      "EOL": false, 
      "box": [
        67, 
        346, 
        500, 
        25
      ], 
      "id": 275, 
      "indented": true, 
      "parent": 274, 
      "text": "", 
      "type": "LINE"
    }, 
    {
      "addresses": [
        {
          "street_name": "R. de Mirom\u00e9nil", 
          "street_numbers": [
            "1187"
          ]
        }
      ], 
      "box": [
        67, 
        346, 
        500, 
        25
      ], 
      "checked": true, 
      "id": 274, 
      "origin": "human", 
      "parent": 261, 
      "persons": [
        "Belhomme"
      ], 
      "score": 0.5, 
      "text_ocr": "##Belhomme## , @@R. de Mirom\u00e9nil@@, $$1187$$. @@Roule@@.\n", 
      "type": "ENTRY"
    }, 
    {
      "EOL": false, 
      "box": [
        67, 
        371, 
        348, 
        23
      ], 
      "id": 277, 
      "indented": true, 
      "parent": 276, 
      "text": "", 
      "type": "LINE"
    }, 
    {
      "addresses": [
        {
          "street_name": "R. Louis", 
          "street_numbers": [
            "419"
          ]
        }
      ], 
      "box": [
        67, 
        371, 
        348, 
        23
      ], 
      "checked": true, 
      "id": 276, 
      "origin": "human", 
      "parent": 261, 
      "persons": [
        "Beline"
      ], 
      "score": 0.5, 
      "text_ocr": "##Beline##, @@R. Louis@@, $$419$$. @@Indivis@@.\n", 
      "type": "ENTRY"
    }, 
    {
      "EOL": false, 
      "box": [
        68, 
        393, 
        451, 
        25
      ], 
      "id": 279, 
      "indented": true, 
      "parent": 278, 
      "text": "", 
      "type": "LINE"
    }, 
    {
      "addresses": [
        {
          "street_name": "R. Vivienne", 
          "street_numbers": [
            "8"
          ]
        }
      ], 
      "box": [
        68, 
        393, 
        451, 
        25
      ], 
      "checked": true, 
      "id": 278, 
      "origin": "human", 
      "parent": 261, 
      "persons": [
        "Belle (veuve )"
      ], 
      "score": 0.375, 
      "text_ocr": "##Belle (veuve )##, @@R. Vivienne@@ , $$8$$. @@Mail@@.\n", 
      "type": "ENTRY"
    }, 
    {
      "EOL": false, 
      "box": [
        68, 
        402, 
        680, 
        41
      ], 
      "id": 281, 
      "indented": true, 
      "parent": 280, 
      "text": "", 
      "type": "LINE"
    }, 
    {
      "addresses": [
        {
          "street_name": "R. du Mont Blanc", 
          "street_numbers": [
            "380"
          ]
        }
      ], 
      "box": [
        68, 
        402, 
        680, 
        41
      ], 
      "checked": true, 
      "id": 280, 
      "origin": "human", 
      "parent": 261, 
      "persons": [
        "Bellegarde , jeune"
      ], 
      "score": 0.5, 
      "text_ocr": "##Bellegarde , jeune##, @@R. du Mont Blanc@@, $$380$$. @@Place Vend@@.\n", 
      "type": "ENTRY"
    }, 
    {
      "EOL": false, 
      "box": [
        68, 
        440, 
        679, 
        36
      ], 
      "id": 283, 
      "indented": true, 
      "parent": 282, 
      "text": "", 
      "type": "LINE"
    }, 
    {
      "addresses": [
        {
          "street_name": "R. du Mont Blanc", 
          "street_numbers": [
            "380"
          ]
        }
      ], 
      "box": [
        68, 
        440, 
        679, 
        36
      ], 
      "checked": true, 
      "id": 282, 
      "origin": "human", 
      "parent": 261, 
      "persons": [
        "Bellegarde, a\u00een\u00e9"
      ], 
      "score": 0.5, 
      "text_ocr": "##Bellegarde, a\u00een\u00e9##, @@R. du Mont Blanc@@, $$380$$. @@Place Vend@@.\n", 
      "type": "ENTRY"
    }, 
    {
      "EOL": false, 
      "box": [
        69, 
        465, 
        544, 
        23
      ], 
      "id": 285, 
      "indented": true, 
      "parent": 284, 
      "text": "", 
      "type": "LINE"
    }, 
    {
      "addresses": [
        {
          "street_name": "R de Vaugirard", 
          "street_numbers": [
            "1115"
          ]
        }
      ], 
      "box": [
        69, 
        465, 
        544, 
        23
      ], 
      "checked": true, 
      "id": 284, 
      "origin": "human", 
      "parent": 261, 
      "persons": [
        "Belleville"
      ], 
      "score": 0.4285714285714286, 
      "text_ocr": "##Belleville## , @@R de Vaugirard@@, $$1115$$. @@Luxembourg@@.\n", 
      "type": "ENTRY"
    }, 
    {
      "EOL": false, 
      "box": [
        70, 
        488, 
        523, 
        23
      ], 
      "id": 287, 
      "indented": true, 
      "parent": 286, 
      "text": "", 
      "type": "LINE"
    }, 
    {
      "addresses": [
        {
          "street_name": "R. Sauveur", 
          "street_numbers": [
            "37"
          ]
        }
      ], 
      "box": [
        70, 
        488, 
        523, 
        23
      ], 
      "checked": true, 
      "id": 286, 
      "origin": "human", 
      "parent": 261, 
      "persons": [
        "Bellier de la Boire"
      ], 
      "score": 0.5, 
      "text_ocr": "##Bellier de la Boire##, @@R. Sauveur@@, $$37$$. @@Bon Cons@@.\n", 
      "type": "ENTRY"
    }, 
    {
      "EOL": false, 
      "box": [
        69, 
        512, 
        482, 
        24
      ], 
      "id": 289, 
      "indented": true, 
      "parent": 288, 
      "text": "", 
      "type": "LINE"
    }, 
    {
      "addresses": [
        {
          "street_name": "R. Montmartre", 
          "street_numbers": [
            "157"
          ]
        }
      ], 
      "box": [
        69, 
        512, 
        482, 
        24
      ], 
      "checked": true, 
      "id": 288, 
      "origin": "human", 
      "parent": 261, 
      "persons": [
        "Bellier"
      ], 
      "score": 0.4285714285714286, 
      "text_ocr": "##Bellier## , \u00a3\u00a3artiste\u00a3\u00a3, @@R. Montmartre@@ $$157$$. @@Mail@@.\n", 
      "type": "ENTRY"
    }, 
    {
      "EOL": false, 
      "box": [
        70, 
        536, 
        434, 
        24
      ], 
      "id": 291, 
      "indented": true, 
      "parent": 290, 
      "text": "", 
      "type": "LINE"
    }, 
    {
      "addresses": [
        {
          "street_name": "R. de Paradis", 
          "street_numbers": [
            "6"
          ]
        }
      ], 
      "box": [
        70, 
        536, 
        434, 
        24
      ], 
      "checked": true, 
      "id": 290, 
      "origin": "human", 
      "parent": 261, 
      "persons": [
        "Bellu"
      ], 
      "score": 0.9230769230769231, 
      "text_ocr": "##Bellu##, @@R. de Paradis@@, $$6$$. @@Poissonniere@@.\n", 
      "type": "ENTRY"
    }, 
    {
      "EOL": false, 
      "box": [
        71, 
        560, 
        443, 
        23
      ], 
      "id": 293, 
      "indented": true, 
      "parent": 292, 
      "text": "", 
      "type": "LINE"
    }, 
    {
      "addresses": [
        {
          "street_name": "R. des Peres", 
          "street_numbers": [
            "1197"
          ]
        }
      ], 
      "box": [
        71, 
        560, 
        443, 
        23
      ], 
      "checked": true, 
      "id": 292, 
      "origin": "human", 
      "parent": 261, 
      "persons": [
        "Benoist"
      ], 
      "score": 0.5, 
      "text_ocr": "##Benoist##, @@R. des Peres@@, $$1197$$. @@Grenelle@@.\n", 
      "type": "ENTRY"
    }, 
    {
      "EOL": false, 
      "box": [
        72, 
        553, 
        762, 
        55
      ], 
      "id": 295, 
      "indented": true, 
      "parent": 294, 
      "text": "", 
      "type": "LINE"
    }, 
    {
      "addresses": [
        {
          "street_name": "R. Vieille du Temple", 
          "street_numbers": [
            "137"
          ]
        }
      ], 
      "box": [
        72, 
        553, 
        762, 
        55
      ], 
      "checked": true, 
      "id": 294, 
      "origin": "human", 
      "parent": 261, 
      "persons": [
        "Benos-Kerjeux (veuve)"
      ], 
      "score": 0.95, 
      "text_ocr": "##Benos-Kerjeux (veuve)##, @@R. Vieille du Temple@@, $$137$$. @@Homme Arm\u00e9@@.\n", 
      "type": "ENTRY"
    }, 
    {
      "EOL": false, 
      "box": [
        71, 
        608, 
        522, 
        23
      ], 
      "id": 297, 
      "indented": true, 
      "parent": 296, 
      "text": "", 
      "type": "LINE"
    }, 
    {
      "addresses": [
        {
          "street_name": "R. d'Astorg", 
          "street_numbers": [
            "1033"
          ]
        }
      ], 
      "box": [
        71, 
        608, 
        522, 
        23
      ], 
      "checked": true, 
      "id": 296, 
      "origin": "human", 
      "parent": 261, 
      "persons": [
        "Beno\u00eet de Nervo"
      ], 
      "score": 0.375, 
      "text_ocr": "##Beno\u00eet de Nervo##, @@R. d'Astorg@@ , $$1033$$. @@Roule@@.\n", 
      "type": "ENTRY"
    }, 
    {
      "EOL": false, 
      "box": [
        71, 
        631, 
        444, 
        22
      ], 
      "id": 299, 
      "indented": true, 
      "parent": 298, 
      "text": "", 
      "type": "LINE"
    }, 
    {
      "addresses": [
        {
          "street_name": "R. de la Loi", 
          "street_numbers": [
            "305"
          ]
        }
      ], 
      "box": [
        71, 
        631, 
        444, 
        22
      ], 
      "checked": true, 
      "id": 298, 
      "origin": "human", 
      "parent": 261, 
      "persons": [
        "Beno\u00eet"
      ], 
      "score": 0.25, 
      "text_ocr": "##Beno\u00eet##, @@R. de la Loi@@, $$305$$. @@Lepelletier@@.\n", 
      "type": "ENTRY"
    }, 
    {
      "EOL": false, 
      "box": [
        74, 
        655, 
        442, 
        22
      ], 
      "id": 301, 
      "indented": true, 
      "parent": 300, 
      "text": "", 
      "type": "LINE"
    }, 
    {
      "addresses": [
        {
          "street_name": "R. de Lille", 
          "street_numbers": [
            "543"
          ]
        }
      ], 
      "box": [
        74, 
        655, 
        442, 
        22
      ], 
      "checked": true, 
      "id": 300, 
      "origin": "human", 
      "parent": 261, 
      "persons": [
        "Bentheim"
      ], 
      "score": 0.5, 
      "text_ocr": "##Bentheim## , @@R. de Lille@@, $$543$$. @@Grenelle@@.\n", 
      "type": "ENTRY"
    }, 
    {
      "EOL": false, 
      "box": [
        70, 
        678, 
        545, 
        25
      ], 
      "id": 303, 
      "indented": true, 
      "parent": 302, 
      "text": "", 
      "type": "LINE"
    }, 
    {
      "addresses": [
        {
          "street_name": "R. de la Loi", 
          "street_numbers": [
            "203"
          ]
        }
      ], 
      "box": [
        70, 
        678, 
        545, 
        25
      ], 
      "checked": true, 
      "id": 302, 
      "origin": "human", 
      "parent": 261, 
      "persons": [
        "Berard (Mme)"
      ], 
      "score": 0.25, 
      "text_ocr": "##Berard (Mme)##, @@R. de la Loi@@, $$203$$, @@Lepelletier@@.\n", 
      "type": "ENTRY"
    }, 
    {
      "EOL": false, 
      "box": [
        73, 
        701, 
        444, 
        25
      ], 
      "id": 305, 
      "indented": true, 
      "parent": 304, 
      "text": "", 
      "type": "LINE"
    }, 
    {
      "addresses": [
        {
          "street_name": "R. de l\u2019Arcade", 
          "street_numbers": []
        }
      ], 
      "box": [
        73, 
        701, 
        444, 
        25
      ], 
      "checked": true, 
      "id": 304, 
      "origin": "human", 
      "parent": 261, 
      "persons": [
        "Berenger"
      ], 
      "score": 0.4285714285714286, 
      "street_number": "", 
      "text_ocr": "##Berenger## , @@R. de l\u2019Arcade@@. @@Place Vend@@.\n", 
      "type": "ENTRY"
    }, 
    {
      "EOL": false, 
      "box": [
        74, 
        711, 
        659, 
        39
      ], 
      "id": 307, 
      "indented": true, 
      "parent": 306, 
      "text": "", 
      "type": "LINE"
    }, 
    {
      "addresses": [
        {
          "street_name": "R. et Div. du Th\u00e9\u00e2tre Fran\u00e7ais", 
          "street_numbers": [
            "16"
          ]
        }
      ], 
      "box": [
        74, 
        711, 
        659, 
        39
      ], 
      "checked": true, 
      "id": 306, 
      "origin": "human", 
      "parent": 261, 
      "persons": [
        "Berginiere (veuve)"
      ], 
      "score": 0.5, 
      "text_ocr": "##Berginiere (veuve)##, @@R. et Div. du Th\u00e9\u00e2tre Fran\u00e7ais@@, $$16$$.\n", 
      "type": "ENTRY"
    }, 
    {
      "EOL": false, 
      "box": [
        73, 
        750, 
        385, 
        23
      ], 
      "id": 309, 
      "indented": true, 
      "parent": 308, 
      "text": "", 
      "type": "LINE"
    }, 
    {
      "addresses": [
        {
          "street_name": "R. du Bacq", 
          "street_numbers": [
            "567"
          ]
        }
      ], 
      "box": [
        73, 
        750, 
        385, 
        23
      ], 
      "checked": true, 
      "id": 308, 
      "origin": "human", 
      "parent": 261, 
      "persons": [
        "Berlier"
      ], 
      "score": 0.5, 
      "text_ocr": "##Berlier## , @@R. du Bacq@@, $$567$$. @@Ouest@@.\n", 
      "type": "ENTRY"
    }, 
    {
      "EOL": false, 
      "box": [
        75, 
        773, 
        542, 
        24
      ], 
      "id": 311, 
      "indented": true, 
      "parent": 310, 
      "text": "", 
      "type": "LINE"
    }, 
    {
      "addresses": [
        {
          "street_name": "R. de la R\u00e9volution", 
          "street_numbers": [
            "28"
          ]
        }
      ], 
      "box": [
        75, 
        773, 
        542, 
        24
      ], 
      "checked": true, 
      "id": 310, 
      "origin": "human", 
      "parent": 261, 
      "persons": [
        "B\u00e9ril"
      ], 
      "score": 0.5, 
      "text_ocr": "##B\u00e9ril## , @@R. de la R\u00e9volution@@, $$28$$, @@Champs Elys\u00e9es@@,\n", 
      "type": "ENTRY"
    }, 
    {
      "EOL": false, 
      "box": [
        74, 
        797, 
        475, 
        23
      ], 
      "id": 313, 
      "indented": true, 
      "parent": 312, 
      "text": "", 
      "type": "LINE"
    }, 
    {
      "addresses": [
        {
          "street_name": "R. de la Victoire", 
          "street_numbers": [
            "26"
          ]
        }
      ], 
      "box": [
        74, 
        797, 
        475, 
        23
      ], 
      "checked": true, 
      "id": 312, 
      "origin": "human", 
      "parent": 261, 
      "persons": [
        "Bernard"
      ], 
      "score": 0.5, 
      "text_ocr": "##Bernard## , @@R. de la Victoire@@, $$26$$. @@Mont Blanc@@.\n", 
      "type": "ENTRY"
    }, 
    {
      "EOL": false, 
      "box": [
        75, 
        821, 
        380, 
        23
      ], 
      "id": 315, 
      "indented": true, 
      "parent": 314, 
      "text": "", 
      "type": "LINE"
    }, 
    {
      "addresses": [
        {
          "street_name": "Q. d'Or\u00e7ay", 
          "street_numbers": [
            "23"
          ]
        }
      ], 
      "box": [
        75, 
        821, 
        380, 
        23
      ], 
      "checked": true, 
      "id": 314, 
      "origin": "human", 
      "parent": 261, 
      "persons": [
        "Bernard"
      ], 
      "score": 0.5, 
      "text_ocr": "##Bernard## , @@Q. d'Or\u00e7ay@@ , $$23$$. @@Grenelle@@.\n", 
      "type": "ENTRY"
    }, 
    {
      "EOL": false, 
      "box": [
        74, 
        843, 
        670, 
        26
      ], 
      "id": 317, 
      "indented": true, 
      "parent": 316, 
      "text": "", 
      "type": "LINE"
    }, 
    {
      "addresses": [
        {
          "street_name": "R. de Provence", 
          "street_numbers": [
            "26"
          ]
        }
      ], 
      "box": [
        74, 
        843, 
        670, 
        26
      ], 
      "checked": true, 
      "id": 316, 
      "origin": "human", 
      "parent": 261, 
      "persons": [
        "Bernard-Zacharie ( madame)"
      ], 
      "score": 0.9285714285714286, 
      "text_ocr": "##Bernard-Zacharie ( madame)##, @@R. de Provence@@ , $$26$$. @@Mont Blanc@@.\n", 
      "type": "ENTRY"
    }, 
    {
      "EOL": false, 
      "box": [
        74, 
        866, 
        751, 
        26
      ], 
      "id": 319, 
      "indented": true, 
      "parent": 318, 
      "text": "", 
      "type": "LINE"
    }, 
    {
      "addresses": [
        {
          "street_name": "R. de Lille", 
          "street_numbers": [
            "504"
          ]
        }
      ], 
      "box": [
        74, 
        866, 
        751, 
        26
      ], 
      "checked": true, 
      "id": 318, 
      "origin": "human", 
      "parent": 261, 
      "persons": [
        "Bernard-Guyton"
      ], 
      "score": 0.9090909090909091, 
      "text_ocr": "##Bernard-Guyton## , \u00a3\u00a3administrateur des monnaies\u00a3\u00a3 , @@R. de Lille@@ , $$504$$, @@Gren@@.\n", 
      "type": "ENTRY"
    }, 
    {
      "EOL": false, 
      "box": [
        76, 
        892, 
        510, 
        22
      ], 
      "id": 321, 
      "indented": true, 
      "parent": 320, 
      "text": "", 
      "type": "LINE"
    }, 
    {
      "addresses": [
        {
          "street_name": "R. des Trois Freres", 
          "street_numbers": [
            "10"
          ]
        }
      ], 
      "box": [
        76, 
        892, 
        510, 
        22
      ], 
      "checked": true, 
      "id": 320, 
      "origin": "human", 
      "parent": 261, 
      "persons": [
        "Bernard"
      ], 
      "score": 0.9473684210526316, 
      "text_ocr": "##Bernard##, @@R. des Trois Freres@@, $$10$$. @@Mont Blanc@@.\n", 
      "type": "ENTRY"
    }, 
    {
      "EOL": false, 
      "box": [
        75, 
        914, 
        757, 
        25
      ], 
      "id": 323, 
      "indented": true, 
      "parent": 322, 
      "text": "", 
      "type": "LINE"
    }, 
    {
      "EOL": false, 
      "box": [
        101, 
        940, 
        354, 
        18
      ], 
      "id": 324, 
      "indented": false, 
      "parent": 322, 
      "text": "", 
      "type": "LINE"
    }, 
    {
      "addresses": [
        {
          "street_name": "Pav. de la ci dev.\nAcad\u00e9mie d'architecture", 
          "street_numbers": []
        }
      ], 
      "box": [
        75, 
        914, 
        757, 
        44
      ], 
      "checked": true, 
      "id": 322, 
      "origin": "human", 
      "parent": 261, 
      "persons": [
        "Bernardin-Saint-Pierre"
      ], 
      "score": 0.16666666666666666, 
      "street_number": "", 
      "text_ocr": "##Bernardin-Saint-Pierre## , \u00a3\u00a3membre de l\u2019Institut national\u00a3\u00a3 , @@Pav. de la ci dev.\nAcad\u00e9mie d'architecture@@. @@Mus\u00e9um@@.\n", 
      "type": "ENTRY"
    }, 
    {
      "EOL": false, 
      "box": [
        77, 
        963, 
        493, 
        24
      ], 
      "id": 326, 
      "indented": true, 
      "parent": 325, 
      "text": "", 
      "type": "LINE"
    }, 
    {
      "addresses": [
        {
          "street_name": "R. Cisalpine", 
          "street_numbers": [
            "291"
          ]
        }
      ], 
      "box": [
        77, 
        963, 
        493, 
        24
      ], 
      "checked": true, 
      "id": 325, 
      "origin": "human", 
      "parent": 261, 
      "persons": [
        "Bernadotte"
      ], 
      "score": 0.5, 
      "text_ocr": "##Bernadotte## , \u00a3\u00a3g\u00e9n\u00e9ral\u00a3\u00a3, @@R. Cisalpine@@, $$291$$. @@Roule@@.\n", 
      "type": "ENTRY"
    }, 
    {
      "EOL": false, 
      "box": [
        77, 
        988, 
        526, 
        22
      ], 
      "id": 328, 
      "indented": true, 
      "parent": 327, 
      "text": "", 
      "type": "LINE"
    }, 
    {
      "addresses": [
        {
          "street_name": "R. et Div. de la Place Vendome", 
          "street_numbers": [
            "204"
          ]
        }
      ], 
      "box": [
        77, 
        988, 
        526, 
        22
      ], 
      "checked": true, 
      "id": 327, 
      "origin": "human", 
      "parent": 261, 
      "persons": [
        "Bernier"
      ], 
      "score": 0.5, 
      "text_ocr": "##Bernier##, @@R. et Div. de la Place Vendome@@, $$204$$.\n", 
      "type": "ENTRY"
    }, 
    {
      "EOL": false, 
      "box": [
        78, 
        1011, 
        460, 
        22
      ], 
      "id": 330, 
      "indented": true, 
      "parent": 329, 
      "text": "", 
      "type": "LINE"
    }, 
    {
      "addresses": [
        {
          "street_name": "R. des Tournelles", 
          "street_numbers": [
            "83"
          ]
        }
      ], 
      "box": [
        78, 
        1011, 
        460, 
        22
      ], 
      "checked": true, 
      "id": 329, 
      "origin": "human", 
      "parent": 261, 
      "persons": [
        "Bernier"
      ], 
      "score": 0.5, 
      "text_ocr": "##Bernier##, @@R. des Tournelles@@, $$83$$. @@Indivisib@@.\n", 
      "type": "ENTRY"
    }, 
    {
      "EOL": false, 
      "box": [
        79, 
        1035, 
        452, 
        23
      ], 
      "id": 332, 
      "indented": true, 
      "parent": 331, 
      "text": "", 
      "type": "LINE"
    }, 
    {
      "addresses": [
        {
          "street_name": "R. et Div. de Bonne Nouv.", 
          "street_numbers": [
            "169"
          ]
        }
      ], 
      "box": [
        79, 
        1035, 
        452, 
        23
      ], 
      "checked": true, 
      "id": 331, 
      "origin": "human", 
      "parent": 261, 
      "persons": [
        "Beroyer"
      ], 
      "score": 0.5, 
      "text_ocr": "##Beroyer##, @@R. et Div. de Bonne Nouv.@@, $$169$$,\n", 
      "type": "ENTRY"
    }, 
    {
      "EOL": false, 
      "box": [
        80, 
        1059, 
        355, 
        23
      ], 
      "id": 334, 
      "indented": true, 
      "parent": 333, 
      "text": "", 
      "type": "LINE"
    }, 
    {
      "addresses": [
        {
          "street_name": "R. Nicaise", 
          "street_numbers": [
            "515"
          ]
        }
      ], 
      "box": [
        80, 
        1059, 
        355, 
        23
      ], 
      "checked": true, 
      "id": 333, 
      "origin": "human", 
      "parent": 261, 
      "persons": [
        "Berranger"
      ], 
      "score": 0.125, 
      "text_ocr": "##Berranger##, @@R. Nicaise@@, $$515$$. @@Tuil@@.\n", 
      "type": "ENTRY"
    }, 
    {
      "EOL": false, 
      "box": [
        80, 
        1081, 
        500, 
        25
      ], 
      "id": 336, 
      "indented": true, 
      "parent": 335, 
      "text": "", 
      "type": "LINE"
    }, 
    {
      "addresses": [
        {
          "street_name": "R. de Grenelle", 
          "street_numbers": [
            "389"
          ]
        }
      ], 
      "box": [
        80, 
        1081, 
        500, 
        25
      ], 
      "checked": true, 
      "id": 335, 
      "origin": "human", 
      "parent": 261, 
      "persons": [
        "Berryer ( veuve )"
      ], 
      "score": 0.5, 
      "text_ocr": "##Berryer ( veuve )##, @@R. de Grenelle@@, $$389$$. @@Ouest@@.\n", 
      "type": "ENTRY"
    }, 
    {
      "EOL": false, 
      "box": [
        80, 
        1106, 
        491, 
        24
      ], 
      "id": 338, 
      "indented": true, 
      "parent": 337, 
      "text": "", 
      "type": "LINE"
    }, 
    {
      "addresses": [
        {
          "street_name": "R. Appoline", 
          "street_numbers": [
            "26"
          ]
        }
      ], 
      "box": [
        80, 
        1106, 
        491, 
        24
      ], 
      "checked": true, 
      "id": 337, 
      "origin": "human", 
      "parent": 261, 
      "persons": [
        "Bersolle"
      ], 
      "score": 0.5, 
      "text_ocr": "##Bersolle## , @@R. Appoline@@ , $$26$$. @@Amis de la Patrie@@.\n", 
      "type": "ENTRY"
    }, 
    {
      "EOL": false, 
      "box": [
        81, 
        1128, 
        558, 
        27
      ], 
      "id": 340, 
      "indented": true, 
      "parent": 339, 
      "text": "", 
      "type": "LINE"
    }, 
    {
      "addresses": [
        {
          "street_name": "R. de la Victoire", 
          "street_numbers": [
            "7"
          ]
        }
      ], 
      "box": [
        81, 
        1128, 
        558, 
        27
      ], 
      "checked": true, 
      "id": 339, 
      "origin": "human", 
      "parent": 261, 
      "persons": [
        "Berthier"
      ], 
      "score": 0.9411764705882353, 
      "text_ocr": "##Berthier## , \u00a3\u00a3g\u00e9n\u00e9ral\u00a3\u00a3, @@R. de la Victoire@@, $$7$$. @@Mont Blanc@@.\n", 
      "type": "ENTRY"
    }, 
    {
      "EOL": false, 
      "box": [
        82, 
        1151, 
        650, 
        27
      ], 
      "id": 342, 
      "indented": true, 
      "parent": 341, 
      "text": "", 
      "type": "LINE"
    }, 
    {
      "addresses": [
        {
          "street_name": "R. Neuve des Capucines", 
          "street_numbers": [
            "524"
          ]
        }
      ], 
      "box": [
        82, 
        1151, 
        650, 
        27
      ], 
      "checked": true, 
      "id": 341, 
      "origin": "human", 
      "parent": 261, 
      "persons": [
        "Berthier"
      ], 
      "score": 0.5, 
      "text_ocr": "##Berthier##, \u00a3\u00a3g\u00e9n\u00e9ral\u00a3\u00a3, @@R. Neuve des Capucines@@ , $$524$$. @@PI. Vendome@@.\n", 
      "type": "ENTRY"
    }, 
    {
      "EOL": false, 
      "box": [
        82, 
        1178, 
        317, 
        21
      ], 
      "id": 344, 
      "indented": true, 
      "parent": 343, 
      "text": "", 
      "type": "LINE"
    }, 
    {
      "addresses": [
        {
          "street_name": "PI. Vendome", 
          "street_numbers": [
            "111"
          ]
        }
      ], 
      "box": [
        82, 
        1178, 
        317, 
        21
      ], 
      "checked": true, 
      "id": 343, 
      "origin": "human", 
      "parent": 261, 
      "persons": [
        "Berthier"
      ], 
      "score": 1.0, 
      "text_ocr": "##Berthier## , @@PI. Vendome@@, $$111$$.\n", 
      "type": "ENTRY"
    }, 
    {
      "EOL": false, 
      "box": [
        83, 
        1201, 
        402, 
        23
      ], 
      "id": 346, 
      "indented": true, 
      "parent": 345, 
      "text": "", 
      "type": "LINE"
    }, 
    {
      "addresses": [
        {
          "street_name": "R. des Jeuneurs", 
          "street_numbers": [
            "404"
          ]
        }
      ], 
      "box": [
        83, 
        1201, 
        402, 
        23
      ], 
      "checked": true, 
      "id": 345, 
      "origin": "human", 
      "parent": 261, 
      "persons": [
        "Bertin"
      ], 
      "score": 0.9333333333333333, 
      "text_ocr": "##Bertin## , @@R. des Jeuneurs@@, $$404$$, @@Brutus@@.\n", 
      "type": "ENTRY"
    }, 
    {
      "EOL": false, 
      "box": [
        84, 
        1225, 
        367, 
        24
      ], 
      "id": 348, 
      "indented": true, 
      "parent": 347, 
      "text": "", 
      "type": "LINE"
    }, 
    {
      "addresses": [
        {
          "street_name": "R. Honor\u00e9", 
          "street_numbers": [
            "1409"
          ]
        }
      ], 
      "box": [
        84, 
        1225, 
        367, 
        24
      ], 
      "checked": true, 
      "id": 347, 
      "origin": "human", 
      "parent": 261, 
      "persons": [
        "Bertin"
      ], 
      "score": 0.25, 
      "text_ocr": "##Bertin##, @@R. Honor\u00e9@@, $$1409$$. @@B. des M@@.\n", 
      "type": "ENTRY"
    }, 
    {
      "EOL": false, 
      "box": [
        84, 
        1246, 
        634, 
        27
      ], 
      "id": 350, 
      "indented": true, 
      "parent": 349, 
      "text": "", 
      "type": "LINE"
    }, 
    {
      "addresses": [
        {
          "street_name": "R. de la Loi", 
          "street_numbers": [
            "1243"
          ]
        }
      ], 
      "box": [
        84, 
        1246, 
        634, 
        27
      ], 
      "checked": true, 
      "id": 349, 
      "origin": "human", 
      "parent": 261, 
      "persons": [
        "Bertin ( madame)"
      ], 
      "score": 0.0, 
      "text_ocr": "##Bertin ( madame)##, @@R. de la Loi@@, $$1243$$. @@Butte des Moulins@@.\n", 
      "type": "ENTRY"
    }, 
    {
      "EOL": false, 
      "box": [
        85, 
        1273, 
        388, 
        24
      ], 
      "id": 352, 
      "indented": true, 
      "parent": 351, 
      "text": "", 
      "type": "LINE"
    }, 
    {
      "addresses": [
        {
          "street_name": "R. Projett\u00e9e", 
          "street_numbers": [
            "4"
          ]
        }
      ], 
      "box": [
        85, 
        1273, 
        388, 
        24
      ], 
      "checked": true, 
      "id": 351, 
      "origin": "human", 
      "parent": 261, 
      "persons": [
        "Bertin"
      ], 
      "score": 0.5, 
      "text_ocr": "##Bertin## , @@R. Projett\u00e9e@@, $$4$$. @@Lepelletier@@.\n", 
      "type": "ENTRY"
    }, 
    {
      "EOL": false, 
      "box": [
        85, 
        1297, 
        343, 
        22
      ], 
      "id": 354, 
      "indented": true, 
      "parent": 353, 
      "text": "", 
      "type": "LINE"
    }, 
    {
      "addresses": [
        {
          "street_name": "R. Fiacre", 
          "street_numbers": [
            "423"
          ]
        }
      ], 
      "box": [
        85, 
        1297, 
        343, 
        22
      ], 
      "checked": true, 
      "id": 353, 
      "origin": "human", 
      "parent": 261, 
      "persons": [
        "Berton"
      ], 
      "score": 0.5, 
      "text_ocr": "##Berton## , @@R. Fiacre@@, $$423$$.  @@Brutus@@.\n", 
      "type": "ENTRY"
    }, 
    {
      "EOL": false, 
      "box": [
        84, 
        1317, 
        497, 
        28
      ], 
      "id": 356, 
      "indented": true, 
      "parent": 355, 
      "text": "", 
      "type": "LINE"
    }, 
    {
      "addresses": [
        {
          "street_name": "Grande R. de Reuilly", 
          "street_numbers": [
            "48"
          ]
        }
      ], 
      "box": [
        84, 
        1317, 
        497, 
        28
      ], 
      "checked": true, 
      "id": 355, 
      "origin": "human", 
      "parent": 261, 
      "persons": [
        "Bertrand"
      ], 
      "score": 0.5, 
      "text_ocr": "##Bertrand##, @@Grande R. de Reuilly@@ , $$48$$. @@Quinze-V@@.\n", 
      "type": "ENTRY"
    }, 
    {
      "EOL": false, 
      "box": [
        87, 
        1341, 
        626, 
        26
      ], 
      "id": 358, 
      "indented": true, 
      "parent": 357, 
      "text": "", 
      "type": "LINE"
    }, 
    {
      "addresses": [
        {
          "street_name": "R. du Sentier", 
          "street_numbers": [
            "446"
          ]
        }
      ], 
      "box": [
        87, 
        1341, 
        626, 
        26
      ], 
      "checked": true, 
      "id": 357, 
      "origin": "human", 
      "parent": 261, 
      "persons": [
        "Bertrand-de-Vieuville ( veuve )"
      ], 
      "score": 0.9230769230769231, 
      "text_ocr": "##Bertrand-de-Vieuville ( veuve )## , @@R. du Sentier@@, $$446$$. @@Brutus@@.\n", 
      "type": "ENTRY"
    }, 
    {
      "EOL": false, 
      "box": [
        87, 
        1362, 
        749, 
        29
      ], 
      "id": 360, 
      "indented": true, 
      "parent": 359, 
      "text": "", 
      "type": "LINE"
    }, 
    {
      "addresses": [
        {
          "street_name": "Pal. du Trib", 
          "street_numbers": [
            "21\u201426"
          ]
        }
      ], 
      "box": [
        87, 
        1362, 
        749, 
        29
      ], 
      "checked": true, 
      "id": 359, 
      "origin": "human", 
      "parent": 261, 
      "persons": [
        "Bertrand"
      ], 
      "score": 0.0, 
      "text_ocr": "##Bertrand## , \u00a3\u00a3tient cab. de fig. pour la chirurgie\u00a3\u00a3, @@Pal. du Trib@@. $$21\u201426$$. @@B. des M@@.\n", 
      "type": "ENTRY"
    }, 
    {
      "EOL": false, 
      "box": [
        86, 
        1390, 
        521, 
        25
      ], 
      "id": 362, 
      "indented": true, 
      "parent": 361, 
      "text": "", 
      "type": "LINE"
    }, 
    {
      "addresses": [
        {
          "street_name": "R. de Beaune", 
          "street_numbers": [
            "625"
          ]
        }
      ], 
      "box": [
        86, 
        1390, 
        521, 
        25
      ], 
      "checked": true, 
      "id": 361, 
      "origin": "human", 
      "parent": 261, 
      "persons": [
        "Bertrand ( Mme. )"
      ], 
      "score": 0.5, 
      "text_ocr": "##Bertrand ( Mme. )##, @@R. de Beaune@@ , $$625$$. @@Grenelle@@.\n", 
      "type": "ENTRY"
    }, 
    {
      "EOL": false, 
      "box": [
        85, 
        1415, 
        467, 
        25
      ], 
      "id": 364, 
      "indented": true, 
      "parent": 363, 
      "text": "", 
      "type": "LINE"
    }, 
    {
      "addresses": [
        {
          "street_name": "R. de Grenelle", 
          "street_numbers": [
            "324"
          ]
        }
      ], 
      "box": [
        85, 
        1415, 
        467, 
        25
      ], 
      "checked": true, 
      "id": 363, 
      "origin": "human", 
      "parent": 261, 
      "persons": [
        "Berulles (fils)"
      ], 
      "score": 0.9285714285714286, 
      "text_ocr": "##Berulles (fils)## , @@R. de Grenelle@@, $$324$$. @@Ouest@@.\n", 
      "type": "ENTRY"
    }, 
    {
      "EOL": false, 
      "box": [
        87, 
        1433, 
        749, 
        29
      ], 
      "id": 366, 
      "indented": true, 
      "parent": 365, 
      "text": "", 
      "type": "LINE"
    }, 
    {
      "addresses": [
        {
          "street_name": "Q. d'Or\u00e7ay", 
          "street_numbers": [
            "24"
          ]
        }
      ], 
      "box": [
        87, 
        1433, 
        749, 
        29
      ], 
      "checked": true, 
      "id": 365, 
      "origin": "human", 
      "parent": 261, 
      "persons": [
        "Bessiere"
      ], 
      "score": 0.5, 
      "text_ocr": "##Bessiere## , \u00a3\u00a3commandant de la garde des Consuls\u00a3\u00a3 , @@Q. d'Or\u00e7ay@@ , $$24$$. @@Grenell@@.\n", 
      "type": "ENTRY"
    }, 
    {
      "EOL": false, 
      "box": [
        89, 
        1463, 
        446, 
        21
      ], 
      "id": 368, 
      "indented": true, 
      "parent": 367, 
      "text": "", 
      "type": "LINE"
    }, 
    {
      "addresses": [
        {
          "street_name": "R. Neuve Eustache", 
          "street_numbers": [
            "276"
          ]
        }
      ], 
      "box": [
        89, 
        1463, 
        446, 
        21
      ], 
      "checked": true, 
      "id": 367, 
      "origin": "human", 
      "parent": 261, 
      "persons": [
        "Besson"
      ], 
      "score": 0.5, 
      "text_ocr": "##Besson## , @@R. Neuve Eustache@@ , $$276$$. @@Brutus@@.\n", 
      "type": "ENTRY"
    }, 
    {
      "EOL": false, 
      "box": [
        89, 
        1484, 
        531, 
        28
      ], 
      "id": 370, 
      "indented": true, 
      "parent": 369, 
      "text": "", 
      "type": "LINE"
    }, 
    {
      "addresses": [
        {
          "street_name": "R. de Lille", 
          "street_numbers": [
            "705"
          ]
        }
      ], 
      "box": [
        89, 
        1484, 
        531, 
        28
      ], 
      "checked": true, 
      "id": 369, 
      "origin": "human", 
      "parent": 261, 
      "persons": [
        "Bethencourt"
      ], 
      "score": 0.875, 
      "text_ocr": "##Bethencourt## , \u00a3\u00a3g\u00e9n\u00e9ral\u00a3\u00a3, @@R. de Lille@@, $$705$$. @@Grenelle@@.\n", 
      "type": "ENTRY"
    }, 
    {
      "box": [
        67, 
        203, 
        769, 
        1309
      ], 
      "id": 261, 
      "parent": 260, 
      "type": "COLUMN_LEVEL_2"
    }, 
    {
      "box": [
        67, 
        203, 
        769, 
        1309
      ], 
      "id": 260, 
      "parent": 259, 
      "type": "SECTION_LEVEL_2"
    }, 
    {
      "box": [
        67, 
        203, 
        769, 
        1309
      ], 
      "id": 259, 
      "parent": 258, 
      "type": "COLUMN_LEVEL_1"
    }, 
    {
      "box": [
        67, 
        203, 
        769, 
        1309
      ], 
      "id": 258, 
      "parent": 256, 
      "type": "SECTION_LEVEL_1"
    }, 
    {
      "box": [
        67, 
        163, 
        769, 
        1349
      ], 
      "id": 256, 
      "type": "PAGE"
    }
  ], 
  "mode": "cached"
}
