[
  {
    "EOL": false,
    "box": [
      226,
      132,
      50,
      21
    ],
    "id": 262,
    "indented": false,
    "parent": 261,
    "text": "",
    "type": "LINE"
  },
  {
    "addresses": [],
    "box": [
      226,
      132,
      50,
      21
    ],
    "checked": false,
    "id": 261,
    "ner_xml": "<CARDINAL>2</CARDINAL><CARDINAL>10</CARDINAL>\n",
    "origin": "computer",
    "parent": 260,
    "persons": [],
    "text_ocr": "2 10\n",
    "type": "ENTRY"
  },
  {
    "EOL": false,
    "box": [
      224,
      132,
      434,
      61
    ],
    "id": 264,
    "indented": true,
    "parent": 263,
    "text": "",
    "type": "LINE"
  },
  {
    "addresses": [],
    "box": [
      224,
      132,
      434,
      61
    ],
    "checked": false,
    "id": 263,
    "ner_xml": "<CARDINAL>410</CARDINAL><PER>Cuoyens\nNormand, R. des Saussayes</PER>,<CARDINAL>1247</CARDINAL>. Roule.\n",
    "origin": "computer",
    "parent": 260,
    "persons": [
      "Cuoyens\nNormand, R. des Saussayes"
    ],
    "text_ocr": "410 Cuoyens\nNormand, R. des Saussayes, 1247. Roule.\n",
    "type": "ENTRY"
  },
  {
    "EOL": false,
    "box": [
      224,
      192,
      651,
      32
    ],
    "id": 266,
    "indented": true,
    "parent": 265,
    "text": "",
    "type": "LINE"
  },
  {
    "addresses": [
      {
        "street_name": "Palais du Tribunat",
        "street_numbers": []
      }
    ],
    "box": [
      224,
      192,
      651,
      32
    ],
    "checked": false,
    "id": 265,
    "ner_xml": "<PER>Nory</PER>,<ACT>musicien</ACT>,<LOC>Palais du Tribunat</LOC>, 13—r$. Butte des Moulir\n",
    "origin": "computer",
    "parent": 260,
    "persons": [
      "Nory"
    ],
    "text_ocr": "Nory, musicien, Palais du Tribunat, 13—r$. Butte des Moulir\n",
    "type": "ENTRY"
  },
  {
    "EOL": false,
    "box": [
      224,
      215,
      532,
      28
    ],
    "id": 268,
    "indented": true,
    "parent": 267,
    "text": "",
    "type": "LINE"
  },
  {
    "addresses": [
      {
        "street_name": "KR. de Grammont",
        "street_numbers": []
      }
    ],
    "box": [
      224,
      215,
      532,
      28
    ],
    "checked": false,
    "id": 267,
    "ner_xml": "<PER>Nouert ( veuve }</PER>,<LOC>KR. de Grammont</LOC>,<ACT>sso. Lev-lletier</ACT>.\n",
    "origin": "computer",
    "parent": 260,
    "persons": [
      "Nouert ( veuve }"
    ],
    "text_ocr": "Nouert ( veuve }, KR. de Grammont, sso. Lev-lletier.\n",
    "type": "ENTRY"
  },
  {
    "EOL": false,
    "box": [
      224,
      239,
      556,
      29
    ],
    "id": 270,
    "indented": true,
    "parent": 269,
    "text": "",
    "type": "LINE"
  },
  {
    "addresses": [],
    "box": [
      224,
      239,
      556,
      29
    ],
    "checked": false,
    "id": 269,
    "ner_xml": "<PER>Nouette ( veuve)</PER>,<TITRE>R. de Provence</TITRE>» 8— 10.<PER>Mont Blanc</PER>.\n",
    "origin": "computer",
    "parent": 260,
    "persons": [
      "Nouette ( veuve)",
      "Mont Blanc"
    ],
    "text_ocr": "Nouette ( veuve), R. de Provence » 8— 10. Mont Blanc.\n",
    "type": "ENTRY"
  },
  {
    "EOL": false,
    "box": [
      224,
      263,
      501,
      22
    ],
    "id": 272,
    "indented": true,
    "parent": 271,
    "text": "",
    "type": "LINE"
  },
  {
    "addresses": [],
    "box": [
      224,
      263,
      501,
      22
    ],
    "checked": false,
    "id": 271,
    "ner_xml": "<PER>Nouerte ( Mme. )</PER>,<ACT>K. du Helder .</ACT><CARDINAL>9</CARDINAL>Mont Blanr\n",
    "origin": "computer",
    "parent": 260,
    "persons": [
      "Nouerte ( Mme. )"
    ],
    "text_ocr": "Nouerte ( Mme. ), K. du Helder . 9 Mont Blanr\n",
    "type": "ENTRY"
  },
  {
    "box": [
      220,
      132,
      659,
      153
    ],
    "id": 260,
    "parent": 259,
    "type": "COLUMN_LEVEL_2"
  },
  {
    "box": [
      220,
      132,
      659,
      153
    ],
    "id": 259,
    "parent": 258,
    "type": "SECTION_LEVEL_2"
  },
  {
    "box": [
      220,
      132,
      659,
      153
    ],
    "id": 258,
    "parent": 257,
    "type": "COLUMN_LEVEL_1"
  },
  {
    "box": [
      211,
      132,
      668,
      153
    ],
    "id": 257,
    "parent": 256,
    "type": "SECTION_LEVEL_1"
  },
  {
    "EOL": false,
    "box": [
      247,
      357,
      426,
      27
    ],
    "id": 278,
    "indented": false,
    "parent": 277,
    "text": "",
    "type": "LINE"
  },
  {
    "addresses": [
      {
        "street_name": "Cassette",
        "street_numbers": [
          "860"
        ]
      }
    ],
    "box": [
      247,
      357,
      426,
      27
    ],
    "checked": false,
    "id": 277,
    "ner_xml": "OBLED , R.<LOC>Cassette</LOC>,<CARDINAL>860</CARDINAL>.<PER>Luxemboure</PER>.\n",
    "origin": "computer",
    "parent": 276,
    "persons": [
      "Luxemboure"
    ],
    "text_ocr": "OBLED , R. Cassette, 860. Luxemboure.\n",
    "type": "ENTRY"
  },
  {
    "EOL": false,
    "box": [
      224,
      381,
      648,
      31
    ],
    "id": 280,
    "indented": true,
    "parent": 279,
    "text": "",
    "type": "LINE"
  },
  {
    "addresses": [],
    "box": [
      224,
      381,
      648,
      31
    ],
    "checked": false,
    "id": 279,
    "ner_xml": "<PER>Odeau-de-Ronseray (veuve)</PER>,<TITRE>R. du Faub</TITRE>. Honoré,<CARDINAL>38</CARDINAL>.<PER>Roule\n</PER>",
    "origin": "computer",
    "parent": 276,
    "persons": [
      "Odeau-de-Ronseray (veuve)",
      "Roule\n"
    ],
    "text_ocr": "Odeau-de-Ronseray (veuve), R. du Faub. Honoré, 38. Roule\n",
    "type": "ENTRY"
  },
  {
    "EOL": false,
    "box": [
      223,
      405,
      552,
      27
    ],
    "id": 282,
    "indented": true,
    "parent": 281,
    "text": "",
    "type": "LINE"
  },
  {
    "addresses": [],
    "box": [
      223,
      405,
      552,
      27
    ],
    "checked": false,
    "id": 281,
    "ner_xml": "Ofmann , KR. Vieille du Temple,<CARDINAL>179</CARDINAL>. Homme<PER>Ariné</PER>.\n",
    "origin": "computer",
    "parent": 276,
    "persons": [
      "Ariné"
    ],
    "text_ocr": "Ofmann , KR. Vieille du Temple, 179. Homme Ariné.\n",
    "type": "ENTRY"
  },
  {
    "EOL": false,
    "box": [
      223,
      429,
      476,
      25
    ],
    "id": 284,
    "indented": true,
    "parent": 283,
    "text": "",
    "type": "LINE"
  },
  {
    "addresses": [],
    "box": [
      223,
      429,
      476,
      25
    ],
    "checked": false,
    "id": 283,
    "ner_xml": "<PER>Ogée ( veuve)</PER>, K.. Jean de l'Epine ,<CARDINAL>+</CARDINAL>.<PER>Arcis</PER>.\n",
    "origin": "computer",
    "parent": 276,
    "persons": [
      "Ogée ( veuve)",
      "Arcis"
    ],
    "text_ocr": "Ogée ( veuve), K.. Jean de l'Epine , +. Arcis.\n",
    "type": "ENTRY"
  },
  {
    "EOL": false,
    "box": [
      222,
      453,
      400,
      23
    ],
    "id": 286,
    "indented": true,
    "parent": 285,
    "text": "",
    "type": "LINE"
  },
  {
    "addresses": [],
    "box": [
      222,
      453,
      400,
      23
    ],
    "checked": false,
    "id": 285,
    "ner_xml": "<PER>Olery , K. de Provence</PER>,<CARDINAL>52</CARDINAL>.<PER>Mont BI.\n</PER>",
    "origin": "computer",
    "parent": 276,
    "persons": [
      "Olery , K. de Provence",
      "Mont BI.\n"
    ],
    "text_ocr": "Olery , K. de Provence, 52. Mont BI.\n",
    "type": "ENTRY"
  },
  {
    "EOL": false,
    "box": [
      221,
      477,
      586,
      28
    ],
    "id": 288,
    "indented": true,
    "parent": 287,
    "text": "",
    "type": "LINE"
  },
  {
    "addresses": [
      {
        "street_name": "Faydeau",
        "street_numbers": [
          "263"
        ]
      }
    ],
    "box": [
      221,
      477,
      586,
      28
    ],
    "checked": false,
    "id": 287,
    "ner_xml": "<PER>Olivier (femme Kapally )</PER>,<CARDINAL>R.</CARDINAL><LOC>Faydeau</LOC>,<CARDINAL>263</CARDINAL>.<PER>Lepelletier</PER>.\n",
    "origin": "computer",
    "parent": 276,
    "persons": [
      "Olivier (femme Kapally )",
      "Lepelletier"
    ],
    "text_ocr": "Olivier (femme Kapally ), R. Faydeau , 263. Lepelletier.\n",
    "type": "ENTRY"
  },
  {
    "EOL": false,
    "box": [
      222,
      500,
      525,
      25
    ],
    "id": 290,
    "indented": true,
    "parent": 289,
    "text": "",
    "type": "LINE"
  },
  {
    "addresses": [],
    "box": [
      222,
      500,
      525,
      25
    ],
    "checked": false,
    "id": 289,
    "ner_xml": "<PER>Ollevaer , K. des Peiites Ecuries</PER>,<CARDINAL>20</CARDINAL>.<PER>Poissonnière</PER>.\n",
    "origin": "computer",
    "parent": 276,
    "persons": [
      "Ollevaer , K. des Peiites Ecuries",
      "Poissonnière"
    ],
    "text_ocr": "Ollevaer , K. des Peiites Ecuries, 20. Poissonnière.\n",
    "type": "ENTRY"
  },
  {
    "EOL": false,
    "box": [
      222,
      525,
      598,
      29
    ],
    "id": 292,
    "indented": true,
    "parent": 291,
    "text": "",
    "type": "LINE"
  },
  {
    "addresses": [],
    "box": [
      222,
      525,
      598,
      29
    ],
    "checked": false,
    "id": 291,
    "ner_xml": "<PER>Orry, K. da J'aub. Foissonnière</PER>»<CARDINAL>129</CARDINAL>.<PER>Faubourg Mortm</PER>.\n",
    "origin": "computer",
    "parent": 276,
    "persons": [
      "Orry, K. da J'aub. Foissonnière",
      "Faubourg Mortm"
    ],
    "text_ocr": "Orry, K. da J'aub. Foissonnière » 129. Faubourg Mortm.\n",
    "type": "ENTRY"
  },
  {
    "EOL": false,
    "box": [
      221,
      547,
      421,
      24
    ],
    "id": 294,
    "indented": true,
    "parent": 293,
    "text": "",
    "type": "LINE"
  },
  {
    "addresses": [
      {
        "street_name": "Quincampoix",
        "street_numbers": [
          "32"
        ]
      }
    ],
    "box": [
      221,
      547,
      421,
      24
    ],
    "checked": false,
    "id": 293,
    "ner_xml": "<PER>Orsel</PER>,<CARDINAL>R.</CARDINAL><LOC>Quincampoix</LOC>,<CARDINAL>32</CARDINAL>.<TITRE>Lombards</TITRE>.\n",
    "origin": "computer",
    "parent": 276,
    "persons": [
      "Orsel"
    ],
    "text_ocr": "Orsel, R. Quincampoix , 32. Lombards.\n",
    "type": "ENTRY"
  },
  {
    "EOL": false,
    "box": [
      221,
      572,
      550,
      26
    ],
    "id": 296,
    "indented": true,
    "parent": 295,
    "text": "",
    "type": "LINE"
  },
  {
    "addresses": [
      {
        "street_name": "K. Marceau",
        "street_numbers": [
          "4,6"
        ]
      },
      {
        "street_name": "Tuileries",
        "street_numbers": []
      }
    ],
    "box": [
      221,
      572,
      550,
      26
    ],
    "checked": false,
    "id": 295,
    "ner_xml": "<PER>Opkins</PER>,<ACT>comédienne</ACT>,<LOC>K. Marceau</LOC>,<CARDINAL>4,6</CARDINAL>.<LOC>Tuileries</LOC>.\n",
    "origin": "computer",
    "parent": 276,
    "persons": [
      "Opkins"
    ],
    "text_ocr": "Opkins, comédienne , K. Marceau, 4,6. Tuileries.\n",
    "type": "ENTRY"
  },
  {
    "EOL": false,
    "box": [
      222,
      595,
      479,
      27
    ],
    "id": 298,
    "indented": true,
    "parent": 297,
    "text": "",
    "type": "LINE"
  },
  {
    "addresses": [
      {
        "street_name": "KR. du Faubourg Lazare",
        "street_numbers": [
          "409"
        ]
      }
    ],
    "box": [
      222,
      595,
      479,
      27
    ],
    "checked": false,
    "id": 297,
    "ner_xml": "<TITRE>Osmann</TITRE>,<LOC>KR. du Faubourg Lazare</LOC>,<CARDINAL>409</CARDINAL>, Nord,\n",
    "origin": "computer",
    "parent": 276,
    "persons": [],
    "text_ocr": "Osmann , KR. du Faubourg Lazare , 409, Nord,\n",
    "type": "ENTRY"
  },
  {
    "EOL": false,
    "box": [
      221,
      619,
      379,
      24
    ],
    "id": 300,
    "indented": true,
    "parent": 299,
    "text": "",
    "type": "LINE"
  },
  {
    "addresses": [
      {
        "street_name": "Montinartre",
        "street_numbers": [
          "109"
        ]
      }
    ],
    "box": [
      221,
      619,
      379,
      24
    ],
    "checked": false,
    "id": 299,
    "ner_xml": "<TITRE>Osmont</TITRE>,<CARDINAL>KR</CARDINAL>.<LOC>Montinartre</LOC>,<CARDINAL>109</CARDINAL>.<PER>Mail.\n</PER>",
    "origin": "computer",
    "parent": 276,
    "persons": [
      "Mail.\n"
    ],
    "text_ocr": "Osmont, KR. Montinartre, 109. Mail.\n",
    "type": "ENTRY"
  },
  {
    "EOL": false,
    "box": [
      221,
      642,
      417,
      23
    ],
    "id": 302,
    "indented": true,
    "parent": 301,
    "text": "",
    "type": "LINE"
  },
  {
    "addresses": [
      {
        "street_name": "Osmont",
        "street_numbers": []
      },
      {
        "street_name": "Roule",
        "street_numbers": [
          "264"
        ]
      }
    ],
    "box": [
      221,
      642,
      417,
      23
    ],
    "checked": false,
    "id": 301,
    "ner_xml": "<LOC>Osmont</LOC>, R. du<LOC>Roule</LOC>,<CARDINAL>264</CARDINAL>.<PER>Gardes Fr.\n</PER>",
    "origin": "computer",
    "parent": 276,
    "persons": [
      "Gardes Fr.\n"
    ],
    "text_ocr": "Osmont, R. du Roule , 264. Gardes Fr.\n",
    "type": "ENTRY"
  },
  {
    "EOL": false,
    "box": [
      220,
      667,
      481,
      23
    ],
    "id": 304,
    "indented": true,
    "parent": 303,
    "text": "",
    "type": "LINE"
  },
  {
    "addresses": [],
    "box": [
      220,
      667,
      481,
      23
    ],
    "checked": false,
    "id": 303,
    "ner_xml": "<PER>Oudart, K. de la Cordonnerie</PER>,<CARDINAL>352</CARDINAL>.<PER>Marchés</PER>.\n",
    "origin": "computer",
    "parent": 276,
    "persons": [
      "Oudart, K. de la Cordonnerie",
      "Marchés"
    ],
    "text_ocr": "Oudart, K. de la Cordonnerie, 352. Marchés.\n",
    "type": "ENTRY"
  },
  {
    "EOL": false,
    "box": [
      220,
      691,
      393,
      21
    ],
    "id": 306,
    "indented": true,
    "parent": 305,
    "text": "",
    "type": "LINE"
  },
  {
    "addresses": [],
    "box": [
      220,
      691,
      393,
      21
    ],
    "checked": false,
    "id": 305,
    "ner_xml": "<PER>Ouin , K. Dominique</PER>,<CARDINAL>1044</CARDINAL>.<PER>Grenelle</PER>,\n",
    "origin": "computer",
    "parent": 276,
    "persons": [
      "Ouin , K. Dominique",
      "Grenelle"
    ],
    "text_ocr": "Ouin , K. Dominique ,1044. Grenelle,\n",
    "type": "ENTRY"
  },
  {
    "EOL": false,
    "box": [
      219,
      713,
      603,
      23
    ],
    "id": 308,
    "indented": true,
    "parent": 307,
    "text": "",
    "type": "LINE"
  },
  {
    "addresses": [
      {
        "street_name": "KR. de la Ferme des Mathurins",
        "street_numbers": [
          "862"
        ]
      }
    ],
    "box": [
      219,
      713,
      603,
      23
    ],
    "checked": false,
    "id": 307,
    "ner_xml": "<TITRE>Ozanne</TITRE>,<LOC>KR. de la Ferme des Mathurins</LOC>.<CARDINAL>862</CARDINAL>.<PER>Place Vend</PER>.\n",
    "origin": "computer",
    "parent": 276,
    "persons": [
      "Place Vend"
    ],
    "text_ocr": "Ozanne , KR. de la Ferme des Mathurins . 862. Place Vend.\n",
    "type": "ENTRY"
  },
  {
    "box": [
      216,
      356,
      659,
      380
    ],
    "id": 276,
    "parent": 275,
    "type": "COLUMN_LEVEL_2"
  },
  {
    "box": [
      216,
      356,
      659,
      380
    ],
    "id": 275,
    "parent": 274,
    "type": "SECTION_LEVEL_2"
  },
  {
    "box": [
      216,
      356,
      659,
      380
    ],
    "id": 274,
    "parent": 273,
    "type": "COLUMN_LEVEL_1"
  },
  {
    "box": [
      211,
      356,
      668,
      380
    ],
    "id": 273,
    "parent": 256,
    "type": "SECTION_LEVEL_1"
  },
  {
    "EOL": false,
    "box": [
      242,
      808,
      520,
      24
    ],
    "id": 314,
    "indented": false,
    "parent": 313,
    "text": "",
    "type": "LINE"
  },
  {
    "addresses": [],
    "box": [
      242,
      808,
      520,
      24
    ],
    "checked": false,
    "id": 313,
    "ner_xml": "<PER>PAGANEL , R. Honcré</PER>,<CARDINAL>1492</CARDINAL>. Butte des Moulins.\n",
    "origin": "computer",
    "parent": 312,
    "persons": [
      "PAGANEL , R. Honcré"
    ],
    "text_ocr": "PAGANEL , R. Honcré, 1492. Butte des Moulins.\n",
    "type": "ENTRY"
  },
  {
    "EOL": false,
    "box": [
      217,
      832,
      379,
      24
    ],
    "id": 316,
    "indented": true,
    "parent": 315,
    "text": "",
    "type": "LINE"
  },
  {
    "addresses": [
      {
        "street_name": "Chauchat",
        "street_numbers": [
          "4"
        ]
      }
    ],
    "box": [
      217,
      832,
      379,
      24
    ],
    "checked": false,
    "id": 315,
    "ner_xml": "<PER>Page</PER>,<CARDINAL>R.</CARDINAL><LOC>Chauchat</LOC>,<CARDINAL>4</CARDINAL>.<PER>Mont Blanc</PER>.\n",
    "origin": "computer",
    "parent": 312,
    "persons": [
      "Page",
      "Mont Blanc"
    ],
    "text_ocr": "Page , R. Chauchat ,4. Mont Blanc.\n",
    "type": "ENTRY"
  },
  {
    "EOL": false,
    "box": [
      216,
      856,
      518,
      24
    ],
    "id": 318,
    "indented": true,
    "parent": 317,
    "text": "",
    "type": "LINE"
  },
  {
    "addresses": [
      {
        "street_name": "KR. de Viarmes",
        "street_numbers": [
          "20"
        ]
      }
    ],
    "box": [
      216,
      856,
      518,
      24
    ],
    "checked": false,
    "id": 317,
    "ner_xml": "<PER>Pagès</PER>,<ACT>auteur</ACT>,<LOC>KR. de Viarmes</LOC>,<CARDINAL>20</CARDINAL>.<PER>Halle au Bicd</PER>.\n",
    "origin": "computer",
    "parent": 312,
    "persons": [
      "Pagès",
      "Halle au Bicd"
    ],
    "text_ocr": "Pagès , auteur , KR. de Viarmes , 20. Halle au Bicd.\n",
    "type": "ENTRY"
  },
  {
    "EOL": false,
    "box": [
      216,
      880,
      418,
      25
    ],
    "id": 320,
    "indented": true,
    "parent": 319,
    "text": "",
    "type": "LINE"
  },
  {
    "addresses": [
      {
        "street_name": "Orléans",
        "street_numbers": [
          "12"
        ]
      }
    ],
    "box": [
      216,
      880,
      418,
      25
    ],
    "checked": false,
    "id": 319,
    "ner_xml": "<PER>Paget</PER>,<TITRE>R. d'</TITRE><LOC>Orléans</LOC>,<CARDINAL>12</CARDINAL>.<PER>Halle au Bled\n</PER>",
    "origin": "computer",
    "parent": 312,
    "persons": [
      "Paget",
      "Halle au Bled\n"
    ],
    "text_ocr": "Paget, R. d'Orléans , 12. Halle au Bled\n",
    "type": "ENTRY"
  },
  {
    "EOL": false,
    "box": [
      215,
      904,
      540,
      23
    ],
    "id": 322,
    "indented": true,
    "parent": 321,
    "text": "",
    "type": "LINE"
  },
  {
    "addresses": [
      {
        "street_name": "K. Coq Heron",
        "street_numbers": [
          "174"
        ]
      }
    ],
    "box": [
      215,
      904,
      540,
      23
    ],
    "checked": false,
    "id": 321,
    "ner_xml": "<PER>Pain</PER>,<ACT>homme de lettres</ACT>,<LOC>K. Coq Heron</LOC>,<CARDINAL>174</CARDINAL>.<PER>Mail.\n</PER>",
    "origin": "computer",
    "parent": 312,
    "persons": [
      "Pain",
      "Mail.\n"
    ],
    "text_ocr": "Pain , homme de lettres , K. Coq Heron , 174. Mail.\n",
    "type": "ENTRY"
  },
  {
    "EOL": false,
    "box": [
      215,
      927,
      491,
      23
    ],
    "id": 324,
    "indented": true,
    "parent": 323,
    "text": "",
    "type": "LINE"
  },
  {
    "addresses": [],
    "box": [
      215,
      927,
      491,
      23
    ],
    "checked": false,
    "id": 323,
    "ner_xml": "<PER>Pajot . R, du Faubourg Denis</PER>,<CARDINAL>38</CARDINAL>.<PER>Poissonnierse</PER>.\n",
    "origin": "computer",
    "parent": 312,
    "persons": [
      "Pajot . R, du Faubourg Denis",
      "Poissonnierse"
    ],
    "text_ocr": "Pajot . R, du Faubourg Denis , 38. Poissonnierse.\n",
    "type": "ENTRY"
  },
  {
    "EOL": false,
    "box": [
      216,
      951,
      399,
      23
    ],
    "id": 326,
    "indented": true,
    "parent": 325,
    "text": "",
    "type": "LINE"
  },
  {
    "addresses": [
      {
        "street_name": "Palais",
        "street_numbers": []
      },
      {
        "street_name": "Cadet",
        "street_numbers": [
          "442"
        ]
      }
    ],
    "box": [
      216,
      951,
      399,
      23
    ],
    "checked": false,
    "id": 325,
    "ner_xml": "<LOC>Palais</LOC>, R.<LOC>Cadet</LOC>,<CARDINAL>442</CARDINAL>.<PER>Faub, Montm</PER>.\n",
    "origin": "computer",
    "parent": 312,
    "persons": [
      "Faub, Montm"
    ],
    "text_ocr": "Palais , R. Cadet , 442. Faub, Montm.\n",
    "type": "ENTRY"
  },
  {
    "EOL": false,
    "box": [
      216,
      975,
      533,
      23
    ],
    "id": 328,
    "indented": true,
    "parent": 327,
    "text": "",
    "type": "LINE"
  },
  {
    "addresses": [],
    "box": [
      216,
      975,
      533,
      23
    ],
    "checked": false,
    "id": 327,
    "ner_xml": "<PER>Pallard</PER>, KR.<PER>Neuve des Mathurins</PER>,<CARDINAL>382</CARDINAL>.<PER>Place Vend.\n</PER>",
    "origin": "computer",
    "parent": 312,
    "persons": [
      "Pallard",
      "Neuve des Mathurins",
      "Place Vend.\n"
    ],
    "text_ocr": "Pallard , KR. Neuve des Mathurins , 382. Place Vend.\n",
    "type": "ENTRY"
  },
  {
    "EOL": false,
    "box": [
      214,
      998,
      511,
      22
    ],
    "id": 330,
    "indented": true,
    "parent": 329,
    "text": "",
    "type": "LINE"
  },
  {
    "addresses": [],
    "box": [
      214,
      998,
      511,
      22
    ],
    "checked": false,
    "id": 329,
    "ner_xml": "<PER>Paisa . R. Neuve des Mathurins</PER>,<CARDINAL>826</CARDINAL>.<PER>Place Vend.\n</PER>",
    "origin": "computer",
    "parent": 312,
    "persons": [
      "Paisa . R. Neuve des Mathurins",
      "Place Vend.\n"
    ],
    "text_ocr": "Paisa . R. Neuve des Mathurins , 826. Place Vend.\n",
    "type": "ENTRY"
  },
  {
    "EOL": false,
    "box": [
      215,
      1021,
      429,
      25
    ],
    "id": 332,
    "indented": true,
    "parent": 331,
    "text": "",
    "type": "LINE"
  },
  {
    "addresses": [],
    "box": [
      215,
      1021,
      429,
      25
    ],
    "checked": false,
    "id": 331,
    "ner_xml": "<PER>Panckoucke</PER>,<PER>K. de Grenelle</PER>,<CARDINAL>334</CARDINAL>. Quesr.\n",
    "origin": "computer",
    "parent": 312,
    "persons": [
      "Panckoucke",
      "K. de Grenelle"
    ],
    "text_ocr": "Panckoucke , K. de Grenelle , 334. Quesr.\n",
    "type": "ENTRY"
  },
  {
    "EOL": false,
    "box": [
      215,
      1046,
      526,
      25
    ],
    "id": 334,
    "indented": true,
    "parent": 333,
    "text": "",
    "type": "LINE"
  },
  {
    "addresses": [],
    "box": [
      215,
      1046,
      526,
      25
    ],
    "checked": false,
    "id": 333,
    "ner_xml": "<PER>Panifex</PER>,<TITRE>R. Projertée Michaudière</TITRE>,<CARDINAL>3</CARDINAL>.<PER>Lepelicrier</PER>.\n",
    "origin": "computer",
    "parent": 312,
    "persons": [
      "Panifex",
      "Lepelicrier"
    ],
    "text_ocr": "Panifex , R. Projertée Michaudière , 3. Lepelicrier.\n",
    "type": "ENTRY"
  },
  {
    "EOL": false,
    "box": [
      215,
      1071,
      517,
      24
    ],
    "id": 336,
    "indented": true,
    "parent": 335,
    "text": "",
    "type": "LINE"
  },
  {
    "addresses": [
      {
        "street_name": "Faubourg Denis",
        "street_numbers": [
          "34"
        ]
      }
    ],
    "box": [
      215,
      1071,
      517,
      24
    ],
    "checked": false,
    "id": 335,
    "ner_xml": "<PER>Pantian</PER>,<ACT>général de brigade</ACT>,<LOC>Faubourg Denis</LOC>,<CARDINAL>34</CARDINAL>.\n",
    "origin": "computer",
    "parent": 312,
    "persons": [
      "Pantian"
    ],
    "text_ocr": "Pantian , général de brigade , Faubourg Denis , 34.\n",
    "type": "ENTRY"
  },
  {
    "EOL": false,
    "box": [
      215,
      1094,
      504,
      24
    ],
    "id": 338,
    "indented": true,
    "parent": 337,
    "text": "",
    "type": "LINE"
  },
  {
    "addresses": [
      {
        "street_name": "K. Chauchat",
        "street_numbers": [
          "2"
        ]
      }
    ],
    "box": [
      215,
      1094,
      504,
      24
    ],
    "checked": false,
    "id": 337,
    "ner_xml": "<PER>Pantigny ( veuve )</PER>,<LOC>K. Chauchat</LOC>,<CARDINAL>2</CARDINAL>Mont Bianc.\n",
    "origin": "computer",
    "parent": 312,
    "persons": [
      "Pantigny ( veuve )"
    ],
    "text_ocr": "Pantigny ( veuve ) , K. Chauchat , 2 Mont Bianc.\n",
    "type": "ENTRY"
  },
  {
    "EOL": false,
    "box": [
      215,
      1117,
      562,
      25
    ],
    "id": 340,
    "indented": true,
    "parent": 339,
    "text": "",
    "type": "LINE"
  },
  {
    "addresses": [],
    "box": [
      215,
      1117,
      562,
      25
    ],
    "checked": false,
    "id": 339,
    "ner_xml": "<PER>Para de Chalandry</PER>,<ACT>K. de l'Université</ACT>,<CARDINAL>345</CARDINAL>.<PER>Grenelle\n</PER>",
    "origin": "computer",
    "parent": 312,
    "persons": [
      "Para de Chalandry",
      "Grenelle\n"
    ],
    "text_ocr": "Para de Chalandry , K. de l'Université , 345. Grenelle\n",
    "type": "ENTRY"
  },
  {
    "EOL": false,
    "box": [
      215,
      1141,
      374,
      23
    ],
    "id": 342,
    "indented": true,
    "parent": 341,
    "text": "",
    "type": "LINE"
  },
  {
    "addresses": [],
    "box": [
      215,
      1141,
      374,
      23
    ],
    "checked": false,
    "id": 341,
    "ner_xml": "<PER>Paré .</PER>,<CARDINAL>R. ec</CARDINAL>Div. du Mont Blanc,<CARDINAL>26</CARDINAL>.\n",
    "origin": "computer",
    "parent": 312,
    "persons": [
      "Paré ."
    ],
    "text_ocr": "Paré ., R. ec Div. du Mont Blanc, 26.\n",
    "type": "ENTRY"
  },
  {
    "EOL": false,
    "box": [
      213,
      1165,
      394,
      22
    ],
    "id": 344,
    "indented": true,
    "parent": 343,
    "text": "",
    "type": "LINE"
  },
  {
    "addresses": [
      {
        "street_name": "Aumaire",
        "street_numbers": [
          "121"
        ]
      },
      {
        "street_name": "Gravilliers",
        "street_numbers": []
      }
    ],
    "box": [
      213,
      1165,
      394,
      22
    ],
    "checked": false,
    "id": 343,
    "ner_xml": "<PER>Parent</PER>,<CARDINAL>R.</CARDINAL><LOC>Aumaire</LOC>,<CARDINAL>121</CARDINAL>.<LOC>Gravilliers</LOC>.\n",
    "origin": "computer",
    "parent": 312,
    "persons": [
      "Parent"
    ],
    "text_ocr": "Parent , R. Aumaire , 121. Gravilliers.\n",
    "type": "ENTRY"
  },
  {
    "EOL": false,
    "box": [
      213,
      1189,
      510,
      23
    ],
    "id": 346,
    "indented": true,
    "parent": 345,
    "text": "",
    "type": "LINE"
  },
  {
    "addresses": [],
    "box": [
      213,
      1189,
      510,
      23
    ],
    "checked": false,
    "id": 345,
    "ner_xml": "<PER>Parent-Philippe</PER>,<ACT>KR. de Menars |</ACT><CARDINAL>570</CARDINAL>.<PER>Lepclietier</PER>.\n",
    "origin": "computer",
    "parent": 312,
    "persons": [
      "Parent-Philippe",
      "Lepclietier"
    ],
    "text_ocr": "Parent-Philippe , KR. de Menars | 570. Lepclietier.\n",
    "type": "ENTRY"
  },
  {
    "EOL": false,
    "box": [
      211,
      1212,
      436,
      23
    ],
    "id": 348,
    "indented": true,
    "parent": 347,
    "text": "",
    "type": "LINE"
  },
  {
    "addresses": [
      {
        "street_name": "KR. de Grenelle",
        "street_numbers": [
          "98"
        ]
      }
    ],
    "box": [
      211,
      1212,
      436,
      23
    ],
    "checked": false,
    "id": 347,
    "ner_xml": "<PER>Parmentier</PER>,<LOC>KR. de Grenelle</LOC>,<CARDINAL>98</CARDINAL>.<PER>Grencile.\n</PER>",
    "origin": "computer",
    "parent": 312,
    "persons": [
      "Parmentier",
      "Grencile.\n"
    ],
    "text_ocr": "Parmentier, KR. de Grenelle, 98. Grencile.\n",
    "type": "ENTRY"
  },
  {
    "EOL": false,
    "box": [
      212,
      1236,
      356,
      22
    ],
    "id": 350,
    "indented": true,
    "parent": 349,
    "text": "",
    "type": "LINE"
  },
  {
    "addresses": [
      {
        "street_name": "KR. de Lille",
        "street_numbers": []
      }
    ],
    "box": [
      212,
      1236,
      356,
      22
    ],
    "checked": false,
    "id": 349,
    "ner_xml": "<TITRE>Paron</TITRE>,<LOC>KR. de Lille</LOC>, s40. Grenelle.\n",
    "origin": "computer",
    "parent": 312,
    "persons": [],
    "text_ocr": "Paron , KR. de Lille , s40. Grenelle.\n",
    "type": "ENTRY"
  },
  {
    "EOL": false,
    "box": [
      211,
      1259,
      584,
      23
    ],
    "id": 352,
    "indented": true,
    "parent": 351,
    "text": "",
    "type": "LINE"
  },
  {
    "addresses": [
      {
        "street_name": "KR. Neuve Gilles",
        "street_numbers": [
          "06"
        ]
      }
    ],
    "box": [
      211,
      1259,
      584,
      23
    ],
    "checked": false,
    "id": 351,
    "ner_xml": "<PER>Parseval</PER>,<ACT>homme de lettres</ACT>,<LOC>KR. Neuve Gilles</LOC>,<CARDINAL>06</CARDINAL>. Indiv.\n",
    "origin": "computer",
    "parent": 312,
    "persons": [
      "Parseval"
    ],
    "text_ocr": "Parseval, homme de lettres , KR. Neuve Gilles, 06. Indiv.\n",
    "type": "ENTRY"
  },
  {
    "EOL": false,
    "box": [
      211,
      1284,
      496,
      23
    ],
    "id": 354,
    "indented": true,
    "parent": 353,
    "text": "",
    "type": "LINE"
  },
  {
    "addresses": [],
    "box": [
      211,
      1284,
      496,
      23
    ],
    "checked": false,
    "id": 353,
    "ner_xml": "<PER>Pascaud</PER>,<ACT>K. des Perites Ecuries</ACT>,<CARDINAL>25</CARDINAL>.<PER>l’oissonnière</PER>.\n",
    "origin": "computer",
    "parent": 312,
    "persons": [
      "Pascaud",
      "l’oissonnière"
    ],
    "text_ocr": "Pascaud , K. des Perites Ecuries, 25. l’oissonnière.\n",
    "type": "ENTRY"
  },
  {
    "EOL": false,
    "box": [
      212,
      1307,
      558,
      23
    ],
    "id": 356,
    "indented": true,
    "parent": 355,
    "text": "",
    "type": "LINE"
  },
  {
    "addresses": [],
    "box": [
      212,
      1307,
      558,
      23
    ],
    "checked": false,
    "id": 355,
    "ner_xml": "<PER>Pasquet</PER>,<TITRE>R. Neuve du Luxembourg</TITRE>,<CARDINAL>166</CARDINAL>.<PER>Place Vend.\n</PER>",
    "origin": "computer",
    "parent": 312,
    "persons": [
      "Pasquet",
      "Place Vend.\n"
    ],
    "text_ocr": "Pasquet , R. Neuve du Luxembourg , 166. Place Vend.\n",
    "type": "ENTRY"
  },
  {
    "EOL": false,
    "box": [
      211,
      1331,
      589,
      24
    ],
    "id": 358,
    "indented": true,
    "parent": 357,
    "text": "",
    "type": "LINE"
  },
  {
    "addresses": [],
    "box": [
      211,
      1331,
      589,
      24
    ],
    "checked": false,
    "id": 357,
    "ner_xml": "<PER>Pasquier</PER>,<TITRE>R. du Faubourg Poissonniere</TITRE>,<CARDINAL>11</CARDINAL>.<PER>Faubourg M\n</PER>",
    "origin": "computer",
    "parent": 312,
    "persons": [
      "Pasquier",
      "Faubourg M\n"
    ],
    "text_ocr": "Pasquier , R. du Faubourg Poissonniere , 11. Faubourg M\n",
    "type": "ENTRY"
  },
  {
    "EOL": false,
    "box": [
      211,
      1355,
      507,
      22
    ],
    "id": 360,
    "indented": true,
    "parent": 359,
    "text": "",
    "type": "LINE"
  },
  {
    "addresses": [],
    "box": [
      211,
      1355,
      507,
      22
    ],
    "checked": false,
    "id": 359,
    "ner_xml": "<PER>Pathime ( Mme )</PER>,<CARDINAL>K. Montmartre</CARDINAL>,<CARDINAL>184</CARDINAL>.<PER>Drutus.\n</PER>",
    "origin": "computer",
    "parent": 312,
    "persons": [
      "Pathime ( Mme )",
      "Drutus.\n"
    ],
    "text_ocr": "Pathime ( Mme ) , K. Montmartre , 184. Drutus.\n",
    "type": "ENTRY"
  },
  {
    "EOL": false,
    "box": [
      211,
      1378,
      441,
      23
    ],
    "id": 362,
    "indented": true,
    "parent": 361,
    "text": "",
    "type": "LINE"
  },
  {
    "addresses": [],
    "box": [
      211,
      1378,
      441,
      23
    ],
    "checked": false,
    "id": 361,
    "ner_xml": "<PER>Paunot</PER>, KR.<ACT>de Provence</ACT>,<CARDINAL>48</CARDINAL>.<PER>Mont Blanc</PER>.\n",
    "origin": "computer",
    "parent": 312,
    "persons": [
      "Paunot",
      "Mont Blanc"
    ],
    "text_ocr": "Paunot, KR. de Provence , 48. Mont Blanc.\n",
    "type": "ENTRY"
  },
  {
    "EOL": false,
    "box": [
      212,
      1402,
      479,
      23
    ],
    "id": 364,
    "indented": true,
    "parent": 363,
    "text": "",
    "type": "LINE"
  },
  {
    "addresses": [
      {
        "street_name": "K.de Lancry",
        "street_numbers": [
          "23"
        ]
      }
    ],
    "box": [
      212,
      1402,
      479,
      23
    ],
    "checked": false,
    "id": 363,
    "ner_xml": "<PER>Patras</PER>,<ACT>musicien</ACT>,<LOC>K.de Lancry</LOC>,<CARDINAL>23</CARDINAL>.<PER>Bondy</PER>.\n",
    "origin": "computer",
    "parent": 312,
    "persons": [
      "Patras",
      "Bondy"
    ],
    "text_ocr": "Patras , musicien , K.de Lancry, 23. Bondy.\n",
    "type": "ENTRY"
  },
  {
    "EOL": false,
    "box": [
      212,
      1426,
      377,
      20
    ],
    "id": 366,
    "indented": true,
    "parent": 365,
    "text": "",
    "type": "LINE"
  },
  {
    "addresses": [],
    "box": [
      212,
      1426,
      377,
      20
    ],
    "checked": false,
    "id": 365,
    "ner_xml": "Paru .<PER>R.er Div, de la Fraternité</PER>,<CARDINAL>15</CARDINAL>.\n",
    "origin": "computer",
    "parent": 312,
    "persons": [
      "R.er Div, de la Fraternité"
    ],
    "text_ocr": "Paru . R.er Div, de la Fraternité , 15.\n",
    "type": "ENTRY"
  },
  {
    "EOL": false,
    "box": [
      212,
      1449,
      531,
      23
    ],
    "id": 368,
    "indented": true,
    "parent": 367,
    "text": "",
    "type": "LINE"
  },
  {
    "addresses": [],
    "box": [
      212,
      1449,
      531,
      23
    ],
    "checked": false,
    "id": 367,
    "ner_xml": "<PER>Paul-Prevosc</PER>,<TITRE>R. du Faubourg Laurent</TITRE>,<CARDINAL>190</CARDINAL>. Nord.\n",
    "origin": "computer",
    "parent": 312,
    "persons": [
      "Paul-Prevosc"
    ],
    "text_ocr": "Paul-Prevosc, R. du Faubourg Laurent , 190. Nord.\n",
    "type": "ENTRY"
  },
  {
    "box": [
      211,
      807,
      592,
      665
    ],
    "id": 312,
    "parent": 311,
    "type": "COLUMN_LEVEL_2"
  },
  {
    "box": [
      211,
      807,
      592,
      665
    ],
    "id": 311,
    "parent": 310,
    "type": "SECTION_LEVEL_2"
  },
  {
    "box": [
      211,
      806,
      592,
      666
    ],
    "id": 310,
    "parent": 309,
    "type": "COLUMN_LEVEL_1"
  },
  {
    "box": [
      211,
      806,
      668,
      666
    ],
    "id": 309,
    "parent": 256,
    "type": "SECTION_LEVEL_1"
  },
  {
    "box": [
      211,
      132,
      668,
      1340
    ],
    "id": 256,
    "type": "PAGE"
  }
]
