{
  "content": [
    {
      "EOL": false, 
      "box": [
        243, 
        130, 
        547, 
        23
      ], 
      "id": 262, 
      "indented": false, 
      "parent": 261, 
      "text": "", 
      "type": "LINE"
    }, 
    {
      "addresses": [
        {
          "street_name": "Perles et Pharmacrens", 
          "street_numbers": []
        }
      ], 
      "box": [
        243, 
        130, 
        547, 
        23
      ], 
      "checked": false, 
      "id": 261, 
      "ner_xml": "<CARDINAL>132</CARDINAL>Peintres en<PER>Bdtim</PER>.,<LOC>Perles et Pharmacrens</LOC>.\n", 
      "origin": "computer", 
      "parent": 260, 
      "persons": [
        "Bdtim"
      ], 
      "text_ocr": "132 Peintres en Bdtim., Perles et Pharmacrens.\n", 
      "type": "ENTRY"
    }, 
    {
      "EOL": false, 
      "box": [
        239, 
        157, 
        639, 
        42
      ], 
      "id": 264, 
      "indented": true, 
      "parent": 263, 
      "text": "", 
      "type": "LINE"
    }, 
    {
      "addresses": [
        {
          "street_name": "R.S. Lazare", 
          "street_numbers": [
            "450"
          ]
        }, 
        {
          "street_name": "R.d\u2019EnferS", 
          "street_numbers": []
        }, 
        {
          "street_name": "Michel", 
          "street_numbers": [
            "116"
          ]
        }
      ], 
      "box": [
        239, 
        157, 
        639, 
        42
      ], 
      "checked": false, 
      "id": 263, 
      "ner_xml": "<PER>Vaillant (en voit. }</PER>,<LOC>R.S. Lazare</LOC>,<CARDINAL>450</CARDINAL>.<TITRE>Vavin</TITRE>,<LOC>R.d\u2019EnferS</LOC>,<LOC>Michel</LOC>,<CARDINAL>116</CARDINAL>.\n| \u2014 Place Vend\u00f4me. Vidron ,<TITRE>R. S. Denis, 138.\u2014\u00c0. de la P.\n</TITRE>", 
      "origin": "computer", 
      "parent": 260, 
      "persons": [
        "Vaillant (en voit. }"
      ], 
      "text_ocr": "Vaillant (en voit. }, R.S. Lazare, 450. Vavin , R.d\u2019EnferS, Michel , 116.\n| \u2014 Place Vend\u00f4me. Vidron , R. S. Denis, 138.\u2014\u00c0. de la P.\n", 
      "type": "ENTRY"
    }, 
    {
      "EOL": false, 
      "box": [
        238, 
        196, 
        650, 
        18
      ], 
      "id": 266, 
      "indented": true, 
      "parent": 265, 
      "text": "", 
      "type": "LINE"
    }, 
    {
      "EOL": false, 
      "box": [
        258, 
        214, 
        137, 
        14
      ], 
      "id": 267, 
      "indented": false, 
      "parent": 265, 
      "text": "", 
      "type": "LINE"
    }, 
    {
      "addresses": [
        {
          "street_name": "dn Faub.S. Lazare", 
          "street_numbers": []
        }, 
        {
          "street_name": "Vincent", 
          "street_numbers": [
            "32"
          ]
        }
      ], 
      "box": [
        238, 
        196, 
        650, 
        32
      ], 
      "checked": false, 
      "id": 265, 
      "ner_xml": "<PER>Vassor ien voit.)</PER>,<PER>H</PER>,<LOC>dn Faub.S. Lazare</LOC>,<LOC>Vincent</LOC>,<TITRE>R. des</TITRE><PER>Perices Ecuries</PER>,<CARDINAL>32</CARDINAL>. \u2014\n43.\u2014Poissonni\u00e8re.<PER>Poissonni\u00e8re. \u00ab\n</PER>", 
      "origin": "computer", 
      "parent": 260, 
      "persons": [
        "Vassor ien voit.)", 
        "H", 
        "Perices Ecuries", 
        "Poissonni\u00e8re. \u00ab\n"
      ], 
      "text_ocr": "Vassor ien voit.), H,dn Faub.S. Lazare, Vincent, R. des Perices Ecuries, 32. \u2014\n43.\u2014Poissonni\u00e8re. Poissonni\u00e8re. \u00ab\n", 
      "type": "ENTRY"
    }, 
    {
      "EOL": false, 
      "box": [
        237, 
        216, 
        618, 
        32
      ], 
      "id": 269, 
      "indented": true, 
      "parent": 268, 
      "text": "", 
      "type": "LINE"
    }, 
    {
      "addresses": [
        {
          "street_name": "Colombier", 
          "street_numbers": [
            "1425"
          ]
        }
      ], 
      "box": [
        237, 
        216, 
        618, 
        32
      ], 
      "checked": false, 
      "id": 268, 
      "ner_xml": "<TITRE>#</TITRE>4: = 0iss0naiere.<PER>FPoissongi\u00e8re.\nVauchier</PER>, R, du<LOC>Colombier</LOC>,<CARDINAL>1425</CARDINAL>. Un, Werbert . R. de Lille. 520.\u2014E. Gr.\n", 
      "origin": "computer", 
      "parent": 260, 
      "persons": [
        "FPoissongi\u00e8re.\nVauchier"
      ], 
      "text_ocr": "#4: = 0iss0naiere. FPoissongi\u00e8re.\nVauchier, R, du Colombier, 1425. Un, Werbert . R. de Lille. 520.\u2014E. Gr.\n", 
      "type": "ENTRY"
    }, 
    {
      "box": [
        234, 
        130, 
        658, 
        118
      ], 
      "id": 260, 
      "parent": 259, 
      "type": "COLUMN_LEVEL_2"
    }, 
    {
      "box": [
        234, 
        130, 
        658, 
        118
      ], 
      "id": 259, 
      "parent": 258, 
      "type": "SECTION_LEVEL_2"
    }, 
    {
      "box": [
        234, 
        130, 
        658, 
        118
      ], 
      "id": 258, 
      "parent": 257, 
      "type": "COLUMN_LEVEL_1"
    }, 
    {
      "box": [
        98, 
        130, 
        794, 
        118
      ], 
      "id": 257, 
      "parent": 256, 
      "type": "SECTION_LEVEL_1"
    }, 
    {
      "box": [
        98, 
        301, 
        794, 
        22
      ], 
      "checked": false, 
      "id": 270, 
      "origin": "computer", 
      "parent": 256, 
      "text": "PERLES. (FAB. ET MS DE) .\n", 
      "type": "TITLE_LEVEL_1"
    }, 
    {
      "EOL": false, 
      "box": [
        242, 
        348, 
        309, 
        19
      ], 
      "id": 276, 
      "indented": true, 
      "parent": 275, 
      "text": "", 
      "type": "LINE"
    }, 
    {
      "addresses": [
        {
          "street_name": "K. Gren\u00e9ta", 
          "street_numbers": [
            "37"
          ]
        }
      ], 
      "box": [
        242, 
        348, 
        309, 
        19
      ], 
      "checked": false, 
      "id": 275, 
      "ner_xml": "<PER>Ba\u00efrzLEMONT (Iab.)</PER>,<LOC>K. Gren\u00e9ta</LOC>,<CARDINAL>37</CARDINAL>.\n", 
      "origin": "computer", 
      "parent": 274, 
      "persons": [
        "Ba\u00efrzLEMONT (Iab.)"
      ], 
      "text_ocr": "Ba\u00efrzLEMONT (Iab.), K. Gren\u00e9ta, 37.\n", 
      "type": "ENTRY"
    }, 
    {
      "EOL": false, 
      "box": [
        237, 
        366, 
        315, 
        36
      ], 
      "id": 278, 
      "indented": true, 
      "parent": 277, 
      "text": "", 
      "type": "LINE"
    }, 
    {
      "EOL": false, 
      "box": [
        256, 
        402, 
        208, 
        16
      ], 
      "id": 279, 
      "indented": false, 
      "parent": 277, 
      "text": "", 
      "type": "LINE"
    }, 
    {
      "addresses": [], 
      "box": [
        237, 
        366, 
        315, 
        52
      ], 
      "checked": false, 
      "id": 277, 
      "ner_xml": "\u2014 Amis dela P.\nBrienne (fab ),<PER>R: N.S. Laurent, au coin\nde celle du Temple</PER>.<PER>Grav.</PER>.\n", 
      "origin": "computer", 
      "parent": 274, 
      "persons": [
        "R: N.S. Laurent, au coin\nde celle du Temple", 
        "Grav."
      ], 
      "text_ocr": "\u2014 Amis dela P.\nBrienne (fab ), R: N.S. Laurent, au coin\nde celle du Temple. Grav. .\n", 
      "type": "ENTRY"
    }, 
    {
      "EOL": false, 
      "box": [
        237, 
        419, 
        315, 
        20
      ], 
      "id": 281, 
      "indented": true, 
      "parent": 280, 
      "text": "", 
      "type": "LINE"
    }, 
    {
      "EOL": false, 
      "box": [
        256, 
        437, 
        138, 
        15
      ], 
      "id": 282, 
      "indented": false, 
      "parent": 280, 
      "text": "", 
      "type": "LINE"
    }, 
    {
      "addresses": [], 
      "box": [
        237, 
        419, 
        315, 
        33
      ], 
      "checked": false, 
      "id": 280, 
      "ner_xml": "<PER>Cazeau (lab. )</PER>, HR.<PER>Chapon</PER>,<ACT>maison du\n\u2018vinaisrier.\u2014Grav. -\n</ACT>", 
      "origin": "computer", 
      "parent": 274, 
      "persons": [
        "Cazeau (lab. )", 
        "Chapon"
      ], 
      "text_ocr": "Cazeau (lab. ), HR. Chapon, maison du\n\u2018vinaisrier.\u2014Grav. -\n", 
      "type": "ENTRY"
    }, 
    {
      "EOL": false, 
      "box": [
        237, 
        453, 
        307, 
        18
      ], 
      "id": 284, 
      "indented": true, 
      "parent": 283, 
      "text": "", 
      "type": "LINE"
    }, 
    {
      "addresses": [], 
      "box": [
        237, 
        453, 
        307, 
        18
      ], 
      "checked": false, 
      "id": 283, 
      "ner_xml": "<PER>Choler ( Lab. )</PER>,<PER>K. N.S Martin. Grav</PER>,\n", 
      "origin": "computer", 
      "parent": 274, 
      "persons": [
        "Choler ( Lab. )", 
        "K. N.S Martin. Grav"
      ], 
      "text_ocr": "Choler ( Lab. ),K. N.S Martin. Grav,\n", 
      "type": "ENTRY"
    }, 
    {
      "EOL": false, 
      "box": [
        237, 
        472, 
        319, 
        31
      ], 
      "id": 286, 
      "indented": true, 
      "parent": 285, 
      "text": "", 
      "type": "LINE"
    }, 
    {
      "addresses": [
        {
          "street_name": "KR.", 
          "street_numbers": [
            "5"
          ]
        }, 
        {
          "street_name": "Denis", 
          "street_numbers": [
            "15", 
            "19"
          ]
        }
      ], 
      "box": [
        237, 
        472, 
        319, 
        31
      ], 
      "checked": false, 
      "id": 285, 
      "ner_xml": "<PER>Clerice ( Mlle,) (fab</PER>.),<LOC>KR.</LOC><CARDINAL>5</CARDINAL>,<LOC>Denis</LOC>,<CARDINAL>15</CARDINAL>.\nere CRD TeBe2s en,<CARDINAL>19</CARDINAL>\n", 
      "origin": "computer", 
      "parent": 274, 
      "persons": [
        "Clerice ( Mlle,) (fab"
      ], 
      "text_ocr": "Clerice ( Mlle,) (fab.), KR. 5, Denis, 15.\nere CRD TeBe2s en, 19\n", 
      "type": "ENTRY"
    }, 
    {
      "EOL": false, 
      "box": [
        237, 
        507, 
        315, 
        17
      ], 
      "id": 288, 
      "indented": true, 
      "parent": 287, 
      "text": "", 
      "type": "LINE"
    }, 
    {
      "addresses": [
        {
          "street_name": "R.5, Martin", 
          "street_numbers": [
            "320"
          ]
        }
      ], 
      "box": [
        237, 
        507, 
        315, 
        17
      ], 
      "checked": false, 
      "id": 287, 
      "ner_xml": "<PER>Corvisy (lab. )</PER>,<LOC>R.5, Martin</LOC>,<CARDINAL>320</CARDINAL>. \u2014\n", 
      "origin": "computer", 
      "parent": 274, 
      "persons": [
        "Corvisy (lab. )"
      ], 
      "text_ocr": "Corvisy (lab. ), R.5, Martin, 320. \u2014\n", 
      "type": "ENTRY"
    }, 
    {
      "EOL": false, 
      "box": [
        236, 
        525, 
        316, 
        17
      ], 
      "id": 290, 
      "indented": true, 
      "parent": 289, 
      "text": "", 
      "type": "LINE"
    }, 
    {
      "EOL": false, 
      "box": [
        255, 
        544, 
        104, 
        12
      ], 
      "id": 291, 
      "indented": false, 
      "parent": 289, 
      "text": "", 
      "type": "LINE"
    }, 
    {
      "addresses": [], 
      "box": [
        236, 
        525, 
        316, 
        31
      ], 
      "checked": false, 
      "id": 289, 
      "ner_xml": "<PER>Dacuin ( Me.) (fab. )</PER>,<ACT>Ki. du ler</ACT>,<PER>Lion</PER>,\n<CARDINAL>23</CARDINAL>\u2026B Cont.\n", 
      "origin": "computer", 
      "parent": 274, 
      "persons": [
        "Dacuin ( Me.) (fab. )", 
        "Lion"
      ], 
      "text_ocr": "Dacuin ( Me.) (fab. ), Ki. du ler, Lion ,\n23 \u2026B Cont.\n", 
      "type": "ENTRY"
    }, 
    {
      "EOL": false, 
      "box": [
        237, 
        559, 
        317, 
        19
      ], 
      "id": 293, 
      "indented": true, 
      "parent": 292, 
      "text": "", 
      "type": "LINE"
    }, 
    {
      "EOL": false, 
      "box": [
        257, 
        579, 
        103, 
        12
      ], 
      "id": 294, 
      "indented": false, 
      "parent": 292, 
      "text": "", 
      "type": "LINE"
    }, 
    {
      "addresses": [], 
      "box": [
        237, 
        559, 
        317, 
        32
      ], 
      "checked": false, 
      "id": 292, 
      "ner_xml": "<PER>Delachauss\u00e9e (fab.)</PER>,<TITRE>R. Gren\u00e9ta</TITRE>,<ACT>16.\u2014\n\u2018Amis de la P.\n</ACT>", 
      "origin": "computer", 
      "parent": 274, 
      "persons": [
        "Delachauss\u00e9e (fab.)"
      ], 
      "text_ocr": "Delachauss\u00e9e (fab.), R. Gren\u00e9ta, 16.\u2014\n\u2018Amis de la P.\n", 
      "type": "ENTRY"
    }, 
    {
      "EOL": false, 
      "box": [
        238, 
        595, 
        316, 
        18
      ], 
      "id": 296, 
      "indented": true, 
      "parent": 295, 
      "text": "", 
      "type": "LINE"
    }, 
    {
      "EOL": false, 
      "box": [
        257, 
        614, 
        52, 
        13
      ], 
      "id": 297, 
      "indented": false, 
      "parent": 295, 
      "text": "", 
      "type": "LINE"
    }, 
    {
      "addresses": [], 
      "box": [
        238, 
        595, 
        316, 
        32
      ], 
      "checked": false, 
      "id": 295, 
      "ner_xml": "<PER>Dum\u00e9nil ( fab</PER>.),<TITRE>R. l'ransnogain</TITRE>,<CARDINAL>22.\u2014</CARDINAL>\nGravil.\n", 
      "origin": "computer", 
      "parent": 274, 
      "persons": [
        "Dum\u00e9nil ( fab"
      ], 
      "text_ocr": "Dum\u00e9nil ( fab.), R. l'ransnogain , 22.\u2014\nGravil.\n", 
      "type": "ENTRY"
    }, 
    {
      "box": [
        233, 
        347, 
        323, 
        282
      ], 
      "id": 274, 
      "parent": 273, 
      "type": "COLUMN_LEVEL_2"
    }, 
    {
      "EOL": false, 
      "box": [
        574, 
        349, 
        314, 
        26
      ], 
      "id": 300, 
      "indented": true, 
      "parent": 299, 
      "text": "", 
      "type": "LINE"
    }, 
    {
      "EOL": false, 
      "box": [
        593, 
        367, 
        93, 
        14
      ], 
      "id": 301, 
      "indented": false, 
      "parent": 299, 
      "text": "", 
      "type": "LINE"
    }, 
    {
      "addresses": [], 
      "box": [
        574, 
        349, 
        314, 
        32
      ], 
      "checked": false, 
      "id": 299, 
      "ner_xml": "<PER>Fenet | fab.)</PER>,<CARDINAL>R. 5</CARDINAL>.<TITRE>Martin</TITRE>,<CARDINAL>270</CARDINAL>. \u2014Am.\nde D Droit S\n", 
      "origin": "computer", 
      "parent": 298, 
      "persons": [
        "Fenet | fab.)"
      ], 
      "text_ocr": "Fenet | fab.), R. 5. Martin , 270. \u2014Am.\nde D Droit S\n", 
      "type": "ENTRY"
    }, 
    {
      "EOL": false, 
      "box": [
        575, 
        388, 
        314, 
        19
      ], 
      "id": 303, 
      "indented": true, 
      "parent": 302, 
      "text": "", 
      "type": "LINE"
    }, 
    {
      "EOL": false, 
      "box": [
        593, 
        407, 
        93, 
        13
      ], 
      "id": 304, 
      "indented": false, 
      "parent": 302, 
      "text": "", 
      "type": "LINE"
    }, 
    {
      "addresses": [], 
      "box": [
        575, 
        388, 
        314, 
        32
      ], 
      "checked": false, 
      "id": 302, 
      "ner_xml": "<PER>H\u00e9delin ( fab</PER>.),<CARDINAL>K. Bourg</CARDINAL>PAbb\u00e9.\u2014Am.\nde la Patrie\u201d\n", 
      "origin": "computer", 
      "parent": 298, 
      "persons": [
        "H\u00e9delin ( fab"
      ], 
      "text_ocr": "H\u00e9delin ( fab.), K. Bourg PAbb\u00e9.\u2014Am.\nde la Patrie\u201d\n", 
      "type": "ENTRY"
    }, 
    {
      "EOL": false, 
      "box": [
        574, 
        427, 
        315, 
        18
      ], 
      "id": 306, 
      "indented": true, 
      "parent": 305, 
      "text": "", 
      "type": "LINE"
    }, 
    {
      "EOL": false, 
      "box": [
        592, 
        446, 
        186, 
        17
      ], 
      "id": 307, 
      "indented": false, 
      "parent": 305, 
      "text": "", 
      "type": "LINE"
    }, 
    {
      "addresses": [], 
      "box": [
        574, 
        427, 
        315, 
        36
      ], 
      "checked": false, 
      "id": 305, 
      "ner_xml": "<PER>Lebrun (Lab.).</PER><PER>R. et Div. de la R\u00e9union</PER>,\npr\u00e8s<PER>la R. Transnonain, #\n</PER>", 
      "origin": "computer", 
      "parent": 298, 
      "persons": [
        "Lebrun (Lab.).", 
        "R. et Div. de la R\u00e9union", 
        "la R. Transnonain, #\n"
      ], 
      "text_ocr": "Lebrun (Lab.). R. et Div. de la R\u00e9union ,\npr\u00e8s la R. Transnonain, #\n", 
      "type": "ENTRY"
    }, 
    {
      "EOL": false, 
      "box": [
        575, 
        461, 
        314, 
        35
      ], 
      "id": 309, 
      "indented": true, 
      "parent": 308, 
      "text": "", 
      "type": "LINE"
    }, 
    {
      "addresses": [
        {
          "street_name": "Enclos S. Martin", 
          "street_numbers": [
            "9"
          ]
        }
      ], 
      "box": [
        575, 
        461, 
        314, 
        35
      ], 
      "checked": false, 
      "id": 308, 
      "ner_xml": "<PER>Legendre (fab</PER>.),<LOC>Enclos S. Martin</LOC>,<CARDINAL>9</CARDINAL>:\n<PER>EE Gr\u00e8ve:\n</PER>", 
      "origin": "computer", 
      "parent": 298, 
      "persons": [
        "Legendre (fab", 
        "EE Gr\u00e8ve:\n"
      ], 
      "text_ocr": "Legendre (fab.), Enclos S. Martin, 9:\nEE Gr\u00e8ve:\n", 
      "type": "ENTRY"
    }, 
    {
      "EOL": false, 
      "box": [
        575, 
        500, 
        315, 
        21
      ], 
      "id": 311, 
      "indented": true, 
      "parent": 310, 
      "text": "", 
      "type": "LINE"
    }, 
    {
      "EOL": false, 
      "box": [
        594, 
        522, 
        142, 
        15
      ], 
      "id": 312, 
      "indented": false, 
      "parent": 310, 
      "text": "", 
      "type": "LINE"
    }, 
    {
      "addresses": [], 
      "box": [
        575, 
        500, 
        315, 
        37
      ], 
      "checked": false, 
      "id": 310, 
      "ner_xml": "<PER>Peinson ( fab.)</PER>,<TITRE>R. du Ponceau</TITRE>,<ACT>pr\u00e8s l'\u00e9-\n\u2018go\u00fbt. \u2014 \u00c0. de la P. 5\n</ACT>", 
      "origin": "computer", 
      "parent": 298, 
      "persons": [
        "Peinson ( fab.)"
      ], 
      "text_ocr": "Peinson ( fab.), R. du Ponceau , pr\u00e8s l'\u00e9-\n\u2018go\u00fbt. \u2014 \u00c0. de la P. 5\n", 
      "type": "ENTRY"
    }, 
    {
      "EOL": false, 
      "box": [
        575, 
        536, 
        288, 
        20
      ], 
      "id": 314, 
      "indented": true, 
      "parent": 313, 
      "text": "", 
      "type": "LINE"
    }, 
    {
      "addresses": [], 
      "box": [
        575, 
        536, 
        288, 
        20
      ], 
      "checked": false, 
      "id": 313, 
      "ner_xml": "<PER>Royer</PER>,<TITRE>R. du Petit Lion</TITRE>,<CARDINAL>22</CARDINAL>. \u2014<TITRE>B. C.\n</TITRE>", 
      "origin": "computer", 
      "parent": 298, 
      "persons": [
        "Royer"
      ], 
      "text_ocr": "Royer , R. du Petit Lion, 22. \u2014B. C.\n", 
      "type": "ENTRY"
    }, 
    {
      "EOL": false, 
      "box": [
        575, 
        558, 
        297, 
        19
      ], 
      "id": 316, 
      "indented": true, 
      "parent": 315, 
      "text": "", 
      "type": "LINE"
    }, 
    {
      "addresses": [], 
      "box": [
        575, 
        558, 
        297, 
        19
      ], 
      "checked": false, 
      "id": 315, 
      "ner_xml": "<PER>Truchy</PER>,<TITRE>R. du Peric Lion</TITRE>,<ACT>22.\u2014B. C.\n</ACT>", 
      "origin": "computer", 
      "parent": 298, 
      "persons": [
        "Truchy"
      ], 
      "text_ocr": "Truchy , R. du Peric Lion, 22.\u2014B. C.\n", 
      "type": "ENTRY"
    }, 
    {
      "EOL": false, 
      "box": [
        577, 
        577, 
        314, 
        18
      ], 
      "id": 318, 
      "indented": true, 
      "parent": 317, 
      "text": "", 
      "type": "LINE"
    }, 
    {
      "EOL": false, 
      "box": [
        595, 
        596, 
        98, 
        13
      ], 
      "id": 319, 
      "indented": false, 
      "parent": 317, 
      "text": "", 
      "type": "LINE"
    }, 
    {
      "addresses": [
        {
          "street_name": "K.", 
          "street_numbers": [
            "5", 
            "327"
          ]
        }
      ], 
      "box": [
        577, 
        577, 
        314, 
        32
      ], 
      "checked": false, 
      "id": 317, 
      "ner_xml": "<PER>Varennes ( fab.)</PER>,<LOC>K.</LOC><CARDINAL>5</CARDINAL>.<TITRE>Martin</TITRE>,<CARDINAL>327</CARDINAL>. \u2014\n\u2018Amis de la P.\n", 
      "origin": "computer", 
      "parent": 298, 
      "persons": [
        "Varennes ( fab.)"
      ], 
      "text_ocr": "Varennes ( fab.), K. 5. Martin, 327. \u2014\n\u2018Amis de la P.\n", 
      "type": "ENTRY"
    }, 
    {
      "box": [
        570, 
        347, 
        322, 
        282
      ], 
      "id": 298, 
      "parent": 273, 
      "type": "COLUMN_LEVEL_2"
    }, 
    {
      "box": [
        233, 
        347, 
        659, 
        282
      ], 
      "id": 273, 
      "parent": 272, 
      "type": "SECTION_LEVEL_2"
    }, 
    {
      "box": [
        233, 
        678, 
        659, 
        23
      ], 
      "checked": false, 
      "id": 320, 
      "origin": "computer", 
      "parent": 272, 
      "text": "PHARMACIENS\n", 
      "type": "TITLE_LEVEL_2"
    }, 
    {
      "box": [
        233, 
        725, 
        659, 
        21
      ], 
      "checked": false, 
      "id": 321, 
      "origin": "computer", 
      "parent": 272, 
      "text": "DE L\u2019ECOLE DE PHARMACIE DE PARIS\n", 
      "type": "TITLE_LEVEL_2"
    }, 
    {
      "box": [
        233, 
        347, 
        659, 
        399
      ], 
      "id": 272, 
      "parent": 271, 
      "type": "COLUMN_LEVEL_1"
    }, 
    {
      "box": [
        98, 
        347, 
        794, 
        399
      ], 
      "id": 271, 
      "parent": 256, 
      "type": "SECTION_LEVEL_1"
    }, 
    {
      "EOL": false, 
      "box": [
        238, 
        772, 
        316, 
        36
      ], 
      "id": 327, 
      "indented": true, 
      "parent": 326, 
      "text": "", 
      "type": "LINE"
    }, 
    {
      "addresses": [], 
      "box": [
        238, 
        772, 
        316, 
        36
      ], 
      "checked": false, 
      "id": 326, 
      "ner_xml": "<PER>AruexAs</PER>, R.<PER>Moufletard</PER>,<ACT>359.\u2014P1.</ACT>\n<PER>Atrofe</PER>,<ACT>R $</ACT>.<TITRE>Honor\u00e9</TITRE>1424 \u2014B. des M.\n", 
      "origin": "computer", 
      "parent": 325, 
      "persons": [
        "AruexAs", 
        "Moufletard", 
        "Atrofe"
      ], 
      "text_ocr": "AruexAs, R. Moufletard, 359.\u2014P1.\nAtrofe , R $. Honor\u00e9 1424 \u2014B. des M.\n", 
      "type": "ENTRY"
    }, 
    {
      "EOL": false, 
      "box": [
        239, 
        809, 
        226, 
        18
      ], 
      "id": 329, 
      "indented": true, 
      "parent": 328, 
      "text": "", 
      "type": "LINE"
    }, 
    {
      "addresses": [
        {
          "street_name": "Lombards", 
          "street_numbers": [
            "54"
          ]
        }
      ], 
      "box": [
        239, 
        809, 
        226, 
        18
      ], 
      "checked": false, 
      "id": 328, 
      "ner_xml": "<PER>Aube</PER>, K. des<LOC>Lombards</LOC>,<CARDINAL>54</CARDINAL>.\n", 
      "origin": "computer", 
      "parent": 325, 
      "persons": [
        "Aube"
      ], 
      "text_ocr": "Aube , K. des Lombards , 54.\n", 
      "type": "ENTRY"
    }, 
    {
      "EOL": false, 
      "box": [
        239, 
        826, 
        201, 
        18
      ], 
      "id": 331, 
      "indented": true, 
      "parent": 330, 
      "text": "", 
      "type": "LINE"
    }, 
    {
      "addresses": [], 
      "box": [
        239, 
        826, 
        201, 
        18
      ], 
      "checked": false, 
      "id": 330, 
      "ner_xml": "<PER>Aubry</PER>,<ACT>&amp;. du Helder</ACT>,<CARDINAL>25</CARDINAL>\n", 
      "origin": "computer", 
      "parent": 325, 
      "persons": [
        "Aubry"
      ], 
      "text_ocr": "Aubry , &. du Helder , 25\n", 
      "type": "ENTRY"
    }, 
    {
      "EOL": false, 
      "box": [
        237, 
        843, 
        318, 
        19
      ], 
      "id": 333, 
      "indented": true, 
      "parent": 332, 
      "text": "", 
      "type": "LINE"
    }, 
    {
      "EOL": false, 
      "box": [
        258, 
        863, 
        54, 
        12
      ], 
      "id": 334, 
      "indented": false, 
      "parent": 332, 
      "text": "", 
      "type": "LINE"
    }, 
    {
      "addresses": [], 
      "box": [
        237, 
        843, 
        318, 
        32
      ], 
      "checked": false, 
      "id": 332, 
      "ner_xml": "<PER>Pacon\u00ees pores</PER>:<PER>Fu ea Temp\u00e9 s T40r</PER>\u2014\n", 
      "origin": "computer", 
      "parent": 325, 
      "persons": [
        "Pacon\u00ees pores", 
        "Fu ea Temp\u00e9 s T40r"
      ], 
      "text_ocr": "Pacon\u00ees pores: Fu ea Temp\u00e9 s T40r \u2014\n", 
      "type": "ENTRY"
    }, 
    {
      "EOL": false, 
      "box": [
        238, 
        878, 
        317, 
        20
      ], 
      "id": 336, 
      "indented": true, 
      "parent": 335, 
      "text": "", 
      "type": "LINE"
    }, 
    {
      "EOL": false, 
      "box": [
        258, 
        897, 
        70, 
        13
      ], 
      "id": 337, 
      "indented": false, 
      "parent": 335, 
      "text": "", 
      "type": "LINE"
    }, 
    {
      "addresses": [], 
      "box": [
        238, 
        878, 
        317, 
        32
      ], 
      "checked": false, 
      "id": 335, 
      "ner_xml": "<PER>Baccoffe fils</PER>,<TITRE>H. de la Loi</TITRE>,<CARDINAL>275</CARDINAL>. \u2014 Butte\ndes Moul\n", 
      "origin": "computer", 
      "parent": 325, 
      "persons": [
        "Baccoffe fils"
      ], 
      "text_ocr": "Baccoffe fils, H. de la Loi , 275. \u2014 Butte\ndes Moul\n", 
      "type": "ENTRY"
    }, 
    {
      "EOL": false, 
      "box": [
        238, 
        913, 
        227, 
        16
      ], 
      "id": 339, 
      "indented": true, 
      "parent": 338, 
      "text": "", 
      "type": "LINE"
    }, 
    {
      "addresses": [], 
      "box": [
        238, 
        913, 
        227, 
        16
      ], 
      "checked": false, 
      "id": 338, 
      "ner_xml": "<PER>Bailleau</PER>, K. S. Severin,<CARDINAL>105</CARDINAL>.\n", 
      "origin": "computer", 
      "parent": 325, 
      "persons": [
        "Bailleau"
      ], 
      "text_ocr": "Bailleau , K. S. Severin, 105.\n", 
      "type": "ENTRY"
    }, 
    {
      "EOL": false, 
      "box": [
        239, 
        930, 
        315, 
        17
      ], 
      "id": 341, 
      "indented": true, 
      "parent": 340, 
      "text": "", 
      "type": "LINE"
    }, 
    {
      "addresses": [], 
      "box": [
        239, 
        930, 
        315, 
        17
      ], 
      "checked": false, 
      "id": 340, 
      "ner_xml": "<TITRE>Barbet</TITRE>.<PER>B. S. Honor\u00e9, 1385.</PER>\u2014B. des M.\n", 
      "origin": "computer", 
      "parent": 325, 
      "persons": [
        "B. S. Honor\u00e9, 1385."
      ], 
      "text_ocr": "Barbet . B. S. Honor\u00e9, 1385. \u2014B. des M.\n", 
      "type": "ENTRY"
    }, 
    {
      "EOL": false, 
      "box": [
        238, 
        950, 
        307, 
        14
      ], 
      "id": 343, 
      "indented": true, 
      "parent": 342, 
      "text": "", 
      "type": "LINE"
    }, 
    {
      "addresses": [], 
      "box": [
        238, 
        950, 
        307, 
        14
      ], 
      "checked": false, 
      "id": 342, 
      "ner_xml": "<PER>Barr\u00e9 M. Montmartre , 200.\u2014 Dr.\n</PER>", 
      "origin": "computer", 
      "parent": 325, 
      "persons": [
        "Barr\u00e9 M. Montmartre , 200.\u2014 Dr.\n"
      ], 
      "text_ocr": "Barr\u00e9 M. Montmartre , 200.\u2014 Dr.\n", 
      "type": "ENTRY"
    }, 
    {
      "EOL": false, 
      "box": [
        238, 
        967, 
        235, 
        15
      ], 
      "id": 345, 
      "indented": true, 
      "parent": 344, 
      "text": "", 
      "type": "LINE"
    }, 
    {
      "addresses": [], 
      "box": [
        238, 
        967, 
        235, 
        15
      ], 
      "checked": false, 
      "id": 344, 
      "ner_xml": "Bas dut<PER>Lebas</PER>,<ACT>Ki. \u00e0. Paul</ACT>,<CARDINAL>235</CARDINAL>.\n", 
      "origin": "computer", 
      "parent": 325, 
      "persons": [
        "Lebas"
      ], 
      "text_ocr": "Bas dut Lebas, Ki. \u00e0. Paul, 235.\n", 
      "type": "ENTRY"
    }, 
    {
      "EOL": false, 
      "box": [
        239, 
        985, 
        231, 
        16
      ], 
      "id": 347, 
      "indented": true, 
      "parent": 346, 
      "text": "", 
      "type": "LINE"
    }, 
    {
      "addresses": [], 
      "box": [
        239, 
        985, 
        231, 
        16
      ], 
      "checked": false, 
      "id": 346, 
      "ner_xml": "<PER>Hataill\u00e9</PER>,<ACT>\u00e0. de Beaune</ACT>,<CARDINAL>770</CARDINAL>.\n", 
      "origin": "computer", 
      "parent": 325, 
      "persons": [
        "Hataill\u00e9"
      ], 
      "text_ocr": "Hataill\u00e9 , \u00e0. de Beaune , 770.\n", 
      "type": "ENTRY"
    }, 
    {
      "EOL": false, 
      "box": [
        239, 
        1001, 
        298, 
        19
      ], 
      "id": 349, 
      "indented": true, 
      "parent": 348, 
      "text": "", 
      "type": "LINE"
    }, 
    {
      "addresses": [
        {
          "street_name": "BR. de l'Egalit\u00e9", 
          "street_numbers": [
            "35"
          ]
        }
      ], 
      "box": [
        239, 
        1001, 
        298, 
        19
      ], 
      "checked": false, 
      "id": 348, 
      "ner_xml": "<PER>Becqueret</PER>,<LOC>BR. de l'Egalit\u00e9</LOC>,<CARDINAL>35</CARDINAL>. \u2014<PER>Lux</PER>.\n", 
      "origin": "computer", 
      "parent": 325, 
      "persons": [
        "Becqueret", 
        "Lux"
      ], 
      "text_ocr": "Becqueret , BR. de l'Egalit\u00e9 , 35. \u2014Lux.\n", 
      "type": "ENTRY"
    }, 
    {
      "EOL": false, 
      "box": [
        240, 
        1020, 
        253, 
        20
      ], 
      "id": 351, 
      "indented": true, 
      "parent": 350, 
      "text": "", 
      "type": "LINE"
    }, 
    {
      "addresses": [
        {
          "street_name": "Ki. Ste. Marguerite", 
          "street_numbers": [
            "990"
          ]
        }
      ], 
      "box": [
        240, 
        1020, 
        253, 
        20
      ], 
      "checked": false, 
      "id": 350, 
      "ner_xml": "<PER>Blond</PER>,<LOC>Ki. Ste. Marguerite</LOC>,<CARDINAL>990</CARDINAL>.\n", 
      "origin": "computer", 
      "parent": 325, 
      "persons": [
        "Blond"
      ], 
      "text_ocr": "Blond , Ki. Ste. Marguerite , 990.\n", 
      "type": "ENTRY"
    }, 
    {
      "EOL": false, 
      "box": [
        240, 
        1038, 
        177, 
        14
      ], 
      "id": 353, 
      "indented": true, 
      "parent": 352, 
      "text": "", 
      "type": "LINE"
    }, 
    {
      "addresses": [
        {
          "street_name": "Mancar", 
          "street_numbers": [
            "12"
          ]
        }
      ], 
      "box": [
        240, 
        1038, 
        177, 
        14
      ], 
      "checked": false, 
      "id": 352, 
      "ner_xml": "<PER>Borde. li</PER>.<LOC>Mancar</LOC>,<CARDINAL>12</CARDINAL>.\n", 
      "origin": "computer", 
      "parent": 325, 
      "persons": [
        "Borde. li"
      ], 
      "text_ocr": "Borde. li. Mancar, 12.\n", 
      "type": "ENTRY"
    }, 
    {
      "EOL": false, 
      "box": [
        241, 
        1054, 
        260, 
        17
      ], 
      "id": 355, 
      "indented": true, 
      "parent": 354, 
      "text": "", 
      "type": "LINE"
    }, 
    {
      "addresses": [], 
      "box": [
        241, 
        1054, 
        260, 
        17
      ], 
      "checked": false, 
      "id": 354, 
      "ner_xml": "<PER>Boudet</PER>,<TITRE>R. du Four</TITRE>. qg.\u2014 Unit\u00e9.\n", 
      "origin": "computer", 
      "parent": 325, 
      "persons": [
        "Boudet"
      ], 
      "text_ocr": "Boudet , R. du Four . qg.\u2014 Unit\u00e9.\n", 
      "type": "ENTRY"
    }, 
    {
      "EOL": false, 
      "box": [
        242, 
        1071, 
        314, 
        18
      ], 
      "id": 357, 
      "indented": true, 
      "parent": 356, 
      "text": "", 
      "type": "LINE"
    }, 
    {
      "addresses": [], 
      "box": [
        242, 
        1071, 
        314, 
        18
      ], 
      "checked": false, 
      "id": 356, 
      "ner_xml": "Boudrut ,<TITRE>R. du March\u00e9 aux Poir\u00e9es</TITRE>,<CARDINAL>532</CARDINAL>.\n", 
      "origin": "computer", 
      "parent": 325, 
      "persons": [], 
      "text_ocr": "Boudrut , R. du March\u00e9 aux Poir\u00e9es , 532.\n", 
      "type": "ENTRY"
    }, 
    {
      "EOL": false, 
      "box": [
        241, 
        1090, 
        306, 
        18
      ], 
      "id": 359, 
      "indented": true, 
      "parent": 358, 
      "text": "", 
      "type": "LINE"
    }, 
    {
      "addresses": [], 
      "box": [
        241, 
        1090, 
        306, 
        18
      ], 
      "checked": false, 
      "id": 358, 
      "ner_xml": "<PER>Houllay</PER>,<ACT>\u00c0. des l'oss\u00e9s Montmartre</ACT>,<CARDINAL>55</CARDINAL>.\n", 
      "origin": "computer", 
      "parent": 325, 
      "persons": [
        "Houllay"
      ], 
      "text_ocr": "Houllay, \u00c0. des l'oss\u00e9s Montmartre, 55.\n", 
      "type": "ENTRY"
    }, 
    {
      "EOL": false, 
      "box": [
        241, 
        1108, 
        204, 
        16
      ], 
      "id": 361, 
      "indented": true, 
      "parent": 360, 
      "text": "", 
      "type": "LINE"
    }, 
    {
      "addresses": [], 
      "box": [
        241, 
        1108, 
        204, 
        16
      ], 
      "checked": false, 
      "id": 360, 
      "ner_xml": "<PER>Bouriat</PER>, Ni. du Bacg,<CARDINAL>120</CARDINAL>.\n", 
      "origin": "computer", 
      "parent": 325, 
      "persons": [
        "Bouriat"
      ], 
      "text_ocr": "Bouriat , Ni. du Bacg, 120.\n", 
      "type": "ENTRY"
    }, 
    {
      "EOL": false, 
      "box": [
        244, 
        1108, 
        306, 
        33
      ], 
      "id": 363, 
      "indented": true, 
      "parent": 362, 
      "text": "", 
      "type": "LINE"
    }, 
    {
      "addresses": [], 
      "box": [
        244, 
        1108, 
        306, 
        33
      ], 
      "checked": false, 
      "id": 362, 
      "ner_xml": "<PER>Douriac</PER>,<ACT>Hi. du SE</ACT><CARDINAL>190</CARDINAL>.<PER>F.de tr.\nCabunes</PER>, R; des S. P\u00e8res ,<ACT>55,\u2014 Unit\u00e9</ACT>.\n", 
      "origin": "computer", 
      "parent": 325, 
      "persons": [
        "Douriac", 
        "F.de tr.\nCabunes"
      ], 
      "text_ocr": "Douriac , Hi. du SE 190. F.de tr.\nCabunes , R; des S. P\u00e8res , 55,\u2014 Unit\u00e9.\n", 
      "type": "ENTRY"
    }, 
    {
      "EOL": false, 
      "box": [
        243, 
        1143, 
        315, 
        16
      ], 
      "id": 365, 
      "indented": true, 
      "parent": 364, 
      "text": "", 
      "type": "LINE"
    }, 
    {
      "EOL": false, 
      "box": [
        263, 
        1159, 
        78, 
        14
      ], 
      "id": 366, 
      "indented": false, 
      "parent": 364, 
      "text": "", 
      "type": "LINE"
    }, 
    {
      "addresses": [
        {
          "street_name": "KE", 
          "street_numbers": [
            "9"
          ]
        }, 
        {
          "street_name": "Honore", 
          "street_numbers": [
            "80"
          ]
        }
      ], 
      "box": [
        243, 
        1143, 
        315, 
        30
      ], 
      "checked": false, 
      "id": 364, 
      "ner_xml": "<PER>Ladet-Gassicourt</PER>,<LOC>KE</LOC>,<CARDINAL>9</CARDINAL>.<LOC>Honore</LOC>,<CARDINAL>80</CARDINAL>. \u2014\nH au Bl\u00e9. L\n", 
      "origin": "computer", 
      "parent": 325, 
      "persons": [
        "Ladet-Gassicourt"
      ], 
      "text_ocr": "Ladet-Gassicourt, KE, 9. Honore, 80. \u2014\nH au Bl\u00e9. L\n", 
      "type": "ENTRY"
    }, 
    {
      "EOL": false, 
      "box": [
        244, 
        1169, 
        306, 
        25
      ], 
      "id": 368, 
      "indented": true, 
      "parent": 367, 
      "text": "", 
      "type": "LINE"
    }, 
    {
      "addresses": [], 
      "box": [
        244, 
        1169, 
        306, 
        25
      ], 
      "checked": false, 
      "id": 367, 
      "ner_xml": "<PER>Ca\u00fcbet</PER>,<TITRE>R. de Grenelle</TITRE>,<ACT>10.\u2014H. au B</ACT>,\n", 
      "origin": "computer", 
      "parent": 325, 
      "persons": [
        "Ca\u00fcbet"
      ], 
      "text_ocr": "Ca\u00fcbet, R. de Grenelle, 10.\u2014H. au B,\n", 
      "type": "ENTRY"
    }, 
    {
      "box": [
        234, 
        772, 
        325, 
        422
      ], 
      "id": 325, 
      "parent": 324, 
      "type": "COLUMN_LEVEL_2"
    }, 
    {
      "box": [
        234, 
        772, 
        325, 
        422
      ], 
      "id": 324, 
      "parent": 323, 
      "type": "SECTION_LEVEL_2"
    }, 
    {
      "box": [
        234, 
        772, 
        325, 
        422
      ], 
      "id": 323, 
      "parent": 322, 
      "type": "COLUMN_LEVEL_1"
    }, 
    {
      "EOL": false, 
      "box": [
        578, 
        773, 
        295, 
        19
      ], 
      "id": 373, 
      "indented": false, 
      "parent": 372, 
      "text": "", 
      "type": "LINE"
    }, 
    {
      "addresses": [], 
      "box": [
        578, 
        773, 
        295, 
        19
      ], 
      "checked": false, 
      "id": 372, 
      "ner_xml": "<PER>C\u00e9larier</PER>,<ACT>\u00c0. Montorgueil , :50,\u2014C</ACT>,<TITRE>S.\n</TITRE>", 
      "origin": "computer", 
      "parent": 371, 
      "persons": [
        "C\u00e9larier"
      ], 
      "text_ocr": "C\u00e9larier , \u00c0. Montorgueil , :50,\u2014C, S.\n", 
      "type": "ENTRY"
    }, 
    {
      "EOL": false, 
      "box": [
        577, 
        792, 
        276, 
        17
      ], 
      "id": 375, 
      "indented": true, 
      "parent": 374, 
      "text": "", 
      "type": "LINE"
    }, 
    {
      "addresses": [], 
      "box": [
        577, 
        792, 
        276, 
        17
      ], 
      "checked": false, 
      "id": 374, 
      "ner_xml": "<PER>Lhagnet</PER>, Hi.<CARDINAL>2</CARDINAL>.<PER>Victor, 1Q9.\u2014 Fanth</PER>.\n", 
      "origin": "computer", 
      "parent": 371, 
      "persons": [
        "Lhagnet", 
        "Victor, 1Q9.\u2014 Fanth"
      ], 
      "text_ocr": "Lhagnet , Hi. 2. Victor, 1Q9.\u2014 Fanth.\n", 
      "type": "ENTRY"
    }, 
    {
      "EOL": false, 
      "box": [
        577, 
        809, 
        314, 
        17
      ], 
      "id": 377, 
      "indented": true, 
      "parent": 376, 
      "text": "", 
      "type": "LINE"
    }, 
    {
      "EOL": false, 
      "box": [
        596, 
        827, 
        96, 
        13
      ], 
      "id": 378, 
      "indented": false, 
      "parent": 376, 
      "text": "", 
      "type": "LINE"
    }, 
    {
      "addresses": [], 
      "box": [
        577, 
        809, 
        314, 
        31
      ], 
      "checked": false, 
      "id": 376, 
      "ner_xml": "<PER>Lharlard</PER>,<TITRE>R. Bass Porte S. Denis</TITRE>,<ACT>6.\u2014\nPoissonni\u00e8re</ACT>.\n", 
      "origin": "computer", 
      "parent": 371, 
      "persons": [
        "Lharlard"
      ], 
      "text_ocr": "Lharlard , R. Bass Porte S. Denis, 6.\u2014\nPoissonni\u00e8re.\n", 
      "type": "ENTRY"
    }, 
    {
      "EOL": false, 
      "box": [
        577, 
        843, 
        295, 
        17
      ], 
      "id": 380, 
      "indented": true, 
      "parent": 379, 
      "text": "", 
      "type": "LINE"
    }, 
    {
      "addresses": [], 
      "box": [
        577, 
        843, 
        295, 
        17
      ], 
      "checked": false, 
      "id": 379, 
      "ner_xml": "<PER>Ch\u00e9radame</PER>,<TITRE>R. S. Denis</TITRE>.<CARDINAL>31</CARDINAL>. \u2014<TITRE>B. C.\n</TITRE>", 
      "origin": "computer", 
      "parent": 371, 
      "persons": [
        "Ch\u00e9radame"
      ], 
      "text_ocr": "Ch\u00e9radame , R. S. Denis. 31. \u2014 B. C.\n", 
      "type": "ENTRY"
    }, 
    {
      "EOL": false, 
      "box": [
        577, 
        862, 
        315, 
        20
      ], 
      "id": 382, 
      "indented": true, 
      "parent": 381, 
      "text": "", 
      "type": "LINE"
    }, 
    {
      "EOL": false, 
      "box": [
        595, 
        879, 
        95, 
        16
      ], 
      "id": 383, 
      "indented": false, 
      "parent": 381, 
      "text": "", 
      "type": "LINE"
    }, 
    {
      "addresses": [
        {
          "street_name": "Honor\u00e9", 
          "street_numbers": []
        }
      ], 
      "box": [
        577, 
        862, 
        315, 
        33
      ], 
      "checked": false, 
      "id": 381, 
      "ner_xml": "<PER>Lhomet</PER>,<ACT>FR. du Fb.</ACT><CARDINAL>5</CARDINAL>.<LOC>Honor\u00e9</LOC>,<ACT>5g. \u2014\nCh. Elys\u00e9es</ACT>.\n", 
      "origin": "computer", 
      "parent": 371, 
      "persons": [
        "Lhomet"
      ], 
      "text_ocr": "Lhomet, FR. du Fb. 5. Honor\u00e9 , 5g. \u2014\nCh. Elys\u00e9es.\n", 
      "type": "ENTRY"
    }, 
    {
      "EOL": false, 
      "box": [
        577, 
        896, 
        314, 
        19
      ], 
      "id": 385, 
      "indented": true, 
      "parent": 384, 
      "text": "", 
      "type": "LINE"
    }, 
    {
      "addresses": [], 
      "box": [
        577, 
        896, 
        314, 
        19
      ], 
      "checked": false, 
      "id": 384, 
      "ner_xml": "<PER>Clicquot</PER>,<TITRE>R. S. Dominique</TITRE>,<ACT>1174.\u2014Inv.</ACT>\n", 
      "origin": "computer", 
      "parent": 371, 
      "persons": [
        "Clicquot"
      ], 
      "text_ocr": "Clicquot , R. S. Dominique , 1174.\u2014Inv.\n", 
      "type": "ENTRY"
    }, 
    {
      "EOL": false, 
      "box": [
        577, 
        915, 
        313, 
        17
      ], 
      "id": 387, 
      "indented": true, 
      "parent": 386, 
      "text": "", 
      "type": "LINE"
    }, 
    {
      "EOL": false, 
      "box": [
        594, 
        933, 
        60, 
        12
      ], 
      "id": 388, 
      "indented": false, 
      "parent": 386, 
      "text": "", 
      "type": "LINE"
    }, 
    {
      "addresses": [], 
      "box": [
        577, 
        915, 
        313, 
        30
      ], 
      "checked": false, 
      "id": 386, 
      "ner_xml": "<PER>Lluzel</PER>,<PER>FR, des Bons Enfans</PER>,<CARDINAL>17</CARDINAL>. \u2014 H.\nau Bl\u00e9.\n", 
      "origin": "computer", 
      "parent": 371, 
      "persons": [
        "Lluzel", 
        "FR, des Bons Enfans"
      ], 
      "text_ocr": "Lluzel, FR, des Bons Enfans, 17. \u2014 H.\nau Bl\u00e9.\n", 
      "type": "ENTRY"
    }, 
    {
      "EOL": false, 
      "box": [
        577, 
        949, 
        245, 
        17
      ], 
      "id": 390, 
      "indented": true, 
      "parent": 389, 
      "text": "", 
      "type": "LINE"
    }, 
    {
      "addresses": [], 
      "box": [
        577, 
        949, 
        245, 
        17
      ], 
      "checked": false, 
      "id": 389, 
      "ner_xml": "<PER>Costel\u201d</PER>,<TITRE>I, de la Feuillade</TITRE>,<CARDINAL>455</CARDINAL>.\n", 
      "origin": "computer", 
      "parent": 371, 
      "persons": [
        "Costel\u201d"
      ], 
      "text_ocr": "Costel\u201d, I, de la Feuillade , 455.\n", 
      "type": "ENTRY"
    }, 
    {
      "EOL": false, 
      "box": [
        577, 
        967, 
        261, 
        17
      ], 
      "id": 392, 
      "indented": true, 
      "parent": 391, 
      "text": "", 
      "type": "LINE"
    }, 
    {
      "addresses": [
        {
          "street_name": "Fi. de la Loi", 
          "street_numbers": []
        }
      ], 
      "box": [
        577, 
        967, 
        261, 
        17
      ], 
      "checked": false, 
      "id": 391, 
      "ner_xml": "<TITRE>Couture</TITRE>,<LOC>Fi. de la Loi</LOC>,<ACT>305.\u2014 Lep-\n</ACT>", 
      "origin": "computer", 
      "parent": 371, 
      "persons": [], 
      "text_ocr": "Couture , Fi. de la Loi, 305.\u2014 Lep-\n", 
      "type": "ENTRY"
    }, 
    {
      "EOL": false, 
      "box": [
        578, 
        985, 
        286, 
        17
      ], 
      "id": 394, 
      "indented": true, 
      "parent": 393, 
      "text": "", 
      "type": "LINE"
    }, 
    {
      "addresses": [], 
      "box": [
        578, 
        985, 
        286, 
        17
      ], 
      "checked": false, 
      "id": 393, 
      "ner_xml": "<PER>Lozette, Ft.</PER><CARDINAL>5</CARDINAL>.<PER>Jacques</PER>,<ACT>240.\u2014 l'her</ACT>.\n", 
      "origin": "computer", 
      "parent": 371, 
      "persons": [
        "Lozette, Ft.", 
        "Jacques"
      ], 
      "text_ocr": "Lozette, Ft. 5. Jacques, 240.\u2014 l'her.\n", 
      "type": "ENTRY"
    }, 
    {
      "EOL": false, 
      "box": [
        579, 
        1002, 
        300, 
        16
      ], 
      "id": 396, 
      "indented": true, 
      "parent": 395, 
      "text": "", 
      "type": "LINE"
    }, 
    {
      "addresses": [], 
      "box": [
        579, 
        1002, 
        300, 
        16
      ], 
      "checked": false, 
      "id": 395, 
      "ner_xml": "<PER>Lresson</PER>,<TITRE>R. du Peut Pont</TITRE>, 100.\u2014 l'her.\n", 
      "origin": "computer", 
      "parent": 371, 
      "persons": [
        "Lresson"
      ], 
      "text_ocr": "Lresson , R. du Peut Pont , 100.\u2014 l'her.\n", 
      "type": "ENTRY"
    }, 
    {
      "EOL": false, 
      "box": [
        579, 
        1019, 
        207, 
        17
      ], 
      "id": 398, 
      "indented": true, 
      "parent": 397, 
      "text": "", 
      "type": "LINE"
    }, 
    {
      "addresses": [
        {
          "street_name": "KR. de Bussy", 
          "street_numbers": [
            "380"
          ]
        }
      ], 
      "box": [
        579, 
        1019, 
        207, 
        17
      ], 
      "checked": false, 
      "id": 397, 
      "ner_xml": "<TITRE>Danzel</TITRE>,<LOC>KR. de Bussy</LOC>,<CARDINAL>380</CARDINAL>.\n", 
      "origin": "computer", 
      "parent": 371, 
      "persons": [], 
      "text_ocr": "Danzel , KR. de Bussy , 380.\n", 
      "type": "ENTRY"
    }, 
    {
      "EOL": false, 
      "box": [
        579, 
        1037, 
        304, 
        18
      ], 
      "id": 400, 
      "indented": true, 
      "parent": 399, 
      "text": "", 
      "type": "LINE"
    }, 
    {
      "addresses": [], 
      "box": [
        579, 
        1037, 
        304, 
        18
      ], 
      "checked": false, 
      "id": 399, 
      "ner_xml": "<PER>Lar\u00e9s, &amp;. du Fb. S Martiu</PER>,<ACT>194.\u2014 N.\n</ACT>", 
      "origin": "computer", 
      "parent": 371, 
      "persons": [
        "Lar\u00e9s, &. du Fb. S Martiu"
      ], 
      "text_ocr": "Lar\u00e9s, &. du Fb. S Martiu, 194.\u2014 N.\n", 
      "type": "ENTRY"
    }, 
    {
      "EOL": false, 
      "box": [
        579, 
        1055, 
        313, 
        15
      ], 
      "id": 402, 
      "indented": true, 
      "parent": 401, 
      "text": "", 
      "type": "LINE"
    }, 
    {
      "EOL": false, 
      "box": [
        596, 
        1073, 
        51, 
        12
      ], 
      "id": 403, 
      "indented": false, 
      "parent": 401, 
      "text": "", 
      "type": "LINE"
    }, 
    {
      "addresses": [
        {
          "street_name": "Carr\u00e9 S. Marin", 
          "street_numbers": []
        }
      ], 
      "box": [
        579, 
        1055, 
        313, 
        30
      ], 
      "checked": false, 
      "id": 401, 
      "ner_xml": "<TITRE>Veharambure</TITRE>,<LOC>Carr\u00e9 S. Marin</LOC>,<TITRE>11.\u2014\nGravil</TITRE>.\n", 
      "origin": "computer", 
      "parent": 371, 
      "persons": [], 
      "text_ocr": "Veharambure, Carr\u00e9 S. Marin, 11.\u2014\nGravil.\n", 
      "type": "ENTRY"
    }, 
    {
      "EOL": false, 
      "box": [
        579, 
        1089, 
        313, 
        20
      ], 
      "id": 405, 
      "indented": true, 
      "parent": 404, 
      "text": "", 
      "type": "LINE"
    }, 
    {
      "addresses": [], 
      "box": [
        579, 
        1089, 
        313, 
        20
      ], 
      "checked": false, 
      "id": 404, 
      "ner_xml": "<PER>Delaplanche</PER>,<TITRE>R. du Fb. S. Antoine</TITRE>,<CARDINAL>105</CARDINAL>.\n", 
      "origin": "computer", 
      "parent": 371, 
      "persons": [
        "Delaplanche"
      ], 
      "text_ocr": "Delaplanche , R. du Fb. S. Antoine, 105.\n", 
      "type": "ENTRY"
    }, 
    {
      "EOL": false, 
      "box": [
        580, 
        1110, 
        281, 
        33
      ], 
      "id": 407, 
      "indented": true, 
      "parent": 406, 
      "text": "", 
      "type": "LINE"
    }, 
    {
      "addresses": [], 
      "box": [
        580, 
        1110, 
        281, 
        33
      ], 
      "checked": false, 
      "id": 406, 
      "ner_xml": "<ACT>ontreuis.\nD\u00e9londre . R. des Cinq Dismaans .</ACT><CARDINAL>23</CARDINAL>\n", 
      "origin": "computer", 
      "parent": 371, 
      "persons": [], 
      "text_ocr": "ontreuis.\nD\u00e9londre . R. des Cinq Dismaans . 23\n", 
      "type": "ENTRY"
    }, 
    {
      "EOL": false, 
      "box": [
        580, 
        1143, 
        312, 
        20
      ], 
      "id": 409, 
      "indented": true, 
      "parent": 408, 
      "text": "", 
      "type": "LINE"
    }, 
    {
      "addresses": [], 
      "box": [
        580, 
        1143, 
        312, 
        20
      ], 
      "checked": false, 
      "id": 408, 
      "ner_xml": "<PER>Lelondre, KR. de la Verrerie</PER>,<CARDINAL>15</CARDINAL>. \u2014 Lr.\n", 
      "origin": "computer", 
      "parent": 371, 
      "persons": [
        "Lelondre, KR. de la Verrerie"
      ], 
      "text_ocr": "Lelondre, KR. de la Verrerie , 15. \u2014 Lr.\n", 
      "type": "ENTRY"
    }, 
    {
      "EOL": false, 
      "box": [
        581, 
        1161, 
        115, 
        13
      ], 
      "id": 411, 
      "indented": true, 
      "parent": 410, 
      "text": "", 
      "type": "LINE"
    }, 
    {
      "addresses": [], 
      "box": [
        581, 
        1161, 
        115, 
        13
      ], 
      "checked": false, 
      "id": 410, 
      "ner_xml": "de L'Homme.\n", 
      "origin": "computer", 
      "parent": 371, 
      "persons": [], 
      "text_ocr": "de L'Homme.\n", 
      "type": "ENTRY"
    }, 
    {
      "EOL": false, 
      "box": [
        580, 
        1178, 
        290, 
        16
      ], 
      "id": 413, 
      "indented": true, 
      "parent": 412, 
      "text": "", 
      "type": "LINE"
    }, 
    {
      "addresses": [], 
      "box": [
        580, 
        1178, 
        290, 
        16
      ], 
      "checked": false, 
      "id": 412, 
      "ner_xml": "<PER>Lerosne</PER>,<ACT>\u00e0. \u00e0</ACT>.<TITRE>Honor\u00e9</TITRE>,<TITRE>:05.\u2014G.</TITRE>Fr.\n", 
      "origin": "computer", 
      "parent": 371, 
      "persons": [
        "Lerosne"
      ], 
      "text_ocr": "Lerosne , \u00e0. \u00e0. Honor\u00e9, :05.\u2014G. Fr.\n", 
      "type": "ENTRY"
    }, 
    {
      "box": [
        573, 
        772, 
        319, 
        422
      ], 
      "id": 371, 
      "parent": 370, 
      "type": "COLUMN_LEVEL_2"
    }, 
    {
      "box": [
        573, 
        772, 
        319, 
        422
      ], 
      "id": 370, 
      "parent": 369, 
      "type": "SECTION_LEVEL_2"
    }, 
    {
      "box": [
        573, 
        772, 
        319, 
        422
      ], 
      "id": 369, 
      "parent": 322, 
      "type": "COLUMN_LEVEL_1"
    }, 
    {
      "box": [
        98, 
        772, 
        794, 
        422
      ], 
      "id": 322, 
      "parent": 256, 
      "type": "SECTION_LEVEL_1"
    }, 
    {
      "box": [
        98, 
        130, 
        794, 
        1204
      ], 
      "id": 256, 
      "type": "PAGE"
    }
  ], 
  "mode": "cached"
}
