{
  "content": [
    {
      "EOL": false, 
      "box": [
        166, 
        164, 
        327, 
        22
      ], 
      "id": 262, 
      "indented": false, 
      "parent": 261, 
      "text": "", 
      "type": "LINE"
    }, 
    {
      "EOL": false, 
      "box": [
        167, 
        187, 
        124, 
        16
      ], 
      "id": 263, 
      "indented": false, 
      "parent": 261, 
      "text": "", 
      "type": "LINE"
    }, 
    {
      "addresses": [
        {
          "street_name": "R. et Div. du Fb. Mont-\nmartre", 
          "street_numbers": [
            "1031"
          ]
        }
      ], 
      "box": [
        166, 
        164, 
        327, 
        39
      ], 
      "checked": true, 
      "id": 261, 
      "origin": "human", 
      "parent": 260, 
      "persons": [
        "Deschamps p\u00e8re"
      ], 
      "score": 0.0, 
      "text_ocr": "##Deschamps p\u00e8re##, @@R. et Div. du Fb. Mont-\nmartre@@, $$1031$$.\n", 
      "type": "ENTRY"
    }, 
    {
      "EOL": false, 
      "box": [
        165, 
        199, 
        326, 
        24
      ], 
      "id": 265, 
      "indented": true, 
      "parent": 264, 
      "text": "", 
      "type": "LINE"
    }, 
    {
      "EOL": false, 
      "box": [
        185, 
        224, 
        108, 
        15
      ], 
      "id": 266, 
      "indented": false, 
      "parent": 264, 
      "text": "", 
      "type": "LINE"
    }, 
    {
      "addresses": [
        {
          "street_name": "R. et Div. du Fb. Mont-\nmartre", 
          "street_numbers": [
            "1031"
          ]
        }
      ], 
      "box": [
        165, 
        199, 
        326, 
        40
      ], 
      "checked": true, 
      "id": 264, 
      "origin": "human", 
      "parent": 260, 
      "persons": [
        "Deschamps fils"
      ], 
      "score": 0.0, 
      "text_ocr": "##Deschamps fils##, @@R. et Div. du Fb. Mont-\nmartre@@ , $$1031$$.\n", 
      "type": "ENTRY"
    }, 
    {
      "EOL": false, 
      "box": [
        165, 
        240, 
        255, 
        18
      ], 
      "id": 268, 
      "indented": true, 
      "parent": 267, 
      "text": "", 
      "type": "LINE"
    }, 
    {
      "addresses": [
        {
          "street_name": "R. S. Antoine", 
          "street_numbers": [
            "82"
          ]
        }
      ], 
      "box": [
        165, 
        240, 
        255, 
        18
      ], 
      "checked": true, 
      "id": 267, 
      "origin": "human", 
      "parent": 260, 
      "persons": [
        "Desir"
      ], 
      "score": 0.8571428571428572, 
      "text_ocr": "##Desir## , @@R. S. Antoine@@ , $$82$$.\u2014@@Ars@@.\n", 
      "type": "ENTRY"
    }, 
    {
      "EOL": false, 
      "box": [
        165, 
        257, 
        327, 
        20
      ], 
      "id": 270, 
      "indented": true, 
      "parent": 269, 
      "text": "", 
      "type": "LINE"
    }, 
    {
      "EOL": false, 
      "box": [
        185, 
        278, 
        52, 
        14
      ], 
      "id": 271, 
      "indented": false, 
      "parent": 269, 
      "text": "", 
      "type": "LINE"
    }, 
    {
      "addresses": [
        {
          "street_name": "R. Mouffetard", 
          "street_numbers": [
            "25"
          ]
        }
      ], 
      "box": [
        165, 
        257, 
        327, 
        35
      ], 
      "checked": true, 
      "id": 269, 
      "origin": "human", 
      "parent": 260, 
      "persons": [
        "Desprez ( Guil.)"
      ], 
      "score": 0.9230769230769231, 
      "text_ocr": "##Desprez ( Guil.)##, @@R. Mouffetard@@ , $$25$$. \u2014\n@@Finist@@.\n", 
      "type": "ENTRY"
    }, 
    {
      "EOL": false, 
      "box": [
        165, 
        291, 
        326, 
        28
      ], 
      "id": 273, 
      "indented": true, 
      "parent": 272, 
      "text": "", 
      "type": "LINE"
    }, 
    {
      "addresses": [
        {
          "street_name": "R. Montmartre", 
          "street_numbers": [
            "37"
          ]
        }
      ], 
      "box": [
        165, 
        291, 
        326, 
        28
      ], 
      "checked": true, 
      "id": 272, 
      "origin": "human", 
      "parent": 260, 
      "persons": [
        "Desprez (Charles)"
      ], 
      "score": 0.9230769230769231, 
      "text_ocr": "##Desprez (Charles)##, @@R. Montmartre@@, $$37$$.\u2014 brutus.\n", 
      "type": "ENTRY"
    }, 
    {
      "EOL": false, 
      "box": [
        165, 
        316, 
        241, 
        34
      ], 
      "id": 275, 
      "indented": true, 
      "parent": 274, 
      "text": "", 
      "type": "LINE"
    }, 
    {
      "addresses": [
        {
          "street_name": "R Beauregard", 
          "street_numbers": [
            "211"
          ]
        }
      ], 
      "box": [
        165, 
        316, 
        241, 
        34
      ], 
      "checked": true, 
      "id": 274, 
      "origin": "human", 
      "parent": 260, 
      "persons": [
        "Didiaux"
      ], 
      "score": 0.4166666666666667, 
      "text_ocr": "##Didiaux## , @@R Beauregard@@ , $$211$$.\n", 
      "type": "ENTRY"
    }, 
    {
      "EOL": false, 
      "box": [
        165, 
        349, 
        288, 
        20
      ], 
      "id": 277, 
      "indented": true, 
      "parent": 276, 
      "text": "", 
      "type": "LINE"
    }, 
    {
      "addresses": [
        {
          "street_name": "R. S. Martin", 
          "street_numbers": [
            "46"
          ]
        }
      ], 
      "box": [
        165, 
        349, 
        288, 
        20
      ], 
      "checked": true, 
      "id": 276, 
      "origin": "human", 
      "parent": 260, 
      "persons": [
        "Dublanc"
      ], 
      "score": 0.5, 
      "text_ocr": "##Dublanc## , @@R. S. Martin@@, $$46$$.\u2014@@R\u00e9un@@.\n", 
      "type": "ENTRY"
    }, 
    {
      "EOL": false, 
      "box": [
        165, 
        369, 
        243, 
        17
      ], 
      "id": 279, 
      "indented": true, 
      "parent": 278, 
      "text": "", 
      "type": "LINE"
    }, 
    {
      "addresses": [
        {
          "street_name": "R. de S\u00e8vres", 
          "street_numbers": [
            "1225"
          ]
        }
      ], 
      "box": [
        165, 
        369, 
        243, 
        17
      ], 
      "checked": true, 
      "id": 278, 
      "origin": "human", 
      "parent": 260, 
      "persons": [
        "Durosier"
      ], 
      "score": 0.0, 
      "text_ocr": "##Durosier## , @@R. de S\u00e8vres@@, $$1225$$.\n", 
      "type": "ENTRY"
    }, 
    {
      "EOL": false, 
      "box": [
        165, 
        379, 
        326, 
        26
      ], 
      "id": 281, 
      "indented": true, 
      "parent": 280, 
      "text": "", 
      "type": "LINE"
    }, 
    {
      "EOL": false, 
      "box": [
        184, 
        406, 
        51, 
        14
      ], 
      "id": 282, 
      "indented": false, 
      "parent": 280, 
      "text": "", 
      "type": "LINE"
    }, 
    {
      "addresses": [
        {
          "street_name": "R. du Faub. S. Honor\u00e9", 
          "street_numbers": [
            "54"
          ]
        }
      ], 
      "box": [
        165, 
        379, 
        326, 
        41
      ], 
      "checked": true, 
      "id": 280, 
      "origin": "human", 
      "parent": 260, 
      "persons": [
        "Dubuc"
      ], 
      "score": 0.962962962962963, 
      "text_ocr": "##Dubuc##, @@R. du Faub. S. Honor\u00e9@@ , $$54$$. \u2014\n@@Roule@@.\n", 
      "type": "ENTRY"
    }, 
    {
      "EOL": false, 
      "box": [
        165, 
        423, 
        308, 
        19
      ], 
      "id": 284, 
      "indented": true, 
      "parent": 283, 
      "text": "", 
      "type": "LINE"
    }, 
    {
      "addresses": [
        {
          "street_name": "R. de l'Egalit\u00e9", 
          "street_numbers": [
            "11"
          ]
        }
      ], 
      "box": [
        165, 
        423, 
        308, 
        19
      ], 
      "checked": true, 
      "id": 283, 
      "origin": "human", 
      "parent": 260, 
      "persons": [
        "Duchatel"
      ], 
      "score": 0.5, 
      "text_ocr": "##Duchatel## , @@R. de l'Egalit\u00e9@@ , $$11$$.\u2014@@Lux@@.\n", 
      "type": "ENTRY"
    }, 
    {
      "EOL": false, 
      "box": [
        165, 
        442, 
        314, 
        15
      ], 
      "id": 286, 
      "indented": true, 
      "parent": 285, 
      "text": "", 
      "type": "LINE"
    }, 
    {
      "addresses": [
        {
          "street_name": "R. et Div. du Mont Blanc", 
          "street_numbers": [
            "25"
          ]
        }
      ], 
      "box": [
        165, 
        442, 
        314, 
        15
      ], 
      "checked": true, 
      "id": 285, 
      "origin": "human", 
      "parent": 260, 
      "persons": [
        "Dufau"
      ], 
      "score": 0.5, 
      "text_ocr": "##Dufau##, @@R. et Div. du Mont Blanc@@, $$25$$.\n", 
      "type": "ENTRY"
    }, 
    {
      "EOL": false, 
      "box": [
        165, 
        458, 
        314, 
        21
      ], 
      "id": 288, 
      "indented": true, 
      "parent": 287, 
      "text": "", 
      "type": "LINE"
    }, 
    {
      "addresses": [
        {
          "street_name": "R. de la Loi", 
          "street_numbers": [
            "1259"
          ]
        }
      ], 
      "box": [
        165, 
        458, 
        314, 
        21
      ], 
      "checked": true, 
      "id": 287, 
      "origin": "human", 
      "parent": 260, 
      "persons": [
        "Dufilho"
      ], 
      "score": 0.15, 
      "text_ocr": "##Dufilho## , @@R. de la Loi@@, $$1259$$ \u2014@@B. des M@@.\n", 
      "type": "ENTRY"
    }, 
    {
      "EOL": false, 
      "box": [
        165, 
        477, 
        325, 
        19
      ], 
      "id": 290, 
      "indented": true, 
      "parent": 289, 
      "text": "", 
      "type": "LINE"
    }, 
    {
      "EOL": false, 
      "box": [
        186, 
        496, 
        82, 
        15
      ], 
      "id": 291, 
      "indented": false, 
      "parent": 289, 
      "text": "", 
      "type": "LINE"
    }, 
    {
      "addresses": [
        {
          "street_name": "R. du Faub. S. Antoine", 
          "street_numbers": [
            "15"
          ]
        }
      ], 
      "box": [
        165, 
        477, 
        325, 
        34
      ], 
      "checked": true, 
      "id": 289, 
      "origin": "human", 
      "parent": 260, 
      "persons": [
        "Dufour"
      ], 
      "score": 0.9642857142857143, 
      "text_ocr": "##Dufour##, @@R. du Faub. S. Antoine@@ , $$15$$. \u2014\n@@Montreuil@@.\n", 
      "type": "ENTRY"
    }, 
    {
      "EOL": false, 
      "box": [
        165, 
        514, 
        272, 
        19
      ], 
      "id": 293, 
      "indented": true, 
      "parent": 292, 
      "text": "", 
      "type": "LINE"
    }, 
    {
      "addresses": [
        {
          "street_name": "R. des Lombards", 
          "street_numbers": [
            "50"
          ]
        }
      ], 
      "box": [
        165, 
        514, 
        272, 
        19
      ], 
      "checked": true, 
      "id": 292, 
      "origin": "human", 
      "parent": 260, 
      "persons": [
        "Duponchel"
      ], 
      "score": 0.9333333333333333, 
      "text_ocr": "##Duponchel##, @@R. des Lombards@@, $$50$$.\n", 
      "type": "ENTRY"
    }, 
    {
      "EOL": false, 
      "box": [
        165, 
        523, 
        327, 
        28
      ], 
      "id": 295, 
      "indented": true, 
      "parent": 294, 
      "text": "", 
      "type": "LINE"
    }, 
    {
      "EOL": false, 
      "box": [
        183, 
        552, 
        190, 
        14
      ], 
      "id": 296, 
      "indented": false, 
      "parent": 294, 
      "text": "", 
      "type": "LINE"
    }, 
    {
      "addresses": [
        {
          "street_name": "\u00e0 la Croix Rouge , au coin de la\nR. du Vieux Colombier", 
          "street_numbers": []
        }
      ], 
      "box": [
        165, 
        523, 
        327, 
        43
      ], 
      "checked": true, 
      "id": 294, 
      "origin": "human", 
      "parent": 260, 
      "persons": [
        "Dupont"
      ], 
      "score": 0.0, 
      "street_number": "", 
      "text_ocr": "##Dupont##, @@\u00e0 la Croix Rouge , au coin de la\nR. du Vieux Colombier@@.\n", 
      "type": "ENTRY"
    }, 
    {
      "EOL": false, 
      "box": [
        164, 
        568, 
        294, 
        19
      ], 
      "id": 298, 
      "indented": true, 
      "parent": 297, 
      "text": "", 
      "type": "LINE"
    }, 
    {
      "addresses": [
        {
          "street_name": "R. S Denis", 
          "street_numbers": [
            "46"
          ]
        }
      ], 
      "box": [
        164, 
        568, 
        294, 
        19
      ], 
      "checked": true, 
      "id": 297, 
      "origin": "human", 
      "parent": 260, 
      "persons": [
        "Duret"
      ], 
      "score": 0.5, 
      "text_ocr": "##Duret##, @@R. S Denis@@, $$46$$.\u2014@@A. de la P@@.\n", 
      "type": "ENTRY"
    }, 
    {
      "EOL": false, 
      "box": [
        164, 
        590, 
        305, 
        21
      ], 
      "id": 300, 
      "indented": true, 
      "parent": 299, 
      "text": "", 
      "type": "LINE"
    }, 
    {
      "addresses": [
        {
          "street_name": "R. S Andr\u00e9 des Arcs", 
          "street_numbers": [
            "38"
          ]
        }
      ], 
      "box": [
        164, 
        590, 
        305, 
        21
      ], 
      "checked": true, 
      "id": 299, 
      "origin": "human", 
      "parent": 260, 
      "persons": [
        "Estheveny"
      ], 
      "score": 0.5, 
      "text_ocr": "##Estheveny## , @@R. S Andr\u00e9 des Arcs@@, $$38$$.\n", 
      "type": "ENTRY"
    }, 
    {
      "EOL": false, 
      "box": [
        165, 
        613, 
        326, 
        20
      ], 
      "id": 302, 
      "indented": true, 
      "parent": 301, 
      "text": "", 
      "type": "LINE"
    }, 
    {
      "EOL": false, 
      "box": [
        183, 
        634, 
        98, 
        13
      ], 
      "id": 303, 
      "indented": false, 
      "parent": 301, 
      "text": "", 
      "type": "LINE"
    }, 
    {
      "addresses": [
        {
          "street_name": "R. S. Dominique", 
          "street_numbers": [
            "1031"
          ]
        }
      ], 
      "box": [
        165, 
        613, 
        326, 
        34
      ], 
      "checked": true, 
      "id": 301, 
      "origin": "human", 
      "parent": 260, 
      "persons": [
        "Faure"
      ], 
      "score": 0.0, 
      "text_ocr": "##Faure## , @@R. S. Dominique@@ , $$1031$$. \u2014 @@Font.\nde Grenelle@@.\n", 
      "type": "ENTRY"
    }, 
    {
      "EOL": false, 
      "box": [
        163, 
        650, 
        310, 
        20
      ], 
      "id": 305, 
      "indented": true, 
      "parent": 304, 
      "text": "", 
      "type": "LINE"
    }, 
    {
      "addresses": [
        {
          "street_name": "R. Montmartre", 
          "street_numbers": [
            "111"
          ]
        }
      ], 
      "box": [
        163, 
        650, 
        310, 
        20
      ], 
      "checked": true, 
      "id": 304, 
      "origin": "human", 
      "parent": 260, 
      "persons": [
        "Flamant"
      ], 
      "score": 0.9230769230769231, 
      "text_ocr": "##Flamant##, @@R. Montmartre@@ , $$111$$.\u2014@@Lep@@.\n", 
      "type": "ENTRY"
    }, 
    {
      "EOL": false, 
      "box": [
        163, 
        669, 
        280, 
        18
      ], 
      "id": 307, 
      "indented": true, 
      "parent": 306, 
      "text": "", 
      "type": "LINE"
    }, 
    {
      "addresses": [
        {
          "street_name": "R S. Honor\u00e9", 
          "street_numbers": [
            "10"
          ]
        }
      ], 
      "box": [
        163, 
        669, 
        280, 
        18
      ], 
      "checked": true, 
      "id": 306, 
      "origin": "human", 
      "parent": 260, 
      "persons": [
        "Follope"
      ], 
      "score": 0.8333333333333334, 
      "text_ocr": "##Follope## , @@R S. Honor\u00e9@@, $$10$$.- @@Tuil@@.\n", 
      "type": "ENTRY"
    }, 
    {
      "EOL": false, 
      "box": [
        164, 
        687, 
        326, 
        19
      ], 
      "id": 309, 
      "indented": true, 
      "parent": 308, 
      "text": "", 
      "type": "LINE"
    }, 
    {
      "EOL": false, 
      "box": [
        183, 
        705, 
        261, 
        18
      ], 
      "id": 310, 
      "indented": false, 
      "parent": 308, 
      "text": "", 
      "type": "LINE"
    }, 
    {
      "addresses": [
        {
          "street_name": "R. des Cordeliers, au coin de\nla R. des Foss\u00e9s S. Germain", 
          "street_numbers": [
            "27"
          ]
        }
      ], 
      "box": [
        164, 
        687, 
        326, 
        36
      ], 
      "checked": true, 
      "id": 308, 
      "origin": "human", 
      "parent": 260, 
      "persons": [
        "Foug\u00e8res"
      ], 
      "score": 0.5, 
      "text_ocr": "##Foug\u00e8res## , @@R. des Cordeliers, au coin de\nla R. des Foss\u00e9s S. Germain@@ , $$27$$.\n", 
      "type": "ENTRY"
    }, 
    {
      "EOL": false, 
      "box": [
        163, 
        724, 
        318, 
        20
      ], 
      "id": 312, 
      "indented": true, 
      "parent": 311, 
      "text": "", 
      "type": "LINE"
    }, 
    {
      "addresses": [
        {
          "street_name": "R. de la Harpe", 
          "street_numbers": [
            "319"
          ]
        }
      ], 
      "box": [
        163, 
        724, 
        318, 
        20
      ], 
      "checked": true, 
      "id": 311, 
      "origin": "human", 
      "parent": 260, 
      "persons": [
        "Fran\u00e7ois"
      ], 
      "score": 0.5, 
      "text_ocr": "##Fran\u00e7ois## , @@R. de la Harpe@@ , $$319$$. \u2014@@Ther@@.\n", 
      "type": "ENTRY"
    }, 
    {
      "EOL": false, 
      "box": [
        164, 
        746, 
        290, 
        19
      ], 
      "id": 314, 
      "indented": true, 
      "parent": 313, 
      "text": "", 
      "type": "LINE"
    }, 
    {
      "addresses": [
        {
          "street_name": "R. d'Anjou", 
          "street_numbers": [
            "980"
          ]
        }
      ], 
      "box": [
        164, 
        746, 
        290, 
        19
      ], 
      "checked": true, 
      "id": 313, 
      "origin": "human", 
      "parent": 260, 
      "persons": [
        "Gagnage"
      ], 
      "score": 0.5, 
      "text_ocr": "##Gagnage## , @@R. d'Anjou@@, $$980$$.\u2014@@Roule@@.\n", 
      "type": "ENTRY"
    }, 
    {
      "EOL": false, 
      "box": [
        164, 
        764, 
        311, 
        19
      ], 
      "id": 316, 
      "indented": true, 
      "parent": 315, 
      "text": "", 
      "type": "LINE"
    }, 
    {
      "addresses": [
        {
          "street_name": "Unit\u00e9", 
          "street_numbers": [
            "1463"
          ]
        }
      ], 
      "box": [
        164, 
        764, 
        311, 
        19
      ], 
      "checked": true, 
      "id": 315, 
      "origin": "human", 
      "parent": 260, 
      "persons": [
        "Gaillard"
      ], 
      "score": 0.0, 
      "text_ocr": "##Gaillard##, ##R. de Seine##, $$1463$$.\u2014 @@Unit\u00e9@@.\n", 
      "type": "ENTRY"
    }, 
    {
      "EOL": false, 
      "box": [
        163, 
        783, 
        207, 
        16
      ], 
      "id": 318, 
      "indented": true, 
      "parent": 317, 
      "text": "", 
      "type": "LINE"
    }, 
    {
      "addresses": [
        {
          "street_name": "March\u00e9 Neuf", 
          "street_numbers": [
            "22"
          ]
        }
      ], 
      "box": [
        163, 
        783, 
        207, 
        16
      ], 
      "checked": true, 
      "id": 317, 
      "origin": "human", 
      "parent": 260, 
      "persons": [
        "Galti\u00e9"
      ], 
      "score": 0.5, 
      "text_ocr": "##Galti\u00e9##, @@March\u00e9 Neuf@@, $$22$$\n", 
      "type": "ENTRY"
    }, 
    {
      "EOL": false, 
      "box": [
        163, 
        801, 
        326, 
        17
      ], 
      "id": 320, 
      "indented": true, 
      "parent": 319, 
      "text": "", 
      "type": "LINE"
    }, 
    {
      "EOL": false, 
      "box": [
        182, 
        821, 
        83, 
        16
      ], 
      "id": 321, 
      "indented": false, 
      "parent": 319, 
      "text": "", 
      "type": "LINE"
    }, 
    {
      "addresses": [
        {
          "street_name": "R.et Div. du Fb. Montmar-\ntre", 
          "street_numbers": [
            "1034"
          ]
        }
      ], 
      "box": [
        163, 
        801, 
        326, 
        36
      ], 
      "checked": true, 
      "id": 319, 
      "origin": "human", 
      "parent": 260, 
      "persons": [
        "Garnier"
      ], 
      "score": 0.0, 
      "text_ocr": "##Garnier##, @@R.et Div. du Fb. Montmar-\ntre@@, $$1034$$.\n", 
      "type": "ENTRY"
    }, 
    {
      "EOL": false, 
      "box": [
        163, 
        837, 
        227, 
        19
      ], 
      "id": 323, 
      "indented": true, 
      "parent": 322, 
      "text": "", 
      "type": "LINE"
    }, 
    {
      "addresses": [
        {
          "street_name": "R. Caumartin", 
          "street_numbers": [
            "810"
          ]
        }
      ], 
      "box": [
        163, 
        837, 
        227, 
        19
      ], 
      "checked": true, 
      "id": 322, 
      "origin": "human", 
      "parent": 260, 
      "persons": [
        "Godard"
      ], 
      "score": 0.5, 
      "text_ocr": "##Godard##, @@R. Caumartin@@ , $$810$$.\n", 
      "type": "ENTRY"
    }, 
    {
      "EOL": false, 
      "box": [
        163, 
        855, 
        316, 
        18
      ], 
      "id": 325, 
      "indented": true, 
      "parent": 324, 
      "text": "", 
      "type": "LINE"
    }, 
    {
      "addresses": [
        {
          "street_name": "R Helv\u00e9tius", 
          "street_numbers": [
            "577"
          ]
        }
      ], 
      "box": [
        163, 
        855, 
        316, 
        18
      ], 
      "checked": true, 
      "id": 324, 
      "origin": "human", 
      "parent": 260, 
      "persons": [
        "Goupil"
      ], 
      "score": 0.5, 
      "text_ocr": "##Goupil##, @@R Helv\u00e9tius@@, $$577$$. \u2014@@B. des M@@.\n", 
      "type": "ENTRY"
    }, 
    {
      "EOL": false, 
      "box": [
        163, 
        874, 
        317, 
        18
      ], 
      "id": 327, 
      "indented": true, 
      "parent": 326, 
      "text": "", 
      "type": "LINE"
    }, 
    {
      "addresses": [
        {
          "street_name": "R. N. des Petits Champs", 
          "street_numbers": [
            "33"
          ]
        }
      ], 
      "box": [
        163, 
        874, 
        317, 
        18
      ], 
      "checked": true, 
      "id": 326, 
      "origin": "human", 
      "parent": 260, 
      "persons": [
        "Griffon"
      ], 
      "score": 0.5, 
      "text_ocr": "##Griffon## , @@R. N. des Petits Champs@@, $$33$$.\n", 
      "type": "ENTRY"
    }, 
    {
      "EOL": false, 
      "box": [
        163, 
        892, 
        307, 
        16
      ], 
      "id": 329, 
      "indented": true, 
      "parent": 328, 
      "text": "", 
      "type": "LINE"
    }, 
    {
      "addresses": [
        {
          "street_name": "R. S. Honor\u00e9", 
          "street_numbers": [
            "20"
          ]
        }
      ], 
      "box": [
        163, 
        892, 
        307, 
        16
      ], 
      "checked": true, 
      "id": 328, 
      "origin": "human", 
      "parent": 260, 
      "persons": [
        "Guiart"
      ], 
      "score": 0.8333333333333334, 
      "text_ocr": "##Guiart## , @@R. S. Honor\u00e9@@, $$20$$.\u2014-@@H. au Bl\u00e9@@.\n", 
      "type": "ENTRY"
    }, 
    {
      "EOL": false, 
      "box": [
        163, 
        910, 
        246, 
        16
      ], 
      "id": 331, 
      "indented": true, 
      "parent": 330, 
      "text": "", 
      "type": "LINE"
    }, 
    {
      "addresses": [
        {
          "street_name": "R. des Lombards", 
          "street_numbers": [
            "51"
          ]
        }
      ], 
      "box": [
        163, 
        910, 
        246, 
        16
      ], 
      "checked": true, 
      "id": 330, 
      "origin": "human", 
      "parent": 260, 
      "persons": [
        "Guibout"
      ], 
      "score": 0.5, 
      "text_ocr": "##Guibout##, @@R. des Lombards@@, $$51$$.\n", 
      "type": "ENTRY"
    }, 
    {
      "EOL": false, 
      "box": [
        163, 
        927, 
        297, 
        17
      ], 
      "id": 333, 
      "indented": true, 
      "parent": 332, 
      "text": "", 
      "type": "LINE"
    }, 
    {
      "addresses": [
        {
          "street_name": "R. du Four", 
          "street_numbers": [
            "32"
          ]
        }
      ], 
      "box": [
        163, 
        927, 
        297, 
        17
      ], 
      "checked": true, 
      "id": 332, 
      "origin": "human", 
      "parent": 260, 
      "persons": [
        "Guietand"
      ], 
      "score": 0.9, 
      "text_ocr": "##Guietand##, @@R. du Four@@ , $$32$$.\u2014@@H. au B@@.\n", 
      "type": "ENTRY"
    }, 
    {
      "EOL": false, 
      "box": [
        164, 
        950, 
        254, 
        19
      ], 
      "id": 335, 
      "indented": true, 
      "parent": 334, 
      "text": "", 
      "type": "LINE"
    }, 
    {
      "addresses": [
        {
          "street_name": "R. de la Monnoie", 
          "street_numbers": [
            "29"
          ]
        }
      ], 
      "box": [
        164, 
        950, 
        254, 
        19
      ], 
      "checked": true, 
      "id": 334, 
      "origin": "human", 
      "parent": 260, 
      "persons": [
        "Hall\u00e9e"
      ], 
      "score": 0.5, 
      "text_ocr": "##Hall\u00e9e## , @@R. de la Monnoie@@, $$29$$.\n", 
      "type": "ENTRY"
    }, 
    {
      "EOL": false, 
      "box": [
        164, 
        969, 
        233, 
        19
      ], 
      "id": 337, 
      "indented": true, 
      "parent": 336, 
      "text": "", 
      "type": "LINE"
    }, 
    {
      "addresses": [
        {
          "street_name": "place S Michel", 
          "street_numbers": [
            "782"
          ]
        }
      ], 
      "box": [
        164, 
        969, 
        233, 
        19
      ], 
      "checked": true, 
      "id": 336, 
      "origin": "human", 
      "parent": 260, 
      "persons": [
        "Hardy"
      ], 
      "score": 0.75, 
      "text_ocr": "##Hardy## , @@place S Michel@@, $$782$$.\n", 
      "type": "ENTRY"
    }, 
    {
      "EOL": false, 
      "box": [
        165, 
        987, 
        301, 
        15
      ], 
      "id": 339, 
      "indented": true, 
      "parent": 338, 
      "text": "", 
      "type": "LINE"
    }, 
    {
      "addresses": [
        {
          "street_name": "R. de la Juiverie", 
          "street_numbers": [
            "20"
          ]
        }
      ], 
      "box": [
        165, 
        987, 
        301, 
        15
      ], 
      "checked": true, 
      "id": 338, 
      "origin": "human", 
      "parent": 260, 
      "persons": [
        "Hauche-Corne"
      ], 
      "score": 0.5, 
      "text_ocr": "##Hauche-Corne## , @@R. de la Juiverie@@ , $$20$$.\n", 
      "type": "ENTRY"
    }, 
    {
      "EOL": false, 
      "box": [
        165, 
        1005, 
        279, 
        18
      ], 
      "id": 341, 
      "indented": true, 
      "parent": 340, 
      "text": "", 
      "type": "LINE"
    }, 
    {
      "addresses": [
        {
          "street_name": "R. S Martin", 
          "street_numbers": [
            "57"
          ]
        }
      ], 
      "box": [
        165, 
        1005, 
        279, 
        18
      ], 
      "checked": true, 
      "id": 340, 
      "origin": "human", 
      "parent": 260, 
      "persons": [
        "Joffrin"
      ], 
      "score": 0.5, 
      "text_ocr": "##Joffrin## , @@R. S Martin@@ , $$57$$.\u2014@@Lomb@@.\n", 
      "type": "ENTRY"
    }, 
    {
      "EOL": false, 
      "box": [
        165, 
        1019, 
        329, 
        23
      ], 
      "id": 343, 
      "indented": true, 
      "parent": 342, 
      "text": "", 
      "type": "LINE"
    }, 
    {
      "addresses": [
        {
          "street_name": "R. des Cinq Diamans", 
          "street_numbers": [
            "19"
          ]
        }
      ], 
      "box": [
        165, 
        1019, 
        329, 
        23
      ], 
      "checked": true, 
      "id": 342, 
      "origin": "human", 
      "parent": 260, 
      "persons": [
        "Josse"
      ], 
      "score": 0.0, 
      "text_ocr": "##Josse## , @@R. des Cinq Diamans@@, $$19$$\u2014 @@Lom@@.\n", 
      "type": "ENTRY"
    }, 
    {
      "EOL": false, 
      "box": [
        165, 
        1041, 
        324, 
        19
      ], 
      "id": 345, 
      "indented": true, 
      "parent": 344, 
      "text": "", 
      "type": "LINE"
    }, 
    {
      "EOL": false, 
      "box": [
        181, 
        1060, 
        168, 
        16
      ], 
      "id": 346, 
      "indented": false, 
      "parent": 344, 
      "text": "", 
      "type": "LINE"
    }, 
    {
      "addresses": [
        {
          "street_name": "R. de la Gr. Truande-\nrie", 
          "street_numbers": [
            "58"
          ]
        }
      ], 
      "box": [
        165, 
        1041, 
        324, 
        35
      ], 
      "checked": true, 
      "id": 344, 
      "origin": "human", 
      "parent": 260, 
      "persons": [
        "Labb\u00e9-Dum\u00e9nil"
      ], 
      "score": 0.5, 
      "text_ocr": "##Labb\u00e9-Dum\u00e9nil##, @@R. de la Gr. Truande-\nrie@@, $$58$$.\u2014@@B. Conseil@@.\n", 
      "type": "ENTRY"
    }, 
    {
      "EOL": false, 
      "box": [
        164, 
        1077, 
        224, 
        18
      ], 
      "id": 348, 
      "indented": true, 
      "parent": 347, 
      "text": "", 
      "type": "LINE"
    }, 
    {
      "addresses": [
        {
          "street_name": "R. de S\u00e8vres", 
          "street_numbers": [
            "1061"
          ]
        }
      ], 
      "box": [
        164, 
        1077, 
        224, 
        18
      ], 
      "checked": true, 
      "id": 347, 
      "origin": "human", 
      "parent": 260, 
      "persons": [
        "Labrie"
      ], 
      "score": 0.4166666666666667, 
      "text_ocr": "##Labrie## , @@R. de S\u00e8vres@@, $$1061$$.\n", 
      "type": "ENTRY"
    }, 
    {
      "EOL": false, 
      "box": [
        164, 
        1095, 
        327, 
        20
      ], 
      "id": 350, 
      "indented": true, 
      "parent": 349, 
      "text": "", 
      "type": "LINE"
    }, 
    {
      "addresses": [
        {
          "street_name": "R. et carrefour Gail-\nlon", 
          "street_numbers": [
            "835"
          ]
        }
      ], 
      "box": [
        164, 
        1095, 
        327, 
        36
      ], 
      "checked": true, 
      "id": 349, 
      "origin": "human", 
      "parent": 260, 
      "persons": [
        "Lacour - Fraisse"
      ], 
      "score": 0.0, 
      "text_ocr": "##Lacour - Fraisse##, @@R. et carrefour Gail-\nlon@@, $$835$$.\n\n", 
      "type": "ENTRY"
    }, 
    {
      "EOL": false, 
      "box": [
        164, 
        1116, 
        91, 
        15
      ], 
      "id": 352, 
      "indented": true, 
      "parent": 349, 
      "text": "", 
      "type": "LINE"
    }, 
    {
      "EOL": false, 
      "box": [
        164, 
        1131, 
        210, 
        20
      ], 
      "id": 354, 
      "indented": true, 
      "parent": 353, 
      "text": "", 
      "type": "LINE"
    }, 
    {
      "addresses": [
        {
          "street_name": "place Maubert", 
          "street_numbers": [
            "31"
          ]
        }
      ], 
      "box": [
        164, 
        1131, 
        210, 
        20
      ], 
      "checked": true, 
      "id": 353, 
      "origin": "human", 
      "parent": 260, 
      "persons": [
        "Lain\u00e9"
      ], 
      "score": 1.0, 
      "text_ocr": "##Lain\u00e9## , @@place Maubert@@, $$31$$.\n", 
      "type": "ENTRY"
    }, 
    {
      "EOL": false, 
      "box": [
        165, 
        1150, 
        288, 
        18
      ], 
      "id": 356, 
      "indented": true, 
      "parent": 355, 
      "text": "", 
      "type": "LINE"
    }, 
    {
      "addresses": [
        {
          "street_name": "R. du Fb. S. Jacques", 
          "street_numbers": [
            "83"
          ]
        }
      ], 
      "box": [
        165, 
        1150, 
        288, 
        18
      ], 
      "checked": true, 
      "id": 355, 
      "origin": "human", 
      "parent": 260, 
      "persons": [
        "Lambert"
      ], 
      "score": 0.8571428571428572, 
      "text_ocr": "##Lambert##, @@R. du Fb. S. Jacques@@, $$83$$.\n", 
      "type": "ENTRY"
    }, 
    {
      "EOL": false, 
      "box": [
        164, 
        1168, 
        312, 
        20
      ], 
      "id": 358, 
      "indented": true, 
      "parent": 357, 
      "text": "", 
      "type": "LINE"
    }, 
    {
      "addresses": [
        {
          "street_name": "R. du Bacq", 
          "street_numbers": []
        }
      ], 
      "box": [
        164, 
        1168, 
        312, 
        20
      ], 
      "checked": true, 
      "id": 357, 
      "origin": "human", 
      "parent": 260, 
      "persons": [
        "Lam\u00e9gie"
      ], 
      "score": 0.0, 
      "street_number": "", 
      "text_ocr": "##Lam\u00e9gie##, @@R. du Bacq@@ , 848 \u2014@@F. de Gr.@@\n", 
      "type": "ENTRY"
    }, 
    {
      "EOL": false, 
      "box": [
        164, 
        1186, 
        261, 
        20
      ], 
      "id": 360, 
      "indented": true, 
      "parent": 359, 
      "text": "", 
      "type": "LINE"
    }, 
    {
      "addresses": [
        {
          "street_name": "enclos du Temple", 
          "street_numbers": [
            "78"
          ]
        }
      ], 
      "box": [
        164, 
        1186, 
        261, 
        20
      ], 
      "checked": true, 
      "id": 359, 
      "origin": "human", 
      "parent": 260, 
      "persons": [
        "Langlois"
      ], 
      "score": 0.5, 
      "text_ocr": "##Langlois## , @@enclos du Temple@@ , $$78$$.\n", 
      "type": "ENTRY"
    }, 
    {
      "EOL": false, 
      "box": [
        164, 
        1204, 
        326, 
        19
      ], 
      "id": 362, 
      "indented": true, 
      "parent": 361, 
      "text": "", 
      "type": "LINE"
    }, 
    {
      "addresses": [
        {
          "street_name": "R. du March\u00e9 aux Poir\u00e9es", 
          "street_numbers": [
            "557"
          ]
        }
      ], 
      "box": [
        164, 
        1204, 
        326, 
        19
      ], 
      "checked": true, 
      "id": 361, 
      "origin": "human", 
      "parent": 260, 
      "persons": [
        "Lecanu"
      ], 
      "score": 0.5, 
      "text_ocr": "##Lecanu## , @@R. du March\u00e9 aux Poir\u00e9es@@, $$557$$.\n", 
      "type": "ENTRY"
    }, 
    {
      "EOL": false, 
      "box": [
        164, 
        1223, 
        313, 
        18
      ], 
      "id": 364, 
      "indented": true, 
      "parent": 363, 
      "text": "", 
      "type": "LINE"
    }, 
    {
      "addresses": [
        {
          "street_name": "R. de la Barillerie", 
          "street_numbers": [
            "41"
          ]
        }
      ], 
      "box": [
        164, 
        1223, 
        313, 
        18
      ], 
      "checked": true, 
      "id": 363, 
      "origin": "human", 
      "parent": 260, 
      "persons": [
        "Leclerc"
      ], 
      "score": 0.5, 
      "text_ocr": "##Leclerc## , @@R. de la Barillerie@@ , $$41$$.\u2014 @@Cite@@.\n", 
      "type": "ENTRY"
    }, 
    {
      "box": [
        159, 
        164, 
        335, 
        1079
      ], 
      "id": 260, 
      "parent": 259, 
      "type": "COLUMN_LEVEL_2"
    }, 
    {
      "box": [
        159, 
        164, 
        337, 
        1079
      ], 
      "id": 259, 
      "parent": 258, 
      "type": "SECTION_LEVEL_2"
    }, 
    {
      "box": [
        159, 
        134, 
        337, 
        1109
      ], 
      "id": 258, 
      "parent": 257, 
      "type": "COLUMN_LEVEL_1"
    }, 
    {
      "EOL": false, 
      "box": [
        505, 
        135, 
        71, 
        19
      ], 
      "id": 369, 
      "indented": false, 
      "parent": 368, 
      "text": "", 
      "type": "LINE"
    }, 
    {
      "addresses": [], 
      "box": [
        505, 
        135, 
        71, 
        19
      ], 
      "checked": true, 
      "id": 368, 
      "origin": "computer", 
      "parent": 367, 
      "persons": [
        ""
      ], 
      "score": -1, 
      "street": "", 
      "street_number": "", 
      "text_ocr": "ACLEN\u00c9,\n", 
      "type": "ENTRY"
    }, 
    {
      "EOL": false, 
      "box": [
        515, 
        134, 
        329, 
        65
      ], 
      "id": 371, 
      "indented": true, 
      "parent": 370, 
      "text": "", 
      "type": "LINE"
    }, 
    {
      "addresses": [
        {
          "street_name": "R. N. des Petits Champs", 
          "street_numbers": [
            "15"
          ]
        }
      ], 
      "box": [
        515, 
        134, 
        329, 
        65
      ], 
      "checked": true, 
      "id": 370, 
      "origin": "human", 
      "parent": 367, 
      "persons": [
        "Lecomte"
      ], 
      "score": 0.5, 
      "text_ocr": "##Lecomte## , @@R. N. des Petits Champs@@, $$15$$.\n\u2014@@B. des Moul@@.\n", 
      "type": "ENTRY"
    }, 
    {
      "EOL": false, 
      "box": [
        515, 
        203, 
        329, 
        18
      ], 
      "id": 373, 
      "indented": true, 
      "parent": 372, 
      "text": "", 
      "type": "LINE"
    }, 
    {
      "addresses": [
        {
          "street_name": "A. de la P", 
          "street_numbers": [
            "298"
          ]
        }
      ], 
      "box": [
        515, 
        203, 
        329, 
        18
      ], 
      "checked": true, 
      "id": 372, 
      "origin": "human", 
      "parent": 367, 
      "persons": [
        "Lecourt"
      ], 
      "score": 0.9166666666666667, 
      "text_ocr": "##Lecourt##, ##R. S. Martin##, $$298$$.\u2014@@A. de la P@@.\n", 
      "type": "ENTRY"
    }, 
    {
      "EOL": false, 
      "box": [
        515, 
        222, 
        327, 
        20
      ], 
      "id": 375, 
      "indented": true, 
      "parent": 374, 
      "text": "", 
      "type": "LINE"
    }, 
    {
      "EOL": false, 
      "box": [
        534, 
        241, 
        80, 
        14
      ], 
      "id": 376, 
      "indented": false, 
      "parent": 374, 
      "text": "", 
      "type": "LINE"
    }, 
    {
      "addresses": [
        {
          "street_name": "R. N. Ste Croix", 
          "street_numbers": [
            "469"
          ]
        }
      ], 
      "box": [
        515, 
        222, 
        327, 
        33
      ], 
      "checked": true, 
      "id": 374, 
      "origin": "human", 
      "parent": 367, 
      "persons": [
        "Lefran\u00e7ois"
      ], 
      "score": 0.0, 
      "text_ocr": "##Lefran\u00e7ois## @@R. N. Ste Croix@@, $$469$$. \u2014 @@PI.\nVend\u00f4me@@.\n", 
      "type": "ENTRY"
    }, 
    {
      "EOL": false, 
      "box": [
        514, 
        258, 
        321, 
        19
      ], 
      "id": 378, 
      "indented": true, 
      "parent": 377, 
      "text": "", 
      "type": "LINE"
    }, 
    {
      "addresses": [
        {
          "street_name": "Petite R. S Louis", 
          "street_numbers": [
            "548"
          ]
        }
      ], 
      "box": [
        514, 
        258, 
        321, 
        19
      ], 
      "checked": true, 
      "id": 377, 
      "origin": "human", 
      "parent": 367, 
      "persons": [
        "Leguey"
      ], 
      "score": 0.5, 
      "text_ocr": "##Leguey##, @@Petite R. S Louis@@ , $$548$$.\u2014@@Tuil@@.\n", 
      "type": "ENTRY"
    }, 
    {
      "EOL": false, 
      "box": [
        514, 
        277, 
        329, 
        33
      ], 
      "id": 380, 
      "indented": true, 
      "parent": 379, 
      "text": "", 
      "type": "LINE"
    }, 
    {
      "addresses": [
        {
          "street_name": "R. S. Honor\u00e9", 
          "street_numbers": [
            "1360"
          ]
        }
      ], 
      "box": [
        514, 
        277, 
        329, 
        33
      ], 
      "checked": true, 
      "id": 379, 
      "origin": "human", 
      "parent": 367, 
      "persons": [
        "Lehoux-Declermont"
      ], 
      "score": 0.43333333333333335, 
      "text_ocr": "##Lehoux-Declermont##, @@R. S. Honor\u00e9@@, $$1360$$.\n\u2014 @@B. des Moul@@.\n", 
      "type": "ENTRY"
    }, 
    {
      "EOL": false, 
      "box": [
        514, 
        313, 
        328, 
        33
      ], 
      "id": 382, 
      "indented": true, 
      "parent": 381, 
      "text": "", 
      "type": "LINE"
    }, 
    {
      "addresses": [
        {
          "street_name": "R. S.  Antoine", 
          "street_numbers": [
            "62"
          ]
        }
      ], 
      "box": [
        514, 
        313, 
        328, 
        33
      ], 
      "checked": true, 
      "id": 381, 
      "origin": "human", 
      "parent": 367, 
      "persons": [
        "Lemaitre de la Guetterie"
      ], 
      "score": 0.5, 
      "text_ocr": "##Lemaitre de la Guetterie## , @@R. S.  Antoine@@,\n$$62$$.- @@Dr. de l'Homme@@\n", 
      "type": "ENTRY"
    }, 
    {
      "EOL": false, 
      "box": [
        513, 
        350, 
        329, 
        18
      ], 
      "id": 384, 
      "indented": true, 
      "parent": 383, 
      "text": "", 
      "type": "LINE"
    }, 
    {
      "EOL": false, 
      "box": [
        534, 
        370, 
        125, 
        15
      ], 
      "id": 385, 
      "indented": false, 
      "parent": 383, 
      "text": "", 
      "type": "LINE"
    }, 
    {
      "addresses": [
        {
          "street_name": "R. S. Martin", 
          "street_numbers": [
            "84"
          ]
        }
      ], 
      "box": [
        513, 
        350, 
        329, 
        35
      ], 
      "checked": true, 
      "id": 383, 
      "origin": "human", 
      "parent": 367, 
      "persons": [
        "Lemanceau-Deschalleris"
      ], 
      "score": 0.9285714285714286, 
      "text_ocr": "##Lemanceau-Deschalleris##, @@R. S. Martin@@,\n$$84$$. @@A. de la P@@.\n", 
      "type": "ENTRY"
    }, 
    {
      "EOL": false, 
      "box": [
        514, 
        386, 
        286, 
        19
      ], 
      "id": 387, 
      "indented": true, 
      "parent": 386, 
      "text": "", 
      "type": "LINE"
    }, 
    {
      "addresses": [
        {
          "street_name": "place Baudoyer", 
          "street_numbers": [
            "9"
          ]
        }
      ], 
      "box": [
        514, 
        386, 
        286, 
        19
      ], 
      "checked": true, 
      "id": 386, 
      "origin": "human", 
      "parent": 367, 
      "persons": [
        "Lemi\u00e8re"
      ], 
      "score": 0.5, 
      "text_ocr": "##Lemi\u00e8re##, @@place Baudoyer@@ , $$9$$.- @@Fid@@.\n", 
      "type": "ENTRY"
    }, 
    {
      "EOL": false, 
      "box": [
        513, 
        404, 
        328, 
        20
      ], 
      "id": 389, 
      "indented": true, 
      "parent": 388, 
      "text": "", 
      "type": "LINE"
    }, 
    {
      "EOL": false, 
      "box": [
        532, 
        424, 
        103, 
        14
      ], 
      "id": 390, 
      "indented": false, 
      "parent": 388, 
      "text": "", 
      "type": "LINE"
    }, 
    {
      "addresses": [
        {
          "street_name": "Vieille R. de Temple", 
          "street_numbers": [
            "5"
          ]
        }
      ], 
      "box": [
        513, 
        404, 
        328, 
        34
      ], 
      "checked": true, 
      "id": 388, 
      "origin": "human", 
      "parent": 367, 
      "persons": [
        "Lemoyne"
      ], 
      "score": 0.5, 
      "text_ocr": "##Lemoyne##, @@Vieille R. de Temple@@, $$5$$.\u2014@@D.\nde l'Homme@@.\n", 
      "type": "ENTRY"
    }, 
    {
      "EOL": false, 
      "box": [
        513, 
        441, 
        312, 
        19
      ], 
      "id": 392, 
      "indented": true, 
      "parent": 391, 
      "text": "", 
      "type": "LINE"
    }, 
    {
      "addresses": [
        {
          "street_name": "R. S Jacques la Bouch.", 
          "street_numbers": [
            "14"
          ]
        }
      ], 
      "box": [
        513, 
        441, 
        312, 
        19
      ], 
      "checked": true, 
      "id": 391, 
      "origin": "human", 
      "parent": 367, 
      "persons": [
        "Lemuet"
      ], 
      "score": 0.5, 
      "text_ocr": "##Lemuet## , @@R. S Jacques la Bouch.@@, $$14$$.\n", 
      "type": "ENTRY"
    }, 
    {
      "EOL": false, 
      "box": [
        513, 
        461, 
        222, 
        17
      ], 
      "id": 394, 
      "indented": true, 
      "parent": 393, 
      "text": "", 
      "type": "LINE"
    }, 
    {
      "addresses": [
        {
          "street_name": "place Maubert", 
          "street_numbers": [
            "23"
          ]
        }
      ], 
      "box": [
        513, 
        461, 
        222, 
        17
      ], 
      "checked": true, 
      "id": 393, 
      "origin": "human", 
      "parent": 367, 
      "persons": [
        "Lep\u00e9re"
      ], 
      "score": 0.75, 
      "text_ocr": "##Lep\u00e9re## , @@place Maubert@@, $$23$$\n", 
      "type": "ENTRY"
    }, 
    {
      "EOL": false, 
      "box": [
        512, 
        475, 
        331, 
        38
      ], 
      "id": 396, 
      "indented": true, 
      "parent": 395, 
      "text": "", 
      "type": "LINE"
    }, 
    {
      "addresses": [
        {
          "street_name": "R. Ste. Avoye, au coin de celle\nMichel Lepelletier", 
          "street_numbers": [
            "244"
          ]
        }
      ], 
      "box": [
        512, 
        475, 
        331, 
        38
      ], 
      "checked": true, 
      "id": 395, 
      "origin": "human", 
      "parent": 367, 
      "persons": [
        "Lepic"
      ], 
      "score": 0.5, 
      "text_ocr": "##Lepic##, @@R. Ste. Avoye, au coin de celle\nMichel Lepelletier@@ , $$244$$.\n", 
      "type": "ENTRY"
    }, 
    {
      "EOL": false, 
      "box": [
        513, 
        513, 
        263, 
        17
      ], 
      "id": 398, 
      "indented": true, 
      "parent": 397, 
      "text": "", 
      "type": "LINE"
    }, 
    {
      "addresses": [
        {
          "street_name": "R de Grammont", 
          "street_numbers": [
            "548"
          ]
        }
      ], 
      "box": [
        513, 
        513, 
        263, 
        17
      ], 
      "checked": true, 
      "id": 397, 
      "origin": "human", 
      "parent": 367, 
      "persons": [
        "Lescaut"
      ], 
      "score": 0.5, 
      "text_ocr": "##Lescaut## , @@R de Grammont@@ , $$548$$.\n", 
      "type": "ENTRY"
    }, 
    {
      "EOL": false, 
      "box": [
        514, 
        531, 
        301, 
        18
      ], 
      "id": 400, 
      "indented": true, 
      "parent": 399, 
      "text": "", 
      "type": "LINE"
    }, 
    {
      "addresses": [
        {
          "street_name": "Petite R. S. Louis", 
          "street_numbers": [
            "548"
          ]
        }
      ], 
      "box": [
        514, 
        531, 
        301, 
        18
      ], 
      "checked": true, 
      "id": 399, 
      "origin": "human", 
      "parent": 367, 
      "persons": [
        "Mare"
      ], 
      "score": 0.6666666666666666, 
      "text_ocr": "##Mare## , @@Petite R. S. Louis@@, $$548$$.\u2014@@Tuil@@.\n", 
      "type": "ENTRY"
    }, 
    {
      "EOL": false, 
      "box": [
        513, 
        550, 
        329, 
        17
      ], 
      "id": 402, 
      "indented": true, 
      "parent": 401, 
      "text": "", 
      "type": "LINE"
    }, 
    {
      "addresses": [
        {
          "street_name": "R. S. Honor\u00e9", 
          "street_numbers": [
            "199"
          ]
        }
      ], 
      "box": [
        513, 
        550, 
        329, 
        17
      ], 
      "checked": true, 
      "id": 401, 
      "origin": "human", 
      "parent": 367, 
      "persons": [
        "Margueron"
      ], 
      "score": 0.33333333333333337, 
      "text_ocr": "##Margueron## , @@R. S. Honor\u00e9@@ , $$199$$. \u2014@@Marc@@.\n", 
      "type": "ENTRY"
    }, 
    {
      "EOL": false, 
      "box": [
        514, 
        568, 
        329, 
        32
      ], 
      "id": 404, 
      "indented": true, 
      "parent": 403, 
      "text": "", 
      "type": "LINE"
    }, 
    {
      "addresses": [
        {
          "street_name": "R. Croix des Petits Champs", 
          "street_numbers": [
            "41"
          ]
        }
      ], 
      "box": [
        514, 
        568, 
        329, 
        32
      ], 
      "checked": true, 
      "id": 403, 
      "origin": "human", 
      "parent": 367, 
      "persons": [
        "Martin"
      ], 
      "score": 0.5, 
      "text_ocr": "##Martin##, @@R. Croix des Petits Champs@@, $$41$$.\n__@@H. au Bl\u00e9@@.\n", 
      "type": "ENTRY"
    }, 
    {
      "EOL": false, 
      "box": [
        514, 
        604, 
        261, 
        18
      ], 
      "id": 406, 
      "indented": true, 
      "parent": 405, 
      "text": "", 
      "type": "LINE"
    }, 
    {
      "addresses": [
        {
          "street_name": "R. des Deux Ponts", 
          "street_numbers": [
            "34"
          ]
        }
      ], 
      "box": [
        514, 
        604, 
        261, 
        18
      ], 
      "checked": true, 
      "id": 405, 
      "origin": "human", 
      "parent": 367, 
      "persons": [
        "Martin"
      ], 
      "score": 0.5, 
      "text_ocr": "##Martin## , @@R. des Deux Ponts@@ , $$34$$.\n", 
      "type": "ENTRY"
    }, 
    {
      "EOL": false, 
      "box": [
        514, 
        623, 
        328, 
        19
      ], 
      "id": 408, 
      "indented": true, 
      "parent": 407, 
      "text": "", 
      "type": "LINE"
    }, 
    {
      "addresses": [
        {
          "street_name": "R. Coquilli\u00e8re", 
          "street_numbers": [
            "28"
          ]
        }
      ], 
      "box": [
        514, 
        623, 
        328, 
        19
      ], 
      "checked": true, 
      "id": 407, 
      "origin": "human", 
      "parent": 367, 
      "persons": [
        "Mitouart"
      ], 
      "score": 0.5, 
      "text_ocr": "##Mitouart## , @@R. Coquilli\u00e8re@@ , $$28$$.\u2014@@H. au B@@.\n", 
      "type": "ENTRY"
    }, 
    {
      "EOL": false, 
      "box": [
        514, 
        641, 
        299, 
        19
      ], 
      "id": 410, 
      "indented": true, 
      "parent": 409, 
      "text": "", 
      "type": "LINE"
    }, 
    {
      "addresses": [
        {
          "street_name": "R. S. Pierre", 
          "street_numbers": [
            "15"
          ]
        }
      ], 
      "box": [
        514, 
        641, 
        299, 
        19
      ], 
      "checked": true, 
      "id": 409, 
      "origin": "human", 
      "parent": 367, 
      "persons": [
        "Moringlane"
      ], 
      "score": 0.625, 
      "text_ocr": "##Moringlane## , @@R. S. Pierre@@ , $$15$$.\u2014@@Pop@@.\n", 
      "type": "ENTRY"
    }, 
    {
      "EOL": false, 
      "box": [
        513, 
        659, 
        330, 
        19
      ], 
      "id": 412, 
      "indented": true, 
      "parent": 411, 
      "text": "", 
      "type": "LINE"
    }, 
    {
      "EOL": false, 
      "box": [
        533, 
        677, 
        115, 
        15
      ], 
      "id": 413, 
      "indented": false, 
      "parent": 411, 
      "text": "", 
      "type": "LINE"
    }, 
    {
      "addresses": [
        {
          "street_name": "Vieille R. du Temple", 
          "street_numbers": [
            "140"
          ]
        }
      ], 
      "box": [
        513, 
        659, 
        330, 
        33
      ], 
      "checked": true, 
      "id": 411, 
      "origin": "human", 
      "parent": 367, 
      "persons": [
        "Nachet"
      ], 
      "score": 0.5, 
      "text_ocr": "##Nachet##, @@Vieille R. du Temple@@ , $$140$$. \u2014\n@@Homme Arm\u00e9@@.\n", 
      "type": "ENTRY"
    }, 
    {
      "EOL": false, 
      "box": [
        514, 
        695, 
        261, 
        18
      ], 
      "id": 415, 
      "indented": true, 
      "parent": 414, 
      "text": "", 
      "type": "LINE"
    }, 
    {
      "addresses": [
        {
          "street_name": "R. S Honor\u00e9", 
          "street_numbers": [
            "89"
          ]
        }
      ], 
      "box": [
        514, 
        695, 
        261, 
        18
      ], 
      "checked": true, 
      "id": 414, 
      "origin": "human", 
      "parent": 367, 
      "persons": [
        "Neret"
      ], 
      "score": 0.0, 
      "text_ocr": "##Neret##, @@R. S Honor\u00e9@@, $$89$$.\u2014@@Tuil@@.\n", 
      "type": "ENTRY"
    }, 
    {
      "EOL": false, 
      "box": [
        513, 
        714, 
        330, 
        18
      ], 
      "id": 417, 
      "indented": true, 
      "parent": 416, 
      "text": "", 
      "type": "LINE"
    }, 
    {
      "EOL": false, 
      "box": [
        532, 
        733, 
        84, 
        17
      ], 
      "id": 418, 
      "indented": false, 
      "parent": 416, 
      "text": "", 
      "type": "LINE"
    }, 
    {
      "addresses": [
        {
          "street_name": "R. du Faub. S. Antoine", 
          "street_numbers": [
            "58"
          ]
        }
      ], 
      "box": [
        513, 
        714, 
        330, 
        36
      ], 
      "checked": true, 
      "id": 416, 
      "origin": "human", 
      "parent": 367, 
      "persons": [
        "Paben"
      ], 
      "score": 0.8571428571428572, 
      "text_ocr": "##Paben##, @@R. du Faub. S. Antoine@@ , $$58$$. \u2014\n@@Montreuil@@.\n", 
      "type": "ENTRY"
    }, 
    {
      "EOL": false, 
      "box": [
        513, 
        750, 
        330, 
        17
      ], 
      "id": 420, 
      "indented": true, 
      "parent": 419, 
      "text": "", 
      "type": "LINE"
    }, 
    {
      "EOL": false, 
      "box": [
        531, 
        769, 
        119, 
        18
      ], 
      "id": 421, 
      "indented": false, 
      "parent": 419, 
      "text": "", 
      "type": "LINE"
    }, 
    {
      "addresses": [
        {
          "street_name": "R. du Faub. S. Antoine", 
          "street_numbers": [
            "25"
          ]
        }
      ], 
      "box": [
        513, 
        750, 
        330, 
        37
      ], 
      "checked": true, 
      "id": 419, 
      "origin": "human", 
      "parent": 367, 
      "persons": [
        "Parra"
      ], 
      "score": 0.9642857142857143, 
      "text_ocr": "##Parra##, @@R. du Faub. S. Antoine@@ , $$25$$. \u2014\n@@Quinze Vingts@@.\n", 
      "type": "ENTRY"
    }, 
    {
      "EOL": false, 
      "box": [
        512, 
        786, 
        234, 
        17
      ], 
      "id": 423, 
      "indented": true, 
      "parent": 422, 
      "text": "", 
      "type": "LINE"
    }, 
    {
      "addresses": [
        {
          "street_name": "R. de S\u00e8vres", 
          "street_numbers": [
            "1068"
          ]
        }
      ], 
      "box": [
        512, 
        786, 
        234, 
        17
      ], 
      "checked": true, 
      "id": 422, 
      "origin": "human", 
      "parent": 367, 
      "persons": [
        "Pestiaux"
      ], 
      "score": 0.0, 
      "text_ocr": "##Pestiaux##, @@R. de S\u00e8vres@@, $$1068$$.\n", 
      "type": "ENTRY"
    }, 
    {
      "EOL": false, 
      "box": [
        512, 
        804, 
        330, 
        19
      ], 
      "id": 425, 
      "indented": true, 
      "parent": 424, 
      "text": "", 
      "type": "LINE"
    }, 
    {
      "EOL": false, 
      "box": [
        531, 
        824, 
        126, 
        14
      ], 
      "id": 426, 
      "indented": false, 
      "parent": 424, 
      "text": "", 
      "type": "LINE"
    }, 
    {
      "addresses": [
        {
          "street_name": "R. de la Verrerie", 
          "street_numbers": [
            "135"
          ]
        }
      ], 
      "box": [
        512, 
        804, 
        330, 
        34
      ], 
      "checked": true, 
      "id": 424, 
      "origin": "human", 
      "parent": 367, 
      "persons": [
        "Petit et comp."
      ], 
      "score": 0.9411764705882353, 
      "text_ocr": "##Petit et comp.##, @@R. de la Verrerie@@, $$135$$.\n@@march\u00e9 S. Jean@@.\n", 
      "type": "ENTRY"
    }, 
    {
      "EOL": false, 
      "box": [
        512, 
        841, 
        301, 
        16
      ], 
      "id": 428, 
      "indented": true, 
      "parent": 427, 
      "text": "", 
      "type": "LINE"
    }, 
    {
      "addresses": [
        {
          "street_name": "R Montmartre", 
          "street_numbers": [
            "255"
          ]
        }
      ], 
      "box": [
        512, 
        841, 
        301, 
        16
      ], 
      "checked": true, 
      "id": 427, 
      "origin": "human", 
      "parent": 367, 
      "persons": [
        "Petit"
      ], 
      "score": 0.9166666666666667, 
      "text_ocr": "##Petit##, @@R Montmartre@@ , $$255$$.\u2014 @@C. Soc@@.\n", 
      "type": "ENTRY"
    }, 
    {
      "EOL": false, 
      "box": [
        512, 
        860, 
        306, 
        18
      ], 
      "id": 430, 
      "indented": true, 
      "parent": 429, 
      "text": "", 
      "type": "LINE"
    }, 
    {
      "addresses": [
        {
          "street_name": "R. de Poitou", 
          "street_numbers": [
            "9"
          ]
        }
      ], 
      "box": [
        512, 
        860, 
        306, 
        18
      ], 
      "checked": true, 
      "id": 429, 
      "origin": "human", 
      "parent": 367, 
      "persons": [
        "Planche"
      ], 
      "score": 0.0, 
      "text_ocr": "##Planche## , @@R. de Poitou@@, $$9$$.\u2014@@H. Arm\u00e9@@.\n", 
      "type": "ENTRY"
    }, 
    {
      "EOL": false, 
      "box": [
        512, 
        879, 
        256, 
        17
      ], 
      "id": 432, 
      "indented": true, 
      "parent": 431, 
      "text": "", 
      "type": "LINE"
    }, 
    {
      "addresses": [
        {
          "street_name": "R. des Lombards", 
          "street_numbers": [
            "39"
          ]
        }
      ], 
      "box": [
        512, 
        879, 
        256, 
        17
      ], 
      "checked": true, 
      "id": 431, 
      "origin": "human", 
      "parent": 367, 
      "persons": [
        "Pluvinet"
      ], 
      "score": 0.5, 
      "text_ocr": "##Pluvinet## , @@R. des Lombards@@ , $$39$$.\n", 
      "type": "ENTRY"
    }, 
    {
      "EOL": false, 
      "box": [
        511, 
        897, 
        244, 
        16
      ], 
      "id": 434, 
      "indented": true, 
      "parent": 433, 
      "text": "", 
      "type": "LINE"
    }, 
    {
      "addresses": [
        {
          "street_name": "enclos S. Martin", 
          "street_numbers": [
            "22"
          ]
        }
      ], 
      "box": [
        511, 
        897, 
        244, 
        16
      ], 
      "checked": true, 
      "id": 433, 
      "origin": "human", 
      "parent": 367, 
      "persons": [
        "Porcher"
      ], 
      "score": 0.5, 
      "text_ocr": "##Porcher## , @@enclos S. Martin@@ , $$22$$.\n", 
      "type": "ENTRY"
    }, 
    {
      "EOL": false, 
      "box": [
        512, 
        915, 
        330, 
        18
      ], 
      "id": 436, 
      "indented": true, 
      "parent": 435, 
      "text": "", 
      "type": "LINE"
    }, 
    {
      "EOL": false, 
      "box": [
        530, 
        933, 
        87, 
        13
      ], 
      "id": 437, 
      "indented": false, 
      "parent": 435, 
      "text": "", 
      "type": "LINE"
    }, 
    {
      "addresses": [
        {
          "street_name": "R. du Petit Carreau", 
          "street_numbers": [
            "10"
          ]
        }
      ], 
      "box": [
        512, 
        915, 
        330, 
        31
      ], 
      "checked": true, 
      "id": 435, 
      "origin": "human", 
      "parent": 367, 
      "persons": [
        "Rissoan"
      ], 
      "score": 0.5, 
      "text_ocr": "##Rissoan## , @@R. du Petit Carreau@@, $$10$$. \u2014\n@@B Conseil@@.\n", 
      "type": "ENTRY"
    }, 
    {
      "EOL": false, 
      "box": [
        511, 
        949, 
        300, 
        19
      ], 
      "id": 439, 
      "indented": true, 
      "parent": 438, 
      "text": "", 
      "type": "LINE"
    }, 
    {
      "addresses": [
        {
          "street_name": "R. Ste. Avoye", 
          "street_numbers": [
            "34"
          ]
        }
      ], 
      "box": [
        511, 
        949, 
        300, 
        19
      ], 
      "checked": true, 
      "id": 438, 
      "origin": "human", 
      "parent": 367, 
      "persons": [
        "Rocque"
      ], 
      "score": 0.9583333333333333, 
      "text_ocr": "##Rocque## , @@R. Ste. Avoye@@, $$34$$.\u2014@@H. Ar@@.\n", 
      "type": "ENTRY"
    }, 
    {
      "EOL": false, 
      "box": [
        510, 
        968, 
        332, 
        17
      ], 
      "id": 441, 
      "indented": true, 
      "parent": 440, 
      "text": "", 
      "type": "LINE"
    }, 
    {
      "EOL": false, 
      "box": [
        529, 
        987, 
        121, 
        16
      ], 
      "id": 442, 
      "indented": false, 
      "parent": 440, 
      "text": "", 
      "type": "LINE"
    }, 
    {
      "addresses": [
        {
          "street_name": "R. des Foss\u00e9s S. Germain l'Auxer-\nrois", 
          "street_numbers": [
            "20"
          ]
        }
      ], 
      "box": [
        510, 
        968, 
        332, 
        35
      ], 
      "checked": true, 
      "id": 440, 
      "origin": "human", 
      "parent": 367, 
      "persons": [
        "Rojou"
      ], 
      "score": 0.5, 
      "text_ocr": "##Rojou## , @@R. des Foss\u00e9s S. Germain l'Auxer-\nrois@@, $$20$$. \u2014@@Mus@@.\n", 
      "type": "ENTRY"
    }, 
    {
      "EOL": false, 
      "box": [
        511, 
        1003, 
        256, 
        19
      ], 
      "id": 444, 
      "indented": true, 
      "parent": 443, 
      "text": "", 
      "type": "LINE"
    }, 
    {
      "addresses": [
        {
          "street_name": "R. des Lombards", 
          "street_numbers": [
            "34"
          ]
        }
      ], 
      "box": [
        511, 
        1003, 
        256, 
        19
      ], 
      "checked": true, 
      "id": 443, 
      "origin": "human", 
      "parent": 367, 
      "persons": [
        "Rondeau"
      ], 
      "score": 0.9333333333333333, 
      "text_ocr": "##Rondeau##, @@R. des Lombards@@, $$34$$.\n", 
      "type": "ENTRY"
    }, 
    {
      "EOL": false, 
      "box": [
        511, 
        1023, 
        254, 
        18
      ], 
      "id": 446, 
      "indented": true, 
      "parent": 445, 
      "text": "", 
      "type": "LINE"
    }, 
    {
      "addresses": [
        {
          "street_name": "R. des Lombards", 
          "street_numbers": [
            "43"
          ]
        }
      ], 
      "box": [
        511, 
        1023, 
        254, 
        18
      ], 
      "checked": true, 
      "id": 445, 
      "origin": "human", 
      "parent": 367, 
      "persons": [
        "Saulnier"
      ], 
      "score": 0.5, 
      "text_ocr": "##Saulnier## , @@R. des Lombards@@ , $$43$$.\n", 
      "type": "ENTRY"
    }, 
    {
      "EOL": false, 
      "box": [
        510, 
        1039, 
        304, 
        20
      ], 
      "id": 448, 
      "indented": true, 
      "parent": 447, 
      "text": "", 
      "type": "LINE"
    }, 
    {
      "addresses": [
        {
          "street_name": "R. N. du Luxembourg", 
          "street_numbers": [
            "350"
          ]
        }
      ], 
      "box": [
        510, 
        1039, 
        304, 
        20
      ], 
      "checked": true, 
      "id": 447, 
      "origin": "human", 
      "parent": 367, 
      "persons": [
        "Seguin"
      ], 
      "score": 0.5, 
      "text_ocr": "##Seguin## , @@R. N. du Luxembourg@@ , $$350$$.\n", 
      "type": "ENTRY"
    }, 
    {
      "EOL": false, 
      "box": [
        511, 
        1059, 
        286, 
        18
      ], 
      "id": 450, 
      "indented": true, 
      "parent": 449, 
      "text": "", 
      "type": "LINE"
    }, 
    {
      "addresses": [
        {
          "street_name": "R. du Fb. S. Jacques", 
          "street_numbers": [
            "166"
          ]
        }
      ], 
      "box": [
        511, 
        1059, 
        286, 
        18
      ], 
      "checked": true, 
      "id": 449, 
      "origin": "human", 
      "parent": 367, 
      "persons": [
        "Serreau"
      ], 
      "score": 0.8571428571428572, 
      "text_ocr": "##Serreau## , @@R. du Fb. S. Jacques@@, $$166$$.\n", 
      "type": "ENTRY"
    }, 
    {
      "EOL": false, 
      "box": [
        510, 
        1077, 
        273, 
        16
      ], 
      "id": 452, 
      "indented": true, 
      "parent": 451, 
      "text": "", 
      "type": "LINE"
    }, 
    {
      "addresses": [
        {
          "street_name": "R.S. Louis", 
          "street_numbers": [
            "18"
          ]
        }
      ], 
      "box": [
        510, 
        1077, 
        273, 
        16
      ], 
      "checked": true, 
      "id": 451, 
      "origin": "human", 
      "parent": 367, 
      "persons": [
        "Sillan"
      ], 
      "score": 0.6666666666666666, 
      "text_ocr": "##Sillan## , @@R.S. Louis@@, $$18$$.\u2014 @@P. Neuf@@.\n", 
      "type": "ENTRY"
    }, 
    {
      "EOL": false, 
      "box": [
        510, 
        1078, 
        320, 
        35
      ], 
      "id": 454, 
      "indented": true, 
      "parent": 453, 
      "text": "", 
      "type": "LINE"
    }, 
    {
      "addresses": [
        {
          "street_name": "R. de Thionville", 
          "street_numbers": [
            "84"
          ]
        }
      ], 
      "box": [
        510, 
        1078, 
        320, 
        35
      ], 
      "checked": true, 
      "id": 453, 
      "origin": "human", 
      "parent": 367, 
      "persons": [
        "Steinacher"
      ], 
      "score": 0.6666666666666666, 
      "text_ocr": "##Steinacher##, @@R. de Thionville@@, $$84$$.\u2014 @@Un@@.\n", 
      "type": "ENTRY"
    }, 
    {
      "EOL": false, 
      "box": [
        510, 
        1114, 
        176, 
        15
      ], 
      "id": 456, 
      "indented": true, 
      "parent": 455, 
      "text": "", 
      "type": "LINE"
    }, 
    {
      "addresses": [
        {
          "street_name": "R. Favart", 
          "street_numbers": [
            "2"
          ]
        }
      ], 
      "box": [
        510, 
        1114, 
        176, 
        15
      ], 
      "checked": true, 
      "id": 455, 
      "origin": "human", 
      "parent": 367, 
      "persons": [
        "Sureau"
      ], 
      "score": 0.5, 
      "text_ocr": "##Sureau##, @@R. Favart@@ , $$2$$.\n", 
      "type": "ENTRY"
    }, 
    {
      "EOL": false, 
      "box": [
        510, 
        1130, 
        331, 
        19
      ], 
      "id": 458, 
      "indented": true, 
      "parent": 457, 
      "text": "", 
      "type": "LINE"
    }, 
    {
      "EOL": false, 
      "box": [
        528, 
        1151, 
        48, 
        15
      ], 
      "id": 459, 
      "indented": false, 
      "parent": 457, 
      "text": "", 
      "type": "LINE"
    }, 
    {
      "addresses": [
        {
          "street_name": "R. N. des Petits Champs", 
          "street_numbers": [
            "13"
          ]
        }
      ], 
      "box": [
        510, 
        1130, 
        331, 
        36
      ], 
      "checked": true, 
      "id": 457, 
      "origin": "human", 
      "parent": 367, 
      "persons": [
        "Tr\u00e9vez"
      ], 
      "score": 0.5, 
      "text_ocr": "##Tr\u00e9vez##, @@R. N. des Petits Champs@@ , $$13$$. \u2014\n@@Lepel@@.\n", 
      "type": "ENTRY"
    }, 
    {
      "EOL": false, 
      "box": [
        509, 
        1165, 
        338, 
        25
      ], 
      "id": 461, 
      "indented": true, 
      "parent": 460, 
      "text": "", 
      "type": "LINE"
    }, 
    {
      "EOL": false, 
      "box": [
        529, 
        1187, 
        68, 
        17
      ], 
      "id": 462, 
      "indented": false, 
      "parent": 460, 
      "text": "", 
      "type": "LINE"
    }, 
    {
      "addresses": [
        {
          "street_name": "R. du Fb. et Div. du Tem-\nple", 
          "street_numbers": [
            "29"
          ]
        }
      ], 
      "box": [
        509, 
        1165, 
        338, 
        39
      ], 
      "checked": true, 
      "id": 460, 
      "origin": "human", 
      "parent": 367, 
      "persons": [
        "Trouillet"
      ], 
      "score": 0.5, 
      "text_ocr": "##Trouillet##, @@R. du Fb. et Div. du Tem-\nple@@, $$29$$.\n", 
      "type": "ENTRY"
    }, 
    {
      "EOL": false, 
      "box": [
        510, 
        1202, 
        331, 
        34
      ], 
      "id": 464, 
      "indented": true, 
      "parent": 463, 
      "text": "", 
      "type": "LINE"
    }, 
    {
      "EOL": false, 
      "box": [
        530, 
        1224, 
        71, 
        13
      ], 
      "id": 465, 
      "indented": false, 
      "parent": 463, 
      "text": "", 
      "type": "LINE"
    }, 
    {
      "addresses": [
        {
          "street_name": "R. de Bourgogne", 
          "street_numbers": [
            "74"
          ]
        }
      ], 
      "box": [
        510, 
        1202, 
        331, 
        35
      ], 
      "checked": true, 
      "id": 463, 
      "origin": "human", 
      "parent": 367, 
      "persons": [
        "Truet"
      ], 
      "score": 0.9333333333333333, 
      "text_ocr": "##Truet##, @@R. de Bourgogne@@ , $$74$$.\u2014@@Font. de\nGrenel@@.\n", 
      "type": "ENTRY"
    }, 
    {
      "box": [
        505, 
        134, 
        342, 
        1105
      ], 
      "id": 367, 
      "parent": 366, 
      "type": "COLUMN_LEVEL_2"
    }, 
    {
      "box": [
        505, 
        134, 
        342, 
        1105
      ], 
      "id": 366, 
      "parent": 365, 
      "type": "SECTION_LEVEL_2"
    }, 
    {
      "box": [
        505, 
        134, 
        342, 
        1109
      ], 
      "id": 365, 
      "parent": 257, 
      "type": "COLUMN_LEVEL_1"
    }, 
    {
      "box": [
        151, 
        134, 
        770, 
        1109
      ], 
      "id": 257, 
      "parent": 256, 
      "type": "SECTION_LEVEL_1"
    }, 
    {
      "box": [
        151, 
        134, 
        770, 
        1298
      ], 
      "id": 256, 
      "type": "PAGE"
    }
  ], 
  "mode": "cached"
}
