{
  "content": [
    {
      "box": [
        155, 
        31, 
        769, 
        14
      ], 
      "checked": false, 
      "id": 257, 
      "origin": "computer", 
      "parent": 256, 
      "text": "ns ne TE Ne ee ee mie me Ge Am ee eee\n", 
      "type": "TITLE_LEVEL_1"
    }, 
    {
      "EOL": false, 
      "box": [
        208, 
        146, 
        43, 
        24
      ], 
      "id": 263, 
      "indented": false, 
      "parent": 262, 
      "text": "", 
      "type": "LINE"
    }, 
    {
      "EOL": false, 
      "box": [
        207, 
        146, 
        717, 
        50
      ], 
      "id": 264, 
      "indented": false, 
      "parent": 262, 
      "text": "", 
      "type": "LINE"
    }, 
    {
      "EOL": false, 
      "box": [
        206, 
        196, 
        718, 
        40
      ], 
      "id": 265, 
      "indented": false, 
      "parent": 262, 
      "text": "", 
      "type": "LINE"
    }, 
    {
      "EOL": false, 
      "box": [
        204, 
        233, 
        719, 
        44
      ], 
      "id": 266, 
      "indented": false, 
      "parent": 262, 
      "text": "", 
      "type": "LINE"
    }, 
    {
      "addresses": [
        {
          "street_name": "R.S Thomas du Baffaut (Me.)", 
          "street_numbers": [
            "547"
          ]
        }, 
        {
          "street_name": "Louvre", 
          "street_numbers": []
        }, 
        {
          "street_name": "R.Helv\u00e9tius", 
          "street_numbers": [
            "686", 
            "R."
          ]
        }
      ], 
      "box": [
        204, 
        146, 
        720, 
        131
      ], 
      "checked": false, 
      "id": 262, 
      "ner_xml": "<CARDINAL>174</CARDINAL>4YOn-COINIMETEANns.\n\nArchambault-P\u00e9rigord,<TITRE>R. d'Anjou</TITRE>,<CARDINAL>926</CARDINAL>.<PER>Bacuelle</PER>,<PER>R. et Div. du Fb</PER>.<PER>Montmar</PER>:\n-\u2014 Houle. : tre,<ACT>zo\u00ff\n\nArmand, dit Roussel</ACT>,<LOC>R.S Thomas du Baffaut (Me.)</LOC>,<TITRE>R. de Grammont</TITRE>,<CARDINAL>547</CARDINAL>.\n<LOC>Louvre</LOC>, 2,3.\u2014\"luileries. \u2014<PER>Lepel</PER>,\n\n<PER>Armand ( Mile. )</PER>,<LOC>R.Helv\u00e9tius</LOC>,<CARDINAL>686</CARDINAL>. \u2014  Bagieux ,<CARDINAL>R.</CARDINAL>des Bons Enfans ,<ACT>1333.\u2014B.\n</ACT>", 
      "origin": "computer", 
      "parent": 261, 
      "persons": [
        "Bacuelle", 
        "R. et Div. du Fb", 
        "Montmar", 
        "Lepel", 
        "Armand ( Mile. )"
      ], 
      "text_ocr": "174 4YOn-COINIMETEANns.\n\nArchambault-P\u00e9rigord, R. d'Anjou, 926. Bacuelle, R. et Div. du Fb. Montmar:\n-\u2014 Houle. : tre, zo\u00ff\n\nArmand, dit Roussel, R.S Thomas du Baffaut (Me.), R. de Grammont, 547.\nLouvre , 2,3.\u2014\"luileries. \u2014 Lepel,\n\nArmand ( Mile. ), R.Helv\u00e9tius, 686. \u2014  Bagieux , R. des Bons Enfans , 1333.\u2014B.\n", 
      "type": "ENTRY"
    }, 
    {
      "EOL": false, 
      "box": [
        223, 
        274, 
        51, 
        15
      ], 
      "id": 268, 
      "indented": true, 
      "parent": 267, 
      "text": "", 
      "type": "LINE"
    }, 
    {
      "addresses": [], 
      "box": [
        223, 
        274, 
        51, 
        15
      ], 
      "checked": false, 
      "id": 267, 
      "ner_xml": "<PER>Lepei</PER>,\n", 
      "origin": "computer", 
      "parent": 261, 
      "persons": [
        "Lepei"
      ], 
      "text_ocr": "Lepei,\n", 
      "type": "ENTRY"
    }, 
    {
      "EOL": false, 
      "box": [
        202, 
        274, 
        711, 
        78
      ], 
      "id": 270, 
      "indented": true, 
      "parent": 269, 
      "text": "", 
      "type": "LINE"
    }, 
    {
      "addresses": [
        {
          "street_name": "R.S. Lazare", 
          "street_numbers": [
            "5"
          ]
        }
      ], 
      "box": [
        202, 
        274, 
        711, 
        78
      ], 
      "checked": false, 
      "id": 269, 
      "ner_xml": "<PER>Lepet</PER>,<ACT>L des Moul</ACT>.\nArmenault,<TITRE>R. des Bons Enfans</TITRE>,<CARDINAL>8.\u2014</CARDINAL>Baillieux,<LOC>R.S. Lazare</LOC>, 446.\u2014P. Vend.\nHaile au Bl\u00e9.<CARDINAL>5</CARDINAL>Baillot,<TITRE>R. des Trois Fr\u00e8res</TITRE>. \u2014M. B1,\nArmet,<TITRE>R. du Four</TITRE>,<ACT>8.\u2014H. au Bl\u00e9 Bailly</ACT>,<TITRE>R. du Jardinet</TITRE>,<ACT>9.\u2014Th.</ACT>Fr.\n", 
      "origin": "computer", 
      "parent": 261, 
      "persons": [
        "Lepet"
      ], 
      "text_ocr": "Lepet, L des Moul.\nArmenault, R. des Bons Enfans, 8.\u2014 Baillieux, R.S. Lazare , 446.\u2014P. Vend.\nHaile au Bl\u00e9. 5 Baillot, R. des Trois Fr\u00e8res. \u2014M. B1,\nArmet, R. du Four , 8.\u2014H. au Bl\u00e9 Bailly, R. du Jardinet , 9.\u2014Th. Fr.\n", 
      "type": "ENTRY"
    }, 
    {
      "EOL": false, 
      "box": [
        202, 
        318, 
        297, 
        29
      ], 
      "id": 272, 
      "indented": true, 
      "parent": 271, 
      "text": "", 
      "type": "LINE"
    }, 
    {
      "addresses": [], 
      "box": [
        202, 
        318, 
        297, 
        29
      ], 
      "checked": false, 
      "id": 271, 
      "ner_xml": "<PER>PROS RTS z</PER>,\nArmet. R. du Four. 8.\u2014H. au Bl\u00e9\n", 
      "origin": "computer", 
      "parent": 261, 
      "persons": [
        "PROS RTS z"
      ], 
      "text_ocr": "PROS RTS z,\nArmet. R. du Four. 8.\u2014H. au Bl\u00e9\n", 
      "type": "ENTRY"
    }, 
    {
      "EOL": false, 
      "box": [
        201, 
        351, 
        722, 
        26
      ], 
      "id": 274, 
      "indented": true, 
      "parent": 273, 
      "text": "", 
      "type": "LINE"
    }, 
    {
      "addresses": [
        {
          "street_name": "Lepelletier", 
          "street_numbers": [
            "4", 
            "4"
          ]
        }
      ], 
      "box": [
        201, 
        351, 
        722, 
        26
      ], 
      "checked": false, 
      "id": 273, 
      "ner_xml": "<PER>Arnal</PER>, R.<LOC>Lepelletier</LOC>,<CARDINAL>4</CARDINAL>.<PER>M Bianc. Balancourt (Me.})</PER>,<TITRE>R. de la Tour,</TITRE><CARDINAL>4</CARDINAL>. \u2014\nTR ER AU OR. I Oe : 1lan\u00e7ou\n", 
      "origin": "computer", 
      "parent": 261, 
      "persons": [
        "Arnal", 
        "M Bianc. Balancourt (Me.})"
      ], 
      "text_ocr": "Arnal, R. Lepelletier, 4. M Bianc. Balancourt (Me.}), R. de la Tour, 4. \u2014\nTR ER AU OR. I Oe : 1lan\u00e7ou\n", 
      "type": "ENTRY"
    }, 
    {
      "EOL": false, 
      "box": [
        200, 
        371, 
        339, 
        20
      ], 
      "id": 276, 
      "indented": true, 
      "parent": 275, 
      "text": "", 
      "type": "LINE"
    }, 
    {
      "addresses": [
        {
          "street_name": "Contrescarpe", 
          "street_numbers": []
        }
      ], 
      "box": [
        200, 
        371, 
        339, 
        20
      ], 
      "checked": false, 
      "id": 275, 
      "ner_xml": "<PER>Arnoul</PER>, :.<LOC>Contrescarpe</LOC>,<ACT>99-\u2014 Ubserv</ACT>.\n", 
      "origin": "computer", 
      "parent": 261, 
      "persons": [
        "Arnoul"
      ], 
      "text_ocr": "Arnoul , :. Contrescarpe , 99-\u2014 Ubserv.\n", 
      "type": "ENTRY"
    }, 
    {
      "EOL": false, 
      "box": [
        218, 
        453, 
        59, 
        17
      ], 
      "id": 278, 
      "indented": true, 
      "parent": 277, 
      "text": "", 
      "type": "LINE"
    }, 
    {
      "addresses": [], 
      "box": [
        218, 
        453, 
        59, 
        17
      ], 
      "checked": false, 
      "id": 277, 
      "ner_xml": "<PER>Bondy</PER>,\n", 
      "origin": "computer", 
      "parent": 261, 
      "persons": [
        "Bondy"
      ], 
      "text_ocr": "Bondy,\n", 
      "type": "ENTRY"
    }, 
    {
      "EOL": false, 
      "box": [
        198, 
        376, 
        721, 
        135
      ], 
      "id": 280, 
      "indented": true, 
      "parent": 279, 
      "text": "", 
      "type": "LINE"
    }, 
    {
      "addresses": [
        {
          "street_name": "Caumartin", 
          "street_numbers": []
        }, 
        {
          "street_name": "Q. Voltaire", 
          "street_numbers": [
            "14", 
            "124\u2014Tuil"
          ]
        }, 
        {
          "street_name": "Arnoult", 
          "street_numbers": []
        }, 
        {
          "street_name": "Bandollier", 
          "street_numbers": [
            "1656"
          ]
        }
      ], 
      "box": [
        198, 
        376, 
        721, 
        135
      ], 
      "checked": false, 
      "id": 279, 
      "ner_xml": "<PER>APPPNEE GUN LORS LOT VESSS Ve Lemple</PER>. H\n<PER>Arnoult (Ve.)</PER>,<TITRE>R. de Grenelle</TITRE>,<ACT>33.\u2014 Balby</ACT>,<CARDINAL>R.</CARDINAL>Hauteville,<ACT>49-\u2014Pois.\n\nH. au Bl\u00e9</ACT>.<PER>Balty</PER>, R.<LOC>Caumartin</LOC>, 750.\u2014P. Vend.\nArnould ,<ACT>K. du Faub. S. Laurent</ACT>,<ACT>43.1 Ballainvilliers</ACT>,<LOC>Q. Voltaire</LOC>,<CARDINAL>14</CARDINAL>.\n\nBondy. Ballay(Ve.),<TITRE>R. S. Honor\u00e9</TITRE>,<CARDINAL>124\u2014Tuil</CARDINAL>.\n<LOC>Arnoult</LOC>,<TITRE>R. de Grammont</TITRE>,<ACT>gore</ACT>.<LOC>Bandollier</LOC>,<TITRE>R. N. des Mathurins</TITRE>,<CARDINAL>1656</CARDINAL>.\n<PER>Arod</PER>,<TITRE>R. du Fb.S. Honor\u00e9</TITRE>, 45.\u2014Ch.<PER>EL P. Vend\u00f4me</PER>.\n", 
      "origin": "computer", 
      "parent": 261, 
      "persons": [
        "APPPNEE GUN LORS LOT VESSS Ve Lemple", 
        "Arnoult (Ve.)", 
        "Balty", 
        "Arod", 
        "EL P. Vend\u00f4me"
      ], 
      "text_ocr": "APPPNEE GUN LORS LOT VESSS Ve Lemple. H\nArnoult (Ve.), R. de Grenelle, 33.\u2014 Balby, R. Hauteville, 49-\u2014Pois.\n\nH. au Bl\u00e9. Balty, R. Caumartin, 750.\u2014P. Vend.\nArnould , K. du Faub. S. Laurent, 43.1 Ballainvilliers, Q. Voltaire, 14.\n\nBondy. Ballay(Ve.), R. S. Honor\u00e9, 124\u2014Tuil.\nArnoult , R. de Grammont, gore. Bandollier, R. N. des Mathurins, 1656.\nArod, R. du Fb.S. Honor\u00e9, 45.\u2014Ch. EL P. Vend\u00f4me.\n", 
      "type": "ENTRY"
    }, 
    {
      "EOL": false, 
      "box": [
        197, 
        511, 
        706, 
        20
      ], 
      "id": 282, 
      "indented": true, 
      "parent": 281, 
      "text": "", 
      "type": "LINE"
    }, 
    {
      "EOL": false, 
      "box": [
        216, 
        532, 
        45, 
        13
      ], 
      "id": 283, 
      "indented": false, 
      "parent": 281, 
      "text": "", 
      "type": "LINE"
    }, 
    {
      "addresses": [], 
      "box": [
        197, 
        511, 
        706, 
        34
      ], 
      "checked": false, 
      "id": 281, 
      "ner_xml": "<PER>Arsanguien</PER>, KR.<PER>N. d'Orl\u00e9ans</PER>,<CARDINAL>255</CARDINAL>. \u2014  Banneux, R. de Clichy , 550.\u2014Roule.\nNord.<PER>MBose\u00eftnase l'Dont\\ l'aca LE N to ts.\n</PER>", 
      "origin": "computer", 
      "parent": 261, 
      "persons": [
        "Arsanguien", 
        "N. d'Orl\u00e9ans", 
        "MBose\u00eftnase l'Dont\\ l'aca LE N to ts.\n"
      ], 
      "text_ocr": "Arsanguien , KR. N. d'Orl\u00e9ans, 255. \u2014  Banneux, R. de Clichy , 550.\u2014Roule.\nNord. MBose\u00eftnase l'Dont\\ l'aca LE N to ts.\n", 
      "type": "ENTRY"
    }, 
    {
      "EOL": false, 
      "box": [
        196, 
        550, 
        346, 
        21
      ], 
      "id": 285, 
      "indented": true, 
      "parent": 284, 
      "text": "", 
      "type": "LINE"
    }, 
    {
      "addresses": [], 
      "box": [
        196, 
        550, 
        346, 
        21
      ], 
      "checked": false, 
      "id": 284, 
      "ner_xml": "<PER>Arseliere(Ve.)</PER>,<TITRE>R. de Tracy</TITRE>,<CARDINAL>53:</CARDINAL>\u2014Am.\n", 
      "origin": "computer", 
      "parent": 261, 
      "persons": [
        "Arseliere(Ve.)"
      ], 
      "text_ocr": "Arseliere(Ve.) ,R. de Tracy , 53: \u2014Am.\n", 
      "type": "ENTRY"
    }, 
    {
      "EOL": false, 
      "box": [
        215, 
        570, 
        103, 
        15
      ], 
      "id": 287, 
      "indented": true, 
      "parent": 286, 
      "text": "", 
      "type": "LINE"
    }, 
    {
      "addresses": [], 
      "box": [
        215, 
        570, 
        103, 
        15
      ], 
      "checked": false, 
      "id": 286, 
      "ner_xml": "de la tatrie.\n", 
      "origin": "computer", 
      "parent": 261, 
      "persons": [], 
      "text_ocr": "de la tatrie.\n", 
      "type": "ENTRY"
    }, 
    {
      "EOL": false, 
      "box": [
        194, 
        589, 
        343, 
        36
      ], 
      "id": 289, 
      "indented": true, 
      "parent": 288, 
      "text": "", 
      "type": "LINE"
    }, 
    {
      "addresses": [], 
      "box": [
        194, 
        589, 
        343, 
        36
      ], 
      "checked": false, 
      "id": 288, 
      "ner_xml": "<PER>Artaud</PER>,<TITRE>R. des Bons Enlans</TITRE>,<CARDINAL>17</CARDINAL>. \u2014\nH. au Bl\u00e9.\n", 
      "origin": "computer", 
      "parent": 261, 
      "persons": [
        "Artaud"
      ], 
      "text_ocr": "Artaud , R. des Bons Enlans , 17. \u2014\nH. au Bl\u00e9.\n", 
      "type": "ENTRY"
    }, 
    {
      "EOL": false, 
      "box": [
        194, 
        535, 
        723, 
        154
      ], 
      "id": 291, 
      "indented": true, 
      "parent": 290, 
      "text": "", 
      "type": "LINE"
    }, 
    {
      "addresses": [
        {
          "street_name": "boulev. Poissonni\u00e8re", 
          "street_numbers": [
            "17"
          ]
        }, 
        {
          "street_name": "R.S. Honor\u00e9", 
          "street_numbers": []
        }, 
        {
          "street_name": "Caumartin", 
          "street_numbers": []
        }
      ], 
      "box": [
        194, 
        535, 
        723, 
        154
      ], 
      "checked": false, 
      "id": 290, 
      "ner_xml": "<PER>Nora. Bantalone ( l'aul) ( attach\u00e9 \u00e0 la l\u00e9garion\n\nArseliere(Ve.)</PER>,<TITRE>R. de Tracy</TITRE>,<CARDINAL>33</CARDINAL>. \u2014Am. des Etats-Unis ),<LOC>boulev. Poissonni\u00e8re</LOC>,\nde la Hatrie. 1045,\u2014Fb.<PER>Montm.\n\nArtaud</PER>,<TITRE>R. des Bons Enlans</TITRE>,<CARDINAL>17</CARDINAL>. \u2014<PER>Baptiste a\u00een\u00e9</PER>,<LOC>R.S. Honor\u00e9</LOC>,<ACT>1508. \u2014B.\nH. au Bl\u00e9. des Moulins.\n\nArtaud</ACT>,<TITRE>R.</TITRE><LOC>Caumartin</LOC>, Fe Vend.<ACT>Baptiste</ACT>,<TITRE>R. des Colonnes , tte.\n\n</TITRE>Arthur (Me. Ve),<PER>R de Clichy</PER>, 16.\u2014 Baraguay-d'<PER>Hilliers ( g\u00e9n\u00e9ral)</PER>,<TITRE>R. des\n\n</TITRE>\u00a9 MiBlanc. Juifs. 1.\u2014D. de l'<TITRE>H.\n</TITRE>", 
      "origin": "computer", 
      "parent": 261, 
      "persons": [
        "Nora. Bantalone ( l'aul) ( attach\u00e9 \u00e0 la l\u00e9garion\n\nArseliere(Ve.)", 
        "Montm.\n\nArtaud", 
        "Baptiste a\u00een\u00e9", 
        "R de Clichy", 
        "Hilliers ( g\u00e9n\u00e9ral)"
      ], 
      "text_ocr": "Nora. Bantalone ( l'aul) ( attach\u00e9 \u00e0 la l\u00e9garion\n\nArseliere(Ve.) ,R. de Tracy , 33. \u2014Am. des Etats-Unis ), boulev. Poissonni\u00e8re,\nde la Hatrie. 1045,\u2014Fb. Montm.\n\nArtaud , R. des Bons Enlans , 17. \u2014 Baptiste a\u00een\u00e9, R.S. Honor\u00e9, 1508. \u2014B.\nH. au Bl\u00e9. des Moulins.\n\nArtaud , R. Caumartin , Fe Vend. Baptiste, R. des Colonnes , tte.\n\nArthur (Me. Ve), R de Clichy, 16.\u2014 Baraguay-d'Hilliers ( g\u00e9n\u00e9ral), R. des\n\n\u00a9 MiBlanc. Juifs. 1.\u2014D. de l'H.\n", 
      "type": "ENTRY"
    }, 
    {
      "EOL": false, 
      "box": [
        193, 
        648, 
        349, 
        20
      ], 
      "id": 293, 
      "indented": true, 
      "parent": 292, 
      "text": "", 
      "type": "LINE"
    }, 
    {
      "addresses": [], 
      "box": [
        193, 
        648, 
        349, 
        20
      ], 
      "checked": false, 
      "id": 292, 
      "ner_xml": "<PER>Arthur (Me, Ve.)</PER>,<PER>R de Clichy</PER>,<CARDINAL>10</CARDINAL>. \u2014\n", 
      "origin": "computer", 
      "parent": 261, 
      "persons": [
        "Arthur (Me, Ve.)", 
        "R de Clichy"
      ], 
      "text_ocr": "Arthur (Me, Ve.), R de Clichy, 10. \u2014\n", 
      "type": "ENTRY"
    }, 
    {
      "EOL": false, 
      "box": [
        214, 
        668, 
        83, 
        15
      ], 
      "id": 295, 
      "indented": true, 
      "parent": 294, 
      "text": "", 
      "type": "LINE"
    }, 
    {
      "addresses": [], 
      "box": [
        214, 
        668, 
        83, 
        15
      ], 
      "checked": false, 
      "id": 294, 
      "ner_xml": "<PER>NL. Blanc</PER>.\n", 
      "origin": "computer", 
      "parent": 261, 
      "persons": [
        "NL. Blanc"
      ], 
      "text_ocr": "NL. Blanc.\n", 
      "type": "ENTRY"
    }, 
    {
      "EOL": false, 
      "box": [
        193, 
        686, 
        722, 
        63
      ], 
      "id": 297, 
      "indented": true, 
      "parent": 296, 
      "text": "", 
      "type": "LINE"
    }, 
    {
      "addresses": [
        {
          "street_name": "Baralle", 
          "street_numbers": [
            "490", 
            "20", 
            "560"
          ]
        }
      ], 
      "box": [
        193, 
        686, 
        722, 
        63
      ], 
      "checked": false, 
      "id": 296, 
      "ner_xml": "<PER>Atger fils</PER>,<CARDINAL>R. du</CARDINAL>Renard ,<CARDINAL>1\u2014B.Cons</CARDINAL>.<LOC>Baralle</LOC>,<TITRE>R. N. des Petits Champs.</TITRE><CARDINAL>490</CARDINAL>.\nAttevaer,<TITRE>R. des Petites Ecuries .</TITRE><CARDINAL>20</CARDINAL>. \u2014 \u2014Butte des M. L\nPoissonn. Barat,<TITRE>R. de M\u00e9nars</TITRE>,<CARDINAL>560</CARDINAL>\u2014<PER>Lep</PER>.\n", 
      "origin": "computer", 
      "parent": 261, 
      "persons": [
        "Atger fils", 
        "Lep"
      ], 
      "text_ocr": "Atger fils, R. du Renard ,1\u2014B.Cons. Baralle, R. N. des Petits Champs. 490.\nAttevaer, R. des Petites Ecuries . 20. \u2014 \u2014Butte des M. L\nPoissonn. Barat, R. de M\u00e9nars, 560 \u2014Lep.\n", 
      "type": "ENTRY"
    }, 
    {
      "EOL": false, 
      "box": [
        192, 
        711, 
        349, 
        18
      ], 
      "id": 299, 
      "indented": true, 
      "parent": 298, 
      "text": "", 
      "type": "LINE"
    }, 
    {
      "addresses": [], 
      "box": [
        192, 
        711, 
        349, 
        18
      ], 
      "checked": false, 
      "id": 298, 
      "ner_xml": "<PER>Attevaer, KR. des Petites Ecuries .</PER><CARDINAL>20</CARDINAL>. \u2014\n", 
      "origin": "computer", 
      "parent": 261, 
      "persons": [
        "Attevaer, KR. des Petites Ecuries ."
      ], 
      "text_ocr": "Attevaer, KR. des Petites Ecuries . 20. \u2014\n", 
      "type": "ENTRY"
    }, 
    {
      "EOL": false, 
      "box": [
        211, 
        732, 
        78, 
        14
      ], 
      "id": 301, 
      "indented": true, 
      "parent": 300, 
      "text": "", 
      "type": "LINE"
    }, 
    {
      "addresses": [], 
      "box": [
        211, 
        732, 
        78, 
        14
      ], 
      "checked": false, 
      "id": 300, 
      "ner_xml": "Pottsonn.\n", 
      "origin": "computer", 
      "parent": 261, 
      "persons": [], 
      "text_ocr": "Pottsonn.\n", 
      "type": "ENTRY"
    }, 
    {
      "EOL": false, 
      "box": [
        190, 
        750, 
        724, 
        38
      ], 
      "id": 303, 
      "indented": true, 
      "parent": 302, 
      "text": "", 
      "type": "LINE"
    }, 
    {
      "addresses": [
        {
          "street_name": "Baraumont", 
          "street_numbers": [
            "R."
          ]
        }, 
        {
          "street_name": "Ventadour", 
          "street_numbers": [
            "427"
          ]
        }
      ], 
      "box": [
        190, 
        750, 
        724, 
        38
      ], 
      "checked": false, 
      "id": 302, 
      "ner_xml": "<PER>Aubernon</PER>,<ACT>Hi</ACT>, S Lazare,<PER>17.\u2014M.</PER>BI.<LOC>Baraumont</LOC>,<CARDINAL>R.</CARDINAL><LOC>Ventadour</LOC>,<CARDINAL>427</CARDINAL>et 11,\u2014\nAubusson . R. de l'Echelle ,<ACT>560.\u2014Tuil. \u2014 Butte des M.\n</ACT>", 
      "origin": "computer", 
      "parent": 261, 
      "persons": [
        "Aubernon", 
        "17.\u2014M."
      ], 
      "text_ocr": "Aubernon , Hi, S Lazare, 17.\u2014M. BI. Baraumont, R. Ventadour , 427 et 11,\u2014\nAubusson . R. de l'Echelle , 560.\u2014Tuil. \u2014 Butte des M.\n", 
      "type": "ENTRY"
    }, 
    {
      "EOL": false, 
      "box": [
        190, 
        769, 
        340, 
        16
      ], 
      "id": 305, 
      "indented": true, 
      "parent": 304, 
      "text": "", 
      "type": "LINE"
    }, 
    {
      "addresses": [], 
      "box": [
        190, 
        769, 
        340, 
        16
      ], 
      "checked": false, 
      "id": 304, 
      "ner_xml": "Aubusson . &amp;.<ACT>de l'Echelle</ACT>, 560.\u2014\"TFuil.\n", 
      "origin": "computer", 
      "parent": 261, 
      "persons": [], 
      "text_ocr": "Aubusson . &. de l'Echelle , 560.\u2014\"TFuil.\n", 
      "type": "ENTRY"
    }, 
    {
      "EOL": false, 
      "box": [
        190, 
        789, 
        347, 
        19
      ], 
      "id": 307, 
      "indented": true, 
      "parent": 306, 
      "text": "", 
      "type": "LINE"
    }, 
    {
      "addresses": [], 
      "box": [
        190, 
        789, 
        347, 
        19
      ], 
      "checked": false, 
      "id": 306, 
      "ner_xml": "<PER>Auclair</PER>,<PER>Kt. N. des Capucines</PER>,<CARDINAL>174</CARDINAL>. \u2014\n", 
      "origin": "computer", 
      "parent": 261, 
      "persons": [
        "Auclair", 
        "Kt. N. des Capucines"
      ], 
      "text_ocr": "Auclair , Kt. N. des Capucines, 174. \u2014\n", 
      "type": "ENTRY"
    }, 
    {
      "EOL": false, 
      "box": [
        207, 
        808, 
        143, 
        15
      ], 
      "id": 309, 
      "indented": true, 
      "parent": 308, 
      "text": "", 
      "type": "LINE"
    }, 
    {
      "addresses": [
        {
          "street_name": "Place Vend\u00f4me", 
          "street_numbers": []
        }
      ], 
      "box": [
        207, 
        808, 
        143, 
        15
      ], 
      "checked": false, 
      "id": 308, 
      "ner_xml": "<LOC>Place Vend\u00f4me</LOC>.\n", 
      "origin": "computer", 
      "parent": 261, 
      "persons": [], 
      "text_ocr": "Place Vend\u00f4me.\n", 
      "type": "ENTRY"
    }, 
    {
      "EOL": false, 
      "box": [
        188, 
        792, 
        725, 
        58
      ], 
      "id": 311, 
      "indented": true, 
      "parent": 310, 
      "text": "", 
      "type": "LINE"
    }, 
    {
      "addresses": [
        {
          "street_name": "Ville-l'Ev\u00eaque", 
          "street_numbers": [
            "1303"
          ]
        }
      ], 
      "box": [
        188, 
        792, 
        725, 
        58
      ], 
      "checked": false, 
      "id": 310, 
      "ner_xml": "<PER>AUC'AIr</PER>, Ft. Lt.<ACT>GES CAPUCINES</ACT>,<CARDINAL>174</CARDINAL>: \u2014  Barbantanne,<ACT>t. Basse du Hempart</ACT>,\nPlace Vend\u00f4me.<PER>Fi 336.\u2014P. Vend</PER>.\nAudilret(Me.),<TITRE>R. de Clichy</TITRE>,<CARDINAL>350</CARDINAL>\u00b0 \u2014  Barbantanne,<CARDINAL>R.</CARDINAL><LOC>Ville-l'Ev\u00eaque</LOC>,<CARDINAL>1303</CARDINAL>.\n", 
      "origin": "computer", 
      "parent": 261, 
      "persons": [
        "AUC'AIr", 
        "Fi 336.\u2014P. Vend"
      ], 
      "text_ocr": "AUC'AIr, Ft. Lt. GES CAPUCINES, 174: \u2014  Barbantanne, t. Basse du Hempart,\nPlace Vend\u00f4me. Fi 336.\u2014P. Vend.\nAudilret(Me.), R. de Clichy, 350\u00b0 \u2014  Barbantanne, R. Ville-l'Ev\u00eaque , 1303.\n", 
      "type": "ENTRY"
    }, 
    {
      "EOL": false, 
      "box": [
        192, 
        848, 
        68, 
        16
      ], 
      "id": 313, 
      "indented": true, 
      "parent": 312, 
      "text": "", 
      "type": "LINE"
    }, 
    {
      "addresses": [
        {
          "street_name": "foule.\n", 
          "street_numbers": []
        }
      ], 
      "box": [
        192, 
        848, 
        68, 
        16
      ], 
      "checked": false, 
      "id": 312, 
      "ner_xml": ",<LOC>foule.\n</LOC>", 
      "origin": "computer", 
      "parent": 261, 
      "persons": [], 
      "text_ocr": ", foule.\n", 
      "type": "ENTRY"
    }, 
    {
      "EOL": false, 
      "box": [
        189, 
        851, 
        722, 
        52
      ], 
      "id": 315, 
      "indented": true, 
      "parent": 314, 
      "text": "", 
      "type": "LINE"
    }, 
    {
      "EOL": false, 
      "box": [
        209, 
        887, 
        50, 
        14
      ], 
      "id": 316, 
      "indented": false, 
      "parent": 314, 
      "text": "", 
      "type": "LINE"
    }, 
    {
      "addresses": [], 
      "box": [
        189, 
        851, 
        722, 
        52
      ], 
      "checked": false, 
      "id": 314, 
      "ner_xml": "\u00bb FOuIE- \u2014 Roule\nAudin,<TITRE>R. des Petits Augustins</TITRE>,<CARDINAL>1265</CARDINAL>. \u2014  Barbazan,<CARDINAL>R.</CARDINAL>du Fb. Poissonni\u00e8re,<ACT>x.\nUnit\u00e9.</ACT><CARDINAL>1</CARDINAL>\u2014 Faub. M.\n", 
      "origin": "computer", 
      "parent": 261, 
      "persons": [], 
      "text_ocr": "\u00bb FOuIE- \u2014 Roule\nAudin, R. des Petits Augustins, 1265. \u2014  Barbazan, R. du Fb. Poissonni\u00e8re, x.\nUnit\u00e9. 1 \u2014 Faub. M.\n", 
      "type": "ENTRY"
    }, 
    {
      "EOL": false, 
      "box": [
        187, 
        904, 
        724, 
        22
      ], 
      "id": 318, 
      "indented": true, 
      "parent": 317, 
      "text": "", 
      "type": "LINE"
    }, 
    {
      "addresses": [
        {
          "street_name": "R.Pinon", 
          "street_numbers": [
            "342"
          ]
        }
      ], 
      "box": [
        187, 
        904, 
        724, 
        22
      ], 
      "checked": false, 
      "id": 317, 
      "ner_xml": "<PER>Audinot (Mile }</PER>,<LOC>R.Pinon</LOC>, 12.\u2014 M,<PER>B. Barbereux</PER>,<TITRE>R. S. Martin</TITRE>,<CARDINAL>342</CARDINAL>. \u2014 Amis\n", 
      "origin": "computer", 
      "parent": 261, 
      "persons": [
        "Audinot (Mile }", 
        "B. Barbereux"
      ], 
      "text_ocr": "Audinot (Mile }, R.Pinon, 12.\u2014 M, B. Barbereux, R. S. Martin , 342. \u2014 Amis\n", 
      "type": "ENTRY"
    }, 
    {
      "EOL": false, 
      "box": [
        188, 
        924, 
        457, 
        19
      ], 
      "id": 320, 
      "indented": true, 
      "parent": 319, 
      "text": "", 
      "type": "LINE"
    }, 
    {
      "addresses": [], 
      "box": [
        188, 
        924, 
        457, 
        19
      ], 
      "checked": false, 
      "id": 319, 
      "ner_xml": "<PER>Audcuin</PER>,<TITRE>R. des Francs Bourgeois</TITRE>,<CARDINAL>131</CARDINAL>. de la P.\n", 
      "origin": "computer", 
      "parent": 261, 
      "persons": [
        "Audcuin"
      ], 
      "text_ocr": "Audcuin, R. des Francs Bourgeois, 131. de la P.\n", 
      "type": "ENTRY"
    }, 
    {
      "EOL": false, 
      "box": [
        186, 
        945, 
        322, 
        39
      ], 
      "id": 322, 
      "indented": true, 
      "parent": 321, 
      "text": "", 
      "type": "LINE"
    }, 
    {
      "addresses": [
        {
          "street_name": "Martin", 
          "street_numbers": []
        }
      ], 
      "box": [
        186, 
        945, 
        322, 
        39
      ], 
      "checked": false, 
      "id": 321, 
      "ner_xml": "<PER>NES \u00c0\nAugard ; Fb. $</PER>.<LOC>Martin</LOC>,<ACT>202.\u2014 Nord</ACT>.\n", 
      "origin": "computer", 
      "parent": 261, 
      "persons": [
        "NES \u00c0\nAugard ; Fb. $"
      ], 
      "text_ocr": "NES \u00c0\nAugard ; Fb. $. Martin, 202.\u2014 Nord.\n", 
      "type": "ENTRY"
    }, 
    {
      "EOL": false, 
      "box": [
        187, 
        946, 
        722, 
        58
      ], 
      "id": 324, 
      "indented": true, 
      "parent": 323, 
      "text": "", 
      "type": "LINE"
    }, 
    {
      "addresses": [
        {
          "street_name": "RD \u0178 Barbier", 
          "street_numbers": [
            "5"
          ]
        }, 
        {
          "street_name": "Martin", 
          "street_numbers": []
        }, 
        {
          "street_name": "Barbier", 
          "street_numbers": []
        }
      ], 
      "box": [
        187, 
        946, 
        722, 
        58
      ], 
      "checked": false, 
      "id": 323, 
      "ner_xml": "<LOC>RD \u0178 Barbier</LOC>, R,.<PER>N. des Peuits Champs</PER>,<CARDINAL>5</CARDINAL>.\n<PER>Augard</PER>,<ACT>Fb. $</ACT>.<LOC>Martin</LOC>,<ACT>202.\u2014 Nord</ACT>.<PER>Burte des M.\nAuger (Me.)</PER>,<TITRE>R. S. Marc</TITRE>,<ACT>166.\u2014Lepel</ACT>.<LOC>Barbier</LOC>,<TITRE>R. de S\u00e8vres</TITRE>,<ACT>1085.\u2014 Ouest</ACT>.\n", 
      "origin": "computer", 
      "parent": 261, 
      "persons": [
        "N. des Peuits Champs", 
        "Augard", 
        "Burte des M.\nAuger (Me.)"
      ], 
      "text_ocr": "RD \u0178 Barbier, R,. N. des Peuits Champs, 5.\nAugard , Fb. $. Martin, 202.\u2014 Nord. Burte des M.\nAuger (Me.), R. S. Marc , 166.\u2014Lepel. Barbier, R. de S\u00e8vres, 1085.\u2014 Ouest.\n", 
      "type": "ENTRY"
    }, 
    {
      "EOL": false, 
      "box": [
        185, 
        1002, 
        723, 
        27
      ], 
      "id": 326, 
      "indented": true, 
      "parent": 325, 
      "text": "", 
      "type": "LINE"
    }, 
    {
      "EOL": false, 
      "box": [
        207, 
        1023, 
        236, 
        18
      ], 
      "id": 327, 
      "indented": false, 
      "parent": 325, 
      "text": "", 
      "type": "LINE"
    }, 
    {
      "addresses": [], 
      "box": [
        185, 
        1002, 
        723, 
        39
      ], 
      "checked": false, 
      "id": 325, 
      "ner_xml": "<PER>Augereau (mar\u00e9chal d'Empire)</PER>,<TITRE>R. de  </TITRE>Barbor,<TITRE>R. des Bons Enfans</TITRE>,<CARDINAL>8</CARDINAL>, \u2014H,\nGrenelle,<ACT>1121.\u2014F, de gren en Ris\n</ACT>", 
      "origin": "computer", 
      "parent": 261, 
      "persons": [
        "Augereau (mar\u00e9chal d'Empire)"
      ], 
      "text_ocr": "Augereau (mar\u00e9chal d'Empire), R. de  Barbor, R. des Bons Enfans, 8, \u2014H,\nGrenelle, 1121.\u2014F, de gren en Ris\n", 
      "type": "ENTRY"
    }, 
    {
      "EOL": false, 
      "box": [
        184, 
        1031, 
        724, 
        94
      ], 
      "id": 329, 
      "indented": true, 
      "parent": 328, 
      "text": "", 
      "type": "LINE"
    }, 
    {
      "addresses": [
        {
          "street_name": "R.de Provence", 
          "street_numbers": [
            "44"
          ]
        }, 
        {
          "street_name": "Venant", 
          "street_numbers": []
        }
      ], 
      "box": [
        184, 
        1031, 
        724, 
        94
      ], 
      "checked": false, 
      "id": 328, 
      "ner_xml": "ST.<ACT>immense SO .@e au Die.\n\nAugier</ACT>,<ACT>R</ACT>,<PER>Villedor</PER>,<ACT>70g-\u2014 Bat. des M. Birjoux</ACT>,<TITRE>R. du Fb.S. Honor\u00e9</TITRE>,<CARDINAL>117</CARDINAL>. \u2014\n\nAugustin ,<CARDINAL>R.S.</CARDINAL>Georges, 1.\u2014<PER>M. Blanc</PER>.<PER>Ch. Elys\u00e9es. |\n\nAumont (Me.)</PER>,<LOC>R.de Provence</LOC>.<CARDINAL>44</CARDINAL>: \u2014<PER>Par\u00e9 de $</PER>.<LOC>Venant</LOC>, cul-de-sac du Doyen-\nM,<TITRE>Blanc: \u2018\u00e0 305 \u2014</TITRE><PER>Tail</PER>,\n", 
      "origin": "computer", 
      "parent": 261, 
      "persons": [
        "Villedor", 
        "M. Blanc", 
        "Ch. Elys\u00e9es. |\n\nAumont (Me.)", 
        "Par\u00e9 de $", 
        "Tail"
      ], 
      "text_ocr": "ST. immense SO .@e au Die.\n\nAugier, R, Villedor, 70g-\u2014 Bat. des M. Birjoux, R. du Fb.S. Honor\u00e9 , 117. \u2014\n\nAugustin , R.S. Georges, 1.\u2014 M. Blanc. Ch. Elys\u00e9es. |\n\nAumont (Me.), R.de Provence . 44: \u2014 Par\u00e9 de $. Venant , cul-de-sac du Doyen-\nM, Blanc: \u2018\u00e0 305 \u2014Tail,\n", 
      "type": "ENTRY"
    }, 
    {
      "EOL": false, 
      "box": [
        185, 
        1062, 
        236, 
        21
      ], 
      "id": 331, 
      "indented": true, 
      "parent": 330, 
      "text": "", 
      "type": "LINE"
    }, 
    {
      "addresses": [
        {
          "street_name": "Augustin", 
          "street_numbers": [
            "9"
          ]
        }
      ], 
      "box": [
        185, 
        1062, 
        236, 
        21
      ], 
      "checked": false, 
      "id": 330, 
      "ner_xml": "<LOC>Augustin</LOC>,<CARDINAL>9</CARDINAL>.<PER>Georges , }\n</PER>", 
      "origin": "computer", 
      "parent": 261, 
      "persons": [
        "Georges , }\n"
      ], 
      "text_ocr": "Augustin , 9. Georges , }\n", 
      "type": "ENTRY"
    }, 
    {
      "EOL": false, 
      "box": [
        184, 
        1081, 
        347, 
        36
      ], 
      "id": 333, 
      "indented": true, 
      "parent": 332, 
      "text": "", 
      "type": "LINE"
    }, 
    {
      "addresses": [], 
      "box": [
        184, 
        1081, 
        347, 
        36
      ], 
      "checked": false, 
      "id": 332, 
      "ner_xml": "<PER>Aumont (Me.)</PER>,<ACT>Ki. de Provence .</ACT><CARDINAL>44</CARDINAL>. \u2014\nM. Blanc.\n", 
      "origin": "computer", 
      "parent": 261, 
      "persons": [
        "Aumont (Me.)"
      ], 
      "text_ocr": "Aumont (Me.), Ki. de Provence . 44. \u2014\nM. Blanc.\n", 
      "type": "ENTRY"
    }, 
    {
      "EOL": false, 
      "box": [
        183, 
        1119, 
        683, 
        27
      ], 
      "id": 335, 
      "indented": true, 
      "parent": 334, 
      "text": "", 
      "type": "LINE"
    }, 
    {
      "addresses": [
        {
          "street_name": "Lepelletier", 
          "street_numbers": [
            "4"
          ]
        }
      ], 
      "box": [
        183, 
        1119, 
        683, 
        27
      ], 
      "checked": false, 
      "id": 334, 
      "ner_xml": "<PER>Autran</PER>,<TITRE>R. du Bouloy</TITRE>,<ACT>55.\u2014H. au Bl\u00e9. p,,rere</ACT>, R.<LOC>Lepelletier</LOC>,<CARDINAL>4</CARDINAL>. \u2014<TITRE>M. BI</TITRE>.\n", 
      "origin": "computer", 
      "parent": 261, 
      "persons": [
        "Autran"
      ], 
      "text_ocr": "Autran, R. du Bouloy, 55.\u2014H. au Bl\u00e9. p,,rere, R. Lepelletier, 4. \u2014M. BI.\n", 
      "type": "ENTRY"
    }, 
    {
      "EOL": false, 
      "box": [
        182, 
        1140, 
        724, 
        26
      ], 
      "id": 337, 
      "indented": true, 
      "parent": 336, 
      "text": "", 
      "type": "LINE"
    }, 
    {
      "addresses": [], 
      "box": [
        182, 
        1140, 
        724, 
        26
      ], 
      "checked": false, 
      "id": 336, 
      "ner_xml": "<PER>Azevedo</PER>,<TITRE>I, et Div. du Mont Blanc</TITRE>,<CARDINAL>44</CARDINAL>.<PER>Buillon</PER>,<ACT>R.N. du Luxembourg</ACT>,<ACT>161.\u2014\n</ACT>", 
      "origin": "computer", 
      "parent": 261, 
      "persons": [
        "Azevedo", 
        "Buillon"
      ], 
      "text_ocr": "Azevedo , I, et Div. du Mont Blanc, 44. Buillon, R.N. du Luxembourg , 161.\u2014\n", 
      "type": "ENTRY"
    }, 
    {
      "EOL": false, 
      "box": [
        182, 
        1159, 
        507, 
        22
      ], 
      "id": 339, 
      "indented": true, 
      "parent": 338, 
      "text": "", 
      "type": "LINE"
    }, 
    {
      "addresses": [], 
      "box": [
        182, 
        1159, 
        507, 
        22
      ], 
      "checked": false, 
      "id": 338, 
      "ner_xml": "<PER>Azevedo</PER>,<TITRE>R. de Grammont</TITRE>,<ACT>599.\u2014 Lep</ACT>,  p v,<ACT>nd\u00f4me.\n</ACT>", 
      "origin": "computer", 
      "parent": 261, 
      "persons": [
        "Azevedo"
      ], 
      "text_ocr": "Azevedo , R. de Grammont , 599.\u2014 Lep,  p v,nd\u00f4me.\n", 
      "type": "ENTRY"
    }, 
    {
      "EOL": false, 
      "box": [
        182, 
        1179, 
        722, 
        43
      ], 
      "id": 341, 
      "indented": true, 
      "parent": 340, 
      "text": "", 
      "type": "LINE"
    }, 
    {
      "addresses": [
        {
          "street_name": "KR", 
          "street_numbers": [
            "9"
          ]
        }
      ], 
      "box": [
        182, 
        1179, 
        722, 
        43
      ], 
      "checked": false, 
      "id": 340, 
      "ner_xml": "<TITRE>An</TITRE>,<LOC>KR</LOC>,<CARDINAL>9</CARDINAL>.<PER>Dominique</PER>,<ACT>177.\u2014F.de CG.</ACT><PER>Barlow</PER>,<TITRE>R. de Vaugirard</TITRE>,<ACT>50.\u2014 Ouest</ACT>.\nRarcv B. Chauchac. 1:\u2014M. BL<PER>Barnier</PER>,<TITRE>R. de la R\u00e9volution</TITRE>,<PER>C88. \u2014\n</PER>", 
      "origin": "computer", 
      "parent": 261, 
      "persons": [
        "Dominique", 
        "Barlow", 
        "Barnier", 
        "C88. \u2014\n"
      ], 
      "text_ocr": "An, KR, 9. Dominique, 177.\u2014F.de CG. Barlow, R. de Vaugirard , 50.\u2014 Ouest.\nRarcv B. Chauchac. 1:\u2014M. BL Barnier, R. de la R\u00e9volution, C88. \u2014\n", 
      "type": "ENTRY"
    }, 
    {
      "EOL": false, 
      "box": [
        181, 
        1207, 
        281, 
        21
      ], 
      "id": 343, 
      "indented": true, 
      "parent": 342, 
      "text": "", 
      "type": "LINE"
    }, 
    {
      "addresses": [
        {
          "street_name": "Baccy . R. Chauchat", 
          "street_numbers": []
        }
      ], 
      "box": [
        181, 
        1207, 
        281, 
        21
      ], 
      "checked": false, 
      "id": 342, 
      "ner_xml": "<LOC>Baccy . R. Chauchat</LOC>,<ACT>3:.\u2014M. Bi</ACT>.\n", 
      "origin": "computer", 
      "parent": 261, 
      "persons": [], 
      "text_ocr": "Baccy . R. Chauchat, 3:.\u2014M. Bi.\n", 
      "type": "ENTRY"
    }, 
    {
      "EOL": false, 
      "box": [
        180, 
        1225, 
        723, 
        97
      ], 
      "id": 345, 
      "indented": true, 
      "parent": 344, 
      "text": "", 
      "type": "LINE"
    }, 
    {
      "EOL": false, 
      "box": [
        200, 
        1248, 
        135, 
        14
      ], 
      "id": 346, 
      "indented": false, 
      "parent": 344, 
      "text": "", 
      "type": "LINE"
    }, 
    {
      "addresses": [
        {
          "street_name": "S. P\u00e8res", 
          "street_numbers": [
            "1193", 
            "755", 
            "1"
          ]
        }
      ], 
      "box": [
        180, 
        1225, 
        723, 
        97
      ], 
      "checked": false, 
      "id": 344, 
      "ner_xml": "<PER>Bachelier - Dagis</PER>,<TITRE>R. N. des Mathurins</TITRE>,<ACT>uileries.\n852.\u2014 PI</ACT>.<PER>Vend. Baron</PER>, R.des<LOC>S. P\u00e8res</LOC>,<CARDINAL>1193</CARDINAL>. \u2014 Font.\n\nPachioti,<TITRE>R. de La Chaise</TITRE>, 520.\u20140. .<PER>_ de Gren</PER>.\n\nBackmann,<TITRE>R. S. Joseph</TITRE>, 14\u2014Br.<PER>Baroncelly-Javuis</PER>,<TITRE>R. de la Loi</TITRE>,<CARDINAL>755</CARDINAL>. \u2014\n\nBacot.<PER>Fb, et Div. Poisonni\u00e8re</PER>,<CARDINAL>1</CARDINAL>% Butte des M,<TITRE>l\n</TITRE>", 
      "origin": "computer", 
      "parent": 261, 
      "persons": [
        "Bachelier - Dagis", 
        "Vend. Baron", 
        "_ de Gren", 
        "Baroncelly-Javuis", 
        "Fb, et Div. Poisonni\u00e8re"
      ], 
      "text_ocr": "Bachelier - Dagis, R. N. des Mathurins, uileries.\n852.\u2014 PI. Vend. Baron, R.des S. P\u00e8res, 1193. \u2014 Font.\n\nPachioti, R. de La Chaise, 520.\u20140. . _ de Gren.\n\nBackmann, R. S. Joseph, 14\u2014Br. Baroncelly-Javuis, R. de la Loi, 755. \u2014\n\nBacot. Fb, et Div. Poisonni\u00e8re , 1% Butte des M, l\n", 
      "type": "ENTRY"
    }, 
    {
      "EOL": false, 
      "box": [
        182, 
        1265, 
        313, 
        21
      ], 
      "id": 348, 
      "indented": true, 
      "parent": 347, 
      "text": "", 
      "type": "LINE"
    }, 
    {
      "addresses": [
        {
          "street_name": "KR. de La Chaise", 
          "street_numbers": []
        }
      ], 
      "box": [
        182, 
        1265, 
        313, 
        21
      ], 
      "checked": false, 
      "id": 347, 
      "ner_xml": "<TITRE>Bachioti</TITRE>,<LOC>KR. de La Chaise</LOC>,<TITRE>520.\u20140</TITRE>,\n", 
      "origin": "computer", 
      "parent": 261, 
      "persons": [], 
      "text_ocr": "Bachioti, KR. de La Chaise , 520.\u20140,\n", 
      "type": "ENTRY"
    }, 
    {
      "EOL": false, 
      "box": [
        180, 
        1286, 
        301, 
        18
      ], 
      "id": 350, 
      "indented": true, 
      "parent": 349, 
      "text": "", 
      "type": "LINE"
    }, 
    {
      "addresses": [
        {
          "street_name": "Joseph", 
          "street_numbers": []
        }
      ], 
      "box": [
        180, 
        1286, 
        301, 
        18
      ], 
      "checked": false, 
      "id": 349, 
      "ner_xml": "<PER>Backmann</PER>,<TITRE>R. S</TITRE>,<LOC>Joseph</LOC>, 1.,.\u2014 Dr.\n", 
      "origin": "computer", 
      "parent": 261, 
      "persons": [
        "Backmann"
      ], 
      "text_ocr": "Backmann , R. S, Joseph, 1.,.\u2014 Dr.\n", 
      "type": "ENTRY"
    }, 
    {
      "EOL": false, 
      "box": [
        180, 
        1305, 
        310, 
        20
      ], 
      "id": 352, 
      "indented": true, 
      "parent": 351, 
      "text": "", 
      "type": "LINE"
    }, 
    {
      "addresses": [
        {
          "street_name": "Poisonmi\u00e9re", 
          "street_numbers": [
            "17"
          ]
        }
      ], 
      "box": [
        180, 
        1305, 
        310, 
        20
      ], 
      "checked": false, 
      "id": 351, 
      "ner_xml": "<PER>Bacot</PER>,<ACT>Fb, et Div</ACT>,<LOC>Poisonmi\u00e9re</LOC>,<CARDINAL>17</CARDINAL>\n", 
      "origin": "computer", 
      "parent": 261, 
      "persons": [
        "Bacot"
      ], 
      "text_ocr": "Bacot, Fb, et Div, Poisonmi\u00e9re, 17\n", 
      "type": "ENTRY"
    }, 
    {
      "box": [
        176, 
        146, 
        748, 
        1179
      ], 
      "id": 261, 
      "parent": 260, 
      "type": "COLUMN_LEVEL_2"
    }, 
    {
      "box": [
        176, 
        146, 
        748, 
        1179
      ], 
      "id": 260, 
      "parent": 259, 
      "type": "SECTION_LEVEL_2"
    }, 
    {
      "box": [
        176, 
        146, 
        748, 
        1179
      ], 
      "id": 259, 
      "parent": 258, 
      "type": "COLUMN_LEVEL_1"
    }, 
    {
      "box": [
        155, 
        146, 
        769, 
        1179
      ], 
      "id": 258, 
      "parent": 256, 
      "type": "SECTION_LEVEL_1"
    }, 
    {
      "box": [
        155, 
        31, 
        769, 
        1351
      ], 
      "id": 256, 
      "type": "PAGE"
    }
  ], 
  "mode": "cached"
}
