{
  "content": [
    {
      "EOL": false, 
      "box": [
        108, 
        138, 
        737, 
        69
      ], 
      "id": 262, 
      "indented": true, 
      "parent": 261, 
      "text": "", 
      "type": "LINE"
    }, 
    {
      "EOL": false, 
      "box": [
        86, 
        185, 
        320, 
        21
      ], 
      "id": 263, 
      "indented": false, 
      "parent": 261, 
      "text": "", 
      "type": "LINE"
    }, 
    {
      "addresses": [
        {
          "street_name": "Fb. et Div. Poissonni\u00e8re", 
          "street_numbers": [
            "31", 
            "359"
          ]
        }
      ], 
      "box": [
        86, 
        138, 
        759, 
        69
      ], 
      "checked": false, 
      "id": 261, 
      "ner_xml": "<CARDINAL>1YOn</CARDINAL>-LOININETEans.<PER>ur el\nDelisron</PER>,<LOC>Fb. et Div. Poissonni\u00e8re</LOC>,<CARDINAL>31</CARDINAL>.<PER>Demontenet (Ve.)'</PER>,<TITRE>R. Basse du Rem-\n_ Deliza</TITRE>,<ACT>\u00c0. d'Amboite</ACT>,<PER>380.\u2014 Leo. \u2018part</PER>,<CARDINAL>359</CARDINAL>. \u2014<PER>PL. Vend</PER>.\n", 
      "origin": "computer", 
      "parent": 260, 
      "persons": [
        "ur el\nDelisron", 
        "Demontenet (Ve.)'", 
        "380.\u2014 Leo. \u2018part", 
        "PL. Vend"
      ], 
      "text_ocr": "1YOn-LOININETEans. ur el\nDelisron, Fb. et Div. Poissonni\u00e8re , 31. Demontenet (Ve.)', R. Basse du Rem-\n_ Deliza , \u00c0. d'Amboite , 380.\u2014 Leo. \u2018part , 359. \u2014 PL. Vend.\n", 
      "type": "ENTRY"
    }, 
    {
      "EOL": false, 
      "box": [
        96, 
        205, 
        320, 
        21
      ], 
      "id": 265, 
      "indented": true, 
      "parent": 264, 
      "text": "", 
      "type": "LINE"
    }, 
    {
      "addresses": [], 
      "box": [
        96, 
        205, 
        320, 
        21
      ], 
      "checked": false, 
      "id": 264, 
      "ner_xml": " Dellovera ,<TITRE>R. N. S. Augustin</TITRE>,<CARDINAL>748</CARDINAL>.\n", 
      "origin": "computer", 
      "parent": 260, 
      "persons": [], 
      "text_ocr": " Dellovera , R. N. S. Augustin, 748.\n", 
      "type": "ENTRY"
    }, 
    {
      "EOL": false, 
      "box": [
        107, 
        191, 
        737, 
        55
      ], 
      "id": 267, 
      "indented": true, 
      "parent": 266, 
      "text": "", 
      "type": "LINE"
    }, 
    {
      "addresses": [
        {
          "street_name": "PAIE 9", 
          "street_numbers": [
            "748"
          ]
        }, 
        {
          "street_name": "al. du Trib., gal se\n", 
          "street_numbers": []
        }
      ], 
      "box": [
        107, 
        191, 
        737, 
        55
      ], 
      "checked": false, 
      "id": 266, 
      "ner_xml": "<PER>Delloy CR RN. S. A , jgustii</PER>,<CARDINAL>748</CARDINAL><LOC>PAIE 9</LOC>90h 7 52 VUS \u00c0\nellovera ,<TITRE>R. N. S. Augustiri</TITRE>,<CARDINAL>748</CARDINAL>. D.<PER>Pal. ib. L di\nDemaugereau (Me.),R de la Concorde y 'emontisoure</PER>,<LOC>al. du Trib., gal se\n</LOC>", 
      "origin": "computer", 
      "parent": 260, 
      "persons": [
        "Delloy CR RN. S. A , jgustii", 
        "Pal. ib. L di\nDemaugereau (Me.),R de la Concorde y 'emontisoure"
      ], 
      "text_ocr": "Delloy CR RN. S. A , jgustii, 748 PAIE 9 90h 7 52 VUS \u00c0\nellovera , R. N. S. Augustiri, 748. D. Pal. ib. L di\nDemaugereau (Me.),R de la Concorde y 'emontisoure , al. du Trib., gal se\n", 
      "type": "ENTRY"
    }, 
    {
      "EOL": false, 
      "box": [
        106, 
        233, 
        736, 
        56
      ], 
      "id": 269, 
      "indented": true, 
      "parent": 268, 
      "text": "", 
      "type": "LINE"
    }, 
    {
      "addresses": [
        {
          "street_name": "Helv\u00e9tius", 
          "street_numbers": [
            "573"
          ]
        }, 
        {
          "street_name": "420.\u2014P.V.. des Moul", 
          "street_numbers": [
            "4"
          ]
        }
      ], 
      "box": [
        106, 
        233, 
        736, 
        56
      ], 
      "checked": false, 
      "id": 268, 
      "ner_xml": "<PER>PPCONSURSION LAC) 4 Eb</PER>,<ACT>VIS VONCUSNV | Pierre</ACT>,<CARDINAL>00</CARDINAL>. . f\npr\u00e8s Te Garde-Meuble.<PER>Demontigay .R</PER>,<LOC>Helv\u00e9tius</LOC>,<CARDINAL>573</CARDINAL>. \u2014 B.\nDeloger,<TITRE>R. du Mont Blanc</TITRE>,<LOC>420.\u2014P.V.. des Moul</LOC>.<CARDINAL>4</CARDINAL>\n", 
      "origin": "computer", 
      "parent": 260, 
      "persons": [
        "PPCONSURSION LAC) 4 Eb", 
        "Demontigay .R"
      ], 
      "text_ocr": "PPCONSURSION LAC) 4 Eb, VIS VONCUSNV | Pierre , 00. . f\npr\u00e8s Te Garde-Meuble. Demontigay .R, Helv\u00e9tius, 573. \u2014 B.\nDeloger, R. du Mont Blanc , 420.\u2014P.V.. des Moul. 4\n", 
      "type": "ENTRY"
    }, 
    {
      "EOL": false, 
      "box": [
        107, 
        282, 
        736, 
        30
      ], 
      "id": 271, 
      "indented": true, 
      "parent": 270, 
      "text": "", 
      "type": "LINE"
    }, 
    {
      "addresses": [], 
      "box": [
        107, 
        282, 
        736, 
        30
      ], 
      "checked": false, 
      "id": 270, 
      "ner_xml": "<PER>Delong (Me.),R. C\u00e9rutty</PER>,<ACT>22.\u2014M.</ACT>B.  Demontlor ,<TITRE>R. Basse du Rempart</TITRE>,<CARDINAL>348</CARDINAL>.\n", 
      "origin": "computer", 
      "parent": 260, 
      "persons": [
        "Delong (Me.),R. C\u00e9rutty"
      ], 
      "text_ocr": "Delong (Me.),R. C\u00e9rutty , 22.\u2014M. B.  Demontlor , R. Basse du Rempart, 348.\n", 
      "type": "ENTRY"
    }, 
    {
      "EOL": false, 
      "box": [
        105, 
        306, 
        738, 
        49
      ], 
      "id": 273, 
      "indented": true, 
      "parent": 272, 
      "text": "", 
      "type": "LINE"
    }, 
    {
      "addresses": [], 
      "box": [
        105, 
        306, 
        738, 
        49
      ], 
      "checked": false, 
      "id": 272, 
      "ner_xml": "<PER>Delong</PER>,<TITRE>R. Ste. Croix de la Bretonnerie,</TITRE>PI. Vend.<PER>AR</PER>ne<ACT>nn ea et\n57H. Arm\u00e9. Demontreuil (Mme.)</ACT>,<TITRE>V. R. du Temple</TITRE>,\n", 
      "origin": "computer", 
      "parent": 260, 
      "persons": [
        "Delong", 
        "AR"
      ], 
      "text_ocr": "Delong, R. Ste. Croix de la Bretonnerie, PI. Vend. AR ne nn ea et\n57H. Arm\u00e9. Demontreuil (Mme.), V. R. du Temple,\n", 
      "type": "ENTRY"
    }, 
    {
      "EOL": false, 
      "box": [
        104, 
        329, 
        307, 
        38
      ], 
      "id": 275, 
      "indented": true, 
      "parent": 274, 
      "text": "", 
      "type": "LINE"
    }, 
    {
      "addresses": [], 
      "box": [
        104, 
        329, 
        307, 
        38
      ], 
      "checked": false, 
      "id": 274, 
      "ner_xml": "<TITRE>97-\u2014H.</TITRE>, Arme.\nDelongannay ,<TITRE>R. de Verneuil</TITRE>,<CARDINAL>430</CARDINAL>.\n", 
      "origin": "computer", 
      "parent": 260, 
      "persons": [], 
      "text_ocr": "97-\u2014H., Arme.\nDelongannay , R. de Verneuil, 430.\n", 
      "type": "ENTRY"
    }, 
    {
      "EOL": false, 
      "box": [
        103, 
        354, 
        739, 
        39
      ], 
      "id": 277, 
      "indented": true, 
      "parent": 276, 
      "text": "", 
      "type": "LINE"
    }, 
    {
      "addresses": [
        {
          "street_name": "Q. Bonaparte", 
          "street_numbers": []
        }
      ], 
      "box": [
        103, 
        354, 
        739, 
        39
      ], 
      "checked": false, 
      "id": 276, 
      "ner_xml": "<CARDINAL>RU</CARDINAL><CARDINAL>0</CARDINAL>ne OR NS s QU<CARDINAL>10</CARDINAL>. \u2014<PER>Indiv. \u2018\nDelovois (ve)</PER>,<TITRE>R. Vilie</TITRE><PER>l'Ev\u00eaque ;</PER><CARDINAL>1005</CARDINAL>.<PER>D\u00e9norase</PER>,<LOC>Q. Bonaparte</LOC>,<ACT>24.\u2014F. de G</ACT>,\n", 
      "origin": "computer", 
      "parent": 260, 
      "persons": [
        "Indiv. \u2018\nDelovois (ve)", 
        "l'Ev\u00eaque ;", 
        "D\u00e9norase"
      ], 
      "text_ocr": "RU 0 ne OR NS s QU 10. \u2014 Indiv. \u2018\nDelovois (ve), R. Vilie l'Ev\u00eaque ; 1005. D\u00e9norase , Q. Bonaparte , 24.\u2014F. de G,\n", 
      "type": "ENTRY"
    }, 
    {
      "EOL": false, 
      "box": [
        104, 
        387, 
        323, 
        19
      ], 
      "id": 279, 
      "indented": true, 
      "parent": 278, 
      "text": "", 
      "type": "LINE"
    }, 
    {
      "addresses": [
        {
          "street_name": "Delostance", 
          "street_numbers": []
        }
      ], 
      "box": [
        104, 
        387, 
        323, 
        19
      ], 
      "checked": false, 
      "id": 278, 
      "ner_xml": "<LOC>Delostance</LOC>,<TITRE>R. de S\u00e8vres</TITRE>,<TITRE>1110.\u20140</TITRE>,.\n", 
      "origin": "computer", 
      "parent": 260, 
      "persons": [], 
      "text_ocr": "Delostance , R. de S\u00e8vres, 1110.\u20140,.\n", 
      "type": "ENTRY"
    }, 
    {
      "EOL": false, 
      "box": [
        103, 
        396, 
        737, 
        37
      ], 
      "id": 281, 
      "indented": true, 
      "parent": 280, 
      "text": "", 
      "type": "LINE"
    }, 
    {
      "addresses": [], 
      "box": [
        103, 
        396, 
        737, 
        37
      ], 
      "checked": false, 
      "id": 280, 
      "ner_xml": "D PP ES Sn , (Ve.),<PER>R</PER>, Ville l'Ev\u00eaque, 129\u00ff.\nDelostange ; R. de la Perle, 470.\u2014Ind.  Demoret, (Ve),<ACT>que</ACT>,\nDelostange la Perle,<ACT>nd\n</ACT>", 
      "origin": "computer", 
      "parent": 260, 
      "persons": [
        "R"
      ], 
      "text_ocr": "D PP ES Sn , (Ve.), R, Ville l'Ev\u00eaque, 129\u00ff.\nDelostange ; R. de la Perle, 470.\u2014Ind.  Demoret, (Ve), que,\nDelostange la Perle, nd\n", 
      "type": "ENTRY"
    }, 
    {
      "EOL": false, 
      "box": [
        102, 
        426, 
        334, 
        22
      ], 
      "id": 283, 
      "indented": true, 
      "parent": 282, 
      "text": "", 
      "type": "LINE"
    }, 
    {
      "addresses": [
        {
          "street_name": "Q. Voltaire", 
          "street_numbers": [
            "17"
          ]
        }
      ], 
      "box": [
        102, 
        426, 
        334, 
        22
      ], 
      "checked": false, 
      "id": 282, 
      "ner_xml": "<PER>Delparc : le marquis)</PER>,<LOC>Q. Voltaire</LOC>,<CARDINAL>17</CARDINAL>.\n", 
      "origin": "computer", 
      "parent": 260, 
      "persons": [
        "Delparc : le marquis)"
      ], 
      "text_ocr": "Delparc : le marquis), Q. Voltaire, 17.\n", 
      "type": "ENTRY"
    }, 
    {
      "EOL": false, 
      "box": [
        101, 
        436, 
        740, 
        82
      ], 
      "id": 285, 
      "indented": true, 
      "parent": 284, 
      "text": "", 
      "type": "LINE"
    }, 
    {
      "addresses": [
        {
          "street_name": "LE.", 
          "street_numbers": [
            "4"
          ]
        }, 
        {
          "street_name": "Q. Vol- Demorer (We)", 
          "street_numbers": [
            "17"
          ]
        }, 
        {
          "street_name": "R.et Div. du Mont-\nDelporte-Cord\u00e9val", 
          "street_numbers": [
            "29e"
          ]
        }, 
        {
          "street_name": "Vivienne", 
          "street_numbers": [
            "29"
          ]
        }, 
        {
          "street_name": "Blanc", 
          "street_numbers": [
            "17"
          ]
        }
      ], 
      "box": [
        101, 
        436, 
        740, 
        82
      ], 
      "checked": false, 
      "id": 284, 
      "ner_xml": "<PER>ace dre SD</PER>, CD ln.<PER>LL)</PER>,<LOC>LE.</LOC><CARDINAL>4</CARDINAL>\nD'<PER>Elpargu\u00e8s (M le Duc d')</PER>,<LOC>Q. Vol- Demorer (We)</LOC>, RS: Honor\u00e9,<TITRE>1499:\n</TITRE><ACT>taire</ACT>,<CARDINAL>17</CARDINAL>. \u00e0 4\n\u201c<ACT>ord\u00e9 ei Demourgues p\u00e8re</ACT>,<LOC>R.et Div. du Mont-\nDelporte-Cord\u00e9val</LOC>,<TITRE>R. +</TITRE><CARDINAL>29e</CARDINAL>8 \u2019\nneporte-Lorderal &amp; R.<LOC>Vivienne</LOC>,<CARDINAL>29</CARDINAL>; PE<LOC>Blanc</LOC>,<CARDINAL>17</CARDINAL>. *\n", 
      "origin": "computer", 
      "parent": 260, 
      "persons": [
        "ace dre SD", 
        "LL)", 
        "Elpargu\u00e8s (M le Duc d')"
      ], 
      "text_ocr": "ace dre SD, CD ln. LL), LE. 4\nD'Elpargu\u00e8s (M le Duc d'), Q. Vol- Demorer (We), RS: Honor\u00e9, 1499:\ntaire, 17. \u00e0 4\n\u201cord\u00e9 ei Demourgues p\u00e8re, R.et Div. du Mont-\nDelporte-Cord\u00e9val, R. + 29e 8 \u2019\nneporte-Lorderal & R. Vivienne, 29; PE Blanc, 17. *\n", 
      "type": "ENTRY"
    }, 
    {
      "EOL": false, 
      "box": [
        101, 
        469, 
        325, 
        40
      ], 
      "id": 287, 
      "indented": true, 
      "parent": 286, 
      "text": "", 
      "type": "LINE"
    }, 
    {
      "addresses": [
        {
          "street_name": "taire", 
          "street_numbers": [
            "17", 
            "R."
          ]
        }, 
        {
          "street_name": "Vivienne", 
          "street_numbers": [
            "29"
          ]
        }
      ], 
      "box": [
        101, 
        469, 
        325, 
        40
      ], 
      "checked": false, 
      "id": 286, 
      "ner_xml": "<LOC>taire</LOC>,<CARDINAL>17</CARDINAL>\n<PER>Delporte-Cordeval</PER>,<CARDINAL>R.</CARDINAL><LOC>Vivienne</LOC>,<CARDINAL>29</CARDINAL>.\n", 
      "origin": "computer", 
      "parent": 260, 
      "persons": [
        "Delporte-Cordeval"
      ], 
      "text_ocr": "taire, 17\nDelporte-Cordeval, R. Vivienne, 29.\n", 
      "type": "ENTRY"
    }, 
    {
      "EOL": false, 
      "box": [
        101, 
        506, 
        349, 
        22
      ], 
      "id": 289, 
      "indented": true, 
      "parent": 288, 
      "text": "", 
      "type": "LINE"
    }, 
    {
      "addresses": [], 
      "box": [
        101, 
        506, 
        349, 
        22
      ], 
      "checked": false, 
      "id": 288, 
      "ner_xml": "<PER>Delri\u00e8re</PER>,<CARDINAL>R. ec</CARDINAL>Div. du Mont Blanc,<ACT>1Q\n</ACT>", 
      "origin": "computer", 
      "parent": 260, 
      "persons": [
        "Delri\u00e8re"
      ], 
      "text_ocr": "Delri\u00e8re, R. ec Div. du Mont Blanc, 1Q\n", 
      "type": "ENTRY"
    }, 
    {
      "EOL": false, 
      "box": [
        99, 
        519, 
        740, 
        41
      ], 
      "id": 291, 
      "indented": true, 
      "parent": 290, 
      "text": "", 
      "type": "LINE"
    }, 
    {
      "EOL": false, 
      "box": [
        120, 
        548, 
        70, 
        16
      ], 
      "id": 292, 
      "indented": false, 
      "parent": 290, 
      "text": "", 
      "type": "LINE"
    }, 
    {
      "addresses": [], 
      "box": [
        99, 
        519, 
        740, 
        45
      ], 
      "checked": false, 
      "id": 290, 
      "ner_xml": "<PER>Deltuf</PER>,<TITRE>R. du Temple</TITRE>,<CARDINAL>37</CARDINAL>, vis-\u00e0-vis<PER>c lle  Demourrawieff-Apostot (Mme. la comt )\n</PER>Chasse pie:<CARDINAL>37</CARDINAL>,<ACT>vis\u00e8viscelle PRO es Perics Champs</ACT>,<CARDINAL>14</CARDINAL>\u2014\n", 
      "origin": "computer", 
      "parent": 260, 
      "persons": [
        "Deltuf", 
        "c lle  Demourrawieff-Apostot (Mme. la comt )\n"
      ], 
      "text_ocr": "Deltuf, R. du Temple , 37, vis-\u00e0-vis c lle  Demourrawieff-Apostot (Mme. la comt )\nChasse pie: 37, vis\u00e8viscelle PRO es Perics Champs, 14 \u2014\n", 
      "type": "ENTRY"
    }, 
    {
      "EOL": false, 
      "box": [
        99, 
        562, 
        738, 
        40
      ], 
      "id": 294, 
      "indented": true, 
      "parent": 293, 
      "text": "", 
      "type": "LINE"
    }, 
    {
      "addresses": [
        {
          "street_name": "Butte", 
          "street_numbers": [
            "89"
          ]
        }
      ], 
      "box": [
        99, 
        562, 
        738, 
        40
      ], 
      "checked": false, 
      "id": 293, 
      "ner_xml": "<PER>Deltuf</PER>, R. dela Victoire,<ACT>18,\u2014 M.BI</ACT>,<LOC>Butte</LOC>ces 02e\n<PER>Delubersac RS Hono\u00e9</PER><CARDINAL>89</CARDINAL>pt y * Demouy,<TITRE>R. du Faub</TITRE>.S. Lazare ,\n", 
      "origin": "computer", 
      "parent": 260, 
      "persons": [
        "Deltuf", 
        "Delubersac RS Hono\u00e9"
      ], 
      "text_ocr": "Deltuf, R. dela Victoire, 18,\u2014 M.BI, Butte ces 02e\nDelubersac RS Hono\u00e9 89 pt y * Demouy, R. du Faub.S. Lazare ,\n", 
      "type": "ENTRY"
    }, 
    {
      "EOL": false, 
      "box": [
        98, 
        587, 
        347, 
        20
      ], 
      "id": 296, 
      "indented": true, 
      "parent": 295, 
      "text": "", 
      "type": "LINE"
    }, 
    {
      "addresses": [], 
      "box": [
        98, 
        587, 
        347, 
        20
      ], 
      "checked": false, 
      "id": 295, 
      "ner_xml": "<PER>Delubersac</PER>,<TITRE>R. S. Honor\u00e9</TITRE>,<CARDINAL>87</CARDINAL>, \u2014PI,<TITRE>V.\n</TITRE>", 
      "origin": "computer", 
      "parent": 260, 
      "persons": [
        "Delubersac"
      ], 
      "text_ocr": "Delubersac , R. S. Honor\u00e9 , 87, \u2014PI, V.\n", 
      "type": "ENTRY"
    }, 
    {
      "EOL": false, 
      "box": [
        97, 
        602, 
        741, 
        40
      ], 
      "id": 298, 
      "indented": true, 
      "parent": 297, 
      "text": "", 
      "type": "LINE"
    }, 
    {
      "addresses": [], 
      "box": [
        97, 
        602, 
        741, 
        40
      ], 
      "checked": false, 
      "id": 297, 
      "ner_xml": "<PER>Deluines-Dechevreuse fils</PER>,<TITRE>R. S. Domini- \u20189: \u2014</TITRE>POIs.\nan lente Rd Gre omiR  m\u00e9moy; R. S. Honor\u00e9,<TITRE>1409.\u2014B.'des M.\n</TITRE>", 
      "origin": "computer", 
      "parent": 260, 
      "persons": [
        "Deluines-Dechevreuse fils"
      ], 
      "text_ocr": "Deluines-Dechevreuse fils, R. S. Domini- \u20189: \u2014 POIs.\nan lente Rd Gre omiR  m\u00e9moy; R. S. Honor\u00e9, 1409.\u2014B.'des M.\n", 
      "type": "ENTRY"
    }, 
    {
      "EOL": false, 
      "box": [
        97, 
        628, 
        742, 
        58
      ], 
      "id": 300, 
      "indented": true, 
      "parent": 299, 
      "text": "", 
      "type": "LINE"
    }, 
    {
      "addresses": [
        {
          "street_name": "Champs", 
          "street_numbers": [
            "13"
          ]
        }
      ], 
      "box": [
        97, 
        628, 
        742, 
        58
      ], 
      "checked": false, 
      "id": 299, 
      "ner_xml": "que,<ACT>1092.\u2014F. de Gren. PU T</ACT>a ee Ve USERS ON Le\nDelunas ,<TITRE>R. des Je\u00f1neurs</TITRE>,<ACT>23.\u2014 Brut</ACT>.  Denarbonne (<PER>Mme.)</PER>,<TITRE>R. Nes Peties\nDelunel ( inventeur d'unc encre indes=</TITRE><LOC>Champs</LOC>,<CARDINAL>13</CARDINAL>. \u2014<PER>Lepel. Res\n</PER>", 
      "origin": "computer", 
      "parent": 260, 
      "persons": [
        "Mme.)", 
        "Lepel. Res\n"
      ], 
      "text_ocr": "que, 1092.\u2014F. de Gren. PU T a ee Ve USERS ON Le\nDelunas , R. des Je\u00f1neurs, 23.\u2014 Brut.  Denarbonne ( Mme.) , R. Nes Peties\nDelunel ( inventeur d'unc encre indes= Champs, 13. \u2014 Lepel. Res\n", 
      "type": "ENTRY"
    }, 
    {
      "EOL": false, 
      "box": [
        96, 
        667, 
        359, 
        19
      ], 
      "id": 302, 
      "indented": true, 
      "parent": 301, 
      "text": "", 
      "type": "LINE"
    }, 
    {
      "addresses": [], 
      "box": [
        96, 
        667, 
        359, 
        19
      ], 
      "checked": false, 
      "id": 301, 
      "ner_xml": "<PER>Delunel ( inventeur</PER><ACT>dunc encre indes=\n</ACT>", 
      "origin": "computer", 
      "parent": 260, 
      "persons": [
        "Delunel ( inventeur"
      ], 
      "text_ocr": "Delunel ( inventeur dunc encre indes=\n", 
      "type": "ENTRY"
    }, 
    {
      "EOL": false, 
      "box": [
        116, 
        679, 
        722, 
        48
      ], 
      "id": 304, 
      "indented": true, 
      "parent": 303, 
      "text": "", 
      "type": "LINE"
    }, 
    {
      "EOL": false, 
      "box": [
        95, 
        708, 
        460, 
        37
      ], 
      "id": 305, 
      "indented": false, 
      "parent": 303, 
      "text": "", 
      "type": "LINE"
    }, 
    {
      "addresses": [
        {
          "street_name": ". Mont- Denervaux", 
          "street_numbers": [
            "R."
          ]
        }, 
        {
          "street_name": "Joubert", 
          "street_numbers": [
            "477", 
            "485"
          ]
        }
      ], 
      "box": [
        95, 
        679, 
        743, 
        66
      ], 
      "checked": false, 
      "id": 303, 
      "ner_xml": "\u201d tuctible),<TITRE>R. et Div. du Faub</TITRE><LOC>. Mont- Denervaux</LOC>,<CARDINAL>R.</CARDINAL><LOC>Joubert</LOC>,<CARDINAL>477</CARDINAL>. \u2014 PI. V.\nartre, Es Deneuvry,<TITRE>R. du Gros Chenet</TITRE>,<CARDINAL>485</CARDINAL>. \u2014\nDeluz\u00e9 (Mme.}),<TITRE>R. des Vieilles Tuile- Brut.</TITRE>LL\n", 
      "origin": "computer", 
      "parent": 260, 
      "persons": [], 
      "text_ocr": "\u201d tuctible), R. et Div. du Faub. Mont- Denervaux, R. Joubert, 477. \u2014 PI. V.\nartre, Es Deneuvry, R. du Gros Chenet, 485. \u2014\nDeluz\u00e9 (Mme.}), R. des Vieilles Tuile- Brut. LL\n", 
      "type": "ENTRY"
    }, 
    {
      "EOL": false, 
      "box": [
        90, 
        747, 
        201, 
        17
      ], 
      "id": 307, 
      "indented": true, 
      "parent": 306, 
      "text": "", 
      "type": "LINE"
    }, 
    {
      "addresses": [], 
      "box": [
        90, 
        747, 
        201, 
        17
      ], 
      "checked": false, 
      "id": 306, 
      "ner_xml": "| nies,<CARDINAL>197</CARDINAL>, \u2014<PER>Uuest</PER>,\n", 
      "origin": "computer", 
      "parent": 260, 
      "persons": [
        "Uuest"
      ], 
      "text_ocr": "| nies, 197, \u2014 Uuest,\n", 
      "type": "ENTRY"
    }, 
    {
      "EOL": false, 
      "box": [
        94, 
        742, 
        742, 
        43
      ], 
      "id": 309, 
      "indented": true, 
      "parent": 308, 
      "text": "", 
      "type": "LINE"
    }, 
    {
      "addresses": [
        {
          "street_name": "Ouest", 
          "street_numbers": [
            "129", 
            "R.S."
          ]
        }, 
        {
          "street_name": "Chaise", 
          "street_numbers": [
            "518"
          ]
        }
      ], 
      "box": [
        94, 
        742, 
        742, 
        43
      ], 
      "checked": false, 
      "id": 308, 
      "ner_xml": "__<ACT>ries</ACT>,<CARDINAL>137</CARDINAL>. \u2014<LOC>Ouest</LOC>, . __<PER>Deni\u00e9</PER>,<TITRE>R. Ville l'</TITRE>Ev\u00eaque,<CARDINAL>129</CARDINAL>, \u2014Roule.\nDemaill\u00e9,<CARDINAL>R.S.</CARDINAL>Honor\u00e9,<ACT>87.\u2014 PI</ACT>. Vend.<PER>Denien</PER>,<TITRE>R. dela</TITRE><LOC>Chaise</LOC>,<CARDINAL>518</CARDINAL>. \u2014 Ouest.\n", 
      "origin": "computer", 
      "parent": 260, 
      "persons": [
        "Deni\u00e9", 
        "Denien"
      ], 
      "text_ocr": "__ ries, 137. \u2014 Ouest, . __ Deni\u00e9, R. Ville l'Ev\u00eaque, 129, \u2014Roule.\nDemaill\u00e9, R.S. Honor\u00e9, 87.\u2014 PI. Vend. Denien, R. dela Chaise, 518. \u2014 Ouest.\n", 
      "type": "ENTRY"
    }, 
    {
      "EOL": false, 
      "box": [
        94, 
        786, 
        743, 
        45
      ], 
      "id": 311, 
      "indented": true, 
      "parent": 310, 
      "text": "", 
      "type": "LINE"
    }, 
    {
      "addresses": [], 
      "box": [
        94, 
        786, 
        743, 
        45
      ], 
      "checked": false, 
      "id": 310, 
      "ner_xml": "<PER>Demailly Fac )</PER>,<TITRE>R. de l'Universit\u00e9</TITRE>,<PER>Denis (Ve.)</PER>, R. Projett\u00e9e,<ACT>811:\u2014Lep.</ACT>\n<CARDINAL>279</CARDINAL>. \u2014F.de Gren.<PER>Denisas (Mme. ).</PER><CARDINAL>R. Neuve</CARDINAL>des Petits\n", 
      "origin": "computer", 
      "parent": 260, 
      "persons": [
        "Demailly Fac )", 
        "Denis (Ve.)", 
        "Denisas (Mme. )."
      ], 
      "text_ocr": "Demailly Fac ), R. de l'Universit\u00e9, Denis (Ve.), R. Projett\u00e9e, 811:\u2014Lep.\n279. \u2014F.de Gren. Denisas (Mme. ). R. Neuve des Petits\n", 
      "type": "ENTRY"
    }, 
    {
      "EOL": false, 
      "box": [
        93, 
        807, 
        359, 
        39
      ], 
      "id": 313, 
      "indented": true, 
      "parent": 312, 
      "text": "", 
      "type": "LINE"
    }, 
    {
      "addresses": [], 
      "box": [
        93, 
        807, 
        359, 
        39
      ], 
      "checked": false, 
      "id": 312, 
      "ner_xml": "<CARDINAL>279</CARDINAL>. \u2014 F.de Gren.\nDema\u00fcunieux, R. du Faub, Montmartre,\n", 
      "origin": "computer", 
      "parent": 260, 
      "persons": [], 
      "text_ocr": "279. \u2014 F.de Gren.\nDema\u00fcunieux, R. du Faub, Montmartre,\n", 
      "type": "ENTRY"
    }, 
    {
      "EOL": false, 
      "box": [
        114, 
        847, 
        151, 
        17
      ], 
      "id": 315, 
      "indented": true, 
      "parent": 314, 
      "text": "", 
      "type": "LINE"
    }, 
    {
      "addresses": [], 
      "box": [
        114, 
        847, 
        151, 
        17
      ], 
      "checked": false, 
      "id": 314, 
      "ner_xml": "<CARDINAL>24</CARDINAL>. \u2014 Ni. Dlanc.\n", 
      "origin": "computer", 
      "parent": 260, 
      "persons": [], 
      "text_ocr": "24. \u2014 Ni. Dlanc.\n", 
      "type": "ENTRY"
    }, 
    {
      "EOL": false, 
      "box": [
        93, 
        829, 
        742, 
        56
      ], 
      "id": 317, 
      "indented": true, 
      "parent": 316, 
      "text": "", 
      "type": "LINE"
    }, 
    {
      "addresses": [
        {
          "street_name": "Champs", 
          "street_numbers": [
            "5", 
            "1307"
          ]
        }
      ], 
      "box": [
        93, 
        829, 
        742, 
        56
      ], 
      "checked": false, 
      "id": 316, 
      "ner_xml": "<PER>Vemaunieux</PER>,<ACT>El, du Faub. Montmartre</ACT>,<LOC>Champs</LOC>,<CARDINAL>5</CARDINAL>. \u2014 Butte des M.\n24.\u2014 M. Blanc.<PER>Denizon</PER>,<ACT>\u00c0. des Bons Enfans</ACT>,<CARDINAL>1307</CARDINAL>. \u2014\nDemaire (<PER>Mme.)</PER>,<TITRE>R. Chauchat.\u2014M. BL  Rurre des M\n</TITRE>", 
      "origin": "computer", 
      "parent": 260, 
      "persons": [
        "Vemaunieux", 
        "Denizon", 
        "Mme.)"
      ], 
      "text_ocr": "Vemaunieux, El, du Faub. Montmartre, Champs, 5. \u2014 Butte des M.\n24.\u2014 M. Blanc. Denizon , \u00c0. des Bons Enfans , 1307. \u2014\nDemaire (Mme.), R. Chauchat.\u2014M. BL  Rurre des M\n", 
      "type": "ENTRY"
    }, 
    {
      "EOL": false, 
      "box": [
        92, 
        871, 
        741, 
        58
      ], 
      "id": 319, 
      "indented": true, 
      "parent": 318, 
      "text": "", 
      "type": "LINE"
    }, 
    {
      "EOL": false, 
      "box": [
        86, 
        907, 
        115, 
        16
      ], 
      "id": 320, 
      "indented": false, 
      "parent": 318, 
      "text": "", 
      "type": "LINE"
    }, 
    {
      "addresses": [
        {
          "street_name": "DL", 
          "street_numbers": []
        }, 
        {
          "street_name": "Butte des M", 
          "street_numbers": []
        }, 
        {
          "street_name": "Turenne", 
          "street_numbers": [
            "418", 
            "R."
          ]
        }, 
        {
          "street_name": "M\u00e9l\u00e9e", 
          "street_numbers": [
            "13"
          ]
        }, 
        {
          "street_name": "P\u00e8res", 
          "street_numbers": [
            "66"
          ]
        }
      ], 
      "box": [
        86, 
        871, 
        747, 
        58
      ], 
      "checked": false, 
      "id": 318, 
      "ner_xml": "<PER>L'SMALE (NLERG.)</PER>,<CARDINAL>14</CARDINAL>.<PER>VAAUCRAE.\u2014 M</PER>,<LOC>DL</LOC>,<LOC>Butte des M</LOC>,\n<PER>Dema\u00eetre (Mme. )</PER>,<TITRE>R. de</TITRE><LOC>Turenne</LOC>,<CARDINAL>418</CARDINAL>.<PER>Denizot</PER>,<CARDINAL>R.</CARDINAL><LOC>M\u00e9l\u00e9e</LOC>,<CARDINAL>13</CARDINAL>. \u2014<PER>Grav..\n</PER>Co ndivis.<PER>Denoirreterre</PER>,<TITRE>R. des SS</TITRE>.<LOC>P\u00e8res</LOC>,<CARDINAL>66</CARDINAL>.\n", 
      "origin": "computer", 
      "parent": 260, 
      "persons": [
        "L'SMALE (NLERG.)", 
        "VAAUCRAE.\u2014 M", 
        "Dema\u00eetre (Mme. )", 
        "Denizot", 
        "Grav..\n", 
        "Denoirreterre"
      ], 
      "text_ocr": "L'SMALE (NLERG.), 14. VAAUCRAE.\u2014 M, DL, Butte des M,\nDema\u00eetre (Mme. ), R. de Turenne, 418. Denizot, R. M\u00e9l\u00e9e, 13. \u2014 Grav..\nCo ndivis. Denoirreterre, R. des SS. P\u00e8res , 66.\n", 
      "type": "ENTRY"
    }, 
    {
      "EOL": false, 
      "box": [
        92, 
        925, 
        319, 
        20
      ], 
      "id": 322, 
      "indented": true, 
      "parent": 321, 
      "text": "", 
      "type": "LINE"
    }, 
    {
      "addresses": [], 
      "box": [
        92, 
        925, 
        319, 
        20
      ], 
      "checked": false, 
      "id": 321, 
      "ner_xml": "<PER>Demay ( Ve. )</PER>,<CARDINAL>Q. de l'Unit\u00e9</CARDINAL>,<CARDINAL>1863</CARDINAL>.\n", 
      "origin": "computer", 
      "parent": 260, 
      "persons": [
        "Demay ( Ve. )"
      ], 
      "text_ocr": "Demay ( Ve. ), Q. de l'Unit\u00e9, 1863.\n", 
      "type": "ENTRY"
    }, 
    {
      "EOL": false, 
      "box": [
        92, 
        933, 
        743, 
        31
      ], 
      "id": 324, 
      "indented": true, 
      "parent": 323, 
      "text": "", 
      "type": "LINE"
    }, 
    {
      "EOL": false, 
      "box": [
        112, 
        966, 
        60, 
        13
      ], 
      "id": 325, 
      "indented": false, 
      "parent": 323, 
      "text": "", 
      "type": "LINE"
    }, 
    {
      "addresses": [], 
      "box": [
        92, 
        933, 
        743, 
        46
      ], 
      "checked": false, 
      "id": 323, 
      "ner_xml": "<PER>Demayel (Mme.)</PER>,<CARDINAL>R. Pav\u00e9e</CARDINAL>,<CARDINAL>12</CARDINAL>. \u2014 Dr,<PER>Denon (directeur g\u00e9n\u00e9ral du Mus\u00e9um )\nde l\u2019H. __ au Louvre</PER>.<PER>R\u00c9 Da\n</PER>", 
      "origin": "computer", 
      "parent": 260, 
      "persons": [
        "Demayel (Mme.)", 
        "Denon (directeur g\u00e9n\u00e9ral du Mus\u00e9um )\nde l\u2019H. __ au Louvre", 
        "R\u00c9 Da\n"
      ], 
      "text_ocr": "Demayel (Mme.), R. Pav\u00e9e, 12. \u2014 Dr, Denon (directeur g\u00e9n\u00e9ral du Mus\u00e9um )\nde l\u2019H. __ au Louvre. R\u00c9 Da\n", 
      "type": "ENTRY"
    }, 
    {
      "EOL": false, 
      "box": [
        92, 
        958, 
        739, 
        77
      ], 
      "id": 327, 
      "indented": true, 
      "parent": 326, 
      "text": "", 
      "type": "LINE"
    }, 
    {
      "EOL": false, 
      "box": [
        112, 
        1005, 
        107, 
        14
      ], 
      "id": 328, 
      "indented": false, 
      "parent": 326, 
      "text": "", 
      "type": "LINE"
    }, 
    {
      "addresses": [
        {
          "street_name": "Lepelletier", 
          "street_numbers": [
            "259", 
            "1116"
          ]
        }
      ], 
      "box": [
        92, 
        958, 
        739, 
        77
      ], 
      "checked": false, 
      "id": 326, 
      "ner_xml": "<CARDINAL>LMP 0</CARDINAL>7 ion ere Ne he ANTLONVTSS 668.\u2014 Ouei\nDemarandel,<TITRE>R. Michel</TITRE><LOC>Lepelletier</LOC>,<CARDINAL>259</CARDINAL>.<PER>Done Fe Msn ar Unie\n</PER>\u2014_\u2014 R\u00e9union.<PER>Debere\u201d \u00c0. et Div. de Grenelle</PER>,<CARDINAL>1116</CARDINAL>.\n", 
      "origin": "computer", 
      "parent": 260, 
      "persons": [
        "Done Fe Msn ar Unie\n", 
        "Debere\u201d \u00c0. et Div. de Grenelle"
      ], 
      "text_ocr": "LMP 0 7 ion ere Ne he ANTLONVTSS 668.\u2014 Ouei\nDemarandel, R. Michel Lepelletier, 259. Done Fe Msn ar Unie\n\u2014_\u2014 R\u00e9union. Debere\u201d \u00c0. et Div. de Grenelle, 1116.\n", 
      "type": "ENTRY"
    }, 
    {
      "EOL": false, 
      "box": [
        92, 
        1024, 
        249, 
        20
      ], 
      "id": 330, 
      "indented": true, 
      "parent": 329, 
      "text": "", 
      "type": "LINE"
    }, 
    {
      "addresses": [
        {
          "street_name": "Lepelletier", 
          "street_numbers": [
            "17"
          ]
        }
      ], 
      "box": [
        92, 
        1024, 
        249, 
        20
      ], 
      "checked": false, 
      "id": 329, 
      "ner_xml": "<TITRE>Demars</TITRE>,<CARDINAL>R.</CARDINAL><LOC>Lepelletier</LOC>,<CARDINAL>17</CARDINAL>\n", 
      "origin": "computer", 
      "parent": 260, 
      "persons": [], 
      "text_ocr": "Demars , R. Lepelletier, 17\n", 
      "type": "ENTRY"
    }, 
    {
      "EOL": false, 
      "box": [
        90, 
        1024, 
        742, 
        67
      ], 
      "id": 332, 
      "indented": true, 
      "parent": 331, 
      "text": "", 
      "type": "LINE"
    }, 
    {
      "addresses": [
        {
          "street_name": "ler", 
          "street_numbers": [
            "12 NM", 
            "2", 
            "1"
          ]
        }, 
        {
          "street_name": "\u00b0C", 
          "street_numbers": []
        }, 
        {
          "street_name": "Pigalle", 
          "street_numbers": [
            "39", 
            "R. Neuve", 
            "R."
          ]
        }, 
        {
          "street_name": "Caumartin", 
          "street_numbers": [
            "756"
          ]
        }
      ], 
      "box": [
        90, 
        1024, 
        742, 
        67
      ], 
      "checked": false, 
      "id": 331, 
      "ner_xml": ".<LOC>ler</LOC>,<CARDINAL>12 NM</CARDINAL><CARDINAL>2</CARDINAL>D,<TITRE>De...</TITRE><CARDINAL>1</CARDINAL>.<LOC>\u00b0C</LOC>. D\nDemarharel, Re<LOC>Pigalle</LOC>.<CARDINAL>39</CARDINAL>. \u2014 M. Hl. Depeyc, Apens cie\n\n; j 56 epiedfort,<CARDINAL>R. Neuve</CARDINAL>du OUrE..\nDemelfort ,<CARDINAL>R.</CARDINAL><LOC>Caumartin</LOC>,<CARDINAL>756</CARDINAL>.<PER>Fe Pl Vend.\n</PER>", 
      "origin": "computer", 
      "parent": 260, 
      "persons": [
        "Fe Pl Vend.\n"
      ], 
      "text_ocr": ". ler, 12 NM 2 D, De... 1. \u00b0C. D\nDemarharel, Re Pigalle. 39. \u2014 M. Hl. Depeyc, Apens cie\n\n; j 56 epiedfort, R. Neuve du OUrE..\nDemelfort , R. Caumartin, 756. Fe Pl Vend.\n", 
      "type": "ENTRY"
    }, 
    {
      "EOL": false, 
      "box": [
        90, 
        1064, 
        295, 
        19
      ], 
      "id": 334, 
      "indented": true, 
      "parent": 333, 
      "text": "", 
      "type": "LINE"
    }, 
    {
      "addresses": [
        {
          "street_name": "Caumartin", 
          "street_numbers": [
            "796"
          ]
        }
      ], 
      "box": [
        90, 
        1064, 
        295, 
        19
      ], 
      "checked": false, 
      "id": 333, 
      "ner_xml": "<PER>Demcllort</PER>, K.<LOC>Caumartin</LOC>,<CARDINAL>796</CARDINAL>.\n", 
      "origin": "computer", 
      "parent": 260, 
      "persons": [
        "Demcllort"
      ], 
      "text_ocr": "Demcllort , K. Caumartin , 796.\n", 
      "type": "ENTRY"
    }, 
    {
      "EOL": false, 
      "box": [
        90, 
        1084, 
        741, 
        31
      ], 
      "id": 336, 
      "indented": true, 
      "parent": 335, 
      "text": "", 
      "type": "LINE"
    }, 
    {
      "EOL": false, 
      "box": [
        110, 
        1105, 
        87, 
        14
      ], 
      "id": 337, 
      "indented": false, 
      "parent": 335, 
      "text": "", 
      "type": "LINE"
    }, 
    {
      "addresses": [
        {
          "street_name": "M.", 
          "street_numbers": [
            "8", 
            "674"
          ]
        }, 
        {
          "street_name": "Grammont", 
          "street_numbers": [
            "550"
          ]
        }
      ], 
      "box": [
        90, 
        1084, 
        741, 
        35
      ], 
      "checked": false, 
      "id": 335, 
      "ner_xml": "<PER>Dememeaux</PER>,<LOC>M.</LOC><CARDINAL>8</CARDINAL>.<PER>F'orentin</PER>,<CARDINAL>674</CARDINAL>\u2014  pepille , R. de<LOC>Grammont</LOC>,<CARDINAL>550</CARDINAL>. \u2014<PER>Lep</PER>.\n", 
      "origin": "computer", 
      "parent": 260, 
      "persons": [
        "Dememeaux", 
        "F'orentin", 
        "Lep"
      ], 
      "text_ocr": "Dememeaux, M. 8. F'orentin, 674 \u2014  pepille , R. de Grammont , 550. \u2014 Lep.\n", 
      "type": "ENTRY"
    }, 
    {
      "EOL": false, 
      "box": [
        89, 
        1116, 
        740, 
        48
      ], 
      "id": 339, 
      "indented": true, 
      "parent": 338, 
      "text": "", 
      "type": "LINE"
    }, 
    {
      "addresses": [], 
      "box": [
        89, 
        1116, 
        740, 
        48
      ], 
      "checked": false, 
      "id": 338, 
      "ner_xml": "<PER>Demesme, R. de Bourgogne</PER>,<CARDINAL>1552.\u2014Inv</CARDINAL>.<PER>Depillon</PER>,<TITRE>R. Beaubourg.</TITRE><CARDINAL>306</CARDINAL>. \u2014<PER>H\u00e9un.\n</PER>Demestrens,<TITRE>R. de TU</TITRE>Byersit\u00e9<CARDINAL>020</CARDINAL>. \u2014<PER>Depiaay (Mme. )</PER>,<TITRE>R. de la Concorde</TITRE>,\n", 
      "origin": "computer", 
      "parent": 260, 
      "persons": [
        "Demesme, R. de Bourgogne", 
        "Depillon", 
        "H\u00e9un.\n", 
        "Depiaay (Mme. )"
      ], 
      "text_ocr": "Demesme, R. de Bourgogne, 1552.\u2014Inv. Depillon, R. Beaubourg. 306. \u2014 H\u00e9un.\nDemestrens, R. de TU Byersit\u00e9 020. \u2014 Depiaay (Mme. ), R. de la Concorde,\n", 
      "type": "ENTRY"
    }, 
    {
      "EOL": false, 
      "box": [
        89, 
        1144, 
        358, 
        21
      ], 
      "id": 341, 
      "indented": true, 
      "parent": 340, 
      "text": "", 
      "type": "LINE"
    }, 
    {
      "addresses": [
        {
          "street_name": "KR. de 1 Universit\u00e9", 
          "street_numbers": [
            "429"
          ]
        }
      ], 
      "box": [
        89, 
        1144, 
        358, 
        21
      ], 
      "checked": false, 
      "id": 340, 
      "ner_xml": "<TITRE>Demestrens</TITRE>,<LOC>KR. de 1 Universit\u00e9</LOC>,<CARDINAL>429</CARDINAL>. \u2014\n", 
      "origin": "computer", 
      "parent": 260, 
      "persons": [], 
      "text_ocr": "Demestrens , KR. de 1 Universit\u00e9, 429. \u2014\n", 
      "type": "ENTRY"
    }, 
    {
      "EOL": false, 
      "box": [
        88, 
        1164, 
        337, 
        20
      ], 
      "id": 343, 
      "indented": true, 
      "parent": 342, 
      "text": "", 
      "type": "LINE"
    }, 
    {
      "addresses": [
        {
          "street_name": "Sentier", 
          "street_numbers": [
            "24"
          ]
        }
      ], 
      "box": [
        88, 
        1164, 
        337, 
        20
      ], 
      "checked": false, 
      "id": 342, 
      "ner_xml": "Demillier , KR. du<LOC>Sentier</LOC>,<CARDINAL>24</CARDINAL>. \u2014 Brut.\n", 
      "origin": "computer", 
      "parent": 260, 
      "persons": [], 
      "text_ocr": "Demillier , KR. du Sentier , 24. \u2014 Brut.\n", 
      "type": "ENTRY"
    }, 
    {
      "EOL": false, 
      "box": [
        88, 
        1160, 
        741, 
        80
      ], 
      "id": 345, 
      "indented": true, 
      "parent": 344, 
      "text": "", 
      "type": "LINE"
    }, 
    {
      "addresses": [
        {
          "street_name": "R du Fb", 
          "street_numbers": [
            "62"
          ]
        }, 
        {
          "street_name": "Depons", 
          "street_numbers": []
        }, 
        {
          "street_name": "Porte S. Denis", 
          "street_numbers": [
            "16", 
            "809"
          ]
        }
      ], 
      "box": [
        88, 
        1160, 
        741, 
        80
      ], 
      "checked": false, 
      "id": 344, 
      "ner_xml": "<PER>Dmillier</PER>,<TITRE>R. du Sentier</TITRE>,<CARDINAL>24</CARDINAL>. \u2014 Brut.<CARDINAL>25</CARDINAL>. \u2014<TITRE>Ch: De :\n\n</TITRE>Demirebeau ,<TITRE>R. de Turenne</TITRE>, 366,-<PER>Ind,  Depoix</PER>,<LOC>R du Fb</LOC>.S. Honor\u00e9,83 \u2014Ch. EI.\n\nDemontagu , R. du Fb. S. Honor\u00e9,<CARDINAL>62</CARDINAL>, \u2014<LOC>Depons</LOC>,<TITRE>R. Basse</TITRE>,<LOC>Porte S. Denis</LOC>,<CARDINAL>16</CARDINAL>.\nRoule. Depent,<PER>R, Proijett\u00e9e</PER>,<CARDINAL>809</CARDINAL>. \u2014<PER>Lepel</PER>.\n", 
      "origin": "computer", 
      "parent": 260, 
      "persons": [
        "Dmillier", 
        "Ind,  Depoix", 
        "R, Proijett\u00e9e", 
        "Lepel"
      ], 
      "text_ocr": "Dmillier , R. du Sentier, 24. \u2014 Brut. 25. \u2014 Ch: De :\n\nDemirebeau , R. de Turenne, 366,- Ind,  Depoix, R du Fb.S. Honor\u00e9,83 \u2014Ch. EI.\n\nDemontagu , R. du Fb. S. Honor\u00e9, 62, \u2014 Depons, R. Basse, Porte S. Denis, 16.\nRoule. Depent, R, Proijett\u00e9e, 809. \u2014 Lepel.\n", 
      "type": "ENTRY"
    }, 
    {
      "EOL": false, 
      "box": [
        88, 
        1203, 
        354, 
        21
      ], 
      "id": 347, 
      "indented": true, 
      "parent": 346, 
      "text": "", 
      "type": "LINE"
    }, 
    {
      "addresses": [], 
      "box": [
        88, 
        1203, 
        354, 
        21
      ], 
      "checked": false, 
      "id": 346, 
      "ner_xml": "<PER>Demontagu , &amp;. du Fb. S. Honor\u00e9</PER>,<CARDINAL>62</CARDINAL>, \u2014\n", 
      "origin": "computer", 
      "parent": 260, 
      "persons": [
        "Demontagu , &. du Fb. S. Honor\u00e9"
      ], 
      "text_ocr": "Demontagu , &. du Fb. S. Honor\u00e9, 62, \u2014\n", 
      "type": "ENTRY"
    }, 
    {
      "EOL": false, 
      "box": [
        109, 
        1224, 
        58, 
        15
      ], 
      "id": 349, 
      "indented": true, 
      "parent": 348, 
      "text": "", 
      "type": "LINE"
    }, 
    {
      "addresses": [], 
      "box": [
        109, 
        1224, 
        58, 
        15
      ], 
      "checked": false, 
      "id": 348, 
      "ner_xml": "houle.\n", 
      "origin": "computer", 
      "parent": 260, 
      "persons": [], 
      "text_ocr": "houle.\n", 
      "type": "ENTRY"
    }, 
    {
      "EOL": false, 
      "box": [
        87, 
        1234, 
        717, 
        30
      ], 
      "id": 351, 
      "indented": true, 
      "parent": 350, 
      "text": "", 
      "type": "LINE"
    }, 
    {
      "addresses": [
        {
          "street_name": "Arm. Depont", 
          "street_numbers": [
            "11"
          ]
        }
      ], 
      "box": [
        87, 
        1234, 
        717, 
        30
      ], 
      "checked": false, 
      "id": 350, 
      "ner_xml": "<PER>Demontaran</PER>,<CARDINAL>R.</CARDINAL>Portefoin ,<ACT>6.\u2014H</ACT>,<LOC>Arm. Depont</LOC>,<TITRE>R. des Filles S. Thomas</TITRE>,<CARDINAL>11</CARDINAL>.\n", 
      "origin": "computer", 
      "parent": 260, 
      "persons": [
        "Demontaran"
      ], 
      "text_ocr": "Demontaran, R. Portefoin ,6.\u2014H,Arm. Depont, R. des Filles S. Thomas, 11.\n", 
      "type": "ENTRY"
    }, 
    {
      "EOL": false, 
      "box": [
        87, 
        1260, 
        739, 
        45
      ], 
      "id": 353, 
      "indented": true, 
      "parent": 352, 
      "text": "", 
      "type": "LINE"
    }, 
    {
      "EOL": false, 
      "box": [
        108, 
        1284, 
        56, 
        15
      ], 
      "id": 354, 
      "indented": false, 
      "parent": 352, 
      "text": "", 
      "type": "LINE"
    }, 
    {
      "addresses": [], 
      "box": [
        87, 
        1260, 
        739, 
        45
      ], 
      "checked": false, 
      "id": 352, 
      "ner_xml": "<PER>Demontbron</PER>,<TITRE>R. des Saussayes</TITRE>,<CARDINAL>1234.\u2014  </CARDINAL>Depont-Renepont.<TITRE>R. et D. de Bondy.</TITRE><CARDINAL>16</CARDINAL>.\n_ Roule. \" ME TP<PER>Deraurore (Mme.)</PER>,<PER>R- de l'Unive\u00efsit\u00e9</PER>,\n", 
      "origin": "computer", 
      "parent": 260, 
      "persons": [
        "Demontbron", 
        "Deraurore (Mme.)", 
        "R- de l'Unive\u00efsit\u00e9"
      ], 
      "text_ocr": "Demontbron , R. des Saussayes, 1234.\u2014  Depont-Renepont. R. et D. de Bondy. 16.\n_ Roule. \" ME TP Deraurore (Mme.), R- de l'Unive\u00efsit\u00e9,\n", 
      "type": "ENTRY"
    }, 
    {
      "EOL": false, 
      "box": [
        87, 
        1304, 
        718, 
        43
      ], 
      "id": 356, 
      "indented": true, 
      "parent": 355, 
      "text": "", 
      "type": "LINE"
    }, 
    {
      "EOL": false, 
      "box": [
        106, 
        1325, 
        127, 
        19
      ], 
      "id": 357, 
      "indented": false, 
      "parent": 355, 
      "text": "", 
      "type": "LINE"
    }, 
    {
      "addresses": [
        {
          "street_name": "R", 
          "street_numbers": [
            "5"
          ]
        }, 
        {
          "street_name": "Dominique", 
          "street_numbers": [
            "170", 
            "574", 
            "822"
          ]
        }
      ], 
      "box": [
        87, 
        1304, 
        718, 
        43
      ], 
      "checked": false, 
      "id": 355, 
      "ner_xml": "<TITRE>Demontcalme</TITRE>,<LOC>R</LOC>,<CARDINAL>5</CARDINAL>,<LOC>Dominique</LOC>,<CARDINAL>170</CARDINAL>,<CARDINAL>574</CARDINAL>. \u2014F. de Gren-\n\u00e6\u2014F, de Gren, \\ Depruley ,<PER>R, de la Michaudi\u00e8re</PER>,<CARDINAL>822</CARDINAL>:\n", 
      "origin": "computer", 
      "parent": 260, 
      "persons": [
        "R, de la Michaudi\u00e8re"
      ], 
      "text_ocr": "Demontcalme, R, 5, Dominique, 170, 574. \u2014F. de Gren-\n\u00e6\u2014F, de Gren, \\ Depruley , R, de la Michaudi\u00e8re, 822:\n", 
      "type": "ENTRY"
    }, 
    {
      "box": [
        86, 
        138, 
        761, 
        1209
      ], 
      "id": 260, 
      "parent": 259, 
      "type": "COLUMN_LEVEL_2"
    }, 
    {
      "box": [
        86, 
        138, 
        761, 
        1209
      ], 
      "id": 259, 
      "parent": 258, 
      "type": "SECTION_LEVEL_2"
    }, 
    {
      "box": [
        86, 
        138, 
        761, 
        1209
      ], 
      "id": 258, 
      "parent": 257, 
      "type": "COLUMN_LEVEL_1"
    }, 
    {
      "box": [
        86, 
        138, 
        768, 
        1209
      ], 
      "id": 257, 
      "parent": 256, 
      "type": "SECTION_LEVEL_1"
    }, 
    {
      "box": [
        86, 
        66, 
        768, 
        1281
      ], 
      "id": 256, 
      "type": "PAGE"
    }
  ], 
  "mode": "cached"
}
