[
  {
    "box": [
      111,
      32,
      776,
      28
    ],
    "checked": false,
    "id": 257,
    "origin": "computer",
    "parent": 256,
    "text": "ot : Epscers { Panis se: ri:\n",
    "type": "TITLE_LEVEL_1"
  },
  {
    "box": [
      111,
      73,
      776,
      20
    ],
    "checked": false,
    "id": 258,
    "origin": "computer",
    "parent": 256,
    "text": "st nage À Ci enr USE CET ÉRRSLS CT\n",
    "type": "TITLE_LEVEL_1"
  },
  {
    "EOL": false,
    "box": [
      111,
      116,
      610,
      50
    ],
    "id": 264,
    "indented": false,
    "parent": 263,
    "text": "",
    "type": "LINE"
  },
  {
    "addresses": [],
    "box": [
      111,
      116,
      610,
      50
    ],
    "checked": false,
    "id": 263,
    "ner_xml": "<PER>nt RTE A UE RÉ €</PER>TT\nCRU PPRICIERS<CARDINAL>6</CARDINAL>\n",
    "origin": "computer",
    "parent": 262,
    "persons": [
      "nt RTE A UE RÉ €"
    ],
    "text_ocr": "nt RTE A UE RÉ € TT\nCRU PPRICIERS 6\n",
    "type": "ENTRY"
  },
  {
    "EOL": false,
    "box": [
      116,
      154,
      390,
      72
    ],
    "id": 266,
    "indented": true,
    "parent": 265,
    "text": "",
    "type": "LINE"
  },
  {
    "addresses": [
      {
        "street_name": "Rd Toniplé",
        "street_numbers": [
          "54",
          "1"
        ]
      }
    ],
    "box": [
      116,
      154,
      390,
      72
    ],
    "checked": false,
    "id": 265,
    "ner_xml": "ce fiesta sr TS\n‘Acmsn,<LOC>Rd Toniplé</LOC>;<CARDINAL>54</CARDINAL>1\nagen Rd Tempé SE<CARDINAL>1</CARDINAL>.\n",
    "origin": "computer",
    "parent": 262,
    "persons": [],
    "text_ocr": "ce fiesta sr TS\n‘Acmsn, Rd Toniplé; 54 1\nagen Rd Tempé SE 1.\n",
    "type": "ENTRY"
  },
  {
    "EOL": false,
    "box": [
      111,
      225,
      301,
      22
    ],
    "id": 268,
    "indented": true,
    "parent": 267,
    "text": "",
    "type": "LINE"
  },
  {
    "addresses": [
      {
        "street_name": "S.Jacques. 10h;\n",
        "street_numbers": []
      }
    ],
    "box": [
      111,
      225,
      301,
      22
    ],
    "checked": false,
    "id": 267,
    "ner_xml": "“<PER>Alleadine</PER>, K,<LOC>S.Jacques. 10h;\n</LOC>",
    "origin": "computer",
    "parent": 262,
    "persons": [
      "Alleadine"
    ],
    "text_ocr": "“Alleadine, K, S.Jacques. 10h;\n",
    "type": "ENTRY"
  },
  {
    "EOL": false,
    "box": [
      111,
      116,
      760,
      227
    ],
    "id": 270,
    "indented": true,
    "parent": 269,
    "text": "",
    "type": "LINE"
  },
  {
    "EOL": false,
    "box": [
      117,
      286,
      317,
      24
    ],
    "id": 271,
    "indented": false,
    "parent": 269,
    "text": "",
    "type": "LINE"
  },
  {
    "addresses": [
      {
        "street_name": "4",
        "street_numbers": [
          "7"
        ]
      },
      {
        "street_name": "EPIC ER S",
        "street_numbers": [
          "2",
          "9",
          "A."
        ]
      },
      {
        "street_name": "Menfferd",
        "street_numbers": [
          "1",
          "7",
          "214"
        ]
      },
      {
        "street_name": "S.Jacques",
        "street_numbers": [
          "16",
          "38"
        ]
      },
      {
        "street_name": "K",
        "street_numbers": [
          "8"
        ]
      },
      {
        "street_name": "Fsub. Montmartre",
        "street_numbers": [
          "9"
        ]
      },
      {
        "street_name": "Enfans",
        "street_numbers": [
          "16"
        ]
      }
    ],
    "box": [
      111,
      116,
      760,
      227
    ],
    "checked": false,
    "id": 269,
    "ner_xml": "oué NTRES<LOC>4</LOC><CARDINAL>7</CARDINAL>ne<LOC>EPIC ER S</LOC><CARDINAL>2</CARDINAL>_ Te at\net atens Ut<CARDINAL>9</CARDINAL>UP TU TE\n\n“<PER>Agmanr</PER>,<ACT>À. dù Tomplé</ACT>,<ACT>8%. *</ACT><PER>Beard</PER>,<CARDINAL>A.</CARDINAL><LOC>Menfferd</LOC>,<CARDINAL>1</CARDINAL>,<CARDINAL>7</CARDINAL>.\nAdiurie,<ACT>H, des Marmouaels,-Bs  : ‘ Bessin (Plle.) À, des Bourdonnais</ACT>,<CARDINAL>214</CARDINAL>\n‘Allende ,<PER>R</PER>,<LOC>S.Jacques</LOC>,<CARDINAL>16</CARDINAL>. «<PER>Besson</PER>,  <PER>Chabaunsis né</PER>,\nAufray. el Gauthier,<TITRE>H. dela Vieille Besson; de Vaugirata</TITRE><PER>Fr, ro\n“’Moonoie</PER>,<CARDINAL>38</CARDINAL>,<PER>ti Beuseville</PER>;<TITRE>R. B. Honond » se</TITRE>\n\nAnfrie,<LOC>K</LOC>,<CARDINAL>8</CARDINAL>.<PER>Martin,66</PER><TITRE>: :</TITRE>.” Besançon<PER>Êle</PER>,<ACT>AR 'emple</ACT>,\n\nind, RL dan: s Bignon,<LOC>Fsub. Montmartre</LOC>,<CARDINAL>9</CARDINAL>...\nAntoine,<ACT>IL. desBons</ACT><LOC>Enfans</LOC>,<CARDINAL>16</CARDINAL>... DROLE<PER>Mrcean Be DE\n</PER>",
    "origin": "computer",
    "parent": 262,
    "persons": [
      "Agmanr",
      "Beard",
      "R",
      "Besson",
      "Chabaunsis né",
      "Fr, ro\n“’Moonoie",
      "ti Beuseville",
      "Martin,66",
      "Êle",
      "Mrcean Be DE\n"
    ],
    "text_ocr": "oué NTRES 4 7 ne EPIC ER S 2 _ Te at\net atens Ut 9 UP TU TE\n\n“Agmanr, À. dù Tomplé, 8%. * Beard, A. Menfferd, 1, 7.\nAdiurie, H, des Marmouaels,-Bs  : ‘ Bessin (Plle.) À, des Bourdonnais, 214\n‘Allende ,R, S.Jacques, 16. « Besson,  Chabaunsis né,\nAufray. el Gauthier, H. dela Vieille Besson; de Vaugirata Fr, ro\n“’Moonoie, 38, ti Beuseville ; R. B. Honond » se\n\nAnfrie, K, 8. Martin,66: : .” Besançon Êle, AR 'emple,\n\nind, RL dan: s Bignon, Fsub. Montmartre, 9...\nAntoine, IL. desBons Enfans, 16... DROLE Mrcean Be DE\n",
    "type": "ENTRY"
  },
  {
    "EOL": false,
    "box": [
      116,
      302,
      330,
      29
    ],
    "id": 273,
    "indented": true,
    "parent": 272,
    "text": "",
    "type": "LINE"
  },
  {
    "addresses": [
      {
        "street_name": "Bons_Fnfans",
        "street_numbers": [
          "16"
        ]
      }
    ],
    "box": [
      116,
      302,
      330,
      29
    ],
    "checked": false,
    "id": 272,
    "ner_xml": "<PER>Antoine, it</PER>, dea:<LOC>Bons_Fnfans</LOC>,<CARDINAL>16</CARDINAL>.\n",
    "origin": "computer",
    "parent": 262,
    "persons": [
      "Antoine, it"
    ],
    "text_ocr": "Antoine, it, dea:Bons_Fnfans, 16.\n",
    "type": "ENTRY"
  },
  {
    "EOL": false,
    "box": [
      118,
      331,
      337,
      23
    ],
    "id": 275,
    "indented": true,
    "parent": 274,
    "text": "",
    "type": "LINE"
  },
  {
    "addresses": [
      {
        "street_name": "Martin",
        "street_numbers": [
          "1"
        ]
      }
    ],
    "box": [
      118,
      331,
      337,
      23
    ],
    "checked": false,
    "id": 274,
    "ner_xml": "<PER>Argent</PER>,<CARDINAL>Qu Fh.5S</CARDINAL>,<LOC>Martin</LOC>,<CARDINAL>1</CARDINAL>t..\n",
    "origin": "computer",
    "parent": 262,
    "persons": [
      "Argent"
    ],
    "text_ocr": "Argent, Qu Fh.5S, Martin, 1t..\n",
    "type": "ENTRY"
  },
  {
    "EOL": false,
    "box": [
      118,
      329,
      747,
      43
    ],
    "id": 277,
    "indented": true,
    "parent": 276,
    "text": "",
    "type": "LINE"
  },
  {
    "addresses": [
      {
        "street_name": "Martin",
        "street_numbers": [
          "16",
          "7",
          "12"
        ]
      }
    ],
    "box": [
      118,
      329,
      747,
      43
    ],
    "checked": false,
    "id": 276,
    "ner_xml": "rent, &amp; du Fb.S,<LOC>Martin</LOC>,<CARDINAL>16</CARDINAL>,<CARDINAL>7</CARDINAL>D?<PER>go mr on\nRES Dame Gra Callog;8r</PER>,<PER>Biron, À $</PER>. Geriaia-l'Auxereois,<CARDINAL>12</CARDINAL>,\n",
    "origin": "computer",
    "parent": 262,
    "persons": [
      "go mr on\nRES Dame Gra Callog;8r",
      "Biron, À $"
    ],
    "text_ocr": "rent, & du Fb.S, Martin, 16, 7 D? go mr on\nRES Dame Gra Callog;8r, Biron, À $. Geriaia-l'Auxereois, 12,\n",
    "type": "ENTRY"
  },
  {
    "EOL": false,
    "box": [
      120,
      362,
      737,
      36
    ],
    "id": 279,
    "indented": true,
    "parent": 278,
    "text": "",
    "type": "LINE"
  },
  {
    "EOL": false,
    "box": [
      138,
      392,
      103,
      17
    ],
    "id": 280,
    "indented": false,
    "parent": 278,
    "text": "",
    "type": "LINE"
  },
  {
    "addresses": [],
    "box": [
      120,
      362,
      737,
      47
    ],
    "checked": false,
    "id": 278,
    "ner_xml": "<PER>Aubé'fréres</PER>, (droguistes) KR. des Lom-<PER>Bisson</PER>,<ACT>fl. du Four</ACT>,<CARDINAL>10</CARDINAL>.<PER>Luis.\nmbéfièrés , (droguirtes) H. des Lom DU? n. $. André.des-Aris: 36</PER>. ,\n",
    "origin": "computer",
    "parent": 262,
    "persons": [
      "Aubé'fréres",
      "Bisson",
      "Luis.\nmbéfièrés , (droguirtes) H. des Lom DU? n. $. André.des-Aris: 36"
    ],
    "text_ocr": "Aubé'fréres , (droguistes) KR. des Lom- Bisson, fl. du Four, 10. Luis.\nmbéfièrés , (droguirtes) H. des Lom DU? n. $. André.des-Aris: 36. ,\n",
    "type": "ENTRY"
  },
  {
    "EOL": false,
    "box": [
      120,
      381,
      757,
      122
    ],
    "id": 282,
    "indented": true,
    "parent": 281,
    "text": "",
    "type": "LINE"
  },
  {
    "addresses": [
      {
        "street_name": "|“bards",
        "street_numbers": [
          "8"
        ]
      },
      {
        "street_name": "À",
        "street_numbers": []
      },
      {
        "street_name": "S. André-des-Arts",
        "street_numbers": [
          "90"
        ]
      },
      {
        "street_name": "Victor",
        "street_numbers": [
          "166"
        ]
      },
      {
        "street_name": "Montmartre",
        "street_numbers": [
          "112"
        ]
      },
      {
        "street_name": "S",
        "street_numbers": []
      },
      {
        "street_name": "Denis",
        "street_numbers": [
          "275"
        ]
      },
      {
        "street_name": "Martin",
        "street_numbers": [
          "133"
        ]
      }
    ],
    "box": [
      120,
      381,
      757,
      122
    ],
    "checked": false,
    "id": 281,
    "ner_xml": "<LOC>|“bards</LOC>,<CARDINAL>8</CARDINAL>. PAT … ___<PER>Bisson</PER>,<LOC>À</LOC>,<LOC>S. André-des-Arts</LOC>,<CARDINAL>90</CARDINAL>.\nAubin ;'R. de Grenèlle,<ACT>37etl-a0x</ACT>Bi.<PER>Sisôu</PER>,<ACT>À. $</ACT>.<LOC>Victor</LOC>,<CARDINAL>166</CARDINAL>, #7\n<PER>Aubry</PER>,<LOC>Montmartre</LOC>,<CARDINAL>112</CARDINAL>. :<PER>Bin</PER>, K,<LOC>S</LOC>,<LOC>Denis</LOC>,<CARDINAL>275</CARDINAL>\", eu\nRS CCE se\n,<ACT>LS, : a ndelu-du-Rosüe. R. 2</ACT>, .\nAubry \"es ab. 'S,<LOC>Martin</LOC>;<CARDINAL>133</CARDINAL>.<PER>© Bobin, À, je-Rose Bou E: tu\n</PER>",
    "origin": "computer",
    "parent": 262,
    "persons": [
      "Bisson",
      "Sisôu",
      "Aubry",
      "Bin",
      "© Bobin, À, je-Rose Bou E: tu\n"
    ],
    "text_ocr": "|“bards, 8. PAT … ___ Bisson, À, S. André-des-Arts, 90.\nAubin ;'R. de Grenèlle, 37etl-a0x Bi. Sisôu, À. $. Victor, 166, #7\nAubry, Montmartre, 112. : Bin, K, S, Denis, 275\", eu\nRS CCE se\n, LS, : a ndelu-du-Rosüe. R. 2, .\nAubry \"es ab. 'S, Martin ; 133. © Bobin, À, je-Rose Bou E: tu\n",
    "type": "ENTRY"
  },
  {
    "EOL": false,
    "box": [
      120,
      432,
      282,
      22
    ],
    "id": 284,
    "indented": true,
    "parent": 283,
    "text": "",
    "type": "LINE"
  },
  {
    "addresses": [
      {
        "street_name": "Montmarire",
        "street_numbers": [
          "112"
        ]
      }
    ],
    "box": [
      120,
      432,
      282,
      22
    ],
    "checked": false,
    "id": 283,
    "ner_xml": "<PER>Aubry</PER>,.<CARDINAL>5</CARDINAL>:<LOC>Montmarire</LOC>,<CARDINAL>112</CARDINAL>.\n",
    "origin": "computer",
    "parent": 262,
    "persons": [
      "Aubry"
    ],
    "text_ocr": "Aubry ,. 5: Montmarire, 112.\n",
    "type": "ENTRY"
  },
  {
    "EOL": false,
    "box": [
      120,
      452,
      240,
      19
    ],
    "id": 286,
    "indented": true,
    "parent": 285,
    "text": "",
    "type": "LINE"
  },
  {
    "addresses": [],
    "box": [
      120,
      452,
      240,
      19
    ],
    "checked": false,
    "id": 285,
    "ner_xml": "<PER>Aubry</PER>,<ACT>it.9 Denaîit</ACT>,<CARDINAL>20</CARDINAL>.\n",
    "origin": "computer",
    "parent": 262,
    "persons": [
      "Aubry"
    ],
    "text_ocr": "Aubry ,it.9 Denaîit , 20.\n",
    "type": "ENTRY"
  },
  {
    "EOL": false,
    "box": [
      120,
      458,
      326,
      39
    ],
    "id": 288,
    "indented": true,
    "parent": 287,
    "text": "",
    "type": "LINE"
  },
  {
    "addresses": [],
    "box": [
      120,
      458,
      326,
      39
    ],
    "checked": false,
    "id": 287,
    "ner_xml": "<PER>FAURE EE 7 CUIQIL</PER>,<CARDINAL>20</CARDINAL>\n<PER>Aubry: Esub.'S. Martin</PER>,<CARDINAL>133</CARDINAL>.\n",
    "origin": "computer",
    "parent": 262,
    "persons": [
      "FAURE EE 7 CUIQIL",
      "Aubry: Esub.'S. Martin"
    ],
    "text_ocr": "FAURE EE 7 CUIQIL, 20\nAubry: Esub.'S. Martin, 133.\n",
    "type": "ENTRY"
  },
  {
    "EOL": false,
    "box": [
      120,
      492,
      284,
      22
    ],
    "id": 290,
    "indented": true,
    "parent": 289,
    "text": "",
    "type": "LINE"
  },
  {
    "addresses": [],
    "box": [
      120,
      492,
      284,
      22
    ],
    "checked": false,
    "id": 289,
    "ner_xml": "<PER>Anbry , KR. de Sevres</PER><CARDINAL>110</CARDINAL>|\n",
    "origin": "computer",
    "parent": 262,
    "persons": [
      "Anbry , KR. de Sevres"
    ],
    "text_ocr": "Anbry , KR. de Sevres 110 |\n",
    "type": "ENTRY"
  },
  {
    "EOL": false,
    "box": [
      120,
      512,
      134,
      20
    ],
    "id": 292,
    "indented": true,
    "parent": 291,
    "text": "",
    "type": "LINE"
  },
  {
    "addresses": [],
    "box": [
      120,
      512,
      134,
      20
    ],
    "checked": false,
    "id": 291,
    "ner_xml": "<PER>Aufiroy</PER>; I.\n",
    "origin": "computer",
    "parent": 262,
    "persons": [
      "Aufiroy"
    ],
    "text_ocr": "Aufiroy ; I.\n",
    "type": "ENTRY"
  },
  {
    "EOL": false,
    "box": [
      120,
      512,
      358,
      41
    ],
    "id": 294,
    "indented": true,
    "parent": 293,
    "text": "",
    "type": "LINE"
  },
  {
    "addresses": [
      {
        "street_name": "Vigillés Tuileries",
        "street_numbers": [
          "4"
        ]
      }
    ],
    "box": [
      120,
      512,
      358,
      41
    ],
    "checked": false,
    "id": 293,
    "ner_xml": "<PER>Aufiroy ; LE. de Bussy</PER>,<CARDINAL>32</CARDINAL>.\nAuser, &amp;.-des<LOC>Vigillés Tuileries</LOC>,<CARDINAL>4</CARDINAL>.\n",
    "origin": "computer",
    "parent": 262,
    "persons": [
      "Aufiroy ; LE. de Bussy"
    ],
    "text_ocr": "Aufiroy ; LE. de Bussy, 32.\nAuser, &.-des Vigillés Tuileries, 4.\n",
    "type": "ENTRY"
  },
  {
    "EOL": false,
    "box": [
      114,
      499,
      749,
      85
    ],
    "id": 296,
    "indented": true,
    "parent": 295,
    "text": "",
    "type": "LINE"
  },
  {
    "EOL": false,
    "box": [
      122,
      572,
      290,
      24
    ],
    "id": 297,
    "indented": false,
    "parent": 295,
    "text": "",
    "type": "LINE"
  },
  {
    "addresses": [
      {
        "street_name": "R.4de la Cossonnerie",
        "street_numbers": [
          "3",
          "8",
          "20"
        ]
      },
      {
        "street_name": "LL. dela Gonentds fa. +\n",
        "street_numbers": []
      }
    ],
    "box": [
      114,
      499,
      749,
      97
    ],
    "checked": false,
    "id": 295,
    "ner_xml": "AUS<CARDINAL>ES SNS CCTEGES QE #5 Bobin,</CARDINAL><LOC>R.4de la Cossonnerie</LOC><PER>Ati\nAuffrey ; R. ‘de Bons}</PER>,<CARDINAL>3</CARDINAL><PER>Robin &amp;. du . tché</PER><CARDINAL>8</CARDINAL>.<PER>Macio</PER>,<TITRE>L\n\n</TITRE>Au geo<PER>Vial Tales</PER>E Roigard,<TITRE>Be orne fe\n| rt ( ”</TITRE>.<PER>Jean-Pain- Mol ro. à | 3 a.\nFe ae rene Monet</PER><CARDINAL>20</CARDINAL>.<PER>Boire</PER>,<LOC>LL. dela Gonentds fa. +\n</LOC>",
    "origin": "computer",
    "parent": 262,
    "persons": [
      "Ati\nAuffrey ; R. ‘de Bons}",
      "Robin &. du . tché",
      "Macio",
      "Vial Tales",
      "Jean-Pain- Mol ro. à | 3 a.\nFe ae rene Monet",
      "Boire"
    ],
    "text_ocr": "AUS ES SNS CCTEGES QE #5 Bobin, R.4de la Cossonnerie Ati\nAuffrey ; R. ‘de Bons}, 3 Robin &. du . tché 8. Macio, L\n\nAu geo Vial Tales E Roigard, Be orne fe\n| rt ( ”. Jean-Pain- Mol ro. à | 3 a.\nFe ae rene Monet 20. Boire, LL. dela Gonentds fa. +\n",
    "type": "ENTRY"
  },
  {
    "EOL": false,
    "box": [
      122,
      591,
      245,
      21
    ],
    "id": 299,
    "indented": true,
    "parent": 298,
    "text": "",
    "type": "LINE"
  },
  {
    "addresses": [],
    "box": [
      122,
      591,
      245,
      21
    ],
    "checked": false,
    "id": 298,
    "ner_xml": "<PER>Aves ki 5</PER>:<PER>S6verie.</PER>, ‘<CARDINAL>15</CARDINAL>.\n",
    "origin": "computer",
    "parent": 262,
    "persons": [
      "Aves ki 5",
      "S6verie."
    ],
    "text_ocr": "Aves ki 5: S6verie., ‘15.\n",
    "type": "ENTRY"
  },
  {
    "EOL": false,
    "box": [
      123,
      609,
      329,
      24
    ],
    "id": 301,
    "indented": true,
    "parent": 300,
    "text": "",
    "type": "LINE"
  },
  {
    "addresses": [
      {
        "street_name": "Aubry Boucher",
        "street_numbers": [
          "22"
        ]
      }
    ],
    "box": [
      123,
      609,
      329,
      24
    ],
    "checked": false,
    "id": 300,
    "ner_xml": "<PER>Ayhé: hf</PER>,<LOC>Aubry Boucher</LOC>,<CARDINAL>22</CARDINAL>.\"\n",
    "origin": "computer",
    "parent": 262,
    "persons": [
      "Ayhé: hf"
    ],
    "text_ocr": "Ayhé: hf, Aubry Boucher, 22.\"\n",
    "type": "ENTRY"
  },
  {
    "EOL": false,
    "box": [
      122,
      576,
      748,
      98
    ],
    "id": 303,
    "indented": true,
    "parent": 302,
    "text": "",
    "type": "LINE"
  },
  {
    "EOL": false,
    "box": [
      143,
      653,
      244,
      20
    ],
    "id": 304,
    "indented": false,
    "parent": 302,
    "text": "",
    "type": "LINE"
  },
  {
    "addresses": [
      {
        "street_name": "Nesxs",
        "street_numbers": [
          "5",
          "1",
          "1"
        ]
      },
      {
        "street_name": "BUS Marta at CT\n",
        "street_numbers": []
      }
    ],
    "box": [
      122,
      576,
      748,
      98
    ],
    "checked": false,
    "id": 302,
    "ner_xml": "<PER>Krés LE BrSeverin</PER>,<CARDINAL>15</CARDINAL>.\" poncainpins<CARDINAL>BR</CARDINAL>,<LOC>Nesxs</LOC><CARDINAL>5</CARDINAL>.<PER>Mania se\n\n</PER>Re n. RER TR Sd\n\nBaïlieux frère et sœur ,<ACT>BR. dés Deux- ponneau</ACT>, SR CBS GElts Gampé, D\nPortes S. Sauveur,<CARDINAL>1</CARDINAL>%: -<CARDINAL>1</CARDINAL>. poatin,<LOC>BUS Marta at CT\n</LOC>",
    "origin": "computer",
    "parent": 262,
    "persons": [
      "Krés LE BrSeverin",
      "Mania se\n\n"
    ],
    "text_ocr": "Krés LE BrSeverin, 15.\" poncainpins BR, Nesxs 5. Mania se\n\nRe n. RER TR Sd\n\nBaïlieux frère et sœur , BR. dés Deux- ponneau, SR CBS GElts Gampé, D\nPortes S. Sauveur, 1%: - 1. poatin, BUS Marta at CT\n",
    "type": "ENTRY"
  },
  {
    "EOL": false,
    "box": [
      122,
      673,
      342,
      30
    ],
    "id": 306,
    "indented": true,
    "parent": 305,
    "text": "",
    "type": "LINE"
  },
  {
    "addresses": [],
    "box": [
      122,
      673,
      342,
      30
    ],
    "checked": false,
    "id": 305,
    "ner_xml": "<PER>Ballne</PER>,<ACT>l.yle la: Gossonnetie ‘Qi\n</ACT>",
    "origin": "computer",
    "parent": 262,
    "persons": [
      "Ballne"
    ],
    "text_ocr": "Ballne, l.yle la: Gossonnetie ‘Qi\n",
    "type": "ENTRY"
  },
  {
    "EOL": false,
    "box": [
      123,
      697,
      344,
      25
    ],
    "id": 308,
    "indented": true,
    "parent": 307,
    "text": "",
    "type": "LINE"
  },
  {
    "addresses": [],
    "box": [
      123,
      697,
      344,
      25
    ],
    "checked": false,
    "id": 307,
    "ner_xml": "<PER>Bailly</PER>,<ACT>de Marché-Palo</ACT>,<CARDINAL>105</CARDINAL>\n",
    "origin": "computer",
    "parent": 262,
    "persons": [
      "Bailly"
    ],
    "text_ocr": "Bailly, de Marché-Palo , 105\n",
    "type": "ENTRY"
  },
  {
    "EOL": false,
    "box": [
      123,
      719,
      317,
      21
    ],
    "id": 310,
    "indented": true,
    "parent": 309,
    "text": "",
    "type": "LINE"
  },
  {
    "addresses": [],
    "box": [
      123,
      719,
      317,
      21
    ],
    "checked": false,
    "id": 309,
    "ner_xml": "<PER>Bailly</PER>,<ACT>Li. des Lombärds</ACT>,<ACT>25i :-\n</ACT>",
    "origin": "computer",
    "parent": 262,
    "persons": [
      "Bailly"
    ],
    "text_ocr": "Bailly, Li. des Lombärds, 25i :-\n",
    "type": "ENTRY"
  },
  {
    "EOL": false,
    "box": [
      123,
      734,
      355,
      25
    ],
    "id": 312,
    "indented": true,
    "parent": 311,
    "text": "",
    "type": "LINE"
  },
  {
    "addresses": [],
    "box": [
      123,
      734,
      355,
      25
    ],
    "checked": false,
    "id": 311,
    "ner_xml": "<PER>Baraïte, A: des: Petils Dilliefs</PER>,<CARDINAL>83</CARDINAL>.\n",
    "origin": "computer",
    "parent": 262,
    "persons": [
      "Baraïte, A: des: Petils Dilliefs"
    ],
    "text_ocr": "Baraïte, A: des: Petils Dilliefs , 83.\n",
    "type": "ENTRY"
  },
  {
    "EOL": false,
    "box": [
      123,
      664,
      764,
      127
    ],
    "id": 314,
    "indented": true,
    "parent": 313,
    "text": "",
    "type": "LINE"
  },
  {
    "addresses": [
      {
        "street_name": "Piliers",
        "street_numbers": [
          "85e"
        ]
      },
      {
        "street_name": "A dels Harpe",
        "street_numbers": [
          "98e"
        ]
      },
      {
        "street_name": "ro Y'H,$",
        "street_numbers": []
      },
      {
        "street_name": "Houoré",
        "street_numbers": [
          "84"
        ]
      }
    ],
    "box": [
      123,
      664,
      764,
      127
    ],
    "checked": false,
    "id": 313,
    "ner_xml": "<PER>ra dot. “te -..\"</PER>-+.<PER>Bordeau</PER>,<ACT>H..deGlrv, ag, or Ti\nBallne</ACT>,<ACT>TL.xe Ia: Gossonnetie 9: 7\" Bordes. À</ACT>,<PER>Pilliers Boite dEuin: 38</PER>.\nBailly. BedéiMurehé-Palo,<CARDINAL>10</CARDINAL>,  Bordin,.R.S. Denis,<CARDINAL>153</CARDINAL>. ,<TITRE>‘*\n\nRe Re en M D\naraite</TITRE>, A des:<LOC>Piliers</LOC>3<CARDINAL>85e</CARDINAL>. her,<LOC>A dels Harpe</LOC>,<CARDINAL>98e</CARDINAL>\nBarbat; (<LOC>ro Y'H,$</LOC>,.<LOC>Houoré</LOC>,<CARDINAL>84</CARDINAL>.<PER>Boucher fècer de Fauh</PER>.<PER>Mpuis\n</PER>",
    "origin": "computer",
    "parent": 262,
    "persons": [
      "ra dot. “te -..\"",
      "Bordeau",
      "Pilliers Boite dEuin: 38",
      "Boucher fècer de Fauh",
      "Mpuis\n"
    ],
    "text_ocr": "ra dot. “te -..\" -+. Bordeau, H..deGlrv, ag, or Ti\nBallne, TL.xe Ia: Gossonnetie 9: 7\" Bordes. À, Pilliers Boite dEuin: 38.\nBailly. BedéiMurehé-Palo, 10,  Bordin,.R.S. Denis, 153. , ‘*\n\nRe Re en M D\naraite, A des: Piliers 3 85e. her, A dels Harpe, 98e\nBarbat; (ro Y'H,$,. Houoré , 84. Boucher fècer de Fauh. Mpuis\n",
    "type": "ENTRY"
  },
  {
    "EOL": false,
    "box": [
      123,
      780,
      266,
      20
    ],
    "id": 316,
    "indented": true,
    "parent": 315,
    "text": "",
    "type": "LINE"
  },
  {
    "addresses": [
      {
        "street_name": "Dents",
        "street_numbers": [
          "59"
        ]
      }
    ],
    "box": [
      123,
      780,
      266,
      20
    ],
    "checked": false,
    "id": 315,
    "ner_xml": "<PER>Barou</PER>,<ACT>%.:5</ACT>,<LOC>Dents</LOC><CARDINAL>59</CARDINAL>\n",
    "origin": "computer",
    "parent": 262,
    "persons": [
      "Barou"
    ],
    "text_ocr": "Barou, %.:5, Dents 59\n",
    "type": "ENTRY"
  },
  {
    "EOL": false,
    "box": [
      124,
      787,
      749,
      59
    ],
    "id": 318,
    "indented": true,
    "parent": 317,
    "text": "",
    "type": "LINE"
  },
  {
    "addresses": [],
    "box": [
      124,
      787,
      749,
      59
    ],
    "checked": false,
    "id": 317,
    "ner_xml": "a te At D Pete c mc martre,<CARDINAL>2e 5\nBaron frères ; fi. de l'</CARDINAL>Echigiier,<CARDINAL>32</CARDINAL>: : /<PER>hernar, | marchand de thé et tous\nBaron fes A de FBchigiet</PER>,<CARDINAL>3</CARDINAL>:<PER>Bouvherant, (marchand</PER>dé thé er tous\n",
    "origin": "computer",
    "parent": 262,
    "persons": [
      "hernar, | marchand de thé et tous\nBaron fes A de FBchigiet",
      "Bouvherant, (marchand"
    ],
    "text_ocr": "a te At D Pete c mc martre, 2e 5\nBaron frères ; fi. de l'Echigiier, 32: : / hernar, | marchand de thé et tous\nBaron fes A de FBchigiet, 3: Bouvherant, (marchand dé thé er tous\n",
    "type": "ENTRY"
  },
  {
    "EOL": false,
    "box": [
      124,
      821,
      301,
      19
    ],
    "id": 320,
    "indented": true,
    "parent": 319,
    "text": "",
    "type": "LINE"
  },
  {
    "addresses": [],
    "box": [
      124,
      821,
      301,
      19
    ],
    "checked": false,
    "id": 319,
    "ner_xml": "<PER>Dartré</PER>, Mi. .J, -J<PER>Honsseau</PER>;<CARDINAL>50</CARDINAL>\n",
    "origin": "computer",
    "parent": 262,
    "persons": [
      "Dartré",
      "Honsseau"
    ],
    "text_ocr": "Dartré , Mi. .J, -J Honsseau ; 50\n",
    "type": "ENTRY"
  },
  {
    "EOL": false,
    "box": [
      124,
      839,
      350,
      22
    ],
    "id": 322,
    "indented": true,
    "parent": 321,
    "text": "",
    "type": "LINE"
  },
  {
    "addresses": [],
    "box": [
      124,
      839,
      350,
      22
    ],
    "checked": false,
    "id": 321,
    "ner_xml": "<PER>Bataille; K..</PER><TITRE>SSNionise: 36</TITRE>, \"57:7\n",
    "origin": "computer",
    "parent": 262,
    "persons": [
      "Bataille; K.."
    ],
    "text_ocr": "Bataille; K..SSNionise: 36, \"57:7\n",
    "type": "ENTRY"
  },
  {
    "EOL": false,
    "box": [
      124,
      846,
      753,
      61
    ],
    "id": 324,
    "indented": true,
    "parent": 323,
    "text": "",
    "type": "LINE"
  },
  {
    "addresses": [
      {
        "street_name": "Ends $: Martin",
        "street_numbers": [
          "4"
        ]
      },
      {
        "street_name": "Poissonnerie",
        "street_numbers": [
          "113"
        ]
      }
    ],
    "box": [
      124,
      846,
      753,
      61
    ],
    "checked": false,
    "id": 323,
    "ner_xml": "<PER>ERAENIIIG G As</PER>CAS<PER>LESENRESC</PER>,<PER>Zu “ Vivieonet</PER>,<CARDINAL>7</CARDINAL>.<PER>AE TS\nBaudot</PER>,<TITRE>A:</TITRE>Nsdes<PER>Petité-Ghamps 66</PER>.<PER>Boushit,</PER>,<LOC>Ends $: Martin</LOC>, 32.42\nBauñier' “<CARDINAL>4</CARDINAL>;<LOC>Poissonnerie</LOC><CARDINAL>113</CARDINAL>. ‘°° Houdee, RS.<PER>Sulpice</PER>,<ACT>ms ms nse\n</ACT>",
    "origin": "computer",
    "parent": 262,
    "persons": [
      "ERAENIIIG G As",
      "LESENRESC",
      "Zu “ Vivieonet",
      "AE TS\nBaudot",
      "Petité-Ghamps 66",
      "Boushit,",
      "Sulpice"
    ],
    "text_ocr": "ERAENIIIG G As CAS LESENRESC, Zu “ Vivieonet , 7. AE TS\nBaudot, A: Nsdes Petité-Ghamps 66. Boushit, , Ends $: Martin, 32.42\nBauñier' “4; Poissonnerie 113. ‘°° Houdee, RS. Sulpice, ms ms nse\n",
    "type": "ENTRY"
  },
  {
    "EOL": false,
    "box": [
      124,
      881,
      316,
      20
    ],
    "id": 326,
    "indented": true,
    "parent": 325,
    "text": "",
    "type": "LINE"
  },
  {
    "addresses": [],
    "box": [
      124,
      881,
      316,
      20
    ],
    "checked": false,
    "id": 325,
    "ner_xml": "<PER>Baatuer fl: l'ébsonnère ;:119.</PER>:\n",
    "origin": "computer",
    "parent": 262,
    "persons": [
      "Baatuer fl: l'ébsonnère ;:119."
    ],
    "text_ocr": "Baatuer fl: l'ébsonnère ;:119. :\n",
    "type": "ENTRY"
  },
  {
    "EOL": false,
    "box": [
      124,
      900,
      763,
      48
    ],
    "id": 328,
    "indented": true,
    "parent": 327,
    "text": "",
    "type": "LINE"
  },
  {
    "EOL": false,
    "box": [
      118,
      940,
      764,
      148
    ],
    "id": 329,
    "indented": false,
    "parent": 327,
    "text": "",
    "type": "LINE"
  },
  {
    "EOL": false,
    "box": [
      119,
      1084,
      369,
      65
    ],
    "id": 330,
    "indented": false,
    "parent": 327,
    "text": "",
    "type": "LINE"
  },
  {
    "addresses": [
      {
        "street_name": "Concarde",
        "street_numbers": [
          "42"
        ]
      },
      {
        "street_name": "B\\ desflôän Enfant",
        "street_numbers": [
          "9",
          "1"
        ]
      },
      {
        "street_name": "HR.",
        "street_numbers": [
          "46",
          "1 ST"
        ]
      },
      {
        "street_name": "À. Fab",
        "street_numbers": [
          "S.",
          "4"
        ]
      },
      {
        "street_name": "Ste 5\nSRE dE Mois OPUS © Bon etn *B dé March & Marthe",
        "street_numbers": []
      }
    ],
    "box": [
      118,
      900,
      769,
      249
    ],
    "checked": false,
    "id": 327,
    "ner_xml": "Bayilivet,.(en prés)<CARDINAL>8</CARDINAL>.<PER>dé la Graûde- ones</PER>, R..de la<LOC>Concarde</LOC>,<CARDINAL>42</CARDINAL>.<PER>--«:2à\nFronndenie bre ie S LE Brain</PER>,<ACT>dede Legorl nie :\n</ACT>parer<ACT>À. 161 Vérrerie</ACT>,<ACT>fo; “ Bouillery,.R.' Hiqueicanes A7 ua\nBarr prie</ACT>,<LOC>B\\ desflôän Enfant</LOC>, »<CARDINAL>9</CARDINAL>,<PER>Boulanger</PER>; :9.Honèré,5. fe\n“Basin Ra dés ES.<PER>Gergpäles-Prés;as. Boulanger</PER>,<ACT>À. dela Monngis</ACT>,<CARDINAL>1</CARDINAL>. :.\nBeniéfe PR Dhirones € auras  Bouly,<ACT>à</ACT>Charenton<ACT>ph laliot\nBeauvais 4/8 Antoine 54.05%</ACT>Bdordob,<LOC>HR.</LOC><CARDINAL>46</CARDINAL>Hdi,<CARDINAL>1 ST</CARDINAL>\nForts a Pr CE Fisidon ; RES.<PER>Astoite eee LUE\nangers RS f bus ns: ,. AUS AD rent</PER>\nRE er as\n<PER>Bcléfote</PER>y<LOC>À. Fab</LOC>,<CARDINAL>S.</CARDINAL>Antoine ‘a (<CARDINAL>4</CARDINAL>.<PER>eo, RS Mémin</PER>,<LOC>Ste 5\nSRE dE Mois OPUS © Bon etn *B dé March &amp; Marthe</LOC>.\n",
    "origin": "computer",
    "parent": 262,
    "persons": [
      "dé la Graûde- ones",
      "--«:2à\nFronndenie bre ie S LE Brain",
      "Boulanger",
      "Gergpäles-Prés;as. Boulanger",
      "Astoite eee LUE\nangers RS f bus ns: ,. AUS AD rent",
      "Bcléfote",
      "eo, RS Mémin"
    ],
    "text_ocr": "Bayilivet,.(en prés) 8. dé la Graûde- ones, R..de la Concarde, 42. --«:2à\nFronndenie bre ie S LE Brain, dede Legorl nie :\nparer À. 161 Vérrerie, fo; “ Bouillery,.R.' Hiqueicanes A7 ua\nBarr prie, B\\ desflôän Enfant, »9, Boulanger; :9.Honèré,5. fe\n“Basin Ra dés ES. Gergpäles-Prés;as. Boulanger, À. dela Monngis, 1. :.\nBeniéfe PR Dhirones € auras  Bouly, à Charenton ph laliot\nBeauvais 4/8 Antoine 54.05% Bdordob, HR. 46 Hdi, 1 ST\nForts a Pr CE Fisidon ; RES. Astoite eee LUE\nangers RS f bus ns: ,. AUS AD rent\nRE er as\nBcléfote y À. Fab, S. Antoine ‘a (4. eo, RS Mémin, Ste 5\nSRE dE Mois OPUS © Bon etn *B dé March & Marthe.\n",
    "type": "ENTRY"
  },
  {
    "EOL": false,
    "box": [
      127,
      1008,
      755,
      340
    ],
    "id": 332,
    "indented": true,
    "parent": 331,
    "text": "",
    "type": "LINE"
  },
  {
    "addresses": [
      {
        "street_name": "Fe Uibend",
        "street_numbers": [
          "8",
          "8",
          "48",
          "4",
          "29",
          "31",
          "29"
        ]
      },
      {
        "street_name": "Montmarire",
        "street_numbers": [
          "97"
        ]
      },
      {
        "street_name": "Qi fol Tournelle-",
        "street_numbers": [
          "19",
          "7"
        ]
      },
      {
        "street_name": "Faub.:Polssontièng",
        "street_numbers": [
          "18"
        ]
      },
      {
        "street_name": "Martin",
        "street_numbers": [
          "NN"
        ]
      },
      {
        "street_name": "Egalité",
        "street_numbers": [
          "26",
          "22"
        ]
      }
    ],
    "box": [
      127,
      1008,
      755,
      340
    ],
    "checked": false,
    "id": 331,
    "ner_xml": "<PER>Bennnier.s A. Ilnrour</PER>, .<CARDINAL>7</CARDINAL>.,:,.,7: Bouiy, si.<PER>Cnarenion</PER>, EG Se\nbeauvis 284 Autos,<PER>She M Burton de MN ane</PER>UE\nRe Ed\nRS f RENE urdon ,. AUS A vue\npéllière 4 À<LOC>Fe Uibend</LOC>,<CARDINAL>8</CARDINAL>\"<PER>Bonrlene na Noa pee\n</PER>LÉtet<TITRE>A. Fhnb</TITRE>.<CARDINAL>8</CARDINAL>.<PER>Antine at à Bourgeb</PER>y RS,<PER>Méptin</PER>, Ba à\nD SE PR he ue\nviait el: |<ACT>ard,</ACT>Hi .<ACT>reuipgoun feres ‘Hi, No\nDr CR</ACT><TITRE>Morts ba SOU de eV bniter D Un</TITRE>US\nBernard Ré Chabanote,-5<TITRE>: #°:7</TITRE>Bourniches<PER>R. Mobtrgneil</PER>,<ACT>ae: Le\nBvtala 1: 8</ACT><TITRE>Phomat</TITRE><CARDINAL>48</CARDINAL>Lowtrey<CARDINAL>4</CARDINAL>.<PER>Bouroue, À dr Ma ne à</PER>\nBertanx,<TITRE>R. \"</TITRE>de<PER>Lappe.n Bonrier</PER>,<ACT>À. du Faub. S</ACT>: ques<CARDINAL>29</CARDINAL>\n<PER>Bertux</PER>,<TITRE>R. des Foësés-Moutm</TITRE>,<CARDINAL>31</CARDINAL>.<PER>Boutemard</PER>,<TITRE>R. des Boucheries</TITRE>; ‘<CARDINAL>29</CARDINAL>...\nBertout ,-Fanb.<LOC>Montmarire</LOC>,<CARDINAL>97</CARDINAL>. ,<PER>Boutron</PER>,<LOC>Qi fol Tournelle-</LOC><CARDINAL>19</CARDINAL>,<CARDINAL>7</CARDINAL>\nBertout. R_'S. Sauveur. ‘ Bouseuct,<LOC>Faub.:Polssontièng</LOC>,<CARDINAL>18</CARDINAL>\nBertrand } H,<ACT>$</ACT>,<LOC>Martin</LOC>, {% Boyeu-Bal ,<CARDINAL>NN</CARDINAL>.<LOC>Egalité</LOC>,<CARDINAL>26</CARDINAL>.<CARDINAL>22</CARDINAL>4\n",
    "origin": "computer",
    "parent": 262,
    "persons": [
      "Bennnier.s A. Ilnrour",
      "Cnarenion",
      "She M Burton de MN ane",
      "Bonrlene na Noa pee\n",
      "Antine at à Bourgeb",
      "Méptin",
      "R. Mobtrgneil",
      "Bouroue, À dr Ma ne à",
      "Lappe.n Bonrier",
      "Bertux",
      "Boutemard",
      "Boutron"
    ],
    "text_ocr": "Bennnier.s A. Ilnrour, . 7 .,:,.,7: Bouiy, si. Cnarenion, EG Se\nbeauvis 284 Autos, She M Burton de MN ane UE\nRe Ed\nRS f RENE urdon ,. AUS A vue\npéllière 4 À Fe Uibend, 8\" Bonrlene na Noa pee\nLÉtet A. Fhnb. 8. Antine at à Bourgeb y RS, Méptin, Ba à\nD SE PR he ue\nviait el: | ard, Hi . reuipgoun feres ‘Hi, No\nDr CR Morts ba SOU de eV bniter D Un US\nBernard Ré Chabanote,-5 : #°:7 Bourniches R. Mobtrgneil, ae: Le\nBvtala 1: 8 Phomat 48 Lowtrey 4. Bouroue, À dr Ma ne à\nBertanx, R. \"de Lappe.n Bonrier , À. du Faub. S: ques 29\nBertux , R. des Foësés-Moutm, 31. Boutemard , R. des Boucheries ; ‘29...\nBertout ,-Fanb. Montmarire, 97. , Boutron, Qi fol Tournelle- 19, 7\nBertout. R_'S. Sauveur. ‘ Bouseuct, Faub.:Polssontièng, 18\nBertrand } H, $, Martin, {% Boyeu-Bal , NN. Egalité, 26. 22 4\n",
    "type": "ENTRY"
  },
  {
    "EOL": false,
    "box": [
      129,
      1230,
      52,
      19
    ],
    "id": 334,
    "indented": true,
    "parent": 333,
    "text": "",
    "type": "LINE"
  },
  {
    "addresses": [],
    "box": [
      129,
      1230,
      52,
      19
    ],
    "checked": false,
    "id": 333,
    "ner_xml": "<PER>Kerta\n</PER>",
    "origin": "computer",
    "parent": 262,
    "persons": [
      "Kerta\n"
    ],
    "text_ocr": "Kerta\n",
    "type": "ENTRY"
  },
  {
    "EOL": false,
    "box": [
      116,
      1232,
      349,
      39
    ],
    "id": 336,
    "indented": true,
    "parent": 335,
    "text": "",
    "type": "LINE"
  },
  {
    "addresses": [],
    "box": [
      116,
      1232,
      349,
      39
    ],
    "checked": false,
    "id": 335,
    "ner_xml": "<PER>Jertanx</PER>, R.'de Lappe<CARDINAL>in</CARDINAL>.\n <PER>Bertrux</PER>: R. des Fos<ACT>Moutm. Bt</ACT>.\n",
    "origin": "computer",
    "parent": 262,
    "persons": [
      "Jertanx",
      "Bertrux"
    ],
    "text_ocr": "Jertanx , R.'de Lappe in .\n Bertrux : R. des Fos Moutm. Bt.\n",
    "type": "ENTRY"
  },
  {
    "EOL": false,
    "box": [
      132,
      1270,
      343,
      29
    ],
    "id": 338,
    "indented": true,
    "parent": 337,
    "text": "",
    "type": "LINE"
  },
  {
    "addresses": [
      {
        "street_name": "Montmartre",
        "street_numbers": [
          "97"
        ]
      }
    ],
    "box": [
      132,
      1270,
      343,
      29
    ],
    "checked": false,
    "id": 337,
    "ner_xml": "<PER>Bertout</PER>,<ACT>-Fanb</ACT>,<LOC>Montmartre</LOC>,<CARDINAL>97</CARDINAL>.\nnn\n",
    "origin": "computer",
    "parent": 262,
    "persons": [
      "Bertout"
    ],
    "text_ocr": "Bertout ,-Fanb, Montmartre, 97.\nnn\n",
    "type": "ENTRY"
  },
  {
    "EOL": false,
    "box": [
      131,
      1290,
      251,
      19
    ],
    "id": 340,
    "indented": true,
    "parent": 339,
    "text": "",
    "type": "LINE"
  },
  {
    "addresses": [],
    "box": [
      131,
      1290,
      251,
      19
    ],
    "checked": false,
    "id": 339,
    "ner_xml": "<PER>Bertout. R_'$S.</PER>,<PER>Sauveur</PER>,\n",
    "origin": "computer",
    "parent": 262,
    "persons": [
      "Bertout. R_'$S.",
      "Sauveur"
    ],
    "text_ocr": "Bertout. R_'$S., Sauveur,\n",
    "type": "ENTRY"
  },
  {
    "EOL": false,
    "box": [
      125,
      1311,
      342,
      38
    ],
    "id": 342,
    "indented": true,
    "parent": 341,
    "text": "",
    "type": "LINE"
  },
  {
    "addresses": [],
    "box": [
      125,
      1311,
      342,
      38
    ],
    "checked": false,
    "id": 341,
    "ner_xml": "<PER>Sertranf ; K</PER>,<CARDINAL>5</CARDINAL>,<TITRE>Martin</TITRE>, S4\n",
    "origin": "computer",
    "parent": 262,
    "persons": [
      "Sertranf ; K"
    ],
    "text_ocr": "Sertranf ; K, 5, Martin, S4\n",
    "type": "ENTRY"
  },
  {
    "box": [
      111,
      116,
      776,
      1233
    ],
    "id": 262,
    "parent": 261,
    "type": "COLUMN_LEVEL_2"
  },
  {
    "box": [
      111,
      116,
      776,
      1233
    ],
    "id": 261,
    "parent": 260,
    "type": "SECTION_LEVEL_2"
  },
  {
    "box": [
      111,
      116,
      776,
      1233
    ],
    "id": 260,
    "parent": 259,
    "type": "COLUMN_LEVEL_1"
  },
  {
    "box": [
      111,
      116,
      776,
      1233
    ],
    "id": 259,
    "parent": 256,
    "type": "SECTION_LEVEL_1"
  },
  {
    "box": [
      111,
      32,
      776,
      1317
    ],
    "id": 256,
    "type": "PAGE"
  }
]
