[
  {
    "EOL": false,
    "box": [
      201,
      45,
      735,
      38
    ],
    "id": 262,
    "indented": false,
    "parent": 261,
    "text": "",
    "type": "LINE"
  },
  {
    "EOL": false,
    "box": [
      203,
      82,
      741,
      28
    ],
    "id": 263,
    "indented": false,
    "parent": 261,
    "text": "",
    "type": "LINE"
  },
  {
    "EOL": false,
    "box": [
      205,
      108,
      739,
      79
    ],
    "id": 264,
    "indented": false,
    "parent": 261,
    "text": "",
    "type": "LINE"
  },
  {
    "EOL": false,
    "box": [
      208,
      143,
      275,
      39
    ],
    "id": 265,
    "indented": false,
    "parent": 261,
    "text": "",
    "type": "LINE"
  },
  {
    "addresses": [
      {
        "street_name": "Tureube",
        "street_numbers": [
          "19",
          "92",
          "2",
          "102",
          "6",
          "2",
          "3"
        ]
      }
    ],
    "box": [
      201,
      45,
      743,
      142
    ],
    "checked": false,
    "id": 261,
    "ner_xml": "et.<PER>Selliers  Süies et</PER>.<PER>Saiéries: ( Müs. de) (Paris}!\nMounier oaros.)</PER>Et: de<LOC>Tureube</LOC>,<CARDINAL>19</CARDINAL>. .Ravenean ,-bonter. da Dépét,. 2%. …\n<PER>Mugosrot Te KE</PER>,<ACT>de PUngur “Haveuots 7 du Sparte</ACT>:\nFete<CARDINAL>92</CARDINAL>© st<CARDINAL>2</CARDINAL>à<PER>Reis</PER>,<ACT>PL que législatif</ACT>,<CARDINAL>102</CARDINAL>.\n<PER>Neubausel ( kernacheur) ; BR. da Richard { arnach.) À. Feydeau</PER>,<CARDINAL>6</CARDINAL>,\n'Baoÿsi20 r Si ee<CARDINAL>2</CARDINAL>‘.<CARDINAL>3</CARDINAL><PER>Richard (Aarnack, ):</PER><PER>R:° du Pan</PER>.\n",
    "origin": "computer",
    "parent": 260,
    "persons": [
      "Selliers  Süies et",
      "Saiéries: ( Müs. de) (Paris}!\nMounier oaros.)",
      "Mugosrot Te KE",
      "Reis",
      "Neubausel ( kernacheur) ; BR. da Richard { arnach.) À. Feydeau",
      "Richard (Aarnack, ):",
      "R:° du Pan"
    ],
    "text_ocr": "et. Selliers  Süies et. Saiéries: ( Müs. de) (Paris}!\nMounier oaros.) Et: de Tureube, 19. .Ravenean ,-bonter. da Dépét,. 2%. …\nMugosrot Te KE, de PUngur “Haveuots 7 du Sparte :\nFete 92 © st 2 à Reis, PL que législatif, 102.\nNeubausel ( kernacheur) ; BR. da Richard { arnach.) À. Feydeau , 6,\n'Baoÿsi20 r Si ee 2‘. 3 Richard (Aarnack, ): R:° du Pan.\n",
    "type": "ENTRY"
  },
  {
    "EOL": false,
    "box": [
      206,
      168,
      734,
      49
    ],
    "id": 267,
    "indented": true,
    "parent": 266,
    "text": "",
    "type": "LINE"
  },
  {
    "addresses": [
      {
        "street_name": "R",
        "street_numbers": []
      },
      {
        "street_name": "Viotor",
        "street_numbers": [
          "154",
          "8",
          "1"
        ]
      }
    ],
    "box": [
      206,
      168,
      734,
      49
    ],
    "checked": false,
    "id": 266,
    "ner_xml": "<PER>.'OaCYs La vi Si re SE 3)</PER><PER>chard (Aaraach. )'; KR</PER>; .du detit-\n<PER>Noirot (karnac:)</PER>,<LOC>R</LOC>: $.<LOC>Viotor</LOC>,<CARDINAL>154</CARDINAL>% ._ Lion<CARDINAL>8</CARDINAL>.<PER>Sauveur</PER>,<ACT>af</ACT>,<CARDINAL>1</CARDINAL>\", * à\nnes An Born IE A  — li.\n",
    "origin": "computer",
    "parent": 260,
    "persons": [
      ".'OaCYs La vi Si re SE 3)",
      "chard (Aaraach. )'; KR",
      "Noirot (karnac:)",
      "Sauveur"
    ],
    "text_ocr": ".'OaCYs La vi Si re SE 3) chard (Aaraach. )'; KR; .du detit-\nNoirot (karnac:), R: $. Viotor, 154% ._ Lion 8. Sauveur, af, 1\", * à\nnes An Born IE A  — li.\n",
    "type": "ENTRY"
  },
  {
    "EOL": false,
    "box": [
      203,
      206,
      277,
      19
    ],
    "id": 269,
    "indented": true,
    "parent": 268,
    "text": "",
    "type": "LINE"
  },
  {
    "addresses": [],
    "box": [
      203,
      206,
      277,
      19
    ],
    "checked": false,
    "id": 268,
    "ner_xml": "\"<PER>Ostat</PER>, .<PER>Qu Hacd</PER>,<CARDINAL>3</CARDINAL>% _ .\n",
    "origin": "computer",
    "parent": 260,
    "persons": [
      "Ostat",
      "Qu Hacd"
    ],
    "text_ocr": "\"Ostat, . Qu Hacd, 3% _ .\n",
    "type": "ENTRY"
  },
  {
    "EOL": false,
    "box": [
      206,
      226,
      268,
      20
    ],
    "id": 271,
    "indented": true,
    "parent": 270,
    "text": "",
    "type": "LINE"
  },
  {
    "addresses": [
      {
        "street_name": "Défgère",
        "street_numbers": [
          "22"
        ]
      }
    ],
    "box": [
      206,
      226,
      268,
      20
    ],
    "checked": false,
    "id": 270,
    "ner_xml": "<PER>Matuard</PER>,<TITRE>#;:</TITRE><LOC>Défgère</LOC>,<CARDINAL>22</CARDINAL>,:\n",
    "origin": "computer",
    "parent": 260,
    "persons": [
      "Matuard"
    ],
    "text_ocr": "Matuard, #;:Défgère, 22 ,:\n",
    "type": "ENTRY"
  },
  {
    "EOL": false,
    "box": [
      207,
      246,
      320,
      18
    ],
    "id": 273,
    "indented": true,
    "parent": 272,
    "text": "",
    "type": "LINE"
  },
  {
    "addresses": [],
    "box": [
      207,
      246,
      320,
      18
    ],
    "checked": false,
    "id": 272,
    "ner_xml": "<PER>Paneto</PER>, It. FLONDÉE,<CARDINAL>HT</CARDINAL>à\n",
    "origin": "computer",
    "parent": 260,
    "persons": [
      "Paneto"
    ],
    "text_ocr": "Paneto, It. FLONDÉE, HT à\n",
    "type": "ENTRY"
  },
  {
    "EOL": false,
    "box": [
      210,
      209,
      734,
      121
    ],
    "id": 275,
    "indented": true,
    "parent": 274,
    "text": "",
    "type": "LINE"
  },
  {
    "EOL": false,
    "box": [
      201,
      286,
      242,
      19
    ],
    "id": 276,
    "indented": false,
    "parent": 274,
    "text": "",
    "type": "LINE"
  },
  {
    "addresses": [
      {
        "street_name": "Ustat",
        "street_numbers": [
          "2"
        ]
      },
      {
        "street_name": "R.Gaïllon",
        "street_numbers": [
          "26"
        ]
      },
      {
        "street_name": "B,:Bérgère",
        "street_numbers": [
          "27",
          "19",
          "RS"
        ]
      },
      {
        "street_name": "Honpré",
        "street_numbers": [
          "57",
          "11"
        ]
      },
      {
        "street_name": "Guénégand",
        "street_numbers": [
          "31",
          "6"
        ]
      },
      {
        "street_name": "Césuti",
        "street_numbers": [
          "8",
          "20",
          "0"
        ]
      }
    ],
    "box": [
      201,
      209,
      743,
      121
    ],
    "checked": false,
    "id": 274,
    "ner_xml": "<LOC>Ustat</LOC>,<CARDINAL>2</CARDINAL>ou<PER>Deus à re</PER>.<PER>Bächer</PER>,<LOC>R.Gaïllon</LOC>,<CARDINAL>26</CARDINAL>, +,\"\nPathard,<LOC>B,:Bérgère</LOC>,<CARDINAL>27</CARDINAL>! © :®,<TITRE>: Robert</TITRE>.<PER>E. Bersère</PER>,<CARDINAL>19</CARDINAL>à se\nPankeo,<CARDINAL>RS</CARDINAL>.<LOC>Honpré</LOC>,<CARDINAL>57</CARDINAL>...  .  Roduwart,<TITRE>R. du Helder.22.</TITRE><CARDINAL>11</CARDINAL>: !\nea pre (cure) Re<LOC>Guénégand</LOC>,<CARDINAL>31</CARDINAL>.<PER>Ronsin (Mme) À. de Choisenl</PER>,<CARDINAL>6</CARDINAL>. :\niso!<PER>Sls,</PER>À<LOC>Césuti</LOC>,<CARDINAL>8</CARDINAL>. -.. Santerre {harnäckeur) ,<ACT>boulér, ën\nascal\"(.carossiér)</ACT>,<ACT>lroulev.</ACT><PER>Moûte Dépôt</PER>,<CARDINAL>20</CARDINAL>: 7 “<CARDINAL>0</CARDINAL>. à + à\n",
    "origin": "computer",
    "parent": 260,
    "persons": [
      "Deus à re",
      "Bächer",
      "E. Bersère",
      "Ronsin (Mme) À. de Choisenl",
      "Sls,",
      "Moûte Dépôt"
    ],
    "text_ocr": "Ustat, 2 ou Deus à re. Bächer, R.Gaïllon, 26, +,\"\nPathard, B,:Bérgère, 27! © :®,: Robert.E. Bersère, 19 à se\nPankeo, RS. Honpré, 57...  .  Roduwart, R. du Helder.22. 11: !\nea pre (cure) Re Guénégand, 31. Ronsin (Mme) À. de Choisenl, 6. :\niso! Sls, À Césuti, 8 . -.. Santerre {harnäckeur) , boulér, ën\nascal\"(.carossiér) , lroulev. Moûte Dépôt, 20: 7 “0. à + à\n",
    "type": "ENTRY"
  },
  {
    "EOL": false,
    "box": [
      210,
      294,
      359,
      43
    ],
    "id": 278,
    "indented": true,
    "parent": 277,
    "text": "",
    "type": "LINE"
  },
  {
    "addresses": [],
    "box": [
      210,
      294,
      359,
      43
    ],
    "checked": false,
    "id": 277,
    "ner_xml": "<PER>Pascal \"{</PER>carossiér) ,<ACT>lwoulev. Mont\nmartent</ACT>, Le St<CARDINAL>5</CARDINAL>u a\n",
    "origin": "computer",
    "parent": 260,
    "persons": [
      "Pascal \"{"
    ],
    "text_ocr": "Pascal \"{carossiér) , lwoulev. Mont\nmartent, Le St 5 u a\n",
    "type": "ENTRY"
  },
  {
    "EOL": false,
    "box": [
      203,
      326,
      353,
      37
    ],
    "id": 280,
    "indented": true,
    "parent": 279,
    "text": "",
    "type": "LINE"
  },
  {
    "addresses": [
      {
        "street_name": "BR.",
        "street_numbers": []
      },
      {
        "street_name": "dn Bacq",
        "street_numbers": [
          "67"
        ]
      }
    ],
    "box": [
      203,
      326,
      353,
      37
    ],
    "checked": false,
    "id": 279,
    "ner_xml": "<PER>peter ? Rés ET\nPelletier {</PER>car},<LOC>BR.</LOC><LOC>dn Bacq</LOC>,<CARDINAL>67</CARDINAL>.\n",
    "origin": "computer",
    "parent": 260,
    "persons": [
      "peter ? Rés ET\nPelletier {"
    ],
    "text_ocr": "peter ? Rés ET\nPelletier {car}, BR. dn Bacq, 67.\n",
    "type": "ENTRY"
  },
  {
    "EOL": false,
    "box": [
      210,
      316,
      734,
      77
    ],
    "id": 282,
    "indented": true,
    "parent": 281,
    "text": "",
    "type": "LINE"
  },
  {
    "EOL": false,
    "box": [
      197,
      381,
      747,
      73
    ],
    "id": 283,
    "indented": false,
    "parent": 281,
    "text": "",
    "type": "LINE"
  },
  {
    "addresses": [
      {
        "street_name": "Ré",
        "street_numbers": [
          "4",
          "67"
        ]
      },
      {
        "street_name": "Ru N' Ste",
        "street_numbers": []
      },
      {
        "street_name": "Catherine",
        "street_numbers": [
          "26",
          "1",
          "2"
        ]
      },
      {
        "street_name": "Anjou",
        "street_numbers": [
          "4",
          "48"
        ]
      },
      {
        "street_name": "Provence",
        "street_numbers": [
          "5"
        ]
      },
      {
        "street_name": "| Fontaine de Grenelle",
        "street_numbers": []
      }
    ],
    "box": [
      197,
      316,
      747,
      138
    ],
    "checked": false,
    "id": 281,
    "ner_xml": "<PER>tn EP Re te th\nCARTE</PER>,<LOC>Ré</LOC>it . ‘ LE.<CARDINAL>4</CARDINAL>Hé ne\n\nPeiletier À gars) R. a Bécq,<CARDINAL>67</CARDINAL>ee en SE ROess “ &amp;\nBars (<PER>our)</PER>,<LOC>Ru N' Ste</LOC>,<LOC>Catherine</LOC>,<CARDINAL>26</CARDINAL>. : Sinon Re N des Maths<CARDINAL>1</CARDINAL>à\n\nFan Genes del Areade,<CARDINAL>2</CARDINAL>. LE, A d'<LOC>Anjou</LOC>,<CARDINAL>4</CARDINAL>+<PER>Roële</PER>.\nPlus<ACT>À. de braenee Se .  lausin (earos}</ACT>,<TITRE>R. de Grénélle</TITRE>,<CARDINAL>48</CARDINAL>\n<PER>Püet</PER>,<TITRE>BR: de</TITRE><LOC>Provence</LOC>,<CARDINAL>5</CARDINAL>. ,<LOC>| Fontaine de Grenelle</LOC>.‘ |\n",
    "origin": "computer",
    "parent": 260,
    "persons": [
      "tn EP Re te th\nCARTE",
      "our)",
      "Roële",
      "Püet"
    ],
    "text_ocr": "tn EP Re te th\nCARTE, Ré it . ‘ LE. 4 Hé ne\n\nPeiletier À gars) R. a Bécq, 67 ee en SE ROess “ &\nBars (our), Ru N' Ste, Catherine, 26. : Sinon Re N des Maths 1 à\n\nFan Genes del Areade, 2. LE, A d'Anjou, 4 + Roële.\nPlus À. de braenee Se .  lausin (earos}, R. de Grénélle, 48\nPüet, BR: de Provence, 5. , | Fontaine de Grenelle.‘ |\n",
    "type": "ENTRY"
  },
  {
    "EOL": false,
    "box": [
      206,
      423,
      300,
      22
    ],
    "id": 285,
    "indented": true,
    "parent": 284,
    "text": "",
    "type": "LINE"
  },
  {
    "addresses": [],
    "box": [
      206,
      423,
      300,
      22
    ],
    "checked": false,
    "id": 284,
    "ner_xml": "<PER>Puet</PER>,<ACT>LB: detrotence</ACT>,<CARDINAL>3</CARDINAL>, |\n",
    "origin": "computer",
    "parent": 260,
    "persons": [
      "Puet"
    ],
    "text_ocr": "Puet, LB: detrotence ,3, |\n",
    "type": "ENTRY"
  },
  {
    "EOL": false,
    "box": [
      203,
      443,
      257,
      19
    ],
    "id": 287,
    "indented": true,
    "parent": 286,
    "text": "",
    "type": "LINE"
  },
  {
    "addresses": [],
    "box": [
      203,
      443,
      257,
      19
    ],
    "checked": false,
    "id": 286,
    "ner_xml": "“<PER>Prélôt, Et. L'eydean</PER>, EL, ”\n",
    "origin": "computer",
    "parent": 260,
    "persons": [
      "Prélôt, Et. L'eydean"
    ],
    "text_ocr": "“Prélôt, Et. L'eydean, EL, ”\n",
    "type": "ENTRY"
  },
  {
    "EOL": false,
    "box": [
      210,
      446,
      731,
      70
    ],
    "id": 289,
    "indented": true,
    "parent": 288,
    "text": "",
    "type": "LINE"
  },
  {
    "EOL": false,
    "box": [
      201,
      483,
      282,
      37
    ],
    "id": 290,
    "indented": false,
    "parent": 288,
    "text": "",
    "type": "LINE"
  },
  {
    "addresses": [
      {
        "street_name": "À. Soëfiert",
        "street_numbers": []
      },
      {
        "street_name": "#",
        "street_numbers": [
          "3"
        ]
      }
    ],
    "box": [
      201,
      446,
      740,
      74
    ],
    "checked": false,
    "id": 288,
    "ner_xml": "<PER>FETBIOL</PER>, El L'EYREAI Eire ut Re Hd R BV Se h\n\nQuenis (élrron) sk. dis Role<ACT>Ta DUR Bone</ACT>,<CARDINAL>32</CARDINAL>.\nce GREIOGs Igen<CARDINAL>5</CARDINAL>Li ion Qosnen KOras.<CARDINAL>1</CARDINAL>drgère,<CARDINAL>32</CARDINAL>.\"\nHR ÉrA. + SP Piorc auto<CARDINAL>2</CARDINAL>.<PER>+ Vetniot Léa. ).</PER><LOC>À. Soëfiert</LOC>,<LOC>#</LOC><CARDINAL>3</CARDINAL>.<PER>EH\n</PER>",
    "origin": "computer",
    "parent": 260,
    "persons": [
      "FETBIOL",
      "+ Vetniot Léa. ).",
      "EH\n"
    ],
    "text_ocr": "FETBIOL, El L'EYREAI Eire ut Re Hd R BV Se h\n\nQuenis (élrron) sk. dis Role Ta DUR Bone, 32.\nce GREIOGs Igen 5 Li ion Qosnen KOras. 1 drgère, 32.\"\nHR ÉrA. + SP Piorc auto 2. + Vetniot Léa. ). À. Soëfiert, #3. EH\n",
    "type": "ENTRY"
  },
  {
    "EOL": false,
    "box": [
      199,
      514,
      745,
      102
    ],
    "id": 292,
    "indented": true,
    "parent": 291,
    "text": "",
    "type": "LINE"
  },
  {
    "addresses": [
      {
        "street_name": "t face des Vic",
        "street_numbers": [
          "1"
        ]
      }
    ],
    "box": [
      199,
      514,
      745,
      102
    ],
    "checked": false,
    "id": 291,
    "ner_xml": " Éapiat (karnaéheur)s<LOC>t face des Vic</LOC>.<PER>Vidal</PER>charran<ACT>ÿ Re du Bacqg</ACT>,<TITRE>83.777\nRares un</TITRE>\"E pre ni LUE Vosgie *(cerassiér); À. Ménte des\nÆaps (charion),<PER>KE</PER>,<ACT>de Verheui,.46</ACT>. . Gapuéines,<ACT>Bu. Le 1\nbe PRÉ Re hr die eue me à pes ha\n\n</ACT>Se + PR<CARDINAL>1</CARDINAL>L n<PER>CRE un</PER>n\n",
    "origin": "computer",
    "parent": 260,
    "persons": [
      "Vidal",
      "KE",
      "CRE un"
    ],
    "text_ocr": " Éapiat (karnaéheur)s t face des Vic. Vidal charran ÿ Re du Bacqg, 83.777\nRares un \"E pre ni LUE Vosgie *(cerassiér); À. Ménte des\nÆaps (charion), KE, de Verheui,.46. . Gapuéines, Bu. Le 1\nbe PRÉ Re hr die eue me à pes ha\n\nSe + PR 1 L n CRE un n\n",
    "type": "ENTRY"
  },
  {
    "EOL": false,
    "box": [
      201,
      547,
      633,
      41
    ],
    "id": 294,
    "indented": true,
    "parent": 293,
    "text": "",
    "type": "LINE"
  },
  {
    "addresses": [
      {
        "street_name": "Capuéines",
        "street_numbers": [
          "6"
        ]
      }
    ],
    "box": [
      201,
      547,
      633,
      41
    ],
    "checked": false,
    "id": 293,
    "ner_xml": "<PER>Maps (charron)</PER>,<ACT>EH de Verñcuil</ACT>,,<CARDINAL>46</CARDINAL>.<LOC>Capuéines</LOC>,<CARDINAL>6</CARDINAL>,\n",
    "origin": "computer",
    "parent": 260,
    "persons": [
      "Maps (charron)"
    ],
    "text_ocr": "Maps (charron), EH de Verñcuil,, 46. Capuéines, 6,\n",
    "type": "ENTRY"
  },
  {
    "EOL": false,
    "box": [
      206,
      585,
      524,
      31
    ],
    "id": 296,
    "indented": true,
    "parent": 295,
    "text": "",
    "type": "LINE"
  },
  {
    "addresses": [],
    "box": [
      206,
      585,
      524,
      31
    ],
    "checked": false,
    "id": 295,
    "ner_xml": "RARE NE ESS TR EEE pr US\n",
    "origin": "computer",
    "parent": 260,
    "persons": [],
    "text_ocr": "RARE NE ESS TR EEE pr US\n",
    "type": "ENTRY"
  },
  {
    "box": [
      197,
      45,
      747,
      571
    ],
    "id": 260,
    "parent": 259,
    "type": "COLUMN_LEVEL_2"
  },
  {
    "box": [
      197,
      45,
      747,
      571
    ],
    "id": 259,
    "parent": 258,
    "type": "SECTION_LEVEL_2"
  },
  {
    "box": [
      197,
      45,
      747,
      571
    ],
    "id": 258,
    "parent": 257,
    "type": "COLUMN_LEVEL_1"
  },
  {
    "box": [
      108,
      45,
      836,
      571
    ],
    "id": 257,
    "parent": 256,
    "type": "SECTION_LEVEL_1"
  },
  {
    "EOL": false,
    "box": [
      195,
      629,
      74,
      25
    ],
    "id": 302,
    "indented": false,
    "parent": 301,
    "text": "",
    "type": "LINE"
  },
  {
    "addresses": [],
    "box": [
      195,
      629,
      74,
      25
    ],
    "checked": false,
    "id": 301,
    "ner_xml": "",
    "origin": "computer",
    "parent": 300,
    "persons": [],
    "text_ocr": "",
    "type": "ENTRY"
  },
  {
    "EOL": false,
    "box": [
      199,
      659,
      3,
      4
    ],
    "id": 304,
    "indented": true,
    "parent": 303,
    "text": "",
    "type": "LINE"
  },
  {
    "addresses": [],
    "box": [
      199,
      659,
      3,
      4
    ],
    "checked": false,
    "id": 303,
    "ner_xml": "",
    "origin": "computer",
    "parent": 300,
    "persons": [],
    "text_ocr": "",
    "type": "ENTRY"
  },
  {
    "EOL": false,
    "box": [
      191,
      629,
      748,
      75
    ],
    "id": 306,
    "indented": true,
    "parent": 305,
    "text": "",
    "type": "LINE"
  },
  {
    "EOL": false,
    "box": [
      203,
      686,
      737,
      63
    ],
    "id": 307,
    "indented": false,
    "parent": 305,
    "text": "",
    "type": "LINE"
  },
  {
    "EOL": false,
    "box": [
      201,
      746,
      743,
      75
    ],
    "id": 308,
    "indented": false,
    "parent": 305,
    "text": "",
    "type": "LINE"
  },
  {
    "addresses": [
      {
        "street_name": "À.:S. Denis",
        "street_numbers": [
          "188"
        ]
      },
      {
        "street_name": "Wétaf.-nouv. }\n+ passage des Pétits Perses ; ps Fa de Tharigay",
        "street_numbers": []
      }
    ],
    "box": [
      191,
      629,
      753,
      192
    ],
    "checked": false,
    "id": 305,
    "ner_xml": "<PER>DO OT et Le er ! pur</PER>tes\nhat An<PER>SDTÉS ET SOTRIES.{</PER><PER>Mianenawns DE)!\n5 Anwaôrs mm.</PER><CARDINAL>5</CARDINAL>.<TITRE>Denis</TITRE>;<CARDINAL>138</CARDINAL>.<PER>Chauvin</PER>,<TITRE>R: Thibauthodé.rx</TITRE>…\n‘Autber,<ACT>RS bent</ACT>,<CARDINAL>277</CARDINAL>no<PER>Chetdeville et ommip</PER>:<LOC>À.:S. Denis</LOC>,<CARDINAL>188</CARDINAL>:\n <PER>Aabinems et Pluchdi (éfatuceantés) Chetavard {</PER>mianuf<LOC>Wétaf.-nouv. }\n+ passage des Pétits Perses ; ps Fa de Tharigay</LOC><PER>Ÿ Lo, ?\n</PER>“Bérber ( d'<ACT>étoffes }'</ACT>,<PER>Ki</PER>, des. Bour- \" Corhie et<ACT>comp. { étmffes }</ACT>,<PER>Pal. di\nte nada</PER>ne UN ae tn A NC 5 A\n",
    "origin": "computer",
    "parent": 300,
    "persons": [
      "DO OT et Le er ! pur",
      "SDTÉS ET SOTRIES.{",
      "Mianenawns DE)!\n5 Anwaôrs mm.",
      "Chauvin",
      "Chetdeville et ommip",
      "Aabinems et Pluchdi (éfatuceantés) Chetavard {",
      "Ÿ Lo, ?\n",
      "Ki",
      "Pal. di\nte nada"
    ],
    "text_ocr": "DO OT et Le er ! pur tes\nhat An SDTÉS ET SOTRIES.{ Mianenawns DE)!\n5 Anwaôrs mm. 5. Denis; 138. Chauvin, R: Thibauthodé.rx …\n‘Autber, RS bent, 277 no Chetdeville et ommip:À.:S. Denis, 188:\n Aabinems et Pluchdi (éfatuceantés) Chetavard { mianuf Wétaf.-nouv. }\n+ passage des Pétits Perses ; ps Fa de Tharigay Ÿ Lo, ?\n“Bérber ( d'étoffes }', Ki, des. Bour- \" Corhie et comp. { étmffes }, Pal. di\nte nada ne UN ae tn A NC 5 A\n",
    "type": "ENTRY"
  },
  {
    "EOL": false,
    "box": [
      190,
      808,
      229,
      18
    ],
    "id": 310,
    "indented": true,
    "parent": 309,
    "text": "",
    "type": "LINE"
  },
  {
    "addresses": [
      {
        "street_name": "AFS 5\n",
        "street_numbers": []
      }
    ],
    "box": [
      190,
      808,
      229,
      18
    ],
    "checked": false,
    "id": 309,
    "ner_xml": "A Ho OS,<LOC>AFS 5\n</LOC>",
    "origin": "computer",
    "parent": 300,
    "persons": [],
    "text_ocr": "A Ho OS, AFS 5\n",
    "type": "ENTRY"
  },
  {
    "EOL": false,
    "box": [
      191,
      807,
      751,
      88
    ],
    "id": 312,
    "indented": true,
    "parent": 311,
    "text": "",
    "type": "LINE"
  },
  {
    "addresses": [],
    "box": [
      191,
      807,
      751,
      88
    ],
    "checked": false,
    "id": 311,
    "ner_xml": "\"<PER>Ahomnoigs, Arr ser to ot Er: Ga</PER>,<PER>LP RES des</PER>!\nDisney (en<PER>Mottbe EE Denis,308 David ( #.B: L. };</PER><PER>R'Ér dus Petit\n\n</PER>.<PER>Basleit Guislaih it.</PER>désroureires34 Champs &amp;.4n Or.“ «\n\n Begul;- RS: ttlenis :.<PER>Gé Bâtave</PER><CARDINAL>18</CARDINAL>, !<PER>Délasalle</PER>,<ACT>jeune,\" RE ‘Cr, dés Petits\nnn 7 y ass nn tds bn Bo NE ee\n</ACT>",
    "origin": "computer",
    "parent": 300,
    "persons": [
      "Ahomnoigs, Arr ser to ot Er: Ga",
      "LP RES des",
      "Mottbe EE Denis,308 David ( #.B: L. };",
      "R'Ér dus Petit\n\n",
      "Basleit Guislaih it.",
      "Gé Bâtave",
      "Délasalle"
    ],
    "text_ocr": "\"Ahomnoigs, Arr ser to ot Er: Ga, LP RES des !\nDisney (en Mottbe EE Denis,308 David ( #.B: L. }; R'Ér dus Petit\n\n. Basleit Guislaih it. désroureires34 Champs &.4n Or.“ «\n\n Begul;- RS: ttlenis :. Gé Bâtave 18, ! Délasalle, jeune,\" RE ‘Cr, dés Petits\nnn 7 y ass nn tds bn Bo NE ee\n",
    "type": "ENTRY"
  },
  {
    "EOL": false,
    "box": [
      190,
      885,
      754,
      178
    ],
    "id": 314,
    "indented": true,
    "parent": 313,
    "text": "",
    "type": "LINE"
  },
  {
    "addresses": [
      {
        "street_name": "Rue",
        "street_numbers": [
          "8",
          "26"
        ]
      },
      {
        "street_name": "enis",
        "street_numbers": [
          "128"
        ]
      },
      {
        "street_name": "Bondow {de Baÿde:",
        "street_numbers": []
      },
      {
        "street_name": "place des Vicioités",
        "street_numbers": [
          "4"
        ]
      }
    ],
    "box": [
      190,
      885,
      754,
      178
    ],
    "checked": false,
    "id": 313,
    "ner_xml": "Berger { Alex: pari ee PRE var A Ghips,<ACT>SEE ee at\n\nBérard hide P'Arbrésec Die:</ACT>Ci<PER>Demaisonnense</PER>@.},<CARDINAL>RS</CARDINAL>.<PER>Denis</PER>,<ACT>tof.\n\nBemen (2x bonté)</ACT>;<TITRE>Be S. Dents</TITRE>,<CARDINAL>20</CARDINAL>.<CARDINAL>Bahage 2</CARDINAL>Boufouse ‘et comp.<LOC>Rue</LOC>’<CARDINAL>8</CARDINAL>.\n<PER>TBiéer( Péralfes j.n. du Per Pont</PER>,<CARDINAL>26</CARDINAL>,<LOC>enis</LOC>,<CARDINAL>128</CARDINAL>: sue.\ncasques<TITRE>: &lt;</TITRE>'<PER>Phévenot</PER>,<ACT>8.5 ac: Damont</ACT>,<PER>R ‘des’ Foséés S Gérmait-\n</PER>&lt;Boura (en bnité)s Se Denise aff d'Auxerrois,<ACT>atteste\ncBonaud etromp”; RS; Honoré! 364 FiHiv (HE; QE éGp: Cétoffes</ACT>,\n,<LOC>Bondow {de Baÿde:</LOC>sie<PER>A.R5 dei</PER>.<LOC>place des Vicioités</LOC>,<CARDINAL>4</CARDINAL>2,7\nLE Monndie carie ch EL ruturr<PER>Futneytéraéts D des fodrdonnoté\n</PER>",
    "origin": "computer",
    "parent": 300,
    "persons": [
      "Demaisonnense",
      "Denis",
      "TBiéer( Péralfes j.n. du Per Pont",
      "Phévenot",
      "R ‘des’ Foséés S Gérmait-\n",
      "A.R5 dei",
      "Futneytéraéts D des fodrdonnoté\n"
    ],
    "text_ocr": "Berger { Alex: pari ee PRE var A Ghips, SEE ee at\n\nBérard hide P'Arbrésec Die: Ci Demaisonnense @.}, RS. Denis , tof.\n\nBemen (2x bonté); Be S. Dents, 20. Bahage 2 Boufouse ‘et comp. Rue’ 8.\nTBiéer( Péralfes j.n. du Per Pont, 26, enis, 128: sue.\ncasques: <'Phévenot, 8.5 ac: Damont, R ‘des’ Foséés S Gérmait-\n<Boura (en bnité)s Se Denise aff d'Auxerrois, atteste\ncBonaud etromp”; RS; Honoré! 364 FiHiv (HE; QE éGp: Cétoffes,\n, Bondow {de Baÿde: sie A.R5 dei. place des Vicioités, 4 2,7\nLE Monndie carie ch EL ruturr Futneytéraéts D des fodrdonnoté\n",
    "type": "ENTRY"
  },
  {
    "EOL": false,
    "box": [
      189,
      1025,
      753,
      80
    ],
    "id": 316,
    "indented": true,
    "parent": 315,
    "text": "",
    "type": "LINE"
  },
  {
    "EOL": false,
    "box": [
      197,
      1127,
      299,
      23
    ],
    "id": 317,
    "indented": false,
    "parent": 315,
    "text": "",
    "type": "LINE"
  },
  {
    "addresses": [
      {
        "street_name": "place des Viéloifes.",
        "street_numbers": [
          "4,3",
          "2",
          "5",
          "FRE"
        ]
      }
    ],
    "box": [
      189,
      1025,
      753,
      125
    ],
    "checked": false,
    "id": 315,
    "ner_xml": ",<PER>Sondog (qe asie sue He Ge</PER>.<LOC>place des Viéloifes.</LOC>,<CARDINAL>4,3</CARDINAL>.<CARDINAL>2</CARDINAL>!\n\nLà eMonnaidsears<CARDINAL>5</CARDINAL>‘8 in<TITRE>EN ï te</TITRE>Entey(éraftes Hi am hortermoié. g\nL. Arr: rex (ex'<ACT>boite),.</ACT>À Germ Oui<ACT>tétaff: e\n\n‘ ARE me re en Le R CN PRET “\n\n| axpenter &amp;i Flenry (éroffés ) jE.</ACT><TITRE>S. :</TITRE><PER>Gosse Coñ botte JS RES Denis</PER>.<PER>Hg. :\n\nccggsienatrieney</PER>Café)<CARDINAL>FRE</CARDINAL>Gosse Conbale je RES Denis Hi\n",
    "origin": "computer",
    "parent": 300,
    "persons": [
      "Sondog (qe asie sue He Ge",
      "Gosse Coñ botte JS RES Denis",
      "Hg. :\n\nccggsienatrieney"
    ],
    "text_ocr": ", Sondog (qe asie sue He Ge. place des Viéloifes., 4,3. 2!\n\nLà eMonnaidsears 5 ‘8 in EN ï te Entey(éraftes Hi am hortermoié. g\nL. Arr: rex (ex'boite),.À Germ Oui tétaff: e\n\n‘ ARE me re en Le R CN PRET “\n\n| axpenter &i Flenry (éroffés ) jE. S. : Gosse Coñ botte JS RES Denis. Hg. :\n\nccggsienatrieney Café) FRE Gosse Conbale je RES Denis Hi\n",
    "type": "ENTRY"
  },
  {
    "EOL": false,
    "box": [
      199,
      1091,
      744,
      169
    ],
    "id": 319,
    "indented": true,
    "parent": 318,
    "text": "",
    "type": "LINE"
  },
  {
    "EOL": false,
    "box": [
      191,
      1246,
      751,
      88
    ],
    "id": 320,
    "indented": false,
    "parent": 318,
    "text": "",
    "type": "LINE"
  },
  {
    "addresses": [
      {
        "street_name": "Cañbotie YL RES Denis iQ. |\ngi sen Per sue sil Éngont epnt  ar in\nCardio 6e Léo or nublèsies | Rde la Munmoias Kg",
        "street_numbers": [
          "129",
          "R. des-Carimes",
          "38",
          "51",
          "358"
        ]
      }
    ],
    "box": [
      191,
      1091,
      752,
      243
    ],
    "checked": false,
    "id": 318,
    "ner_xml": "<PER>es TR EE RE D Un ce</PER>AR ET\n: tier à Flenry (éroffés ) j'<TITRE>R.: S.</TITRE>Gosse<LOC>Cañbotie YL RES Denis iQ. |\ngi sen Per sue sil Éngont epnt  ar in\nCardio 6e Léo or nublèsies | Rde la Munmoias Kg</LOC>:\nA SA ne Mort ee gap: du Gros\nChmbes<TITRE>Con ae en pay\n“</TITRE><PER>Héhambert ( Cenaros) A Thé Hinarin('étoffes. al aonreané..} Pal\nRETURN Et a</PER>Ep Be\n- ÆCharbant, H,.<PER>S.Hoyeré. ‘</PER><CARDINAL>129</CARDINAL>.<PER>© - JubértBupin</PER>,<CARDINAL>R. des-Carimes</CARDINAL><CARDINAL>38</CARDINAL>. ‘|\n: ne)<PER>Chietmol)s bd</PER>,<PER>La ea Vitiene</PER>,<ACT>é\n</ACT>.<PER>Fosés Monteur</PER>,<CARDINAL>51</CARDINAL>,<PER>Lesomie (en Botia}; US. Denie.</PER><CARDINAL>358</CARDINAL>\n",
    "origin": "computer",
    "parent": 300,
    "persons": [
      "es TR EE RE D Un ce",
      "Héhambert ( Cenaros) A Thé Hinarin('étoffes. al aonreané..} Pal\nRETURN Et a",
      "S.Hoyeré. ‘",
      "© - JubértBupin",
      "Chietmol)s bd",
      "La ea Vitiene",
      "Fosés Monteur",
      "Lesomie (en Botia}; US. Denie."
    ],
    "text_ocr": "es TR EE RE D Un ce AR ET\n: tier à Flenry (éroffés ) j'R.: S. Gosse Cañbotie YL RES Denis iQ. |\ngi sen Per sue sil Éngont epnt  ar in\nCardio 6e Léo or nublèsies | Rde la Munmoias Kg:\nA SA ne Mort ee gap: du Gros\nChmbes Con ae en pay\n“Héhambert ( Cenaros) A Thé Hinarin('étoffes. al aonreané..} Pal\nRETURN Et a Ep Be\n- ÆCharbant, H,.S.Hoyeré. ‘129. © - JubértBupin , R. des-Carimes 38. ‘|\n: ne) Chietmol)s bd, La ea Vitiene, é\n. Fosés Monteur, 51, Lesomie (en Botia}; US. Denie. 358\n",
    "type": "ENTRY"
  },
  {
    "box": [
      187,
      629,
      757,
      705
    ],
    "id": 300,
    "parent": 299,
    "type": "COLUMN_LEVEL_2"
  },
  {
    "box": [
      187,
      629,
      757,
      705
    ],
    "id": 299,
    "parent": 298,
    "type": "SECTION_LEVEL_2"
  },
  {
    "box": [
      187,
      629,
      757,
      705
    ],
    "id": 298,
    "parent": 297,
    "type": "COLUMN_LEVEL_1"
  },
  {
    "box": [
      108,
      629,
      836,
      705
    ],
    "id": 297,
    "parent": 256,
    "type": "SECTION_LEVEL_1"
  },
  {
    "box": [
      108,
      0,
      836,
      1347
    ],
    "id": 256,
    "type": "PAGE"
  }
]
