[
  {
    "EOL": false,
    "box": [
      111,
      45,
      599,
      52
    ],
    "id": 262,
    "indented": false,
    "parent": 261,
    "text": "",
    "type": "LINE"
  },
  {
    "addresses": [
      {
        "street_name": "Honoré",
        "street_numbers": [
          "256"
        ]
      }
    ],
    "box": [
      111,
      45,
      599,
      52
    ],
    "checked": false,
    "id": 261,
    "ner_xml": "| -.  ANon-bormimergans. (Parts,\nBertin,<ACT>À. 8</ACT>.<LOC>Honoré</LOC>,<CARDINAL>256</CARDINAL>.  : ..  Bonchy.<PER>R..de Proves\n</PER>",
    "origin": "computer",
    "parent": 260,
    "persons": [
      "R..de Proves\n"
    ],
    "text_ocr": "| -.  ANon-bormimergans. (Parts,\nBertin, À. 8. Honoré, 256.  : ..  Bonchy.R..de Proves\n",
    "type": "ENTRY"
  },
  {
    "EOL": false,
    "box": [
      113,
      83,
      333,
      34
    ],
    "id": 264,
    "indented": true,
    "parent": 263,
    "text": "",
    "type": "LINE"
  },
  {
    "addresses": [],
    "box": [
      113,
      83,
      333,
      34
    ],
    "checked": false,
    "id": 263,
    "ner_xml": "<PER>BOPURS Ne Se TS MUR ct\nBeriine</PER>,<ACT>Bi. de la Convention</ACT>,<CARDINAL>8</CARDINAL>. :,\n",
    "origin": "computer",
    "parent": 260,
    "persons": [
      "BOPURS Ne Se TS MUR ct\nBeriine"
    ],
    "text_ocr": "BOPURS Ne Se TS MUR ct\nBeriine, Bi. de la Convention , 8. :,\n",
    "type": "ENTRY"
  },
  {
    "EOL": false,
    "box": [
      111,
      118,
      345,
      21
    ],
    "id": 266,
    "indented": true,
    "parent": 265,
    "text": "",
    "type": "LINE"
  },
  {
    "addresses": [],
    "box": [
      111,
      118,
      345,
      21
    ],
    "checked": false,
    "id": 265,
    "ner_xml": "<PER>Hersobes</PER>, D. Montwuartré,<CARDINAL>190</CARDINAL>.\n",
    "origin": "computer",
    "parent": 260,
    "persons": [
      "Hersobes"
    ],
    "text_ocr": "Hersobes , D. Montwuartré, 190.\n",
    "type": "ENTRY"
  },
  {
    "EOL": false,
    "box": [
      111,
      138,
      347,
      19
    ],
    "id": 268,
    "indented": true,
    "parent": 267,
    "text": "",
    "type": "LINE"
  },
  {
    "addresses": [],
    "box": [
      111,
      138,
      347,
      19
    ],
    "checked": false,
    "id": 267,
    "ner_xml": "<PER>Bertrand, A</PER>,<ACT>ÿle</ACT>, Appuisne j'ai - :.\n",
    "origin": "computer",
    "parent": 260,
    "persons": [
      "Bertrand, A"
    ],
    "text_ocr": "Bertrand, A, ÿle, Appuisne j'ai - :.\n",
    "type": "ENTRY"
  },
  {
    "EOL": false,
    "box": [
      111,
      45,
      764,
      142
    ],
    "id": 270,
    "indented": true,
    "parent": 269,
    "text": "",
    "type": "LINE"
  },
  {
    "addresses": [
      {
        "street_name": "R jde Provçseo",
        "street_numbers": [
          "8"
        ]
      },
      {
        "street_name": "Bonitiers",
        "street_numbers": []
      },
      {
        "street_name": "Grande R. Verte",
        "street_numbers": [
          "0"
        ]
      },
      {
        "street_name": "A",
        "street_numbers": []
      },
      {
        "street_name": "Ste. Appuline ;a -",
        "street_numbers": []
      },
      {
        "street_name": "lEvèque 2x, : - ù no ttes\nBartrand",
        "street_numbers": []
      },
      {
        "street_name": "Denis",
        "street_numbers": [
          "39"
        ]
      },
      {
        "street_name": "Mont Parnasse",
        "street_numbers": [
          "0"
        ]
      }
    ],
    "box": [
      111,
      45,
      764,
      142
    ],
    "checked": false,
    "id": 269,
    "ner_xml": "| -.  ANon-Lormmeértans. (Paris,<CARDINAL>.</CARDINAL>367:\n<TITRE>Bertin</TITRE>,<CARDINAL>R. 8</CARDINAL>-Hemèré,<CARDINAL>256</CARDINAL>. : , Bon<LOC>R jde Provçseo</LOC>1 .e\"\nBeriina., B. de<PER>ls Convention</PER>,<CARDINAL>8</CARDINAL>.<PER>/, ,</PER>,<LOC>Bonitiers</LOC>,<LOC>Grande R. Verte</LOC>, , °°\n<PER>Kersolles ,</PER>,<TITRE>B.</TITRE>Montmartre , ï&amp;.<CARDINAL>0</CARDINAL>!<PER>Bouflers (Ve de }</PER>,<TITRE>B. de là ville\nBertrand</TITRE>,<LOC>A</LOC>,<LOC>Ste. Appuline ;a -</LOC>:,<LOC>lEvèque 2x, : - ù no ttes\nBartrand</LOC>, B. du faubes,<LOC>Denis</LOC>,<CARDINAL>39</CARDINAL>. »<PER>Bôné</PER>, “Router.<LOC>Mont Parnasse</LOC>,<CARDINAL>0</CARDINAL>. Le\nNE DO SR RS D DE ms\n",
    "origin": "computer",
    "parent": 260,
    "persons": [
      "ls Convention",
      "/, ,",
      "Kersolles ,",
      "Bouflers (Ve de }",
      "Bôné"
    ],
    "text_ocr": "| -.  ANon-Lormmeértans. (Paris, . 367:\nBertin, R. 8 -Hemèré, 256. : , Bon R jde Provçseo 1 .e\"\nBeriina., B. de ls Convention, 8. /, , , Bonitiers , Grande R. Verte, , °°\nKersolles ,,B. Montmartre , ï&. 0! Bouflers (Ve de }, B. de là ville\nBertrand, A, Ste. Appuline ;a - :, lEvèque 2x, : - ù no ttes\nBartrand, B. du faubes, Denis, 39. » Bôné, “Router. Mont Parnasse , 0. Le\nNE DO SR RS D DE ms\n",
    "type": "ENTRY"
  },
  {
    "EOL": false,
    "box": [
      112,
      177,
      324,
      20
    ],
    "id": 272,
    "indented": true,
    "parent": 271,
    "text": "",
    "type": "LINE"
  },
  {
    "addresses": [
      {
        "street_name": "Eù.",
        "street_numbers": []
      }
    ],
    "box": [
      112,
      177,
      324,
      20
    ],
    "checked": false,
    "id": 271,
    "ner_xml": "<TITRE>Beruie {de}</TITRE>,<ACT>sie érrenelle</ACT>,<LOC>Eù.</LOC>,\n",
    "origin": "computer",
    "parent": 260,
    "persons": [],
    "text_ocr": "Beruie {de}, sie érrenelle , Eù.,\n",
    "type": "ENTRY"
  },
  {
    "EOL": false,
    "box": [
      112,
      196,
      328,
      24
    ],
    "id": 274,
    "indented": true,
    "parent": 273,
    "text": "",
    "type": "LINE"
  },
  {
    "addresses": [
      {
        "street_name": "Rousseau",
        "street_numbers": [
          "5"
        ]
      }
    ],
    "box": [
      112,
      196,
      328,
      24
    ],
    "checked": false,
    "id": 273,
    "ner_xml": "<PER>Besuard</PER>,<ACT>H..</ACT>,<CARDINAL>3</CARDINAL>,<LOC>Rousseau</LOC>,<CARDINAL>5</CARDINAL>\n",
    "origin": "computer",
    "parent": 260,
    "persons": [
      "Besuard"
    ],
    "text_ocr": "Besuard, H.., 3, Rousseau , 5\n",
    "type": "ENTRY"
  },
  {
    "EOL": false,
    "box": [
      111,
      217,
      274,
      19
    ],
    "id": 276,
    "indented": true,
    "parent": 275,
    "text": "",
    "type": "LINE"
  },
  {
    "addresses": [
      {
        "street_name": "Helvétius",
        "street_numbers": [
          "20"
        ]
      }
    ],
    "box": [
      111,
      217,
      274,
      19
    ],
    "checked": false,
    "id": 275,
    "ner_xml": "<PER>Besson</PER>, it.<LOC>Helvétius</LOC>,<CARDINAL>20</CARDINAL>,  :\n",
    "origin": "computer",
    "parent": 260,
    "persons": [
      "Besson"
    ],
    "text_ocr": "Besson, it. Helvétius, 20,  :\n",
    "type": "ENTRY"
  },
  {
    "EOL": false,
    "box": [
      112,
      177,
      764,
      81
    ],
    "id": 278,
    "indented": true,
    "parent": 277,
    "text": "",
    "type": "LINE"
  },
  {
    "addresses": [
      {
        "street_name": "E9.,-40.  Benillac, &. d'Amboisesqg  ‘",
        "street_numbers": []
      },
      {
        "street_name": "Rousseau",
        "street_numbers": [
          "5"
        ]
      },
      {
        "street_name": "B-",
        "street_numbers": [
          "3",
          "38",
          "R."
        ]
      },
      {
        "street_name": "Helvétius",
        "street_numbers": [
          "25",
          "R."
        ]
      },
      {
        "street_name": "tt. delta Chaise",
        "street_numbers": [
          "3"
        ]
      }
    ],
    "box": [
      112,
      177,
      764,
      81
    ],
    "checked": false,
    "id": 277,
    "ner_xml": "<PER>art A Rae tsrenelle</PER>,<LOC>E9.,-40.  Benillac, &amp;. d'Amboisesqg  ‘</LOC>,\nBernard , KR: 5, J.<LOC>Rousseau</LOC>,<CARDINAL>5</CARDINAL>,  :  Bouillé { &amp;) ,<LOC>B-</LOC>dAgie<CARDINAL>3</CARDINAL><CARDINAL>38</CARDINAL>: -\n<PER>Besson</PER>,<CARDINAL>R.</CARDINAL><LOC>Helvétius</LOC>,<CARDINAL>25</CARDINAL>, + - ‘ .<PER>Boula-du Colombier</PER>,<CARDINAL>R.</CARDINAL>ultires 7e 5\n<PER>Bethune ( Mine. de}</PER>,<LOC>tt. delta Chaise</LOC>,<CARDINAL>3</CARDINAL>.<PER>Boula Mougodefroy, { Ve. )R. Vendô- -\n</PER>",
    "origin": "computer",
    "parent": 260,
    "persons": [
      "art A Rae tsrenelle",
      "Besson",
      "Boula-du Colombier",
      "Bethune ( Mine. de}",
      "Boula Mougodefroy, { Ve. )R. Vendô- -\n"
    ],
    "text_ocr": "art A Rae tsrenelle, E9.,-40.  Benillac, &. d'Amboisesqg  ‘ ,\nBernard , KR: 5, J. Rousseau ,5,  :  Bouillé { &) , B- dAgie 3 38: -\nBesson, R. Helvétius, 25, + - ‘ . Boula-du Colombier ,R. ultires 7e 5\nBethune ( Mine. de}, tt. delta Chaise, 3. Boula Mougodefroy, { Ve. )R. Vendô- -\n",
    "type": "ENTRY"
  },
  {
    "EOL": false,
    "box": [
      112,
      257,
      506,
      31
    ],
    "id": 280,
    "indented": true,
    "parent": 279,
    "text": "",
    "type": "LINE"
  },
  {
    "addresses": [
      {
        "street_name": "Qisliauime",
        "street_numbers": []
      },
      {
        "street_name": "IE",
        "street_numbers": [
          "2",
          "1"
        ]
      }
    ],
    "box": [
      112,
      257,
      506,
      31
    ],
    "checked": false,
    "id": 279,
    "ner_xml": "<PER>Bethune. À, à</PER>,<LOC>Qisliauime</LOC>,<ACT>%0.-l re</ACT>.<LOC>IE</LOC>,<CARDINAL>2</CARDINAL>\nEuh D<PER>Sisolin n° LE Houle</PER><CARDINAL>1</CARDINAL>An:\n",
    "origin": "computer",
    "parent": 260,
    "persons": [
      "Bethune. À, à",
      "Sisolin n° LE Houle"
    ],
    "text_ocr": "Bethune. À, à, Qisliauime, %0.-l re . IE, 2\nEuh D Sisolin n° LE Houle 1 An:\n",
    "type": "ENTRY"
  },
  {
    "EOL": false,
    "box": [
      111,
      277,
      219,
      18
    ],
    "id": 282,
    "indented": true,
    "parent": 281,
    "text": "",
    "type": "LINE"
  },
  {
    "addresses": [
      {
        "street_name": "K. Frealle",
        "street_numbers": [
          "2"
        ]
      }
    ],
    "box": [
      111,
      277,
      219,
      18
    ],
    "checked": false,
    "id": 281,
    "ner_xml": "heibz,<LOC>K. Frealle</LOC>,<CARDINAL>2</CARDINAL>,.\n",
    "origin": "computer",
    "parent": 260,
    "persons": [],
    "text_ocr": "heibz, K. Frealle ,2,.\n",
    "type": "ENTRY"
  },
  {
    "EOL": false,
    "box": [
      113,
      268,
      770,
      69
    ],
    "id": 284,
    "indented": true,
    "parent": 283,
    "text": "",
    "type": "LINE"
  },
  {
    "EOL": false,
    "box": [
      112,
      316,
      344,
      21
    ],
    "id": 285,
    "indented": false,
    "parent": 283,
    "text": "",
    "type": "LINE"
  },
  {
    "addresses": [
      {
        "street_name": "i Ve.) R.'des Billeues",
        "street_numbers": [
          "5"
        ]
      },
      {
        "street_name": "N.des Mathurins",
        "street_numbers": [
          "1",
          "19"
        ]
      }
    ],
    "box": [
      112,
      268,
      771,
      69
    ],
    "checked": false,
    "id": 283,
    "ner_xml": "<PER>Réthz</PER>, K. Pigalle,2. . , **  <PER>Foula,(August)R.de Grammont</PER>,<ACT>i°.</ACT>,\nBeuvron { Me.)<TITRE>R. de Grenelle</TITRE>,<CARDINAL>85.-0</CARDINAL>.<PER>Boulanger</PER>,<LOC>i Ve.) R.'des Billeues</LOC><CARDINAL>5</CARDINAL>. *\nBrrenval ,<ACT>H</ACT>,<LOC>N.des Mathurins</LOC><CARDINAL>1</CARDINAL>%  Roulor,<TITRE>R. Taïitbout</TITRE>.,<CARDINAL>19</CARDINAL>. Un\n",
    "origin": "computer",
    "parent": 260,
    "persons": [
      "Réthz",
      "Foula,(August)R.de Grammont",
      "Boulanger"
    ],
    "text_ocr": "Réthz , K. Pigalle,2. . , **  Foula,(August)R.de Grammont, i°. ,\nBeuvron { Me.) R. de Grenelle, 85.-0. Boulanger, i Ve.) R.'des Billeues 5. *\nBrrenval , H, N.des Mathurins 1%  Roulor, R. Taïitbout., 19. Un\n",
    "type": "ENTRY"
  },
  {
    "EOL": false,
    "box": [
      112,
      336,
      664,
      20
    ],
    "id": 287,
    "indented": true,
    "parent": 286,
    "text": "",
    "type": "LINE"
  },
  {
    "addresses": [
      {
        "street_name": "Honoré",
        "street_numbers": [
          "11"
        ]
      },
      {
        "street_name": "Boully",
        "street_numbers": [
          "10"
        ]
      }
    ],
    "box": [
      112,
      336,
      664,
      20
    ],
    "checked": false,
    "id": 286,
    "ner_xml": "<PER>biancourt (de)... du E. 5</PER>.<LOC>Honoré</LOC>,<CARDINAL>11</CARDINAL>%:,<LOC>Boully</LOC>,<PER>K. d'Antin</PER>,<CARDINAL>10</CARDINAL>,\n",
    "origin": "computer",
    "parent": 260,
    "persons": [
      "biancourt (de)... du E. 5",
      "K. d'Antin"
    ],
    "text_ocr": "biancourt (de)... du E. 5. Honoré, 11%:, Boully, K. d'Antin, 10,\n",
    "type": "ENTRY"
  },
  {
    "EOL": false,
    "box": [
      113,
      334,
      769,
      72
    ],
    "id": 289,
    "indented": true,
    "parent": 288,
    "text": "",
    "type": "LINE"
  },
  {
    "addresses": [
      {
        "street_name": "Honoré",
        "street_numbers": [
          "1"
        ]
      },
      {
        "street_name": "Boully",
        "street_numbers": [
          "R.",
          "RS",
          "1"
        ]
      },
      {
        "street_name": "N. du Luxembonez",
        "street_numbers": [
          "6"
        ]
      },
      {
        "street_name": "Thermes.",
        "street_numbers": []
      }
    ],
    "box": [
      113,
      334,
      769,
      72
    ],
    "checked": false,
    "id": 288,
    "ner_xml": "<PER>Biancourt (de),R. du F. 5</PER>.<LOC>Honoré</LOC>,<CARDINAL>1</CARDINAL>%,<LOC>Boully</LOC>,<CARDINAL>R.</CARDINAL>d'Antin,<ACT>20,17\".\nBiançourt</ACT>,<CARDINAL>RS</CARDINAL>.<PER>Thowuäs du Louv.</PER><CARDINAL>1</CARDINAL>.<PER>Bouquillard, R</PER>,<LOC>N. du Luxembonez</LOC>,<CARDINAL>6</CARDINAL>. -\nBidault ,<TITRE>R. d'Éufer</TITRE>+ 2ü: =<LOC>Thermes.</LOC><PER>Bourder</PER>, { Ve.)<TITRE>R. Croix. des Petits:\n</TITRE>",
    "origin": "computer",
    "parent": 260,
    "persons": [
      "Biancourt (de),R. du F. 5",
      "Thowuäs du Louv.",
      "Bouquillard, R",
      "Bourder"
    ],
    "text_ocr": "Biancourt (de),R. du F. 5. Honoré, 1%, Boully, R. d'Antin, 20,17\".\nBiançourt, RS. Thowuäs du Louv. 1. Bouquillard, R, N. du Luxembonez, 6. -\nBidault , R. d'Éufer + 2ü: = Thermes. Bourder, { Ve.) R. Croix. des Petits:\n",
    "type": "ENTRY"
  },
  {
    "EOL": false,
    "box": [
      112,
      377,
      346,
      20
    ],
    "id": 291,
    "indented": true,
    "parent": 290,
    "text": "",
    "type": "LINE"
  },
  {
    "addresses": [],
    "box": [
      112,
      377,
      346,
      20
    ],
    "checked": false,
    "id": 290,
    "ner_xml": "<PER>Bidault</PER>,<ACT>K. æ£ufer</ACT>,<CARDINAL>20</CARDINAL>. — {hertmes.\n",
    "origin": "computer",
    "parent": 260,
    "persons": [
      "Bidault"
    ],
    "text_ocr": "Bidault ,K. æ£ufer, 20. — {hertmes.\n",
    "type": "ENTRY"
  },
  {
    "EOL": false,
    "box": [
      112,
      396,
      361,
      20
    ],
    "id": 293,
    "indented": true,
    "parent": 292,
    "text": "",
    "type": "LINE"
  },
  {
    "addresses": [
      {
        "street_name": "Poissonniere",
        "street_numbers": [
          "1h"
        ]
      }
    ],
    "box": [
      112,
      396,
      361,
      20
    ],
    "checked": false,
    "id": 292,
    "ner_xml": "<PER>Biñermann</PER>,<ACT>bonlev</ACT>,<LOC>Poissonniere</LOC>,<CARDINAL>1h</CARDINAL>.\n",
    "origin": "computer",
    "parent": 260,
    "persons": [
      "Biñermann"
    ],
    "text_ocr": "Biñermann , bonlev, Poissonniere , 1h.\n",
    "type": "ENTRY"
  },
  {
    "EOL": false,
    "box": [
      112,
      417,
      311,
      20
    ],
    "id": 295,
    "indented": true,
    "parent": 294,
    "text": "",
    "type": "LINE"
  },
  {
    "addresses": [],
    "box": [
      112,
      417,
      311,
      20
    ],
    "checked": false,
    "id": 294,
    "ner_xml": "<PER>Hienaituéë</PER>,<ACT>Ll'lace dits Voszes</ACT>,<PER>©:\n</PER>",
    "origin": "computer",
    "parent": 260,
    "persons": [
      "Hienaituéë",
      "©:\n"
    ],
    "text_ocr": "Hienaituéë, Ll'lace dits Voszes , ©:\n",
    "type": "ENTRY"
  },
  {
    "EOL": false,
    "box": [
      113,
      436,
      318,
      20
    ],
    "id": 297,
    "indented": true,
    "parent": 296,
    "text": "",
    "type": "LINE"
  },
  {
    "addresses": [],
    "box": [
      113,
      436,
      318,
      20
    ],
    "checked": false,
    "id": 296,
    "ner_xml": "<PER>Higotini</PER>,<TITRE>R. dela Micliodière</TITRE>,<CARDINAL>0</CARDINAL>.\n",
    "origin": "computer",
    "parent": 260,
    "persons": [
      "Higotini"
    ],
    "text_ocr": "Higotini , R. dela Micliodière , 0.\n",
    "type": "ENTRY"
  },
  {
    "EOL": false,
    "box": [
      114,
      397,
      761,
      90
    ],
    "id": 299,
    "indented": true,
    "parent": 298,
    "text": "",
    "type": "LINE"
  },
  {
    "addresses": [
      {
        "street_name": "Poissontiere",
        "street_numbers": [
          "19"
        ]
      },
      {
        "street_name": "Champs",
        "street_numbers": [
          "50",
          "6"
        ]
      },
      {
        "street_name": "Choignil",
        "street_numbers": [
          "6"
        ]
      },
      {
        "street_name": "Montmartre",
        "street_numbers": [
          "112"
        ]
      }
    ],
    "box": [
      114,
      397,
      761,
      90
    ],
    "checked": false,
    "id": 298,
    "ner_xml": "<PER>Bidermabn</PER>, Ponlev,<LOC>Poissontiere</LOC>;<CARDINAL>19</CARDINAL>.<LOC>Champs</LOC>,<CARDINAL>50</CARDINAL>: a\nBienairué,<ACT>llace des Voszer</ACT>,<CARDINAL>6</CARDINAL>:<PER>Bourdillon, (David) H. de Buffanlt</PER>; 1x,\nHigotini ,<TITRE>A. dela Michôdière,6</TITRE>. .<PER>Bourdois</PER>, R, de<LOC>Choignil</LOC>,<CARDINAL>6</CARDINAL>.\nBilland ,<ACT>K, du fanb.</ACT><LOC>Montmartre</LOC>,<CARDINAL>112</CARDINAL>:<PER>Bourdon-Sigrais, | Ve.) 4.</PER>Ste, Croix,\nile VS D JeectPonir Modñmne +4 on T2 se «\n",
    "origin": "computer",
    "parent": 260,
    "persons": [
      "Bidermabn",
      "Bourdillon, (David) H. de Buffanlt",
      "Bourdois",
      "Bourdon-Sigrais, | Ve.) 4."
    ],
    "text_ocr": "Bidermabn , Ponlev, Poissontiere ; 19. Champs, 50 : a\nBienairué, llace des Voszer , 6: Bourdillon, (David) H. de Buffanlt; 1x,\nHigotini , A. dela Michôdière,6. . Bourdois, R, de Choignil, 6.\nBilland , K, du fanb. Montmartre, 112: Bourdon-Sigrais, | Ve.) 4. Ste, Croix,\nile VS D JeectPonir Modñmne +4 on T2 se «\n",
    "type": "ENTRY"
  },
  {
    "EOL": false,
    "box": [
      113,
      475,
      429,
      22
    ],
    "id": 301,
    "indented": true,
    "parent": 300,
    "text": "",
    "type": "LINE"
  },
  {
    "addresses": [],
    "box": [
      113,
      475,
      429,
      22
    ],
    "checked": false,
    "id": 300,
    "ner_xml": "<PER>Bilot( Ve. }</PER>, &amp;. des Trois Frères,<CARDINAL>13</CARDINAL>.,<CARDINAL>20</CARDINAL>.\n",
    "origin": "computer",
    "parent": 260,
    "persons": [
      "Bilot( Ve. }"
    ],
    "text_ocr": "Bilot( Ve. }, &. des Trois Frères, 13., 20.\n",
    "type": "ENTRY"
  },
  {
    "EOL": false,
    "box": [
      115,
      497,
      260,
      19
    ],
    "id": 303,
    "indented": true,
    "parent": 302,
    "text": "",
    "type": "LINE"
  },
  {
    "addresses": [
      {
        "street_name": "E",
        "street_numbers": [
          "5"
        ]
      }
    ],
    "box": [
      115,
      497,
      260,
      19
    ],
    "checked": false,
    "id": 302,
    "ner_xml": "<TITRE>titaut</TITRE>,<ACT>PI des Vospts</ACT>,<LOC>E</LOC><CARDINAL>5</CARDINAL>\n",
    "origin": "computer",
    "parent": 260,
    "persons": [],
    "text_ocr": "titaut, PI des Vospts, E 5\n",
    "type": "ENTRY"
  },
  {
    "EOL": false,
    "box": [
      115,
      516,
      275,
      20
    ],
    "id": 305,
    "indented": true,
    "parent": 304,
    "text": "",
    "type": "LINE"
  },
  {
    "addresses": [],
    "box": [
      115,
      516,
      275,
      20
    ],
    "checked": false,
    "id": 304,
    "ner_xml": "Bizard .<PER>R</PER>,<PER>J, J. Rousseau</PER>,<ACT>i?.\n</ACT>",
    "origin": "computer",
    "parent": 260,
    "persons": [
      "R",
      "J, J. Rousseau"
    ],
    "text_ocr": "Bizard . R,J, J. Rousseau, i?.\n",
    "type": "ENTRY"
  },
  {
    "EOL": false,
    "box": [
      114,
      484,
      769,
      83
    ],
    "id": 307,
    "indented": true,
    "parent": 306,
    "text": "",
    "type": "LINE"
  },
  {
    "addresses": [],
    "box": [
      114,
      484,
      769,
      83
    ],
    "checked": false,
    "id": 306,
    "ner_xml": "NS<ACT>CES ae</ACT>a Rd ue -\nBitsut,<ACT>PE des Vosges, x Rourdoë</ACT>,<CARDINAL>R. déGrenclle</CARDINAL>, 14.-—H.a0 BL\nBizard ,R,<TITRE>J</TITRE>,<PER>J.Ronseau in. :  - Bourgeon</PER>,<TITRE>R. de la Feuiltade</TITRE>,<CARDINAL>4</CARDINAL>|\nBisct-S-Germäin,<ACT>ri,</ACT>S Honoré »<CARDINAL>338</CARDINAL>.<PER>Bourgogne, (de) R. Neuvedi Lurëm— |\n\nnome CE EE . NA</PER>: .<PER>DR on</PER>4 ou.\n",
    "origin": "computer",
    "parent": 260,
    "persons": [
      "J.Ronseau in. :  - Bourgeon",
      "Bourgogne, (de) R. Neuvedi Lurëm— |\n\nnome CE EE . NA",
      "DR on"
    ],
    "text_ocr": "NS CES ae a Rd ue -\nBitsut, PE des Vosges, x Rourdoë,R. déGrenclle, 14.-—H.a0 BL\nBizard ,R, J, J.Ronseau in. :  - Bourgeon, R. de la Feuiltade , 4 |\nBisct-S-Germäin, ri, S Honoré » 338. Bourgogne, (de) R. Neuvedi Lurëm— |\n\nnome CE EE . NA: . DR on 4 ou.\n",
    "type": "ENTRY"
  },
  {
    "EOL": false,
    "box": [
      114,
      557,
      256,
      19
    ],
    "id": 309,
    "indented": true,
    "parent": 308,
    "text": "",
    "type": "LINE"
  },
  {
    "addresses": [],
    "box": [
      114,
      557,
      256,
      19
    ],
    "checked": false,
    "id": 308,
    "ner_xml": "<PER>Bisouart , EL Hèlvéisus</PER>,<CARDINAL>00</CARDINAL>.\n",
    "origin": "computer",
    "parent": 260,
    "persons": [
      "Bisouart , EL Hèlvéisus"
    ],
    "text_ocr": "Bisouart , EL Hèlvéisus , 00.\n",
    "type": "ENTRY"
  },
  {
    "EOL": false,
    "box": [
      114,
      559,
      767,
      50
    ],
    "id": 311,
    "indented": true,
    "parent": 310,
    "text": "",
    "type": "LINE"
  },
  {
    "addresses": [
      {
        "street_name": "Bai",
        "street_numbers": []
      },
      {
        "street_name": "pouieS. Deuis,8",
        "street_numbers": [
          "8"
        ]
      }
    ],
    "box": [
      114,
      559,
      767,
      50
    ],
    "checked": false,
    "id": 310,
    "ner_xml": "<PER>DieQuact , EL FAIVEISUS</PER>,<ACT>og. bourg</ACT>,<CARDINAL>6</CARDINAL>.<PER>PE\nBlanchard</PER>,<ACT>Hi</ACT>,<LOC>Bai</LOC>,<LOC>pouieS. Deuis,8</LOC>.<PER>Bonrgouin, ( Mlis.}</PER><CARDINAL>8</CARDINAL>.<PER>de Belle Cha\nHiannbac st us RAS Vino sn sn don À as tu de</PER>.\n",
    "origin": "computer",
    "parent": 260,
    "persons": [
      "DieQuact , EL FAIVEISUS",
      "PE\nBlanchard",
      "Bonrgouin, ( Mlis.}",
      "de Belle Cha\nHiannbac st us RAS Vino sn sn don À as tu de"
    ],
    "text_ocr": "DieQuact , EL FAIVEISUS , og. bourg , 6. PE\nBlanchard, Hi, Bai, pouieS. Deuis,8. Bonrgouin, ( Mlis.} 8. de Belle Cha\nHiannbac st us RAS Vino sn sn don À as tu de.\n",
    "type": "ENTRY"
  },
  {
    "EOL": false,
    "box": [
      114,
      597,
      464,
      22
    ],
    "id": 313,
    "indented": true,
    "parent": 312,
    "text": "",
    "type": "LINE"
  },
  {
    "addresses": [
      {
        "street_name": "R.de.",
        "street_numbers": []
      },
      {
        "street_name": "Vendome",
        "street_numbers": [
          "10",
          "22"
        ]
      }
    ],
    "box": [
      114,
      597,
      464,
      22
    ],
    "checked": false,
    "id": 312,
    "ner_xml": "<PER>Dianches { Viis )</PER>,<LOC>R.de.</LOC><LOC>Vendome</LOC>,<CARDINAL>10</CARDINAL>8e,<CARDINAL>22</CARDINAL>.\n",
    "origin": "computer",
    "parent": 260,
    "persons": [
      "Dianches { Viis )"
    ],
    "text_ocr": "Dianches { Viis ), R.de. Vendome, 10 8e, 22.\n",
    "type": "ENTRY"
  },
  {
    "EOL": false,
    "box": [
      114,
      616,
      302,
      20
    ],
    "id": 315,
    "indented": true,
    "parent": 314,
    "text": "",
    "type": "LINE"
  },
  {
    "addresses": [],
    "box": [
      114,
      616,
      302,
      20
    ],
    "checked": false,
    "id": 314,
    "ner_xml": "Blauuhet.,<PER>R,de L'ourven</PER>,<CARDINAL>235</CARDINAL>.\n",
    "origin": "computer",
    "parent": 260,
    "persons": [
      "R,de L'ourven"
    ],
    "text_ocr": "Blauuhet., R,de L'ourven, 235.\n",
    "type": "ENTRY"
  },
  {
    "EOL": false,
    "box": [
      114,
      635,
      361,
      23
    ],
    "id": 317,
    "indented": true,
    "parent": 316,
    "text": "",
    "type": "LINE"
  },
  {
    "addresses": [],
    "box": [
      114,
      635,
      361,
      23
    ],
    "checked": false,
    "id": 316,
    "ner_xml": "<PER>Planginy</PER>,<TITRE>R. Basse du Hemnpart ; bô</TITRE>.\n",
    "origin": "computer",
    "parent": 260,
    "persons": [
      "Planginy"
    ],
    "text_ocr": "Planginy, R. Basse du Hemnpart ; bô.\n",
    "type": "ENTRY"
  },
  {
    "EOL": false,
    "box": [
      114,
      610,
      765,
      93
    ],
    "id": 319,
    "indented": true,
    "parent": 318,
    "text": "",
    "type": "LINE"
  },
  {
    "addresses": [
      {
        "street_name": "S$. Honvré",
        "street_numbers": [
          "7",
          "36"
        ]
      },
      {
        "street_name": "réntin",
        "street_numbers": [
          "11"
        ]
      }
    ],
    "box": [
      114,
      610,
      765,
      93
    ],
    "checked": false,
    "id": 318,
    "ner_xml": "<TITRE>Blanchet</TITRE>,<PER>R, de Tournon</PER>,<ACT>‘25.</ACT>°<PER>© Bourgüignon, ( Charles ÿ</PER>À. N. Daine\nPlanginy,<TITRE>R. Basse du Hempart</TITRE>;<CARDINAL>68</CARDINAL>. des Vicioires,<ACT>3h pe sors</ACT>,\nBlerey père ,<CARDINAL>8</CARDINAL>, du Coq<LOC>S$. Honvré</LOC>,<ACT>3.7 Bourét (dame Verclay), &amp;.</ACT>°<CARDINAL>7</CARDINAL><PER>Flo\n</PER>Pet ; À. de Lille ;,<CARDINAL>36</CARDINAL>. : ‘° ‘'.,<LOC>réntin</LOC>,<CARDINAL>11</CARDINAL>.<PER>LOU\n</PER>",
    "origin": "computer",
    "parent": 260,
    "persons": [
      "R, de Tournon",
      "© Bourgüignon, ( Charles ÿ",
      "Flo\n",
      "LOU\n"
    ],
    "text_ocr": "Blanchet, R, de Tournon , ‘25. ° © Bourgüignon, ( Charles ÿ À. N. Daine\nPlanginy, R. Basse du Hempart; 68. des Vicioires, 3h pe sors,\nBlerey père , 8, du Coq S$. Honvré, 3.7 Bourét (dame Verclay), &.° 7 Flo\nPet ; À. de Lille ;, 36. : ‘° ‘'., réntin, 11. LOU\n",
    "type": "ENTRY"
  },
  {
    "EOL": false,
    "box": [
      114,
      676,
      261,
      20
    ],
    "id": 321,
    "indented": true,
    "parent": 320,
    "text": "",
    "type": "LINE"
  },
  {
    "addresses": [],
    "box": [
      114,
      676,
      261,
      20
    ],
    "checked": false,
    "id": 320,
    "ner_xml": "<PER>Piel</PER>, BR. de Lille ;<CARDINAL>36</CARDINAL>.\n",
    "origin": "computer",
    "parent": 260,
    "persons": [
      "Piel"
    ],
    "text_ocr": "Piel, BR. de Lille ; 36.\n",
    "type": "ENTRY"
  },
  {
    "EOL": false,
    "box": [
      114,
      689,
      339,
      33
    ],
    "id": 323,
    "indented": true,
    "parent": 322,
    "text": "",
    "type": "LINE"
  },
  {
    "addresses": [],
    "box": [
      114,
      689,
      339,
      33
    ],
    "checked": false,
    "id": 322,
    "ner_xml": "",
    "origin": "computer",
    "parent": 260,
    "persons": [],
    "text_ocr": "",
    "type": "ENTRY"
  },
  {
    "EOL": false,
    "box": [
      114,
      717,
      275,
      20
    ],
    "id": 325,
    "indented": true,
    "parent": 324,
    "text": "",
    "type": "LINE"
  },
  {
    "addresses": [],
    "box": [
      114,
      717,
      275,
      20
    ],
    "checked": false,
    "id": 324,
    "ner_xml": "<PER>Ein, (J delEentée</PER>,<CARDINAL>20</CARDINAL>\n",
    "origin": "computer",
    "parent": 260,
    "persons": [
      "Ein, (J delEentée"
    ],
    "text_ocr": "Ein, (J delEentée, 20\n",
    "type": "ENTRY"
  },
  {
    "EOL": false,
    "box": [
      114,
      738,
      304,
      24
    ],
    "id": 327,
    "indented": true,
    "parent": 326,
    "text": "",
    "type": "LINE"
  },
  {
    "addresses": [],
    "box": [
      114,
      738,
      304,
      24
    ],
    "checked": false,
    "id": 326,
    "ner_xml": "<PER>SH</PER>,<ACT>ii. ©. INicaise ; Le</ACT>,\n",
    "origin": "computer",
    "parent": 260,
    "persons": [
      "SH"
    ],
    "text_ocr": "SH, ii. ©. INicaise ; Le,\n",
    "type": "ENTRY"
  },
  {
    "EOL": false,
    "box": [
      114,
      758,
      280,
      19
    ],
    "id": 329,
    "indented": true,
    "parent": 328,
    "text": "",
    "type": "LINE"
  },
  {
    "addresses": [],
    "box": [
      114,
      758,
      280,
      19
    ],
    "checked": false,
    "id": 328,
    "ner_xml": "<PER>Bin</PER>,<TITRE>A:</TITRE>Lepeijeljer,<TITRE>J.  :\n</TITRE>",
    "origin": "computer",
    "parent": 260,
    "persons": [
      "Bin"
    ],
    "text_ocr": "Bin , A: Lepeijeljer, J.  :\n",
    "type": "ENTRY"
  },
  {
    "EOL": false,
    "box": [
      114,
      775,
      334,
      26
    ],
    "id": 331,
    "indented": true,
    "parent": 330,
    "text": "",
    "type": "LINE"
  },
  {
    "addresses": [],
    "box": [
      114,
      775,
      334,
      26
    ],
    "checked": false,
    "id": 330,
    "ner_xml": "<PER>Bloudel'</PER>,<PER>Hide Varennes:</PER>,<CARDINAL>16</CARDINAL>, :\n",
    "origin": "computer",
    "parent": 260,
    "persons": [
      "Bloudel'",
      "Hide Varennes:"
    ],
    "text_ocr": "Bloudel', Hide Varennes:, 16, :\n",
    "type": "ENTRY"
  },
  {
    "EOL": false,
    "box": [
      114,
      797,
      259,
      20
    ],
    "id": 333,
    "indented": true,
    "parent": 332,
    "text": "",
    "type": "LINE"
  },
  {
    "addresses": [
      {
        "street_name": "Taithout.",
        "street_numbers": [
          "25"
        ]
      }
    ],
    "box": [
      114,
      797,
      259,
      20
    ],
    "checked": false,
    "id": 332,
    "ner_xml": "<PER>Blondel, À</PER>,<LOC>Taithout.</LOC><CARDINAL>25</CARDINAL>,\n",
    "origin": "computer",
    "parent": 260,
    "persons": [
      "Blondel, À"
    ],
    "text_ocr": "Blondel, À, Taithout. 25,\n",
    "type": "ENTRY"
  },
  {
    "EOL": false,
    "box": [
      116,
      817,
      293,
      19
    ],
    "id": 335,
    "indented": true,
    "parent": 334,
    "text": "",
    "type": "LINE"
  },
  {
    "addresses": [],
    "box": [
      116,
      817,
      293,
      19
    ],
    "checked": false,
    "id": 334,
    "ner_xml": "<PER>Hlusseviile, K. S. Hunôré</PER>,<CARDINAL>2402</CARDINAL>,\n",
    "origin": "computer",
    "parent": 260,
    "persons": [
      "Hlusseviile, K. S. Hunôré"
    ],
    "text_ocr": "Hlusseviile, K. S. Hunôré, 2402,\n",
    "type": "ENTRY"
  },
  {
    "EOL": false,
    "box": [
      116,
      680,
      766,
      292
    ],
    "id": 337,
    "indented": true,
    "parent": 336,
    "text": "",
    "type": "LINE"
  },
  {
    "addresses": [
      {
        "street_name": "Blanche",
        "street_numbers": [
          "20",
          "1",
          "11",
          "8",
          "5",
          "3",
          "837"
        ]
      },
      {
        "street_name": "Varennes",
        "street_numbers": [
          "16"
        ]
      },
      {
        "street_name": "Loi",
        "street_numbers": [
          "89",
          "R."
        ]
      },
      {
        "street_name": "Taithout",
        "street_numbers": [
          "25",
          "°"
        ]
      },
      {
        "street_name": "Denis",
        "street_numbers": [
          "1"
        ]
      },
      {
        "street_name": "Blosseville",
        "street_numbers": [
          "RS"
        ]
      },
      {
        "street_name": "Honéré",
        "street_numbers": [
          "202",
          "158"
        ]
      },
      {
        "street_name": "Mélée",
        "street_numbers": [
          "12",
          "8)"
        ]
      },
      {
        "street_name": "À. Phelipeinx",
        "street_numbers": [
          "2",
          "78"
        ]
      },
      {
        "street_name": "place des Victoirés",
        "street_numbers": [
          "5",
          "34",
          "77",
          "10"
        ]
      }
    ],
    "box": [
      116,
      680,
      766,
      292
    ],
    "checked": false,
    "id": 336,
    "ner_xml": "<PER>HIIEL, AL. 'De LAS , 30e iQ rentun</PER>,<CARDINAL>32</CARDINAL>.<PER>_ ue À\nBligny</PER>,<PER>K.des Bons Enfans ‘</PER><CARDINAL>28</CARDINAL>. * ‘*<PER>Boursault</PER>,<CARDINAL>TE</CARDINAL>.<LOC>Blanche</LOC>;<CARDINAL>20</CARDINAL>.<PER>|\nMin</PER>.<PER>Q. def'Ecolé</PER>,<ACT>abs, ‘ * -. *</ACT>,<PER>Roursier</PER>,<TITRE>R: du Sentier 1x.\" \"</TITRE><CARDINAL>1</CARDINAL>\". É\nBlia : ‘<CARDINAL>11</CARDINAL>.<CARDINAL>8</CARDINAL>.<PER>Nicaise ; eg</PER>,‘ ‘ Bousquet,<ACT>HR du Mail</ACT>,<CARDINAL>5</CARDINAL>. °°: |\":\n<PER>Blin , A Lepelletier</PER>,<CARDINAL>3</CARDINAL>.\" :<PER>© + Boutin père</PER>,<TITRE>R. dela Loi</TITRE>,<CARDINAL>837</CARDINAL>7 :\n<PER>Blondel’</PER>,<TITRE>H:de</TITRE><LOC>Varennes</LOC>,<CARDINAL>16</CARDINAL>, :<PER>Boutin fils. &amp; déla</PER><LOC>Loi</LOC><CARDINAL>89</CARDINAL>. tout\nBlondel,<CARDINAL>R.</CARDINAL><LOC>Taithout</LOC>,<CARDINAL>25</CARDINAL>,<CARDINAL>°</CARDINAL>Boütilber ,<TITRE>R. Basse P.S</TITRE>,<LOC>Denis</LOC>,<CARDINAL>1</CARDINAL>°.\"\n<LOC>Blosseville</LOC>,<CARDINAL>RS</CARDINAL>:<LOC>Honéré</LOC>,<CARDINAL>202</CARDINAL>. , .<PER>Boutrou</PER>,<PER>R.. Montmartre</PER>,<CARDINAL>158</CARDINAL>, +\nBockairy<TITRE>; R. Cr. des Petits Ghamps,23</TITRE>* Boutteville,<PER>R:S</PER>,<PER>Pierré ; g'1 \"2\n</PER>Boiliy,-n.<LOC>Mélée</LOC>,<CARDINAL>12</CARDINAL>. .. : + Boyard,<TITRE>R. du Gros Ghepet</TITRE>,<CARDINAL>8)</CARDINAL>, ©,\nRoislèger,<LOC>À. Phelipeinx</LOC>,<ACT>15.17. *</ACT>,<PER>Rod</PER>,<ACT>RUN, duLuxembourg</ACT>,<CARDINAL>2</CARDINAL>,\nBoivin ,<PER>R'de Ja Lot</PER>,<CARDINAL>78</CARDINAL>. .,<PER>+ Boyd, R. de Provence</PER>, Le US\nBonñis.<LOC>place des Victoirés</LOC>,<CARDINAL>5</CARDINAL>&lt; :<PER>Hôyel-Dieu ; { Mme.) À. Le peletier, gi .\n</PER>Lonier, É de Lussy ;<CARDINAL>34</CARDINAL>;<CARDINAL>77</CARDINAL>r ‘Boyer:<PER>Sanvetérre, (Mne.) KR</PER>,<ACT>de fa;\nBonn ER Nouve de le lantaine</ACT>,<CARDINAL>10</CARDINAL>-7<PER>Choice nn  * On Te tt #\n</PER>",
    "origin": "computer",
    "parent": 260,
    "persons": [
      "HIIEL, AL. 'De LAS , 30e iQ rentun",
      "_ ue À\nBligny",
      "K.des Bons Enfans ‘",
      "Boursault",
      "|\nMin",
      "Q. def'Ecolé",
      "Roursier",
      "Nicaise ; eg",
      "Blin , A Lepelletier",
      "© + Boutin père",
      "Blondel’",
      "Boutin fils. & déla",
      "Boutrou",
      "R.. Montmartre",
      "R:S",
      "Pierré ; g'1 \"2\n",
      "Rod",
      "R'de Ja Lot",
      "+ Boyd, R. de Provence",
      "Hôyel-Dieu ; { Mme.) À. Le peletier, gi .\n",
      "Sanvetérre, (Mne.) KR",
      "Choice nn  * On Te tt #\n"
    ],
    "text_ocr": "HIIEL, AL. 'De LAS , 30e iQ rentun, 32. _ ue À\nBligny, K.des Bons Enfans ‘28. * ‘* Boursault, TE. Blanche; 20. |\nMin. Q. def'Ecolé , abs, ‘ * -. *, Roursier, R: du Sentier 1x.\" \"1\". É\nBlia : ‘11. 8. Nicaise ; eg,‘ ‘ Bousquet, HR du Mail, 5. °°: |\":\nBlin , A Lepelletier, 3.\" : © + Boutin père, R. dela Loi, 837 7 :\nBlondel’, H:de Varennes, 16, : Boutin fils. & déla Loi 89. tout\nBlondel, R. Taithout, 25, ° Boütilber , R. Basse P.S, Denis, 1°.\"\nBlosseville, RS: Honéré, 202. , . Boutrou, R.. Montmartre, 158, +\nBockairy ; R. Cr. des Petits Ghamps,23* Boutteville, R:S, Pierré ; g'1 \"2\nBoiliy,-n. Mélée, 12. .. : + Boyard, R. du Gros Ghepet, 8), ©,\nRoislèger, À. Phelipeinx, 15.17. *, Rod, RUN, duLuxembourg, 2,\nBoivin , R'de Ja Lot, 78. ., + Boyd, R. de Provence, Le US\nBonñis. place des Victoirés ,5< : Hôyel-Dieu ; { Mme.) À. Le peletier, gi .\nLonier, É de Lussy ; 34; 77 r ‘Boyer: Sanvetérre, (Mne.) KR, de fa;\nBonn ER Nouve de le lantaine, 10 -7 Choice nn  * On Te tt #\n",
    "type": "ENTRY"
  },
  {
    "EOL": false,
    "box": [
      115,
      858,
      242,
      20
    ],
    "id": 339,
    "indented": true,
    "parent": 338,
    "text": "",
    "type": "LINE"
  },
  {
    "addresses": [
      {
        "street_name": "Melée",
        "street_numbers": [
          "12"
        ]
      }
    ],
    "box": [
      115,
      858,
      242,
      20
    ],
    "checked": false,
    "id": 338,
    "ner_xml": "Body \"in.<LOC>Melée</LOC>,<CARDINAL>12</CARDINAL>. .\n",
    "origin": "computer",
    "parent": 260,
    "persons": [],
    "text_ocr": "Body \"in. Melée, 12. .\n",
    "type": "ENTRY"
  },
  {
    "EOL": false,
    "box": [
      115,
      872,
      325,
      30
    ],
    "id": 341,
    "indented": true,
    "parent": 340,
    "text": "",
    "type": "LINE"
  },
  {
    "addresses": [],
    "box": [
      115,
      872,
      325,
      30
    ],
    "checked": false,
    "id": 340,
    "ner_xml": "<PER>Boisléger, À. Phehipeins</PER>,<CARDINAL>15,7</CARDINAL>.\n",
    "origin": "computer",
    "parent": 260,
    "persons": [
      "Boisléger, À. Phehipeins"
    ],
    "text_ocr": "Boisléger, À. Phehipeins, 15,7.\n",
    "type": "ENTRY"
  },
  {
    "EOL": false,
    "box": [
      115,
      898,
      231,
      20
    ],
    "id": 343,
    "indented": true,
    "parent": 342,
    "text": "",
    "type": "LINE"
  },
  {
    "addresses": [],
    "box": [
      115,
      898,
      231,
      20
    ],
    "checked": false,
    "id": 342,
    "ner_xml": "<PER>Boivin, &amp;'de ja Loi,78</PER>.\n",
    "origin": "computer",
    "parent": 260,
    "persons": [
      "Boivin, &'de ja Loi,78"
    ],
    "text_ocr": "Boivin, &'de ja Loi,78.\n",
    "type": "ENTRY"
  },
  {
    "EOL": false,
    "box": [
      116,
      914,
      332,
      27
    ],
    "id": 345,
    "indented": true,
    "parent": 344,
    "text": "",
    "type": "LINE"
  },
  {
    "addresses": [
      {
        "street_name": "Bouñis",
        "street_numbers": []
      },
      {
        "street_name": "place des Victoires",
        "street_numbers": [
          "5"
        ]
      }
    ],
    "box": [
      116,
      914,
      332,
      27
    ],
    "checked": false,
    "id": 344,
    "ner_xml": "<LOC>Bouñis</LOC>.<LOC>place des Victoires</LOC>,<CARDINAL>5</CARDINAL>+\n",
    "origin": "computer",
    "parent": 260,
    "persons": [],
    "text_ocr": "Bouñis. place des Victoires ,5+\n",
    "type": "ENTRY"
  },
  {
    "EOL": false,
    "box": [
      115,
      939,
      270,
      19
    ],
    "id": 347,
    "indented": true,
    "parent": 346,
    "text": "",
    "type": "LINE"
  },
  {
    "addresses": [],
    "box": [
      115,
      939,
      270,
      19
    ],
    "checked": false,
    "id": 346,
    "ner_xml": "<PER>Lonier</PER>, R, de Luasv,<CARDINAL>92</CARDINAL>:\n",
    "origin": "computer",
    "parent": 260,
    "persons": [
      "Lonier"
    ],
    "text_ocr": "Lonier, R, de Luasv, 92:\n",
    "type": "ENTRY"
  },
  {
    "EOL": false,
    "box": [
      116,
      958,
      359,
      22
    ],
    "id": 349,
    "indented": true,
    "parent": 348,
    "text": "",
    "type": "LINE"
  },
  {
    "addresses": [],
    "box": [
      116,
      958,
      359,
      22
    ],
    "checked": false,
    "id": 348,
    "ner_xml": "<PER>Bonin</PER>,<TITRE>R. Neuve de ia l'ontaine</TITRE>,<CARDINAL>12</CARDINAL>,\n",
    "origin": "computer",
    "parent": 260,
    "persons": [
      "Bonin"
    ],
    "text_ocr": "Bonin , R. Neuve de ia l'ontaine, 12,\n",
    "type": "ENTRY"
  },
  {
    "EOL": false,
    "box": [
      116,
      979,
      317,
      19
    ],
    "id": 351,
    "indented": true,
    "parent": 350,
    "text": "",
    "type": "LINE"
  },
  {
    "addresses": [],
    "box": [
      116,
      979,
      317,
      19
    ],
    "checked": false,
    "id": 350,
    "ner_xml": "Bonvecareré ,<TITRE>A:de</TITRE><PER>Miromémib..</PER>,\n",
    "origin": "computer",
    "parent": 260,
    "persons": [
      "Miromémib.."
    ],
    "text_ocr": "Bonvecareré , A:de Miromémib..,\n",
    "type": "ENTRY"
  },
  {
    "EOL": false,
    "box": [
      116,
      998,
      335,
      21
    ],
    "id": 353,
    "indented": true,
    "parent": 352,
    "text": "",
    "type": "LINE"
  },
  {
    "addresses": [],
    "box": [
      116,
      998,
      335,
      21
    ],
    "checked": false,
    "id": 352,
    "ner_xml": "<PER>Bonnefoi</PER>,<ACT>R des petites Ecuries</ACT>,<CARDINAL>7</CARDINAL>.\n",
    "origin": "computer",
    "parent": 260,
    "persons": [
      "Bonnefoi"
    ],
    "text_ocr": "Bonnefoi, R des petites Ecuries , 7.\n",
    "type": "ENTRY"
  },
  {
    "EOL": false,
    "box": [
      117,
      1018,
      356,
      20
    ],
    "id": 355,
    "indented": true,
    "parent": 354,
    "text": "",
    "type": "LINE"
  },
  {
    "addresses": [],
    "box": [
      117,
      1018,
      356,
      20
    ],
    "checked": false,
    "id": 354,
    "ner_xml": "<PER>Buonreurl</PER>,<ACT>faëbi Porssonaiëre</ACT>,<CARDINAL>9</CARDINAL>:,\n",
    "origin": "computer",
    "parent": 260,
    "persons": [
      "Buonreurl"
    ],
    "text_ocr": "Buonreurl, faëbi Porssonaiëre, 9:,\n",
    "type": "ENTRY"
  },
  {
    "EOL": false,
    "box": [
      119,
      960,
      759,
      167
    ],
    "id": 357,
    "indented": true,
    "parent": 356,
    "text": "",
    "type": "LINE"
  },
  {
    "addresses": [
      {
        "street_name": "12,7 - - Lhalse",
        "street_numbers": [
          "26"
        ]
      },
      {
        "street_name": "Ecuries",
        "street_numbers": [
          "7",
          "5"
        ]
      },
      {
        "street_name": "-Brancas",
        "street_numbers": []
      },
      {
        "street_name": "Planche",
        "street_numbers": [
          "84",
          "1"
        ]
      },
      {
        "street_name": "iqlét”4.detà Placi Vendôme",
        "street_numbers": [
          "1"
        ]
      },
      {
        "street_name": "Tuileries",
        "street_numbers": [
          "2"
        ]
      },
      {
        "street_name": "R'Favert",
        "street_numbers": [
          "8",
          "2°",
          "71"
        ]
      }
    ],
    "box": [
      119,
      960,
      759,
      167
    ],
    "checked": false,
    "id": 356,
    "ner_xml": "<PER>Boni</PER>,<ACT>à.</ACT>Neuve de la l'onlaine,<LOC>12,7 - - Lhalse</LOC>,<CARDINAL>26</CARDINAL>. Se\n\nBongecareré ,<PER>R:-de Miroménil.”</PER>,  :,<PER>Brale</PER>,<ACT>À. Campagne du bonletaril de</ACT>,\nBonnefoi, &amp; des petites<LOC>Ecuries</LOC>,<CARDINAL>7</CARDINAL>lObservatoère,<ACT>à &gt;</ACT>Je<ACT>te À\nBonneurl</ACT>,<ACT>faéb! Poisonnière ; 5e,</ACT>\"<PER>Brancas</PER>,<ACT>; À. Kéchechouart</ACT>,<CARDINAL>5</CARDINAL>ou\n\nHontems Yes fr. du Tribunat ,<ACT>ft</ACT>,<LOC>-Brancas</LOC>,<TITRE>R. dé. la</TITRE>,<LOC>Planche</LOC><CARDINAL>84</CARDINAL>: ‘<CARDINAL>1</CARDINAL>.\n\n<LOC>iqlét”4.detà Placi Vendôme</LOC>,<CARDINAL>1</CARDINAL>.\"<PER>Branchu</PER>, R.'Helvétins ; Bou 2\n\nBoduet fLoûisy; R,<ACT>du faub</ACT>.<PER>Poièsou Brancos,\"R. des V</PER>,<LOC>Tuileries</LOC>,<CARDINAL>2</CARDINAL>, à\n\naière D FU Ut Branson,<LOC>R'Favert</LOC>,<CARDINAL>8</CARDINAL>, -\"<CARDINAL>2°</CARDINAL>\"5\nun Lo\" eu AS EC ES ” Dar os D É L<CARDINAL>71</CARDINAL>\" oo\n",
    "origin": "computer",
    "parent": 260,
    "persons": [
      "Boni",
      "R:-de Miroménil.”",
      "Brale",
      "Brancas",
      "Branchu",
      "Poièsou Brancos,\"R. des V"
    ],
    "text_ocr": "Boni , à. Neuve de la l'onlaine, 12,7 - - Lhalse, 26. Se\n\nBongecareré , R:-de Miroménil.”,  :, Brale, À. Campagne du bonletaril de,\nBonnefoi, & des petites Ecuries, 7 lObservatoère, à > Je te À\nBonneurl, faéb! Poisonnière ; 5e,\" Brancas,; À. Kéchechouart, 5 ou\n\nHontems Yes fr. du Tribunat , ft, -Brancas, R. dé. la, Planche 84: ‘1.\n\niqlét”4.detà Placi Vendôme, 1.\" Branchu, R.'Helvétins ; Bou 2\n\nBoduet fLoûisy; R, du faub. Poièsou Brancos,\"R. des V, Tuileries, 2, à\n\naière D FU Ut Branson, R'Favert, 8, -\" 2° \"5\nun Lo\" eu AS EC ES ” Dar os D É L 71 \" oo\n",
    "type": "ENTRY"
  },
  {
    "EOL": false,
    "box": [
      119,
      1056,
      351,
      23
    ],
    "id": 359,
    "indented": true,
    "parent": 358,
    "text": "",
    "type": "LINE"
  },
  {
    "addresses": [],
    "box": [
      119,
      1056,
      351,
      23
    ],
    "checked": false,
    "id": 358,
    "ner_xml": "<PER>Hüduét de là Placé Vendôme</PER>,<ACT>fr.</ACT>\n",
    "origin": "computer",
    "parent": 260,
    "persons": [
      "Hüduét de là Placé Vendôme"
    ],
    "text_ocr": "Hüduét de là Placé Vendôme, fr.\n",
    "type": "ENTRY"
  },
  {
    "EOL": false,
    "box": [
      119,
      1077,
      364,
      40
    ],
    "id": 361,
    "indented": true,
    "parent": 360,
    "text": "",
    "type": "LINE"
  },
  {
    "addresses": [
      {
        "street_name": "Boquet Éloñis)",
        "street_numbers": []
      }
    ],
    "box": [
      119,
      1077,
      364,
      40
    ],
    "checked": false,
    "id": 360,
    "ner_xml": "<LOC>Boquet Éloñis)</LOC>, &amp;,<ACT>du faub</ACT>, Poisou-\nautre Dr u\n",
    "origin": "computer",
    "parent": 260,
    "persons": [],
    "text_ocr": "Boquet Éloñis), &, du faub, Poisou-\nautre Dr u\n",
    "type": "ENTRY"
  },
  {
    "EOL": false,
    "box": [
      119,
      1109,
      296,
      29
    ],
    "id": 363,
    "indented": true,
    "parent": 362,
    "text": "",
    "type": "LINE"
  },
  {
    "addresses": [],
    "box": [
      119,
      1109,
      296,
      29
    ],
    "checked": false,
    "id": 362,
    "ner_xml": "<PER>Bordier Hd Mail 6\n</PER>",
    "origin": "computer",
    "parent": 260,
    "persons": [
      "Bordier Hd Mail 6\n"
    ],
    "text_ocr": "Bordier Hd Mail 6\n",
    "type": "ENTRY"
  },
  {
    "EOL": false,
    "box": [
      119,
      1100,
      751,
      67
    ],
    "id": 365,
    "indented": true,
    "parent": 364,
    "text": "",
    "type": "LINE"
  },
  {
    "addresses": [],
    "box": [
      119,
      1100,
      751,
      67
    ],
    "checked": false,
    "id": 364,
    "ner_xml": "<CARDINAL>MÈRE 7</CARDINAL>de : .  Prauson,<ACT>ft favert,s</ACT>,\nDoier du M ue Dream Re Gale de\nHétu Béénérdivre SJ.<ACT>dela Lt</ACT>,<CARDINAL>93</CARDINAL>.<PER>Bremout, À do la Ferme des Mailin-\n</PER>",
    "origin": "computer",
    "parent": 260,
    "persons": [
      "Bremout, À do la Ferme des Mailin-\n"
    ],
    "text_ocr": "MÈRE 7 de : .  Prauson, ft favert,s,\nDoier du M ue Dream Re Gale de\nHétu Béénérdivre SJ. dela Lt, 93. Bremout, À do la Ferme des Mailin-\n",
    "type": "ENTRY"
  },
  {
    "EOL": false,
    "box": [
      117,
      1159,
      766,
      60
    ],
    "id": 367,
    "indented": true,
    "parent": 366,
    "text": "",
    "type": "LINE"
  },
  {
    "addresses": [],
    "box": [
      117,
      1159,
      766,
      60
    ],
    "checked": false,
    "id": 366,
    "ner_xml": "<PER>Boregard</PER>,<TITRE>E. des pétites Eturis</TITRE>,<CARDINAL>59</CARDINAL>.<PER>rIusS 2 “</PER>Tee\nEnt L Rép éral fa Gone Rroieuit, (de)<CARDINAL>8</CARDINAL>.<PER>Dominique</PER>,<PER>Sri\nEra Géhéral}E K Vla Gone à réieuits (de) &amp;.</PER><ACT>Dominique</ACT>, St\"\n",
    "origin": "computer",
    "parent": 260,
    "persons": [
      "Boregard",
      "rIusS 2 “",
      "Dominique",
      "Sri\nEra Géhéral}E K Vla Gone à réieuits (de) &."
    ],
    "text_ocr": "Boregard, E. des pétites Eturis, 59. rIusS 2 “ Tee\nEnt L Rép éral fa Gone Rroieuit, (de) 8. Dominique, Sri\nEra Géhéral}E K Vla Gone à réieuits (de) &. Dominique, St\"\n",
    "type": "ENTRY"
  },
  {
    "EOL": false,
    "box": [
      119,
      1200,
      326,
      41
    ],
    "id": 369,
    "indented": true,
    "parent": 368,
    "text": "",
    "type": "LINE"
  },
  {
    "addresses": [],
    "box": [
      119,
      1200,
      326,
      41
    ],
    "checked": false,
    "id": 368,
    "ner_xml": "<PER>RS En En +\n</PER>",
    "origin": "computer",
    "parent": 260,
    "persons": [
      "RS En En +\n"
    ],
    "text_ocr": "RS En En +\n",
    "type": "ENTRY"
  },
  {
    "EOL": false,
    "box": [
      118,
      1208,
      761,
      143
    ],
    "id": 371,
    "indented": true,
    "parent": 370,
    "text": "",
    "type": "LINE"
  },
  {
    "EOL": false,
    "box": [
      139,
      1347,
      21,
      4
    ],
    "id": 372,
    "indented": false,
    "parent": 370,
    "text": "",
    "type": "LINE"
  },
  {
    "addresses": [
      {
        "street_name": "Brerigéicres",
        "street_numbers": [
          "N"
        ]
      },
      {
        "street_name": "P.Champé",
        "street_numbers": [
          "45"
        ]
      },
      {
        "street_name": "N.des P.Ghamps",
        "street_numbers": [
          "45",
          "5"
        ]
      },
      {
        "street_name": "n ed\n",
        "street_numbers": [
          "1",
          "1 ere",
          "4"
        ]
      },
      {
        "street_name": "© 7%",
        "street_numbers": [
          "8"
        ]
      }
    ],
    "box": [
      118,
      1208,
      761,
      143
    ],
    "checked": false,
    "id": 370,
    "ner_xml": "feet<CARDINAL>RS HAEG</CARDINAL>ue 26e, + EE<LOC>Brerigéicres</LOC>,<CARDINAL>N</CARDINAL>, M-des<LOC>P.Champé</LOC>,<CARDINAL>45</CARDINAL>.\nHs<ACT>CRE Hire niGn, +</ACT>?<PER>V4 Breaigüicres</PER>, A<LOC>N.des P.Ghamps</LOC>,<CARDINAL>45</CARDINAL>.\n<CARDINAL>5</CARDINAL>seu; R Neuve d'Offians ja6e 1e | Bricefe NL du Mer<LOC>n ed\n</LOC><CARDINAL>1</CARDINAL>D<CARDINAL>1 ere</CARDINAL>s Ne<CARDINAL>4</CARDINAL>Montres Brihak barrière du Roule,<LOC>© 7%</LOC>\nPouchatd! #'AGib.<CARDINAL>8</CARDINAL>.<PER>actes</PER>,<PER>gi Britlôn:R</PER>, de<PER>Thorigor</PER>: an tes\nBouche SE QU GE<PER>EE Briflonde Hañmont</PER>,<ACT>Lies Brodents,10</ACT>,\nBinchéens he.  Vitique Sage Drillon, (Ve. R. des V,<PER>Audriates</PER>, de\n",
    "origin": "computer",
    "parent": 260,
    "persons": [
      "V4 Breaigüicres",
      "actes",
      "gi Britlôn:R",
      "Thorigor",
      "EE Briflonde Hañmont",
      "Audriates"
    ],
    "text_ocr": "feet RS HAEG ue 26e, + EE Brerigéicres, N, M-des P.Champé, 45.\nHs CRE Hire niGn, +? V4 Breaigüicres, A N.des P.Ghamps, 45.\n5 seu; R Neuve d'Offians ja6e 1e | Bricefe NL du Mer n ed\n1 D 1 ere s Ne 4 Montres Brihak barrière du Roule, © 7%\nPouchatd! #'AGib. 8. actes, gi Britlôn:R, de Thorigor : an tes\nBouche SE QU GE EE Briflonde Hañmont, Lies Brodents,10,\nBinchéens he.  Vitique Sage Drillon, (Ve. R. des V,Audriates, de\n",
    "type": "ENTRY"
  },
  {
    "box": [
      111,
      45,
      772,
      1306
    ],
    "id": 260,
    "parent": 259,
    "type": "COLUMN_LEVEL_2"
  },
  {
    "box": [
      111,
      45,
      772,
      1306
    ],
    "id": 259,
    "parent": 258,
    "type": "SECTION_LEVEL_2"
  },
  {
    "box": [
      111,
      45,
      772,
      1306
    ],
    "id": 258,
    "parent": 257,
    "type": "COLUMN_LEVEL_1"
  },
  {
    "box": [
      905,
      388,
      10,
      13
    ],
    "checked": false,
    "id": 374,
    "origin": "computer",
    "parent": 373,
    "text": "*\n",
    "type": "TITLE_LEVEL_2"
  },
  {
    "box": [
      905,
      702,
      10,
      21
    ],
    "checked": false,
    "id": 375,
    "origin": "computer",
    "parent": 373,
    "text": "",
    "type": "TITLE_LEVEL_2"
  },
  {
    "box": [
      905,
      739,
      10,
      24
    ],
    "checked": false,
    "id": 376,
    "origin": "computer",
    "parent": 373,
    "text": "",
    "type": "TITLE_LEVEL_2"
  },
  {
    "box": [
      905,
      1136,
      10,
      34
    ],
    "checked": false,
    "id": 377,
    "origin": "computer",
    "parent": 373,
    "text": "",
    "type": "TITLE_LEVEL_2"
  },
  {
    "box": [
      905,
      1241,
      10,
      10
    ],
    "checked": false,
    "id": 378,
    "origin": "computer",
    "parent": 373,
    "text": "",
    "type": "TITLE_LEVEL_2"
  },
  {
    "box": [
      905,
      45,
      10,
      1306
    ],
    "id": 373,
    "parent": 257,
    "type": "COLUMN_LEVEL_1"
  },
  {
    "box": [
      111,
      45,
      804,
      1306
    ],
    "id": 257,
    "parent": 256,
    "type": "SECTION_LEVEL_1"
  },
  {
    "box": [
      111,
      0,
      804,
      1351
    ],
    "id": 256,
    "type": "PAGE"
  }
]
