{
  "content": [
    {
      "EOL": false, 
      "box": [
        84, 
        114, 
        260, 
        25
      ], 
      "id": 262, 
      "indented": false, 
      "parent": 261, 
      "text": "", 
      "type": "LINE"
    }, 
    {
      "addresses": [], 
      "box": [
        84, 
        114, 
        260, 
        25
      ], 
      "checked": false, 
      "id": 261, 
      "ner_xml": "<PER>Honor\u00e9</PER>,<ACT>\u00c0. de Surennes</ACT>, .\n", 
      "origin": "computer", 
      "parent": 260, 
      "persons": [
        "Honor\u00e9"
      ], 
      "text_ocr": "Honor\u00e9 , \u00c0. de Surennes , .\n", 
      "type": "ENTRY"
    }, 
    {
      "EOL": false, 
      "box": [
        84, 
        70, 
        745, 
        112
      ], 
      "id": 264, 
      "indented": true, 
      "parent": 263, 
      "text": "", 
      "type": "LINE"
    }, 
    {
      "EOL": false, 
      "box": [
        99, 
        162, 
        69, 
        16
      ], 
      "id": 265, 
      "indented": false, 
      "parent": 263, 
      "text": "", 
      "type": "LINE"
    }, 
    {
      "addresses": [
        {
          "street_name": "Hauteville", 
          "street_numbers": [
            "22"
          ]
        }
      ], 
      "box": [
        84, 
        70, 
        745, 
        112
      ], 
      "checked": false, 
      "id": 263, 
      "ner_xml": "<PER>ee. PoncCorni\u00e9r\u00e9ens. (Par):</PER>: A1:\n\nHonor\u00e9 , R. de<PER>Sur\u00e9nues</PER>,<ACT>\u00a3 \u2018 Jose Va.)</ACT>,<TITRE>R. d'Orl\u00e9ans</TITRE>,<ACT>38.- Fin:</ACT>;\n<PER>Hoquart</PER>,<TITRE>R. de la Ferme des Mathu- Jouart</TITRE>, R<LOC>Hauteville</LOC>,<CARDINAL>22</CARDINAL>, LT\ntions le \u00e0 +. . *<PER>Jousteraod</PER>,<TITRE>des:</TITRE>Filles Saint=Tho :\n", 
      "origin": "computer", 
      "parent": 260, 
      "persons": [
        "ee. PoncCorni\u00e9r\u00e9ens. (Par):", 
        "Sur\u00e9nues", 
        "Hoquart", 
        "Jousteraod"
      ], 
      "text_ocr": "ee. PoncCorni\u00e9r\u00e9ens. (Par): : A1:\n\nHonor\u00e9 , R. de Sur\u00e9nues , \u00a3 \u2018 Jose Va.) , R. d'Orl\u00e9ans ,38.- Fin: ;\nHoquart, R. de la Ferme des Mathu- Jouart, R Hauteville, 22, LT\ntions le \u00e0 +. . * Jousteraod, des:Filles Saint=Tho :\n", 
      "type": "ENTRY"
    }, 
    {
      "EOL": false, 
      "box": [
        84, 
        162, 
        743, 
        74
      ], 
      "id": 267, 
      "indented": true, 
      "parent": 266, 
      "text": "", 
      "type": "LINE"
    }, 
    {
      "addresses": [
        {
          "street_name": "\u00b0 Midi", 
          "street_numbers": [
            "28"
          ]
        }
      ], 
      "box": [
        84, 
        162, 
        743, 
        74
      ], 
      "checked": false, 
      "id": 266, 
      "ner_xml": "<PER>rm , le</PER>x\u201c nt \"mas,<CARDINAL>15</CARDINAL><PER>MOBILE AONES METTRE DUR</PER>,<ACT>\u00e0\n\ndenaire (g\u00e9n\u00e9 Bonaparte</ACT>,<CARDINAL>3</CARDINAL>.<PER>\u00a9 MAS,15.,</PER>,<ACT>eo 0 &lt;&lt;\nre eg P are\u00bb 2e Juigo\u00e9{ Mas d\u00e9 )</ACT>,<CARDINAL>8</CARDINAL>. da Cherche\nnudilot des Euh &amp; Honor.<CARDINAL>84</CARDINAL>,<LOC>\u00b0 Midi</LOC>,<CARDINAL>28</CARDINAL>:<PER>PC ES\n</PER>", 
      "origin": "computer", 
      "parent": 260, 
      "persons": [
        "rm , le", 
        "MOBILE AONES METTRE DUR", 
        "\u00a9 MAS,15.,", 
        "PC ES\n"
      ], 
      "text_ocr": "rm , le x\u201c nt \"mas, 15 MOBILE AONES METTRE DUR, \u00e0\n\ndenaire (g\u00e9n\u00e9 Bonaparte, 3. \u00a9 MAS,15.,, eo 0 <<\nre eg P are\u00bb 2e Juigo\u00e9{ Mas d\u00e9 ), 8. da Cherche\nnudilot des Euh & Honor. 84, \u00b0 Midi, 28: PC ES\n", 
      "type": "ENTRY"
    }, 
    {
      "EOL": false, 
      "box": [
        84, 
        203, 
        282, 
        18
      ], 
      "id": 269, 
      "indented": true, 
      "parent": 268, 
      "text": "", 
      "type": "LINE"
    }, 
    {
      "addresses": [], 
      "box": [
        84, 
        203, 
        282, 
        18
      ], 
      "checked": false, 
      "id": 268, 
      "ner_xml": "<PER>Hotmaun. Hi. de M\u00e9nars</PER>,<CARDINAL>0</CARDINAL>.\n", 
      "origin": "computer", 
      "parent": 260, 
      "persons": [
        "Hotmaun. Hi. de M\u00e9nars"
      ], 
      "text_ocr": "Hotmaun. Hi. de M\u00e9nars , 0.\n", 
      "type": "ENTRY"
    }, 
    {
      "EOL": false, 
      "box": [
        84, 
        210, 
        352, 
        32
      ], 
      "id": 271, 
      "indented": true, 
      "parent": 270, 
      "text": "", 
      "type": "LINE"
    }, 
    {
      "addresses": [
        {
          "street_name": "Honor\u00e9", 
          "street_numbers": [
            "83"
          ]
        }
      ], 
      "box": [
        84, 
        210, 
        352, 
        32
      ], 
      "checked": false, 
      "id": 270, 
      "ner_xml": "ANR Se<CARDINAL>2</CARDINAL>&gt; on \u201d\n<PER>Houdelot p\u00e8te</PER>,<ACT>faub</ACT>. S,<LOC>Honor\u00e9</LOC>,<CARDINAL>83</CARDINAL>.\n", 
      "origin": "computer", 
      "parent": 260, 
      "persons": [
        "Houdelot p\u00e8te"
      ], 
      "text_ocr": "ANR Se 2 > on \u201d\nHoudelot p\u00e8te ,faub. S, Honor\u00e9, 83.\n", 
      "type": "ENTRY"
    }, 
    {
      "EOL": false, 
      "box": [
        85, 
        221, 
        766, 
        98
      ], 
      "id": 273, 
      "indented": true, 
      "parent": 272, 
      "text": "", 
      "type": "LINE"
    }, 
    {
      "addresses": [
        {
          "street_name": "Honor\u00e9", 
          "street_numbers": [
            "55"
          ]
        }, 
        {
          "street_name": "Vend\u00e4me", 
          "street_numbers": [
            "24", 
            "9", 
            "535"
          ]
        }, 
        {
          "street_name": "S. Honor\u00e9", 
          "street_numbers": [
            "4", 
            "55"
          ]
        }
      ], 
      "box": [
        85, 
        221, 
        766, 
        98
      ], 
      "checked": false, 
      "id": 272, 
      "ner_xml": "<PER>Houdelot p\u00e8re</PER>,<ACT>faub.</ACT>S,<LOC>Honor\u00e9</LOC>,<CARDINAL>55</CARDINAL>, se RS\n<PER>Houdeloi &amp;le</PER>,<ACT>faub.</ACT>S. Honor\u00e9<PER>.83.. \u2018Julien</PER>,<TITRE>R. Caumanin.\u201c \u201c</TITRE>.,<ACT>..</ACT> L\nHoudon ,<ACT>PI</ACT>,<LOC>Vend\u00e4me</LOC>,<CARDINAL>24</CARDINAL>.<PER>- Julien, RS.</PER><PER>Georges ee sn\nHoudrichon . R. de Louvois</PER>,<CARDINAL>9</CARDINAL>..<PER>Julien { Ye}.</PER><ACT>faub.</ACT>S. Honor\u00e9,<CARDINAL>535</CARDINAL>.\"\nHoulle,<TITRE>R. d'Anjou</TITRE><LOC>S. Honor\u00e9</LOC>,<CARDINAL>4</CARDINAL>.<PER>- Juilien ; R. G\u00e9rutty !</PER><CARDINAL>55</CARDINAL>.<PER>|\n</PER>", 
      "origin": "computer", 
      "parent": 260, 
      "persons": [
        "Houdelot p\u00e8re", 
        "Houdeloi &le", 
        ".83.. \u2018Julien", 
        "- Julien, RS.", 
        "Georges ee sn\nHoudrichon . R. de Louvois", 
        "Julien { Ye}.", 
        "- Juilien ; R. G\u00e9rutty !", 
        "|\n"
      ], 
      "text_ocr": "Houdelot p\u00e8re ,faub. S, Honor\u00e9, 55, se RS\nHoudeloi &le, faub. S. Honor\u00e9 .83.. \u2018Julien, R. Caumanin.\u201c \u201c.,..  L\nHoudon , PI, Vend\u00e4me ,24. - Julien, RS. Georges ee sn\nHoudrichon . R. de Louvois, 9.. Julien { Ye}. faub. S. Honor\u00e9, 535.\"\nHoulle, R. d'Anjou S. Honor\u00e9, 4. - Juilien ; R. G\u00e9rutty ! 55. |\n", 
      "type": "ENTRY"
    }, 
    {
      "EOL": false, 
      "box": [
        86, 
        262, 
        259, 
        19
      ], 
      "id": 275, 
      "indented": true, 
      "parent": 274, 
      "text": "", 
      "type": "LINE"
    }, 
    {
      "addresses": [
        {
          "street_name": "Houdos", 
          "street_numbers": []
        }, 
        {
          "street_name": "F1", 
          "street_numbers": []
        }, 
        {
          "street_name": "Vend\u00f4me", 
          "street_numbers": [
            "34"
          ]
        }
      ], 
      "box": [
        86, 
        262, 
        259, 
        19
      ], 
      "checked": false, 
      "id": 274, 
      "ner_xml": "<LOC>Houdos</LOC>,<LOC>F1</LOC>,<LOC>Vend\u00f4me</LOC>,<CARDINAL>34</CARDINAL>.\n", 
      "origin": "computer", 
      "parent": 260, 
      "persons": [], 
      "text_ocr": "Houdos , F1, Vend\u00f4me ,34.\n", 
      "type": "ENTRY"
    }, 
    {
      "EOL": false, 
      "box": [
        86, 
        281, 
        301, 
        19
      ], 
      "id": 277, 
      "indented": true, 
      "parent": 276, 
      "text": "", 
      "type": "LINE"
    }, 
    {
      "addresses": [], 
      "box": [
        86, 
        281, 
        301, 
        19
      ], 
      "checked": false, 
      "id": 276, 
      "ner_xml": "<PER>Houdrichon . K. de Lourois</PER>, \u2018..\n", 
      "origin": "computer", 
      "parent": 260, 
      "persons": [
        "Houdrichon . K. de Lourois"
      ], 
      "text_ocr": "Houdrichon . K. de Lourois , \u2018..\n", 
      "type": "ENTRY"
    }, 
    {
      "EOL": false, 
      "box": [
        86, 
        299, 
        348, 
        31
      ], 
      "id": 279, 
      "indented": true, 
      "parent": 278, 
      "text": "", 
      "type": "LINE"
    }, 
    {
      "addresses": [
        {
          "street_name": "Honor\u00e9", 
          "street_numbers": [
            "14"
          ]
        }
      ], 
      "box": [
        86, 
        299, 
        348, 
        31
      ], 
      "checked": false, 
      "id": 278, 
      "ner_xml": "<PER>Houlle</PER>,<TITRE>R. d'Anjou S</TITRE>,<LOC>Honor\u00e9</LOC><CARDINAL>14</CARDINAL>.\n", 
      "origin": "computer", 
      "parent": 260, 
      "persons": [
        "Houlle"
      ], 
      "text_ocr": "Houlle, R. d'Anjou S, Honor\u00e9 14 .\n", 
      "type": "ENTRY"
    }, 
    {
      "EOL": false, 
      "box": [
        86, 
        324, 
        305, 
        21
      ], 
      "id": 281, 
      "indented": true, 
      "parent": 280, 
      "text": "", 
      "type": "LINE"
    }, 
    {
      "addresses": [], 
      "box": [
        86, 
        324, 
        305, 
        21
      ], 
      "checked": false, 
      "id": 280, 
      "ner_xml": "<PER>Hovin</PER>,<ACT>faub.</ACT>S. Honor\u00e9, Gr. : :\n", 
      "origin": "computer", 
      "parent": 260, 
      "persons": [
        "Hovin"
      ], 
      "text_ocr": "Hovin , faub. S. Honor\u00e9, Gr. : :\n", 
      "type": "ENTRY"
    }, 
    {
      "EOL": false, 
      "box": [
        86, 
        344, 
        252, 
        19
      ], 
      "id": 283, 
      "indented": true, 
      "parent": 282, 
      "text": "", 
      "type": "LINE"
    }, 
    {
      "addresses": [
        {
          "street_name": "lLaubout", 
          "street_numbers": [
            "3"
          ]
        }
      ], 
      "box": [
        86, 
        344, 
        252, 
        19
      ], 
      "checked": false, 
      "id": 282, 
      "ner_xml": "<PER>Hubaert, R</PER>,<LOC>lLaubout</LOC>,<CARDINAL>3</CARDINAL>.\n", 
      "origin": "computer", 
      "parent": 260, 
      "persons": [
        "Hubaert, R"
      ], 
      "text_ocr": "Hubaert, R, lLaubout, 3.\n", 
      "type": "ENTRY"
    }, 
    {
      "EOL": false, 
      "box": [
        86, 
        309, 
        758, 
        90
      ], 
      "id": 285, 
      "indented": true, 
      "parent": 284, 
      "text": "", 
      "type": "LINE"
    }, 
    {
      "addresses": [
        {
          "street_name": "Taithour", 
          "street_numbers": [
            "3"
          ]
        }, 
        {
          "street_name": "\u00a9 .", 
          "street_numbers": [
            "7", 
            "36", 
            "11"
          ]
        }
      ], 
      "box": [
        86, 
        309, 
        758, 
        90
      ], 
      "checked": false, 
      "id": 284, 
      "ner_xml": "AR TE\nHovin ,<ACT>faub</ACT>,<CARDINAL>S.</CARDINAL>Hanor\u00e9, Gr. : \u2018\u201c \u2018Juliet,<ACT>B.dela Lune,57: : \u00e0, {\nHubaert</ACT>, BR.<LOC>Taithour</LOC>,<CARDINAL>3</CARDINAL>...<PER>Jimos</PER>,<TITRE>R. des Mathurins</TITRE>.<LOC>\u00a9 .</LOC><CARDINAL>7</CARDINAL>; :\nHubert-Thierry,<TITRE>R. du Four</TITRE>,<CARDINAL>36</CARDINAL>.<ACT>C.S</ACT>,<PER>Jumilhac</PER>,<ACT>\u00c0. de l'Universit\u00e9</ACT>, go \"|\nHub RU OU 6e  Tnlhnc R. Belle-Chase<CARDINAL>11</CARDINAL>...\n", 
      "origin": "computer", 
      "parent": 260, 
      "persons": [
        "Jimos", 
        "Jumilhac"
      ], 
      "text_ocr": "AR TE\nHovin , faub, S. Hanor\u00e9, Gr. : \u2018\u201c \u2018Juliet, B.dela Lune,57: : \u00e0, {\nHubaert, BR. Taithour, 3... Jimos , R. des Mathurins. \u00a9 . 7 ; :\nHubert-Thierry,R. du Four, 36. C.S, Jumilhac , \u00c0. de l'Universit\u00e9, go \"|\nHub RU OU 6e  Tnlhnc R. Belle-Chase 11...\n", 
      "type": "ENTRY"
    }, 
    {
      "EOL": false, 
      "box": [
        86, 
        385, 
        226, 
        19
      ], 
      "id": 287, 
      "indented": true, 
      "parent": 286, 
      "text": "", 
      "type": "LINE"
    }, 
    {
      "addresses": [], 
      "box": [
        86, 
        385, 
        226, 
        19
      ], 
      "checked": false, 
      "id": 286, 
      "ner_xml": "<PER>Huvrn\u00e9, KR</PER>.<PER>Lhapon</PER>,<ACT>t\u00e0.\n</ACT>", 
      "origin": "computer", 
      "parent": 260, 
      "persons": [
        "Huvrn\u00e9, KR", 
        "Lhapon"
      ], 
      "text_ocr": "Huvrn\u00e9, KR. Lhapon, t\u00e0.\n", 
      "type": "ENTRY"
    }, 
    {
      "EOL": false, 
      "box": [
        86, 
        390, 
        748, 
        107
      ], 
      "id": 289, 
      "indented": true, 
      "parent": 288, 
      "text": "", 
      "type": "LINE"
    }, 
    {
      "EOL": false, 
      "box": [
        104, 
        426, 
        141, 
        15
      ], 
      "id": 290, 
      "indented": false, 
      "parent": 288, 
      "text": "", 
      "type": "LINE"
    }, 
    {
      "addresses": [
        {
          "street_name": "AGP ee sm et os", 
          "street_numbers": [
            "56", 
            "R.", 
            "2"
          ]
        }, 
        {
          "street_name": "R.:S.'Eararo", 
          "street_numbers": []
        }
      ], 
      "box": [
        86, 
        390, 
        748, 
        107
      ], 
      "checked": false, 
      "id": 288, 
      "ner_xml": "<PER>MUTUEL,</PER>Et<LOC>AGP ee sm et os</LOC>Ed\n<PER>Huet ( Ve. }</PER>; R.<PER>Culture St\u00e9</PER>.<PER>Cathe- Keislein. Aide la Sourdi\u00e8ys tbe\nriue</PER>,<CARDINAL>56</CARDINAL>.<PER>- Fe u S Ke &amp; Fit ES</PER>es ci\n\nson,<CARDINAL>R.</CARDINAL>Thib:<CARDINAL>2</CARDINAL>.<PER>rk\u00e4do (Ve. }</PER>,<LOC>R.:S.'Eararo</LOC>,634.\u00eee 1\n<PER>Home, R. Dibautod\u00e9 +</PER>,<ACT>\u00ab</ACT>,<ACT>Kocsiusko {g\u00e9n\u00e9ral Polonois)</ACT><TITRE>:R. de:\ntu eo IN DE Vond\u00e9ns 2 la Folie Renaud ar oO su\n</TITRE>", 
      "origin": "computer", 
      "parent": 260, 
      "persons": [
        "MUTUEL,", 
        "Huet ( Ve. }", 
        "Culture St\u00e9", 
        "Cathe- Keislein. Aide la Sourdi\u00e8ys tbe\nriue", 
        "- Fe u S Ke & Fit ES", 
        "rk\u00e4do (Ve. }", 
        "Home, R. Dibautod\u00e9 +"
      ], 
      "text_ocr": "MUTUEL, Et AGP ee sm et os Ed\nHuet ( Ve. }; R. Culture St\u00e9. Cathe- Keislein. Aide la Sourdi\u00e8ys tbe\nriue, 56. - Fe u S Ke & Fit ES es ci\n\nson, R. Thib: 2 . rk\u00e4do (Ve. }, R.:S.'Eararo ,634.\u00eee 1\nHome, R. Dibautod\u00e9 +, \u00ab , Kocsiusko {g\u00e9n\u00e9ral Polonois) :R. de:\ntu eo IN DE Vond\u00e9ns 2 la Folie Renaud ar oO su\n", 
      "type": "ENTRY"
    }, 
    {
      "EOL": false, 
      "box": [
        88, 
        443, 
        299, 
        31
      ], 
      "id": 292, 
      "indented": true, 
      "parent": 291, 
      "text": "", 
      "type": "LINE"
    }, 
    {
      "addresses": [
        {
          "street_name": "Thibautod\u00e9", 
          "street_numbers": [
            "4"
          ]
        }
      ], 
      "box": [
        88, 
        443, 
        299, 
        31
      ], 
      "checked": false, 
      "id": 291, 
      "ner_xml": "<PER>Huron</PER>, .<LOC>Thibautod\u00e9</LOC>,<CARDINAL>4</CARDINAL>\n", 
      "origin": "computer", 
      "parent": 260, 
      "persons": [
        "Huron"
      ], 
      "text_ocr": "Huron , . Thibautod\u00e9 , 4\n", 
      "type": "ENTRY"
    }, 
    {
      "EOL": false, 
      "box": [
        88, 
        468, 
        204, 
        20
      ], 
      "id": 294, 
      "indented": true, 
      "parent": 293, 
      "text": "", 
      "type": "LINE"
    }, 
    {
      "addresses": [], 
      "box": [
        88, 
        468, 
        204, 
        20
      ], 
      "checked": false, 
      "id": 293, 
      "ner_xml": "<PER>Hulaine</PER>,<ACT>\u00c0. Helv\u00e9tius</ACT>.\n", 
      "origin": "computer", 
      "parent": 260, 
      "persons": [
        "Hulaine"
      ], 
      "text_ocr": "Hulaine , \u00c0. Helv\u00e9tius.\n", 
      "type": "ENTRY"
    }, 
    {
      "EOL": false, 
      "box": [
        88, 
        486, 
        329, 
        21
      ], 
      "id": 296, 
      "indented": true, 
      "parent": 295, 
      "text": "", 
      "type": "LINE"
    }, 
    {
      "addresses": [
        {
          "street_name": "Vend\u00f4me", 
          "street_numbers": [
            "32"
          ]
        }
      ], 
      "box": [
        88, 
        486, 
        329, 
        21
      ], 
      "checked": false, 
      "id": 295, 
      "ner_xml": "<PER>Hulin zen\u00e9ral }</PER>,<ACT>PE</ACT>,<LOC>Vend\u00f4me</LOC>,<CARDINAL>32</CARDINAL>.\n", 
      "origin": "computer", 
      "parent": 260, 
      "persons": [
        "Hulin zen\u00e9ral }"
      ], 
      "text_ocr": "Hulin zen\u00e9ral }, PE, Vend\u00f4me , 32.\n", 
      "type": "ENTRY"
    }, 
    {
      "EOL": false, 
      "box": [
        88, 
        489, 
        746, 
        83
      ], 
      "id": 298, 
      "indented": true, 
      "parent": 297, 
      "text": "", 
      "type": "LINE"
    }, 
    {
      "EOL": false, 
      "box": [
        105, 
        549, 
        97, 
        17
      ], 
      "id": 299, 
      "indented": false, 
      "parent": 297, 
      "text": "", 
      "type": "LINE"
    }, 
    {
      "addresses": [
        {
          "street_name": "Poissan- : Labassot (g\u00e9n\u00e9ral } + Hide Cobre\nm\u00e8re", 
          "street_numbers": [
            "105"
          ]
        }
      ], 
      "box": [
        88, 
        489, 
        746, 
        83
      ], 
      "checked": false, 
      "id": 297, 
      "ner_xml": "<PER>Hulin general)</PER>,<ACT>tt Te Korvemaun</ACT>, RS.<TITRE>Martin--#47</TITRE>,<ACT>. 6,2\nHulta \u00c9r\u00e9n\u00e9rat commandant la gardo : rentrer</ACT>, \u00c0 $. Georges.<PER>ee est\n</PER>,<ACT>imp\u00e9riale }, . da faub</ACT>,<LOC>Poissan- : Labassot (g\u00e9n\u00e9ral } + Hide Cobre\nm\u00e8re</LOC>,<CARDINAL>105</CARDINAL>Lu qques \u00c9BERETAE is ARR\n", 
      "origin": "computer", 
      "parent": 260, 
      "persons": [
        "Hulin general)", 
        "ee est\n"
      ], 
      "text_ocr": "Hulin general), tt Te Korvemaun , RS. Martin--#47, . 6,2\nHulta \u00c9r\u00e9n\u00e9rat commandant la gardo : rentrer, \u00c0 $. Georges. ee est\n, imp\u00e9riale }, . da faub, Poissan- : Labassot (g\u00e9n\u00e9ral } + Hide Cobre\nm\u00e8re, 105 Lu qques \u00c9BERETAE is ARR\n", 
      "type": "ENTRY"
    }, 
    {
      "EOL": false, 
      "box": [
        89, 
        554, 
        529, 
        32
      ], 
      "id": 301, 
      "indented": true, 
      "parent": 300, 
      "text": "", 
      "type": "LINE"
    }, 
    {
      "addresses": [
        {
          "street_name": "DICEE 4 EU >", 
          "street_numbers": []
        }, 
        {
          "street_name": "Le\n", 
          "street_numbers": []
        }
      ], 
      "box": [
        89, 
        554, 
        529, 
        32
      ], 
      "checked": false, 
      "id": 300, 
      "ner_xml": "<LOC>DICEE 4 EU &gt;</LOC>,\nHumbert<ACT>Desmaisons</ACT>,<PER>Grande R. Ta. celles</PER>,<LOC>Le\n</LOC>", 
      "origin": "computer", 
      "parent": 260, 
      "persons": [
        "Grande R. Ta. celles"
      ], 
      "text_ocr": "DICEE 4 EU >,\nHumbert Desmaisons, Grande R. Ta. celles, Le\n", 
      "type": "ENTRY"
    }, 
    {
      "EOL": false, 
      "box": [
        105, 
        588, 
        89, 
        16
      ], 
      "id": 303, 
      "indented": true, 
      "parent": 302, 
      "text": "", 
      "type": "LINE"
    }, 
    {
      "addresses": [], 
      "box": [
        105, 
        588, 
        89, 
        16
      ], 
      "checked": false, 
      "id": 302, 
      "ner_xml": "\"anne,<ACT>\u00e0.\n</ACT>", 
      "origin": "computer", 
      "parent": 260, 
      "persons": [], 
      "text_ocr": "\"anne, \u00e0.\n", 
      "type": "ENTRY"
    }, 
    {
      "EOL": false, 
      "box": [
        90, 
        606, 
        217, 
        18
      ], 
      "id": 305, 
      "indented": true, 
      "parent": 304, 
      "text": "", 
      "type": "LINE"
    }, 
    {
      "addresses": [], 
      "box": [
        90, 
        606, 
        217, 
        18
      ], 
      "checked": false, 
      "id": 304, 
      "ner_xml": "<PER>Hunziker</PER>,<ACT>ii.</ACT><PER>Cadel. Q</PER>,\n", 
      "origin": "computer", 
      "parent": 260, 
      "persons": [
        "Hunziker", 
        "Cadel. Q"
      ], 
      "text_ocr": "Hunziker , ii. Cadel. Q,\n", 
      "type": "ENTRY"
    }, 
    {
      "EOL": false, 
      "box": [
        91, 
        561, 
        757, 
        121
      ], 
      "id": 307, 
      "indented": true, 
      "parent": 306, 
      "text": "", 
      "type": "LINE"
    }, 
    {
      "addresses": [
        {
          "street_name": "Babylonns", 
          "street_numbers": [
            "29"
          ]
        }, 
        {
          "street_name": "Laheuete-Cor\u00e9e ,: Rides.", 
          "street_numbers": [
            "26", 
            "3e"
          ]
        }
      ], 
      "box": [
        91, 
        561, 
        757, 
        121
      ], 
      "checked": false, 
      "id": 306, 
      "ner_xml": "<PER>Hurabert- Desmaisons</PER>,<PER>Grande KR.</PER><PER>Ta. Se ee Le Sn ice cat</PER>?\nranne,<CARDINAL>8</CARDINAL>. , .<PER>Labeume</PER>,<TITRE>R. dolh Cone\u00e9rde; Bt</TITRE>.\nHuuziker,<ACT>\u00c0. Cadet</ACT>,<CARDINAL>n  </CARDINAL>* \u00bb - .<PER>Labedoy\u00e9re</PER>,<PER>R; S</PER>:<PER>Dominique</PER>,<ACT>59:\u2014*</ACT>\n<PER>Hupas Pal. du Trib</PER>,<TITRE>G. da pierre, no</TITRE>. | F<TITRE>:deGren:-</TITRE>ei<CARDINAL>8</CARDINAL>5 cou<CARDINAL>5</CARDINAL>\nHurel, #. de<LOC>Babylonns</LOC>,<CARDINAL>29</CARDINAL>.,<LOC>Laheuete-Cor\u00e9e ,: Rides.</LOC>:<PER>F\u00f4ss\u00e9sb de :\nHurtrel! Ve.)</PER>.<PER>EZ du Seauier</PER>,<CARDINAL>26</CARDINAL>+ Temple<CARDINAL>3e</CARDINAL>\" ft SE ee Cusute\n", 
      "origin": "computer", 
      "parent": 260, 
      "persons": [
        "Hurabert- Desmaisons", 
        "Grande KR.", 
        "Ta. Se ee Le Sn ice cat", 
        "Labeume", 
        "Labedoy\u00e9re", 
        "R; S", 
        "Dominique", 
        "Hupas Pal. du Trib", 
        "F\u00f4ss\u00e9sb de :\nHurtrel! Ve.)", 
        "EZ du Seauier"
      ], 
      "text_ocr": "Hurabert- Desmaisons, Grande KR. Ta. Se ee Le Sn ice cat?\nranne, 8. , . Labeume, R. dolh Cone\u00e9rde; Bt.\nHuuziker, \u00c0. Cadet,n  * \u00bb - . Labedoy\u00e9re,R; S: Dominique, 59:\u2014*\nHupas Pal. du Trib, G. da pierre, no. | F:deGren:- ei 8 5 cou 5\nHurel, #. de Babylonns , 29., Laheuete-Cor\u00e9e ,: Rides. : F\u00f4ss\u00e9sb de :\nHurtrel! Ve.). EZ du Seauier , 26 + Temple 3e\" ft SE ee Cusute\n", 
      "type": "ENTRY"
    }, 
    {
      "EOL": false, 
      "box": [
        91, 
        646, 
        280, 
        19
      ], 
      "id": 309, 
      "indented": true, 
      "parent": 308, 
      "text": "", 
      "type": "LINE"
    }, 
    {
      "addresses": [
        {
          "street_name": "Hurel", 
          "street_numbers": [
            "4", 
            "29"
          ]
        }
      ], 
      "box": [
        91, 
        646, 
        280, 
        19
      ], 
      "checked": false, 
      "id": 308, 
      "ner_xml": "<LOC>Hurel</LOC>,<CARDINAL>4</CARDINAL>.<PER>de Babylopne</PER>,<CARDINAL>29</CARDINAL>.\n", 
      "origin": "computer", 
      "parent": 260, 
      "persons": [
        "de Babylopne"
      ], 
      "text_ocr": "Hurel , 4. de Babylopne , 29.\n", 
      "type": "ENTRY"
    }, 
    {
      "EOL": false, 
      "box": [
        91, 
        664, 
        334, 
        21
      ], 
      "id": 311, 
      "indented": true, 
      "parent": 310, 
      "text": "", 
      "type": "LINE"
    }, 
    {
      "addresses": [], 
      "box": [
        91, 
        664, 
        334, 
        21
      ], 
      "checked": false, 
      "id": 310, 
      "ner_xml": "<PER>Hortrel{ Ve.)</PER>,<ACT>Hi. du Seatier</ACT>,<CARDINAL>16</CARDINAL>.\n", 
      "origin": "computer", 
      "parent": 260, 
      "persons": [
        "Hortrel{ Ve.)"
      ], 
      "text_ocr": "Hortrel{ Ve.), Hi. du Seatier , 16.\n", 
      "type": "ENTRY"
    }, 
    {
      "EOL": false, 
      "box": [
        91, 
        685, 
        243, 
        21
      ], 
      "id": 313, 
      "indented": true, 
      "parent": 312, 
      "text": "", 
      "type": "LINE"
    }, 
    {
      "addresses": [
        {
          "street_name": "KO ZLhier\u00e8se", 
          "street_numbers": [
            "11"
          ]
        }
      ], 
      "box": [
        91, 
        685, 
        243, 
        21
      ], 
      "checked": false, 
      "id": 312, 
      "ner_xml": "<PER>Husquin</PER>,<LOC>KO ZLhier\u00e8se</LOC>,<CARDINAL>11</CARDINAL>.\n", 
      "origin": "computer", 
      "parent": 260, 
      "persons": [
        "Husquin"
      ], 
      "text_ocr": "Husquin , KO ZLhier\u00e8se , 11.\n", 
      "type": "ENTRY"
    }, 
    {
      "EOL": false, 
      "box": [
        91, 
        706, 
        219, 
        19
      ], 
      "id": 315, 
      "indented": true, 
      "parent": 314, 
      "text": "", 
      "type": "LINE"
    }, 
    {
      "addresses": [
        {
          "street_name": "Gai\u00efllon", 
          "street_numbers": [
            "14"
          ]
        }
      ], 
      "box": [
        91, 
        706, 
        219, 
        19
      ], 
      "checked": false, 
      "id": 314, 
      "ner_xml": "<PER>lsnace</PER>,<ACT>Li</ACT>,<LOC>Gai\u00efllon</LOC>,<CARDINAL>14</CARDINAL>.\n", 
      "origin": "computer", 
      "parent": 260, 
      "persons": [
        "lsnace"
      ], 
      "text_ocr": "lsnace , Li, Gai\u00efllon, 14.\n", 
      "type": "ENTRY"
    }, 
    {
      "EOL": false, 
      "box": [
        91, 
        661, 
        740, 
        116
      ], 
      "id": 317, 
      "indented": true, 
      "parent": 316, 
      "text": "", 
      "type": "LINE"
    }, 
    {
      "EOL": false, 
      "box": [
        109, 
        745, 
        82, 
        19
      ], 
      "id": 318, 
      "indented": false, 
      "parent": 316, 
      "text": "", 
      "type": "LINE"
    }, 
    {
      "addresses": [
        {
          "street_name": "Gaillon", 
          "street_numbers": [
            "24"
          ]
        }, 
        {
          "street_name": "Rdes Moulins", 
          "street_numbers": [
            "25"
          ]
        }, 
        {
          "street_name": "30h G\u00e9rutty", 
          "street_numbers": [
            "37", 
            "4"
          ]
        }
      ], 
      "box": [
        91, 
        661, 
        740, 
        116
      ], 
      "checked": false, 
      "id": 316, 
      "ner_xml": "<PER>Hurtrel { Ve.).</PER><PER>K. du Seauer</PER>,<CARDINAL>16</CARDINAL>.<PER>r femple</PER>, gg\" \"us<ACT>m\u00e9 Qu jets\nHusquin , R Th\u00e9r\u00e8se</ACT>,<CARDINAL>15</CARDINAL>.  Eabour, K des Sears,<ACT>de Mi ss\nIgnace ;</ACT>.<LOC>Gaillon</LOC>,<CARDINAL>24</CARDINAL>. .<PER>ct Labl\u00e9e</PER>,<LOC>Rdes Moulins</LOC>,<CARDINAL>25</CARDINAL>. \u2014 T\u00e9mW :\nImbert,<ACT>Pal, du Tri. G. de pierre</ACT>,<PER>Labord\u00e9 ( Alex.)</PER>,<TITRE>R.'G\u00e9rutiy.\"25s ser\n\n464154 |. .</TITRE>.  ' Laborde { Ve,<LOC>30h G\u00e9rutty</LOC>, 2@ TE\nLoucs R ON An Losembhnonre.<CARDINAL>37</CARDINAL>,  TFauboeds A<CARDINAL>4</CARDINAL>M\u00e9enn Go: or Eh\n", 
      "origin": "computer", 
      "parent": 260, 
      "persons": [
        "Hurtrel { Ve.).", 
        "K. du Seauer", 
        "r femple", 
        "ct Labl\u00e9e", 
        "Labord\u00e9 ( Alex.)"
      ], 
      "text_ocr": "Hurtrel { Ve.). K. du Seauer, 16. r femple, gg\" \"us m\u00e9 Qu jets\nHusquin , R Th\u00e9r\u00e8se , 15.  Eabour, K des Sears, de Mi ss\nIgnace ; . Gaillon, 24. . ct Labl\u00e9e , Rdes Moulins , 25. \u2014 T\u00e9mW :\nImbert, Pal, du Tri. G. de pierre, Labord\u00e9 ( Alex.) ,R.'G\u00e9rutiy.\"25s ser\n\n464154 |. . .  ' Laborde { Ve, 30h G\u00e9rutty, 2@ TE\nLoucs R ON An Losembhnonre. 37,  TFauboeds A 4 M\u00e9enn Go: or Eh\n", 
      "type": "ENTRY"
    }, 
    {
      "EOL": false, 
      "box": [
        92, 
        756, 
        339, 
        29
      ], 
      "id": 320, 
      "indented": true, 
      "parent": 319, 
      "text": "", 
      "type": "LINE"
    }, 
    {
      "addresses": [], 
      "box": [
        92, 
        756, 
        339, 
        29
      ], 
      "checked": false, 
      "id": 319, 
      "ner_xml": "<PER>Jugr\u00e9</PER>,<TITRE>R. N. du Luxemboourg</TITRE>,<CARDINAL>27</CARDINAL>, ;\n", 
      "origin": "computer", 
      "parent": 260, 
      "persons": [
        "Jugr\u00e9"
      ], 
      "text_ocr": "Jugr\u00e9, R. N. du Luxemboourg, 27, ;\n", 
      "type": "ENTRY"
    }, 
    {
      "EOL": false, 
      "box": [
        93, 
        784, 
        324, 
        19
      ], 
      "id": 322, 
      "indented": true, 
      "parent": 321, 
      "text": "", 
      "type": "LINE"
    }, 
    {
      "addresses": [
        {
          "street_name": "KR, de GratumMORE", 
          "street_numbers": []
        }
      ], 
      "box": [
        93, 
        784, 
        324, 
        19
      ], 
      "checked": false, 
      "id": 321, 
      "ner_xml": "<ACT>lsnard</ACT>,<LOC>KR, de GratumMORE</LOC>,<PER>LI</PER>.\n", 
      "origin": "computer", 
      "parent": 260, 
      "persons": [
        "LI"
      ], 
      "text_ocr": "lsnard, KR, de GratumMORE, LI.\n", 
      "type": "ENTRY"
    }, 
    {
      "EOL": false, 
      "box": [
        92, 
        798, 
        325, 
        25
      ], 
      "id": 324, 
      "indented": true, 
      "parent": 323, 
      "text": "", 
      "type": "LINE"
    }, 
    {
      "addresses": [], 
      "box": [
        92, 
        798, 
        325, 
        25
      ], 
      "checked": false, 
      "id": 323, 
      "ner_xml": "<PER>Jul, \u00c0, de Ft\u00e9lus</PER>,<CARDINAL>15</CARDINAL>, \u2014 Ouest.\n", 
      "origin": "computer", 
      "parent": 260, 
      "persons": [
        "Jul, \u00c0, de Ft\u00e9lus"
      ], 
      "text_ocr": "Jul, \u00c0, de Ft\u00e9lus, 15, \u2014 Ouest.\n", 
      "type": "ENTRY"
    }, 
    {
      "EOL": false, 
      "box": [
        94, 
        763, 
        740, 
        83
      ], 
      "id": 326, 
      "indented": true, 
      "parent": 325, 
      "text": "", 
      "type": "LINE"
    }, 
    {
      "addresses": [
        {
          "street_name": "R- N. du Luxemboourg", 
          "street_numbers": [
            "2"
          ]
        }, 
        {
          "street_name": "R. de Gratumont", 
          "street_numbers": [
            "17", 
            "15", 
            "47"
          ]
        }
      ], 
      "box": [
        94, 
        763, 
        740, 
        83
      ], 
      "checked": false, 
      "id": 325, 
      "ner_xml": "ugr\u00e9,<LOC>R- N. du Luxemboourg</LOC>,<CARDINAL>2</CARDINAL>%;  <PER>Laborde</PER>,<ACT>\u00c0. Gog-H\u00e9ron , os 6</ACT>! \u00b05\n<ACT>nard</ACT>,<LOC>R. de Gratumont</LOC>,<CARDINAL>17</CARDINAL>, ,<TITRE>+:</TITRE>.<PER>Laborie, R. Chagchati 81</PER>, \u00e0 \"tt \u00e0\nval, &amp;.<ACT>de nie</ACT>,<CARDINAL>15</CARDINAL>, \u2014 Ouest. .<PER>Laborie</PER>,<PER>R.8</PER>.<PER>Hongi\u00e9</PER>;<CARDINAL>47</CARDINAL>,<PER>vtr t\nJabineau . R. de la ville l'Ev\u00eaque</PER>,<ACT>r9, :</ACT><PER>Leb\u00fculaye 1. du Mail.</PER><TITRE>D. \u201c45</TITRE>\n", 
      "origin": "computer", 
      "parent": 260, 
      "persons": [
        "Laborde", 
        "Laborie, R. Chagchati 81", 
        "Laborie", 
        "R.8", 
        "Hongi\u00e9", 
        "vtr t\nJabineau . R. de la ville l'Ev\u00eaque", 
        "Leb\u00fculaye 1. du Mail."
      ], 
      "text_ocr": "ugr\u00e9, R- N. du Luxemboourg, 2%;  Laborde , \u00c0. Gog-H\u00e9ron , os 6! \u00b05\nnard, R. de Gratumont, 17, , +: . Laborie, R. Chagchati 81, \u00e0 \"tt \u00e0\nval, &. de nie, 15, \u2014 Ouest. . Laborie,R.8. Hongi\u00e9 ; 47, vtr t\nJabineau . R. de la ville l'Ev\u00eaque, r9, : Leb\u00fculaye 1. du Mail. D. \u201c45\n", 
      "type": "ENTRY"
    }, 
    {
      "EOL": false, 
      "box": [
        93, 
        843, 
        218, 
        19
      ], 
      "id": 328, 
      "indented": true, 
      "parent": 327, 
      "text": "", 
      "type": "LINE"
    }, 
    {
      "addresses": [], 
      "box": [
        93, 
        843, 
        218, 
        19
      ], 
      "checked": false, 
      "id": 327, 
      "ner_xml": "<PER>Jacub-Salom, K</PER>, Mel\u00e9e.\n", 
      "origin": "computer", 
      "parent": 260, 
      "persons": [
        "Jacub-Salom, K"
      ], 
      "text_ocr": "Jacub-Salom, K, Mel\u00e9e.\n", 
      "type": "ENTRY"
    }, 
    {
      "EOL": false, 
      "box": [
        94, 
        828, 
        752, 
        235
      ], 
      "id": 330, 
      "indented": true, 
      "parent": 329, 
      "text": "", 
      "type": "LINE"
    }, 
    {
      "addresses": [
        {
          "street_name": "Taranne", 
          "street_numbers": [
            "82", 
            "35", 
            "37", 
            "9"
          ]
        }, 
        {
          "street_name": "Germain", 
          "street_numbers": [
            "25", 
            "2"
          ]
        }, 
        {
          "street_name": "Poliveau", 
          "street_numbers": [
            "1", 
            "3"
          ]
        }, 
        {
          "street_name": "Chaba\u00e4agis", 
          "street_numbers": [
            "5"
          ]
        }, 
        {
          "street_name": "Georges", 
          "street_numbers": [
            "5"
          ]
        }, 
        {
          "street_name": "Skob 1", 
          "street_numbers": []
        }, 
        {
          "street_name": "Clichy", 
          "street_numbers": [
            "46"
          ]
        }, 
        {
          "street_name": "4 facoik", 
          "street_numbers": []
        }, 
        {
          "street_name": "RP", 
          "street_numbers": []
        }
      ], 
      "box": [
        94, 
        828, 
        752, 
        235
      ], 
      "checked": false, 
      "id": 329, 
      "ner_xml": "<PER>PaDITEAL , Et. L - LE\nsrub-Safors PR M\u00e9l\u00e9e.</PER><CARDINAL>4</CARDINAL><PER>Labriff\u00e9</PER>, R<LOC>Taranne</LOC>,<CARDINAL>82</CARDINAL>025.20 du\nAcquier de V\u00e9sy.<ACT>Ie dela Victoirs</ACT>,<CARDINAL>35</CARDINAL>. \u00bb Re<TITRE>Tarante</TITRE>,<TITRE>8e: \"</TITRE>25,7: \u00a9\nhaie da Va dela Vienne,<CARDINAL>37</CARDINAL>A abra\u00ffae<CARDINAL>9</CARDINAL>du 5 Monfils;\nleanee Jocphe \u00bb \u00c0 de Erebaile Cabane de Monte VU \u00a9\n\n.<LOC>Germain</LOC>,<CARDINAL>25</CARDINAL>.<PER>Lt Fo Chahani\u00e8se JA</PER>, des Marats,:35es<PER>Us\nJames</PER>,<ACT>passage du Panorama</ACT>.<PER>Jaime IR Helv\u00e9cie</PER>, \u00ca<CARDINAL>2</CARDINAL>for\nJaninet , R:<LOC>Poliveau</LOC>,<CARDINAL>1</CARDINAL>,<CARDINAL>3</CARDINAL>Fos<PER>Tacombe</PER>.<ACT>li: de Arbre see LAB 7</ACT>?\n<PER>Sinneed (Marre</PER><LOC>Chaba\u00e4agis</LOC>,<CARDINAL>5</CARDINAL>.<PER>Ladour Re S\u00e9bastien Be n\u00e9\nJanz\u00e9</PER>,<TITRE>H. 5</TITRE>,<LOC>Georges</LOC>,<CARDINAL>5</CARDINAL>1 3  La\u00eboer,<TITRE>R'des Deux \u2019Boiles</TITRE>,<LOC>Skob 1</LOC>. #\njmson \u00c0 de<LOC>Clichy</LOC>,<CARDINAL>46</CARDINAL>. +75,<LOC>4 facoik</LOC>,<LOC>RP</LOC>a Las F5 ra\nLe CS Ep ofx 5 \u00a3 a he die \u00a9\n\nJard ,<ACT>R.N. Dame des Victpires R Le Dabrans a. 2x</ACT>, tnt aie die 5\n", 
      "origin": "computer", 
      "parent": 260, 
      "persons": [
        "PaDITEAL , Et. L - LE\nsrub-Safors PR M\u00e9l\u00e9e.", 
        "Labriff\u00e9", 
        "Lt Fo Chahani\u00e8se JA", 
        "Us\nJames", 
        "Jaime IR Helv\u00e9cie", 
        "Tacombe", 
        "Sinneed (Marre", 
        "Ladour Re S\u00e9bastien Be n\u00e9\nJanz\u00e9"
      ], 
      "text_ocr": "PaDITEAL , Et. L - LE\nsrub-Safors PR M\u00e9l\u00e9e. 4 Labriff\u00e9, R Taranne, 82 025.20 du\nAcquier de V\u00e9sy. Ie dela Victoirs, 35. \u00bb Re Tarante, 8e: \"25,7: \u00a9\nhaie da Va dela Vienne, 37 A abra\u00ffae 9 du 5 Monfils;\nleanee Jocphe \u00bb \u00c0 de Erebaile Cabane de Monte VU \u00a9\n\n. Germain, 25. Lt Fo Chahani\u00e8se JA, des Marats,:35es Us\nJames , passage du Panorama. Jaime IR Helv\u00e9cie, \u00ca 2 for\nJaninet , R: Poliveau, 1, 3 Fos Tacombe. li: de Arbre see LAB 7?\nSinneed (Marre Chaba\u00e4agis, 5. Ladour Re S\u00e9bastien Be n\u00e9\nJanz\u00e9, H. 5, Georges ,5 1 3  La\u00eboer, R'des Deux \u2019Boiles, Skob 1. #\njmson \u00c0 de Clichy, 46. +75, 4 facoik, RP a Las F5 ra\nLe CS Ep ofx 5 \u00a3 a he die \u00a9\n\nJard ,R.N. Dame des Victpires R Le Dabrans a. 2x, tnt aie die 5\n", 
      "type": "ENTRY"
    }, 
    {
      "EOL": false, 
      "box": [
        96, 
        922, 
        164, 
        19
      ], 
      "id": 332, 
      "indented": true, 
      "parent": 331, 
      "text": "", 
      "type": "LINE"
    }, 
    {
      "addresses": [
        {
          "street_name": "rermain", 
          "street_numbers": [
            "25"
          ]
        }
      ], 
      "box": [
        96, 
        922, 
        164, 
        19
      ], 
      "checked": false, 
      "id": 331, 
      "ner_xml": "<PER>\u00a9</PER>,<LOC>rermain</LOC>,<CARDINAL>25</CARDINAL>.\n", 
      "origin": "computer", 
      "parent": 260, 
      "persons": [
        "\u00a9"
      ], 
      "text_ocr": "\u00a9, rermain, 25.\n", 
      "type": "ENTRY"
    }, 
    {
      "EOL": false, 
      "box": [
        94, 
        941, 
        314, 
        20
      ], 
      "id": 334, 
      "indented": true, 
      "parent": 333, 
      "text": "", 
      "type": "LINE"
    }, 
    {
      "addresses": [], 
      "box": [
        94, 
        941, 
        314, 
        20
      ], 
      "checked": false, 
      "id": 333, 
      "ner_xml": "<PER>J\u00e2mes</PER>,<ACT>passage du Panoramas\n</ACT>", 
      "origin": "computer", 
      "parent": 260, 
      "persons": [
        "J\u00e2mes"
      ], 
      "text_ocr": "J\u00e2mes, passage du Panoramas\n", 
      "type": "ENTRY"
    }, 
    {
      "EOL": false, 
      "box": [
        94, 
        962, 
        208, 
        18
      ], 
      "id": 336, 
      "indented": true, 
      "parent": 335, 
      "text": "", 
      "type": "LINE"
    }, 
    {
      "addresses": [
        {
          "street_name": "Poliveau", 
          "street_numbers": [
            "1"
          ]
        }
      ], 
      "box": [
        94, 
        962, 
        208, 
        18
      ], 
      "checked": false, 
      "id": 335, 
      "ner_xml": "<PER>Jauinet</PER>,<ACT>Li:</ACT><LOC>Poliveau</LOC>,<CARDINAL>1</CARDINAL>!\n", 
      "origin": "computer", 
      "parent": 260, 
      "persons": [
        "Jauinet"
      ], 
      "text_ocr": "Jauinet , Li: Poliveau, 1!\n", 
      "type": "ENTRY"
    }, 
    {
      "EOL": false, 
      "box": [
        94, 
        968, 
        336, 
        34
      ], 
      "id": 338, 
      "indented": true, 
      "parent": 337, 
      "text": "", 
      "type": "LINE"
    }, 
    {
      "addresses": [], 
      "box": [
        94, 
        968, 
        336, 
        34
      ], 
      "checked": false, 
      "id": 337, 
      "ner_xml": "nur \u2018a\n<PER>Jaonard (Me. }.</PER>R. Chabauuois,<CARDINAL>5</CARDINAL>.\n", 
      "origin": "computer", 
      "parent": 260, 
      "persons": [
        "Jaonard (Me. }."
      ], 
      "text_ocr": "nur \u2018a\nJaonard (Me. }. R. Chabauuois, 5.\n", 
      "type": "ENTRY"
    }, 
    {
      "EOL": false, 
      "box": [
        94, 
        1001, 
        275, 
        19
      ], 
      "id": 340, 
      "indented": true, 
      "parent": 339, 
      "text": "", 
      "type": "LINE"
    }, 
    {
      "addresses": [
        {
          "street_name": "Georges", 
          "street_numbers": []
        }
      ], 
      "box": [
        94, 
        1001, 
        275, 
        19
      ], 
      "checked": false, 
      "id": 339, 
      "ner_xml": "<TITRE>Janz\u00e9</TITRE>,<CARDINAL>R.S</CARDINAL>,<LOC>Georges</LOC>,<TITRE>5 \u2018: :</TITRE>\n", 
      "origin": "computer", 
      "parent": 260, 
      "persons": [], 
      "text_ocr": "Janz\u00e9, R.S, Georges ,5 \u2018: :\n", 
      "type": "ENTRY"
    }, 
    {
      "EOL": false, 
      "box": [
        94, 
        1012, 
        317, 
        28
      ], 
      "id": 342, 
      "indented": true, 
      "parent": 341, 
      "text": "", 
      "type": "LINE"
    }, 
    {
      "addresses": [], 
      "box": [
        94, 
        1012, 
        317, 
        28
      ], 
      "checked": false, 
      "id": 341, 
      "ner_xml": "<PER>Jwuson</PER>,<TITRE>R. de Clichy</TITRE>,<CARDINAL>46</CARDINAL>+75.\n", 
      "origin": "computer", 
      "parent": 260, 
      "persons": [
        "Jwuson"
      ], 
      "text_ocr": "Jwuson , R. de Clichy, 46 +75.\n", 
      "type": "ENTRY"
    }, 
    {
      "EOL": false, 
      "box": [
        94, 
        1033, 
        350, 
        28
      ], 
      "id": 344, 
      "indented": true, 
      "parent": 343, 
      "text": "", 
      "type": "LINE"
    }, 
    {
      "addresses": [
        {
          "street_name": "Jard", 
          "street_numbers": []
        }, 
        {
          "street_name": "R.N. Dame des Victpites", 
          "street_numbers": [
            "4"
          ]
        }
      ], 
      "box": [
        94, 
        1033, 
        350, 
        28
      ], 
      "checked": false, 
      "id": 343, 
      "ner_xml": "<LOC>Jard</LOC>,<LOC>R.N. Dame des Victpites</LOC>;<CARDINAL>4</CARDINAL>. :\n", 
      "origin": "computer", 
      "parent": 260, 
      "persons": [], 
      "text_ocr": "Jard ,R.N. Dame des Victpites ; 4. :\n", 
      "type": "ENTRY"
    }, 
    {
      "EOL": false, 
      "box": [
        94, 
        1054, 
        745, 
        71
      ], 
      "id": 346, 
      "indented": true, 
      "parent": 345, 
      "text": "", 
      "type": "LINE"
    }, 
    {
      "addresses": [
        {
          "street_name": "BR Feydesn", 
          "street_numbers": [
            "157771"
          ]
        }, 
        {
          "street_name": "Poissonniire", 
          "street_numbers": [
            "7", 
            "27"
          ]
        }
      ], 
      "box": [
        94, 
        1054, 
        745, 
        71
      ], 
      "checked": false, 
      "id": 345, 
      "ner_xml": "<ACT>jureute : R. de Seine, 10- re Uiit\u00e9 \u2014</ACT>:<PER>Ladurner</PER>,<TITRE>B. du Sentier 522 2</TITRE>:\n<PER>darre (Mile)</PER>,<LOC>BR Feydesn</LOC>,<CARDINAL>157771</CARDINAL>. A du need A Mean e\nJarey ,<TITRE>R. du faub.</TITRE><LOC>Poissonniire</LOC>,<CARDINAL>7</CARDINAL>! :<PER>Lalte R. Chabanois TA.\" \u00e0</PER><CARDINAL>27</CARDINAL>St281\n", 
      "origin": "computer", 
      "parent": 260, 
      "persons": [
        "Ladurner", 
        "darre (Mile)", 
        "Lalte R. Chabanois TA.\" \u00e0"
      ], 
      "text_ocr": "jureute : R. de Seine, 10- re Uiit\u00e9 \u2014 :Ladurner , B. du Sentier 522 2:\ndarre (Mile), BR Feydesn , 157771. A du need A Mean e\nJarey , R. du faub. Poissonniire , 7! : Lalte R. Chabanois TA.\" \u00e0 27 St281\n", 
      "type": "ENTRY"
    }, 
    {
      "EOL": false, 
      "box": [
        94, 
        1079, 
        286, 
        21
      ], 
      "id": 348, 
      "indented": true, 
      "parent": 347, 
      "text": "", 
      "type": "LINE"
    }, 
    {
      "addresses": [], 
      "box": [
        94, 
        1079, 
        286, 
        21
      ], 
      "checked": false, 
      "id": 347, 
      "ner_xml": "<PER>Jarre (Mile. )</PER>,<TITRE>R. Feydesn</TITRE>,<TITRE>:</TITRE>,\n", 
      "origin": "computer", 
      "parent": 260, 
      "persons": [
        "Jarre (Mile. )"
      ], 
      "text_ocr": "Jarre (Mile. ) , R. Feydesn ,:,\n", 
      "type": "ENTRY"
    }, 
    {
      "EOL": false, 
      "box": [
        94, 
        1099, 
        334, 
        26
      ], 
      "id": 350, 
      "indented": true, 
      "parent": 349, 
      "text": "", 
      "type": "LINE"
    }, 
    {
      "addresses": [
        {
          "street_name": "FH. du Faub. Poissonnlare", 
          "street_numbers": [
            "7"
          ]
        }
      ], 
      "box": [
        94, 
        1099, 
        334, 
        26
      ], 
      "checked": false, 
      "id": 349, 
      "ner_xml": "\u201carry ,<LOC>FH. du Faub. Poissonnlare</LOC>,<CARDINAL>7</CARDINAL>. .\n", 
      "origin": "computer", 
      "parent": 260, 
      "persons": [], 
      "text_ocr": "\u201carry , FH. du Faub. Poissonnlare , 7. .\n", 
      "type": "ENTRY"
    }, 
    {
      "EOL": false, 
      "box": [
        94, 
        1118, 
        271, 
        20
      ], 
      "id": 352, 
      "indented": true, 
      "parent": 351, 
      "text": "", 
      "type": "LINE"
    }, 
    {
      "addresses": [], 
      "box": [
        94, 
        1118, 
        271, 
        20
      ], 
      "checked": false, 
      "id": 351, 
      "ner_xml": "<PER>Jarry</PER>,<TITRE>A. Neuve S. Paul</TITRE>,<CARDINAL>9</CARDINAL>.:.\n", 
      "origin": "computer", 
      "parent": 260, 
      "persons": [
        "Jarry"
      ], 
      "text_ocr": "Jarry, A. Neuve S. Paul ,9.:.\n", 
      "type": "ENTRY"
    }, 
    {
      "EOL": false, 
      "box": [
        94, 
        1131, 
        363, 
        33
      ], 
      "id": 354, 
      "indented": true, 
      "parent": 353, 
      "text": "", 
      "type": "LINE"
    }, 
    {
      "addresses": [
        {
          "street_name": "R.'de Varennes", 
          "street_numbers": [
            "25"
          ]
        }
      ], 
      "box": [
        94, 
        1131, 
        363, 
        33
      ], 
      "checked": false, 
      "id": 353, 
      "ner_xml": "<PER>Jascourt { De }</PER>;<LOC>R.'de Varennes</LOC>,<CARDINAL>25</CARDINAL>. \u2018\n", 
      "origin": "computer", 
      "parent": 260, 
      "persons": [
        "Jascourt { De }"
      ], 
      "text_ocr": "Jascourt { De }; R.'de Varennes , 25. \u2018\n", 
      "type": "ENTRY"
    }, 
    {
      "EOL": false, 
      "box": [
        94, 
        1160, 
        204, 
        22
      ], 
      "id": 356, 
      "indented": true, 
      "parent": 355, 
      "text": "", 
      "type": "LINE"
    }, 
    {
      "addresses": [
        {
          "street_name": "Th\u00e9r\u00e8se", 
          "street_numbers": [
            "9"
          ]
        }
      ], 
      "box": [
        94, 
        1160, 
        204, 
        22
      ], 
      "checked": false, 
      "id": 355, 
      "ner_xml": "<PER>Jaume</PER>,<CARDINAL>R.</CARDINAL><LOC>Th\u00e9r\u00e8se</LOC>,<CARDINAL>9</CARDINAL>.\n", 
      "origin": "computer", 
      "parent": 260, 
      "persons": [
        "Jaume"
      ], 
      "text_ocr": "Jaume , R. Th\u00e9r\u00e8se, 9.\n", 
      "type": "ENTRY"
    }, 
    {
      "EOL": false, 
      "box": [
        94, 
        1120, 
        757, 
        106
      ], 
      "id": 358, 
      "indented": true, 
      "parent": 357, 
      "text": "", 
      "type": "LINE"
    }, 
    {
      "addresses": [
        {
          "street_name": "Ho\u00f1\u00f4r\u00e9", 
          "street_numbers": []
        }, 
        {
          "street_name": "\u2018", 
          "street_numbers": [
            "25"
          ]
        }, 
        {
          "street_name": "R.N. Si Potirs Chtogpe", 
          "street_numbers": [
            "R."
          ]
        }, 
        {
          "street_name": "Th\u00e9r\u00e8se", 
          "street_numbers": [
            "9", 
            "1", 
            "25"
          ]
        }, 
        {
          "street_name": "Laford-", 
          "street_numbers": []
        }, 
        {
          "street_name": "R: du Remp\u00e9\u00e9t \"es \u00c9crcntr", 
          "street_numbers": []
        }
      ], 
      "box": [
        94, 
        1120, 
        757, 
        106
      ], 
      "checked": false, 
      "id": 357, 
      "ner_xml": "ps Neuve Se Eauto9 :: L sLaflotte, RS:<LOC>Ho\u00f1\u00f4r\u00e9</LOC>988\",<LOC>\u2018</LOC>tait\n<PER>Frmcourt (De); \u00c0 de Varennes</PER>;<CARDINAL>25</CARDINAL>. {Lofond !<LOC>R.N. Si Potirs Chtogpe</LOC>, Ent\nJaume ,<CARDINAL>R.</CARDINAL><LOC>Th\u00e9r\u00e8se</LOC>,<CARDINAL>9</CARDINAL>. \u201c<PER>rs 2</PER>,<CARDINAL>1</CARDINAL><PER>Loafond. Ladebar</PER>,<TITRE>R. dr l'Edbiquier 3</TITRE><CARDINAL>25</CARDINAL>\n<PER>Javou</PER>,<ACT>pi. de La Colonnade du Louvre</ACT>,<LOC>Laford-</LOC>,<TITRE>R. de Chop du</TITRE>.<PER>R\u00e9pos Le\nta lat 1</PER>,\"  .. \u00e9lof\u00f4vest,<LOC>R: du Remp\u00e9\u00e9t \"es \u00c9crcntr</LOC>,\n", 
      "origin": "computer", 
      "parent": 260, 
      "persons": [
        "Frmcourt (De); \u00c0 de Varennes", 
        "rs 2", 
        "Loafond. Ladebar", 
        "Javou", 
        "R\u00e9pos Le\nta lat 1"
      ], 
      "text_ocr": "ps Neuve Se Eauto9 :: L sLaflotte, RS: Ho\u00f1\u00f4r\u00e9 988\", \u2018tait\nFrmcourt (De); \u00c0 de Varennes ; 25. {Lofond !R.N. Si Potirs Chtogpe, Ent\nJaume , R. Th\u00e9r\u00e8se, 9. \u201crs 2, 1 Loafond. Ladebar, R. dr l'Edbiquier 3 25\nJavou, pi. de La Colonnade du Louvre, Laford- ,R. de Chop du. R\u00e9pos Le\nta lat 1,\"  .. \u00e9lof\u00f4vest,R: du Remp\u00e9\u00e9t \"es \u00c9crcntr,\n", 
      "type": "ENTRY"
    }, 
    {
      "EOL": false, 
      "box": [
        96, 
        1202, 
        61, 
        19
      ], 
      "id": 360, 
      "indented": true, 
      "parent": 359, 
      "text": "", 
      "type": "LINE"
    }, 
    {
      "addresses": [], 
      "box": [
        96, 
        1202, 
        61, 
        19
      ], 
      "checked": false, 
      "id": 359, 
      "ner_xml": "<CARDINAL>13</CARDINAL>,\n", 
      "origin": "computer", 
      "parent": 260, 
      "persons": [], 
      "text_ocr": "13,\n", 
      "type": "ENTRY"
    }, 
    {
      "EOL": false, 
      "box": [
        96, 
        1213, 
        259, 
        33
      ], 
      "id": 362, 
      "indented": true, 
      "parent": 361, 
      "text": "", 
      "type": "LINE"
    }, 
    {
      "addresses": [], 
      "box": [
        96, 
        1213, 
        259, 
        33
      ], 
      "checked": false, 
      "id": 361, 
      "ner_xml": "<PER>DE | + ts\n</PER>Javon , R.M\u00e9l\u00e9e.18.-\n", 
      "origin": "computer", 
      "parent": 260, 
      "persons": [
        "DE | + ts\n"
      ], 
      "text_ocr": "DE | + ts\nJavon , R.M\u00e9l\u00e9e.18.-\n", 
      "type": "ENTRY"
    }, 
    {
      "EOL": false, 
      "box": [
        103, 
        1229, 
        325, 
        64
      ], 
      "id": 364, 
      "indented": true, 
      "parent": 363, 
      "text": "", 
      "type": "LINE"
    }, 
    {
      "addresses": [
        {
          "street_name": "passage des Petits P\u00e8res", 
          "street_numbers": []
        }, 
        {
          "street_name": "Re Mememartre ; 4e", 
          "street_numbers": []
        }
      ], 
      "box": [
        103, 
        1229, 
        325, 
        64
      ], 
      "checked": false, 
      "id": 363, 
      "ner_xml": "<PER>EVOR</PER>,<PER>R. Mel\u00e9e</PER>,<CARDINAL>10,7 6</CARDINAL>cs\ncard ,<LOC>passage des Petits P\u00e8res</LOC>,<TITRE>B.\nsiens</TITRE>,<LOC>Re Mememartre ; 4e</LOC>\u00e0\n", 
      "origin": "computer", 
      "parent": 260, 
      "persons": [
        "EVOR", 
        "R. Mel\u00e9e"
      ], 
      "text_ocr": "EVOR , R. Mel\u00e9e , 10,7 6 cs\ncard , passage des Petits P\u00e8res, B.\nsiens, Re Mememartre ; 4e \u00e0\n", 
      "type": "ENTRY"
    }, 
    {
      "EOL": false, 
      "box": [
        103, 
        1218, 
        745, 
        149
      ], 
      "id": 366, 
      "indented": true, 
      "parent": 365, 
      "text": "", 
      "type": "LINE"
    }, 
    {
      "addresses": [
        {
          "street_name": "passage des Petits P\u00e8res", 
          "street_numbers": [
            "R. Mantmartre 18", 
            "27", 
            "1"
          ]
        }
      ], 
      "box": [
        103, 
        1218, 
        745, 
        149
      ], 
      "checked": false, 
      "id": 365, 
      "ner_xml": "<CARDINAL>3</CARDINAL>,<TITRE>R.M Le \u00ab \u00ab .</TITRE>,.  Lofosse ,<TITRE>R. du faub</TITRE>. Poissenni\u00e8re 947\nAron,<TITRE>A. M\u00e9l\u00e9e re\" Lofose</TITRE>,<PER>R da Ft Pa ve DR\ncard</PER>,<LOC>passage des Petits P\u00e8res</LOC>, B+ pes RQ de Par\u00e9 aa\n\u201cny,<CARDINAL>R. Mantmartre 18</CARDINAL>... #lass E H\u00e9autroill 6e EE\nren Colon,<ACT>on</ACT>PRE Redu Mont: Blanc;<CARDINAL>27</CARDINAL>.\nRC Re de<CARDINAL>1</CARDINAL>Para<PER>Lapramge (n\u00e9e LA Janbattr ane!\nMy-de-Fleury</PER>, A .<ACT>FES \u00c6 J\nomard</ACT>, A,<ACT>de Bourgogne ; \u00c0 Fee lu euh. Se LaZAEt ; 1007\n</ACT>", 
      "origin": "computer", 
      "parent": 260, 
      "persons": [
        "R da Ft Pa ve DR\ncard", 
        "Lapramge (n\u00e9e LA Janbattr ane!\nMy-de-Fleury"
      ], 
      "text_ocr": "3, R.M Le \u00ab \u00ab .,.  Lofosse , R. du faub. Poissenni\u00e8re 947\nAron, A. M\u00e9l\u00e9e re\" Lofose, R da Ft Pa ve DR\ncard, passage des Petits P\u00e8res, B+ pes RQ de Par\u00e9 aa\n\u201cny, R. Mantmartre 18... #lass E H\u00e9autroill 6e EE\nren Colon, on PRE Redu Mont: Blanc; 27.\nRC Re de 1 Para Lapramge (n\u00e9e LA Janbattr ane!\nMy-de-Fleury, A . FES \u00c6 J\nomard, A, de Bourgogne ; \u00c0 Fee lu euh. Se LaZAEt ; 1007\n", 
      "type": "ENTRY"
    }, 
    {
      "EOL": false, 
      "box": [
        103, 
        1344, 
        305, 
        23
      ], 
      "id": 368, 
      "indented": true, 
      "parent": 367, 
      "text": "", 
      "type": "LINE"
    }, 
    {
      "addresses": [], 
      "box": [
        103, 
        1344, 
        305, 
        23
      ], 
      "checked": false, 
      "id": 367, 
      "ner_xml": "<PER>ard, \u00c0, de Bourgogne</PER>,<ACT>\u00e4o</ACT>,\n", 
      "origin": "computer", 
      "parent": 260, 
      "persons": [
        "ard, \u00c0, de Bourgogne"
      ], 
      "text_ocr": "ard, \u00c0, de Bourgogne, \u00e4o,\n", 
      "type": "ENTRY"
    }, 
    {
      "box": [
        84, 
        70, 
        767, 
        1297
      ], 
      "id": 260, 
      "parent": 259, 
      "type": "COLUMN_LEVEL_2"
    }, 
    {
      "box": [
        84, 
        70, 
        767, 
        1297
      ], 
      "id": 259, 
      "parent": 258, 
      "type": "SECTION_LEVEL_2"
    }, 
    {
      "box": [
        84, 
        70, 
        767, 
        1297
      ], 
      "id": 258, 
      "parent": 257, 
      "type": "COLUMN_LEVEL_1"
    }, 
    {
      "box": [
        84, 
        70, 
        823, 
        1297
      ], 
      "id": 257, 
      "parent": 256, 
      "type": "SECTION_LEVEL_1"
    }, 
    {
      "box": [
        84, 
        70, 
        823, 
        1316
      ], 
      "id": 256, 
      "type": "PAGE"
    }
  ], 
  "mode": "cached"
}
