[
  {
    "box": [
      229,
      139,
      681,
      6
    ],
    "checked": false,
    "id": 257,
    "origin": "computer",
    "parent": 256,
    "text": "",
    "type": "TITLE_LEVEL_1"
  },
  {
    "addresses": [
      {
        "street_name": "rue Roch",
        "street_numbers": [
          "n.° 111"
        ]
      }
    ],
    "box": [
      229,
      170,
      664,
      25
    ],
    "checked": true,
    "id": 322,
    "origin": "human",
    "parent": 261,
    "persons": [
      "Pestre dit Lamy"
    ],
    "text_ocr": "##Pestre dit Lamy##, @@rue Roch@@, $$n.° 111$$, - @@de la Butte-des-Moulins@@.",
    "type": "ENTRY"
  },
  {
    "EOL": false,
    "box": [
      229,
      170,
      664,
      25
    ],
    "id": 263,
    "indented": false,
    "parent": 322,
    "text": "",
    "type": "LINE"
  },
  {
    "addresses": [
      {
        "street_name": "rue Grenier-Lazare",
        "street_numbers": [
          "n.° 696"
        ]
      }
    ],
    "box": [
      229,
      194,
      615,
      24
    ],
    "checked": true,
    "id": 323,
    "origin": "human",
    "parent": 261,
    "persons": [
      "Quévreux"
    ],
    "text_ocr": "##Quévreux## , @@rue Grenier-Lazare@@ , $$n.° 696$$ - @@de la Réunion@@.",
    "type": "ENTRY"
  },
  {
    "EOL": false,
    "box": [
      229,
      194,
      615,
      24
    ],
    "id": 264,
    "indented": false,
    "parent": 323,
    "text": "",
    "type": "LINE"
  },
  {
    "EOL": false,
    "box": [
      229,
      217,
      594,
      23
    ],
    "id": 266,
    "indented": true,
    "parent": 265,
    "text": "",
    "type": "LINE"
  },
  {
    "addresses": [
      {
        "street_name": "rue Montmartre",
        "street_numbers": [
          "n.° 216"
        ]
      }
    ],
    "box": [
      229,
      217,
      594,
      23
    ],
    "checked": true,
    "id": 265,
    "origin": "human",
    "parent": 261,
    "persons": [
      "Reguier"
    ],
    "score": 0.5,
    "text_ocr": "##Reguier## , @@rue Montmartre@@ , $$n.° 216$$ , - @@du Contrat-Social@@.\n",
    "type": "ENTRY"
  },
  {
    "EOL": false,
    "box": [
      230,
      241,
      503,
      24
    ],
    "id": 268,
    "indented": true,
    "parent": 267,
    "text": "",
    "type": "LINE"
  },
  {
    "addresses": [
      {
        "street_name": "rue Planche-Mibray",
        "street_numbers": [
          "n.° 8"
        ]
      }
    ],
    "box": [
      230,
      241,
      503,
      24
    ],
    "checked": true,
    "id": 267,
    "origin": "human",
    "parent": 261,
    "persons": [
      "Robin"
    ],
    "score": 0.3,
    "text_ocr": "##Robin##, @@rue Planche-Mibray@@, $$n.° 8$$, - @@des Arcis@@.\n",
    "type": "ENTRY"
  },
  {
    "EOL": false,
    "box": [
      229,
      263,
      522,
      22
    ],
    "id": 270,
    "indented": true,
    "parent": 269,
    "text": "",
    "type": "LINE"
  },
  {
    "addresses": [
      {
        "street_name": "rue de la Lanterne",
        "street_numbers": [
          "n° 23"
        ]
      }
    ],
    "box": [
      229,
      263,
      522,
      22
    ],
    "checked": true,
    "id": 269,
    "origin": "human",
    "parent": 261,
    "persons": [
      "Travers"
    ],
    "score": 0.375,
    "text_ocr": "##Travers## , @@rue de la Lanterne@@, $$n° 23$$ , - @@de la Cité@@.\n",
    "type": "ENTRY"
  },
  {
    "box": [
      229,
      169,
      668,
      116
    ],
    "id": 261,
    "parent": 260,
    "type": "COLUMN_LEVEL_2"
  },
  {
    "box": [
      229,
      169,
      668,
      116
    ],
    "id": 260,
    "parent": 259,
    "type": "SECTION_LEVEL_2"
  },
  {
    "box": [
      229,
      169,
      668,
      116
    ],
    "id": 259,
    "parent": 258,
    "type": "COLUMN_LEVEL_1"
  },
  {
    "box": [
      229,
      169,
      681,
      116
    ],
    "id": 258,
    "parent": 256,
    "type": "SECTION_LEVEL_1"
  },
  {
    "box": [
      229,
      354,
      681,
      24
    ],
    "checked": false,
    "id": 271,
    "origin": "computer",
    "parent": 256,
    "text": "NAT TI E RS.\n",
    "type": "TITLE_LEVEL_1"
  },
  {
    "box": [
      229,
      389,
      681,
      12
    ],
    "checked": true,
    "id": 272,
    "name": "Delarue",
    "origin": "human",
    "parent": 256,
    "street": "passage du Saumon",
    "street_number": "n°8",
    "text": "##Delarue##, @@passage du Saumon@@, $$n°8$$ - @@de Brutus@@.\n",
    "type": "TITLE_LEVEL_1"
  },
  {
    "box": [
      229,
      415,
      681,
      44
    ],
    "checked": true,
    "id": 273,
    "name": "Vaucherot",
    "origin": "human",
    "parent": 256,
    "street": "cour Abbatiale",
    "street_number": "n.°1350",
    "text": "##Vaucherot## , @@cour Abbatiale@@ , $$n.°1350$$, - @@de l'Unité@@.\n",
    "type": "TITLE_LEVEL_1"
  },
  {
    "box": [
      229,
      549,
      681,
      25
    ],
    "checked": false,
    "id": 274,
    "origin": "computer",
    "parent": 256,
    "text": "NECESSAIRI STE S\n",
    "type": "TITLE_LEVEL_1"
  },
  {
    "box": [
      229,
      595,
      681,
      17
    ],
    "checked": false,
    "id": 275,
    "origin": "computer",
    "parent": 256,
    "text": "D E R ASOIRS.\n",
    "type": "TITLE_LEVEL_1"
  },
  {
    "EOL": false,
    "box": [
      258,
      643,
      644,
      24
    ],
    "id": 281,
    "indented": true,
    "parent": 280,
    "text": "",
    "type": "LINE"
  },
  {
    "EOL": false,
    "box": [
      284,
      666,
      78,
      20
    ],
    "id": 282,
    "indented": false,
    "parent": 280,
    "text": "",
    "type": "LINE"
  },
  {
    "addresses": [
      {
        "street_name": "rue Charenton",
        "street_numbers": [
          "n.°186"
        ]
      }
    ],
    "box": [
      258,
      643,
      644,
      43
    ],
    "checked": true,
    "id": 280,
    "origin": "human",
    "parent": 279,
    "persons": [
      "Lepetit-Walle"
    ],
    "score": 0.5,
    "text_ocr": "##Lepetit-Walle## , @@rue Charenton@@, $$n.°186$$ , - @@des Quinze-\nVingts@@.\n",
    "type": "ENTRY"
  },
  {
    "box": [
      254,
      641,
      652,
      45
    ],
    "id": 279,
    "parent": 278,
    "type": "COLUMN_LEVEL_2"
  },
  {
    "box": [
      254,
      641,
      652,
      45
    ],
    "id": 278,
    "parent": 277,
    "type": "SECTION_LEVEL_2"
  },
  {
    "box": [
      254,
      641,
      652,
      45
    ],
    "id": 277,
    "parent": 276,
    "type": "COLUMN_LEVEL_1"
  },
  {
    "box": [
      229,
      641,
      681,
      45
    ],
    "id": 276,
    "parent": 256,
    "type": "SECTION_LEVEL_1"
  },
  {
    "box": [
      229,
      765,
      681,
      25
    ],
    "checked": true,
    "id": 283,
    "origin": "human",
    "parent": 256,
    "text": "NEGOCIANTS.\n",
    "type": "TITLE_LEVEL_1"
  },
  {
    "addresses": [
      {
        "street_name": "rue de Grenelle",
        "street_numbers": [
          "n.° 368"
        ]
      }
    ],
    "box": [
      256,
      824,
      650,
      42
    ],
    "checked": true,
    "id": 324,
    "origin": "human",
    "parent": 287,
    "persons": [
      "Arnaud"
    ],
    "text_ocr": "##Arnaud##, @@rue de Grenelle@@, $$n.° 368$$ , - @@de la Fontaine-de-Grenelle@@.",
    "type": "ENTRY"
  },
  {
    "EOL": false,
    "box": [
      256,
      824,
      650,
      42
    ],
    "id": 289,
    "indented": true,
    "parent": 324,
    "text": "",
    "type": "LINE"
  },
  {
    "addresses": [
      {
        "street_name": "rue Cérutti",
        "street_numbers": [
          "n.° 334"
        ]
      }
    ],
    "box": [
      239,
      871,
      496,
      23
    ],
    "checked": true,
    "id": 325,
    "origin": "human",
    "parent": 287,
    "persons": [
      "Auger"
    ],
    "text_ocr": "##Auger##, @@rue Cérutti@@, $$n.° 334$$, - @@du Montblanc@@.",
    "type": "ENTRY"
  },
  {
    "EOL": false,
    "box": [
      239,
      871,
      496,
      23
    ],
    "id": 290,
    "indented": false,
    "parent": 325,
    "text": "",
    "type": "LINE"
  },
  {
    "EOL": false,
    "box": [
      239,
      894,
      591,
      24
    ],
    "id": 292,
    "indented": true,
    "parent": 291,
    "text": "",
    "type": "LINE"
  },
  {
    "addresses": [
      {
        "street_name": "rue Simon-le-Franc",
        "street_numbers": [
          "n.° 369"
        ]
      }
    ],
    "box": [
      239,
      894,
      591,
      24
    ],
    "checked": true,
    "id": 291,
    "origin": "human",
    "parent": 287,
    "persons": [
      "Auger"
    ],
    "score": 0.5,
    "text_ocr": "##Auger##, @@rue Simon-le-Franc@@ , $$n.° 369$$ , - @@de la Réunion@@.\n",
    "type": "ENTRY"
  },
  {
    "EOL": false,
    "box": [
      240,
      918,
      519,
      23
    ],
    "id": 294,
    "indented": true,
    "parent": 293,
    "text": "",
    "type": "LINE"
  },
  {
    "addresses": [
      {
        "street_name": "rue de Colbert",
        "street_numbers": [
          "n.°283"
        ]
      }
    ],
    "box": [
      240,
      918,
      519,
      23
    ],
    "checked": true,
    "id": 293,
    "origin": "human",
    "parent": 287,
    "persons": [
      "Auger"
    ],
    "score": 0.5,
    "text_ocr": "##Auger## , @@rue de Colbert@@, $$n.°283$$ , - @@de Pelletier@@.\n",
    "type": "ENTRY"
  },
  {
    "EOL": false,
    "box": [
      240,
      941,
      669,
      23
    ],
    "id": 296,
    "indented": true,
    "parent": 295,
    "text": "",
    "type": "LINE"
  },
  {
    "EOL": false,
    "box": [
      265,
      965,
      108,
      17
    ],
    "id": 297,
    "indented": false,
    "parent": 295,
    "text": "",
    "type": "LINE"
  },
  {
    "addresses": [
      {
        "street_name": "rue neuve du Luxembourg",
        "street_numbers": [
          "n.°158"
        ]
      }
    ],
    "box": [
      240,
      941,
      669,
      41
    ],
    "checked": true,
    "id": 295,
    "origin": "human",
    "parent": 287,
    "persons": [
      "Barillion"
    ],
    "score": 0.5,
    "text_ocr": "##Barillion##, @@rue neuve du Luxembourg@@ , $$n.°158$$, - @@de la Place-\nVendôme@@.\n",
    "type": "ENTRY"
  },
  {
    "EOL": false,
    "box": [
      241,
      987,
      668,
      24
    ],
    "id": 299,
    "indented": true,
    "parent": 298,
    "text": "",
    "type": "LINE"
  },
  {
    "EOL": false,
    "box": [
      265,
      1010,
      98,
      19
    ],
    "id": 300,
    "indented": false,
    "parent": 298,
    "text": "",
    "type": "LINE"
  },
  {
    "addresses": [
      {
        "street_name": "rue Chabanais",
        "street_numbers": [
          "n.°644"
        ]
      }
    ],
    "box": [
      241,
      987,
      668,
      42
    ],
    "checked": true,
    "id": 298,
    "origin": "human",
    "parent": 287,
    "persons": [
      "Baron (marchand en gros)"
    ],
    "score": 0.5,
    "text_ocr": "##Baron (marchand en gros)##, @@rue Chabanais@@, $$n.°644$$, - @@de\nPelletier@@.\n",
    "type": "ENTRY"
  },
  {
    "EOL": false,
    "box": [
      242,
      1033,
      572,
      23
    ],
    "id": 302,
    "indented": true,
    "parent": 301,
    "text": "",
    "type": "LINE"
  },
  {
    "addresses": [
      {
        "street_name": "rue Porte-Foin",
        "street_numbers": [
          "n.° 6"
        ]
      }
    ],
    "box": [
      242,
      1033,
      572,
      23
    ],
    "checked": true,
    "id": 301,
    "origin": "human",
    "parent": 287,
    "persons": [
      "Barrad"
    ],
    "score": 0.4642857142857143,
    "text_ocr": "##Barrad## , @@rue Porte-Foin@@ , $$n.° 6$$ , -@@de l'Homme-Armé@@.\n",
    "type": "ENTRY"
  },
  {
    "EOL": false,
    "box": [
      242,
      1057,
      668,
      24
    ],
    "id": 304,
    "indented": true,
    "parent": 303,
    "text": "",
    "type": "LINE"
  },
  {
    "addresses": [
      {
        "street_name": "rue Honoré",
        "street_numbers": [
          "n.° 47"
        ]
      }
    ],
    "box": [
      242,
      1057,
      668,
      24
    ],
    "checked": true,
    "id": 303,
    "origin": "human",
    "parent": 287,
    "persons": [
      "Bart (marchand en gros)"
    ],
    "score": 0.33333333333333337,
    "text_ocr": "##Bart (marchand en gros)##, @@rue Honoré@@ , $$n.° 47$$,- @@des Thuileries@@.\n",
    "type": "ENTRY"
  },
  {
    "EOL": false,
    "box": [
      242,
      1081,
      643,
      22
    ],
    "id": 306,
    "indented": true,
    "parent": 305,
    "text": "",
    "type": "LINE"
  },
  {
    "addresses": [
      {
        "street_name": "rue Grange-Batellière",
        "street_numbers": [
          "n.° 2"
        ]
      }
    ],
    "box": [
      242,
      1081,
      643,
      22
    ],
    "checked": true,
    "id": 305,
    "origin": "human",
    "parent": 287,
    "persons": [
      "Barthelemy"
    ],
    "score": 0.5,
    "text_ocr": "##Barthelemy##, @@rue Grange-Batellière@@ , $$n.° 2$$, - @@du Montblanc@@.\n",
    "type": "ENTRY"
  },
  {
    "EOL": false,
    "box": [
      243,
      1103,
      535,
      25
    ],
    "id": 308,
    "indented": true,
    "parent": 307,
    "text": "",
    "type": "LINE"
  },
  {
    "addresses": [
      {
        "street_name": "rue de la Loi",
        "street_numbers": [
          "n° 151"
        ]
      }
    ],
    "box": [
      243,
      1103,
      535,
      25
    ],
    "checked": true,
    "id": 307,
    "origin": "human",
    "parent": 287,
    "persons": [
      "Bartholdy"
    ],
    "score": 0.33333333333333337,
    "text_ocr": "##Bartholdy##, @@rue de la Loi@@ , $$n° 151$$ , - @@de Pelletier@@.\n",
    "type": "ENTRY"
  },
  {
    "EOL": false,
    "box": [
      243,
      1127,
      608,
      22
    ],
    "id": 310,
    "indented": true,
    "parent": 309,
    "text": "",
    "type": "LINE"
  },
  {
    "addresses": [
      {
        "street_name": "rue Caumartin",
        "street_numbers": [
          "n.° 764"
        ]
      }
    ],
    "box": [
      243,
      1127,
      608,
      22
    ],
    "checked": true,
    "id": 309,
    "origin": "human",
    "parent": 287,
    "persons": [
      "Bastide"
    ],
    "score": 0.5,
    "text_ocr": "##Bastide## , @@rue Caumartin@@ , $$n.° 764$$, - @@de la Place-Vendôme@@.\n",
    "type": "ENTRY"
  },
  {
    "EOL": false,
    "box": [
      244,
      1150,
      513,
      22
    ],
    "id": 312,
    "indented": true,
    "parent": 311,
    "text": "",
    "type": "LINE"
  },
  {
    "addresses": [
      {
        "street_name": "rue du Croissant",
        "street_numbers": [
          "n.° 8"
        ]
      }
    ],
    "box": [
      244,
      1150,
      513,
      22
    ],
    "checked": true,
    "id": 311,
    "origin": "human",
    "parent": 287,
    "persons": [
      "Baubé"
    ],
    "score": 0.5,
    "text_ocr": "##Baubé## , @@rue du Croissant@@ , $$n.° 8$$, - @@de Brutus@@.\n",
    "type": "ENTRY"
  },
  {
    "EOL": false,
    "box": [
      244,
      1174,
      665,
      24
    ],
    "id": 314,
    "indented": true,
    "parent": 313,
    "text": "",
    "type": "LINE"
  },
  {
    "EOL": false,
    "box": [
      270,
      1197,
      109,
      18
    ],
    "id": 315,
    "indented": false,
    "parent": 313,
    "text": "",
    "type": "LINE"
  },
  {
    "addresses": [
      {
        "street_name": "rue basse du Rempart",
        "street_numbers": [
          "n.° 348"
        ]
      }
    ],
    "box": [
      244,
      1174,
      665,
      41
    ],
    "checked": true,
    "id": 313,
    "origin": "human",
    "parent": 287,
    "persons": [
      "Baudecourt"
    ],
    "score": 0.5,
    "text_ocr": "##Baudecourt## , @@rue basse du Rempart@@, $$n.° 348$$, - @@de la Place-\nVendôme@@.\n",
    "type": "ENTRY"
  },
  {
    "EOL": false,
    "box": [
      246,
      1220,
      547,
      23
    ],
    "id": 317,
    "indented": true,
    "parent": 316,
    "text": "",
    "type": "LINE"
  },
  {
    "addresses": [
      {
        "street_name": "rue Poissonnière",
        "street_numbers": [
          "n.° 161"
        ]
      }
    ],
    "box": [
      246,
      1220,
      547,
      23
    ],
    "checked": true,
    "id": 316,
    "origin": "human",
    "parent": 287,
    "persons": [
      "Baurain"
    ],
    "score": 0.5,
    "text_ocr": "##Baurain## , @@rue Poissonnière@@ , $$n.° 161$$, - @@de Brutus@@.\n",
    "type": "ENTRY"
  },
  {
    "EOL": false,
    "box": [
      246,
      1244,
      521,
      24
    ],
    "id": 319,
    "indented": true,
    "parent": 318,
    "text": "",
    "type": "LINE"
  },
  {
    "addresses": [
      {
        "street_name": "rue Avoye",
        "street_numbers": [
          "n.° 136"
        ]
      }
    ],
    "box": [
      246,
      1244,
      521,
      24
    ],
    "checked": true,
    "id": 318,
    "origin": "human",
    "parent": 287,
    "persons": [
      "Baurlier"
    ],
    "score": 0.25,
    "text_ocr": "##Baurlier## , @@rue Avoye@@, $$n.° 136$$, - @@de la Réunion@@.\n",
    "type": "ENTRY"
  },
  {
    "EOL": false,
    "box": [
      246,
      1267,
      493,
      25
    ],
    "id": 321,
    "indented": true,
    "parent": 320,
    "text": "",
    "type": "LINE"
  },
  {
    "addresses": [
      {
        "street_name": "rue Nicaise",
        "street_numbers": [
          "n.° 330"
        ]
      }
    ],
    "box": [
      246,
      1267,
      493,
      25
    ],
    "checked": true,
    "id": 320,
    "origin": "human",
    "parent": 287,
    "persons": [
      "Bayle"
    ],
    "score": 0.25,
    "text_ocr": "##Bayle## , @@rue Nicaise@@ , $$n.° 330$$ , -@@des Thuileries@@.\n",
    "type": "ENTRY"
  },
  {
    "box": [
      236,
      824,
      674,
      468
    ],
    "id": 287,
    "parent": 286,
    "type": "COLUMN_LEVEL_2"
  },
  {
    "box": [
      236,
      824,
      674,
      468
    ],
    "id": 286,
    "parent": 285,
    "type": "SECTION_LEVEL_2"
  },
  {
    "box": [
      236,
      824,
      674,
      468
    ],
    "id": 285,
    "parent": 284,
    "type": "COLUMN_LEVEL_1"
  },
  {
    "box": [
      229,
      824,
      681,
      468
    ],
    "id": 284,
    "parent": 256,
    "type": "SECTION_LEVEL_1"
  },
  {
    "box": [
      229,
      139,
      681,
      1153
    ],
    "id": 256,
    "type": "PAGE"
  }
]
