[
  {
    "EOL": false,
    "box": [
      211,
      144,
      616,
      53
    ],
    "id": 262,
    "indented": true,
    "parent": 261,
    "text": "",
    "type": "LINE"
  },
  {
    "addresses": [
      {
        "street_name": "rue neuve Augustin",
        "street_numbers": [
          "n.° 578"
        ]
      }
    ],
    "box": [
      211,
      144,
      616,
      53
    ],
    "checked": true,
    "id": 261,
    "origin": "human",
    "parent": 260,
    "persons": [
      "Blancheton"
    ],
    "score": 0,
    "text_ocr": "##Blancheton## , @@rue neuve Augustin@@, $$n.° 578$$ , —@@de Pelletier@@.\n",
    "type": "ENTRY"
  },
  {
    "EOL": false,
    "box": [
      211,
      196,
      621,
      23
    ],
    "id": 264,
    "indented": true,
    "parent": 263,
    "text": "",
    "type": "LINE"
  },
  {
    "EOL": false,
    "box": [
      236,
      219,
      63,
      16
    ],
    "id": 265,
    "indented": false,
    "parent": 263,
    "text": "",
    "type": "LINE"
  },
  {
    "addresses": [
      {
        "street_name": "rue des Francs-Bourgeois",
        "street_numbers": [
          "n.° 16"
        ]
      }
    ],
    "box": [
      211,
      196,
      621,
      39
    ],
    "checked": true,
    "id": 263,
    "origin": "human",
    "parent": 260,
    "persons": [
      "Bonnet"
    ],
    "score": 0.5,
    "text_ocr": "##Bonnet##, @@rue des Francs-Bourgeois@@ , $$n.° 16$$, —@@de l’Homme-\nArmé@@.\n",
    "type": "ENTRY"
  },
  {
    "EOL": false,
    "box": [
      210,
      227,
      564,
      35
    ],
    "id": 267,
    "indented": true,
    "parent": 266,
    "text": "",
    "type": "LINE"
  },
  {
    "addresses": [
      {
        "street_name": "rue des Vieux-Augustins",
        "street_numbers": [
          "n.° 65"
        ]
      }
    ],
    "box": [
      210,
      227,
      564,
      35
    ],
    "checked": true,
    "id": 266,
    "origin": "human",
    "parent": 260,
    "persons": [
      "Bougenel"
    ],
    "score": 0.35714285714285715,
    "text_ocr": "##Bougenel## , @@rue des Vieux-Augustins@@, $$n.° 65$$, -@@du Mail@@.\n",
    "type": "ENTRY"
  },
  {
    "EOL": false,
    "box": [
      212,
      262,
      578,
      22
    ],
    "id": 269,
    "indented": true,
    "parent": 268,
    "text": "",
    "type": "LINE"
  },
  {
    "addresses": [
      {
        "street_name": "rue Montmartre",
        "street_numbers": [
          "n.° 75"
        ]
      }
    ],
    "box": [
      212,
      262,
      578,
      22
    ],
    "checked": true,
    "id": 268,
    "origin": "human",
    "parent": 260,
    "persons": [
      "Bourdin"
    ],
    "score": 0.5,
    "text_ocr": "##Bourdin## (££et bourlier££), @@rue Montmartre@@, $$n.° 75$$ , —@@du Mail@@.\n",
    "type": "ENTRY"
  },
  {
    "EOL": false,
    "box": [
      212,
      284,
      462,
      22
    ],
    "id": 271,
    "indented": true,
    "parent": 270,
    "text": "",
    "type": "LINE"
  },
  {
    "addresses": [
      {
        "street_name": "rue d'Amboise",
        "street_numbers": [
          "n.° 369"
        ]
      }
    ],
    "box": [
      212,
      284,
      462,
      22
    ],
    "checked": true,
    "id": 270,
    "origin": "human",
    "parent": 260,
    "persons": [
      "Brac"
    ],
    "score": 0.4285714285714286,
    "text_ocr": "##Brac##, @@rue d'Amboise@@ , $$n.° 369$$ , —@@de Pelletier@@.\n",
    "type": "ENTRY"
  },
  {
    "EOL": false,
    "box": [
      214,
      297,
      622,
      41
    ],
    "id": 273,
    "indented": true,
    "parent": 272,
    "text": "",
    "type": "LINE"
  },
  {
    "EOL": false,
    "box": [
      236,
      327,
      101,
      17
    ],
    "id": 274,
    "indented": false,
    "parent": 272,
    "text": "",
    "type": "LINE"
  },
  {
    "addresses": [
      {
        "street_name": "rue Caumartin",
        "street_numbers": [
          "n.° 746"
        ]
      }
    ],
    "box": [
      214,
      297,
      622,
      47
    ],
    "checked": true,
    "id": 272,
    "origin": "human",
    "parent": 260,
    "persons": [
      "Braidy"
    ],
    "score": 0.5,
    "text_ocr": "##Braidy## (££et carrossier££), @@rue Caumartin@@ , $$n.° 746$$ , —@@de la Place-\nVendome@@.\n",
    "type": "ENTRY"
  },
  {
    "EOL": false,
    "box": [
      213,
      345,
      569,
      27
    ],
    "id": 276,
    "indented": true,
    "parent": 275,
    "text": "",
    "type": "LINE"
  },
  {
    "addresses": [
      {
        "street_name": "rue du faubourg Honoré",
        "street_numbers": [
          "n.° 9"
        ]
      }
    ],
    "box": [
      213,
      345,
      569,
      27
    ],
    "checked": true,
    "id": 275,
    "origin": "human",
    "parent": 260,
    "persons": [
      "Chamblet"
    ],
    "score": 0.3,
    "text_ocr": "##Chamblet## , @@rue du faubourg Honoré@@, $$n.° 9$$ , —@@du Roule@@.\n",
    "type": "ENTRY"
  },
  {
    "EOL": false,
    "box": [
      213,
      370,
      452,
      22
    ],
    "id": 278,
    "indented": true,
    "parent": 277,
    "text": "",
    "type": "LINE"
  },
  {
    "addresses": [
      {
        "street_name": "rue Cérutti",
        "street_numbers": [
          "n.° 7"
        ]
      }
    ],
    "box": [
      213,
      370,
      452,
      22
    ],
    "checked": true,
    "id": 277,
    "origin": "human",
    "parent": 260,
    "persons": [
      "Chatin"
    ],
    "score": 0.3,
    "text_ocr": "##Chatin## , @@rue Cérutti@@ , $$n.° 7$$, —@@du Montblanc@@.\n",
    "type": "ENTRY"
  },
  {
    "EOL": false,
    "box": [
      214,
      392,
      625,
      22
    ],
    "id": 280,
    "indented": true,
    "parent": 279,
    "text": "",
    "type": "LINE"
  },
  {
    "EOL": false,
    "box": [
      238,
      414,
      110,
      20
    ],
    "id": 281,
    "indented": false,
    "parent": 279,
    "text": "",
    "type": "LINE"
  },
  {
    "addresses": [
      {
        "street_name": "rue des Fossés-Germain",
        "street_numbers": [
          "n.° 251"
        ]
      }
    ],
    "box": [
      214,
      392,
      625,
      42
    ],
    "checked": true,
    "id": 279,
    "origin": "human",
    "parent": 260,
    "persons": [
      "Chevalier"
    ],
    "score": 0.25,
    "text_ocr": "##Chevalier## , @@rue des Fossés-Germain@@ , $$n.° 251$$ , —@@des Gardes-\nFrançaises@@.\n",
    "type": "ENTRY"
  },
  {
    "EOL": false,
    "box": [
      215,
      435,
      626,
      23
    ],
    "id": 283,
    "indented": true,
    "parent": 282,
    "text": "",
    "type": "LINE"
  },
  {
    "addresses": [
      {
        "street_name": "rue des Gravillers",
        "street_numbers": [
          "n.° 69"
        ]
      }
    ],
    "box": [
      215,
      435,
      626,
      23
    ],
    "checked": true,
    "id": 282,
    "origin": "human",
    "parent": 260,
    "persons": [
      "Clavet"
    ],
    "score": 0.4722222222222222,
    "text_ocr": "##Clavet## (££peaussier££), @@rue des Gravillers@@ , $$n.° 69$$, —@@des Gravilliers@@.\n",
    "type": "ENTRY"
  },
  {
    "EOL": false,
    "box": [
      215,
      458,
      559,
      21
    ],
    "id": 285,
    "indented": true,
    "parent": 284,
    "text": "",
    "type": "LINE"
  },
  {
    "addresses": [
      {
        "street_name": "rue Grenier-Lazarre",
        "street_numbers": [
          "n.° 3"
        ]
      }
    ],
    "box": [
      215,
      458,
      559,
      21
    ],
    "checked": true,
    "id": 284,
    "origin": "human",
    "parent": 260,
    "persons": [
      "Courtois"
    ],
    "score": 0.3,
    "text_ocr": "##Courtois## , @@rue Grenier-Lazarre@@ , $$n.° 3$$, —@@de la Réunion@@.\n",
    "type": "ENTRY"
  },
  {
    "EOL": false,
    "box": [
      216,
      480,
      613,
      22
    ],
    "id": 287,
    "indented": true,
    "parent": 286,
    "text": "",
    "type": "LINE"
  },
  {
    "addresses": [
      {
        "street_name": "rue Caumartin",
        "street_numbers": [
          "n.° 788"
        ]
      }
    ],
    "box": [
      216,
      480,
      613,
      22
    ],
    "checked": true,
    "id": 286,
    "origin": "human",
    "parent": 260,
    "persons": [
      "Couteaux"
    ],
    "score": 0.5,
    "text_ocr": "##Couteaux## , @@rue Caumartin@@ , $$n.° 788$$ , —@@de la Place-Vendôme@@.\n",
    "type": "ENTRY"
  },
  {
    "EOL": false,
    "box": [
      216,
      501,
      426,
      23
    ],
    "id": 289,
    "indented": true,
    "parent": 288,
    "text": "",
    "type": "LINE"
  },
  {
    "addresses": [
      {
        "street_name": "rue Pagevin",
        "street_numbers": [
          "n.° 206"
        ]
      }
    ],
    "box": [
      216,
      501,
      426,
      23
    ],
    "checked": true,
    "id": 288,
    "origin": "human",
    "parent": 260,
    "persons": [
      "Caveliez"
    ],
    "score": 0.25,
    "text_ocr": "##Caveliez## , @@rue Pagevin@@ , $$n.° 206$$ , —@@du Mail@@\n",
    "type": "ENTRY"
  },
  {
    "EOL": false,
    "box": [
      216,
      523,
      522,
      22
    ],
    "id": 291,
    "indented": true,
    "parent": 290,
    "text": "",
    "type": "LINE"
  },
  {
    "addresses": [
      {
        "street_name": "rue Thomas-du-Louvre",
        "street_numbers": []
      }
    ],
    "box": [
      216,
      523,
      522,
      22
    ],
    "checked": true,
    "id": 290,
    "origin": "human",
    "parent": 260,
    "persons": [
      "Darruty"
    ],
    "score": 0.25,
    "street_number": "",
    "text_ocr": "##Darruty##, @@rue Thomas-du-Louvre@@ , —@@des Thuileries@@.\n",
    "type": "ENTRY"
  },
  {
    "EOL": false,
    "box": [
      217,
      545,
      415,
      21
    ],
    "id": 293,
    "indented": true,
    "parent": 292,
    "text": "",
    "type": "LINE"
  },
  {
    "addresses": [
      {
        "street_name": "rue Lazare",
        "street_numbers": [
          "n.° 77"
        ]
      }
    ],
    "box": [
      217,
      545,
      415,
      21
    ],
    "checked": true,
    "id": 292,
    "origin": "human",
    "parent": 260,
    "persons": [
      "Dat"
    ],
    "score": 0.4,
    "text_ocr": "##Dat## , @@rue Lazare@@, $$n.° 77$$, —@@du Montblanc@@.\n",
    "type": "ENTRY"
  },
  {
    "EOL": false,
    "box": [
      217,
      566,
      584,
      23
    ],
    "id": 295,
    "indented": true,
    "parent": 294,
    "text": "",
    "type": "LINE"
  },
  {
    "addresses": [
      {
        "street_name": "rue Hautefeuille",
        "street_numbers": [
          "n.° 24"
        ]
      }
    ],
    "box": [
      217,
      566,
      584,
      23
    ],
    "checked": true,
    "id": 294,
    "origin": "human",
    "parent": 260,
    "persons": [
      "Deloche"
    ],
    "score": 0.46875,
    "text_ocr": "##Deloche##, @@rue Hautefeuille@@ , $$n.° 24$$, —@@du Théâtre-Français@@.\n",
    "type": "ENTRY"
  },
  {
    "EOL": false,
    "box": [
      219,
      588,
      576,
      23
    ],
    "id": 297,
    "indented": true,
    "parent": 296,
    "text": "",
    "type": "LINE"
  },
  {
    "addresses": [
      {
        "street_name": "rue du Bacq",
        "street_numbers": [
          "n.° 564"
        ]
      }
    ],
    "box": [
      219,
      588,
      576,
      23
    ],
    "checked": true,
    "id": 296,
    "origin": "human",
    "parent": 260,
    "persons": [
      "Darblay"
    ],
    "score": 0.45454545454545453,
    "text_ocr": "##Darblay## (££carrossier££), @@rue du Bacq@@ , $$n.° 564$$ , —@@de l’Ouest@@.\n",
    "type": "ENTRY"
  },
  {
    "EOL": false,
    "box": [
      219,
      610,
      447,
      22
    ],
    "id": 299,
    "indented": true,
    "parent": 298,
    "text": "",
    "type": "LINE"
  },
  {
    "addresses": [
      {
        "street_name": "rue Lazare",
        "street_numbers": [
          "n.° 66"
        ]
      }
    ],
    "box": [
      219,
      610,
      447,
      22
    ],
    "checked": true,
    "id": 298,
    "origin": "human",
    "parent": 260,
    "persons": [
      "Dréan"
    ],
    "score": 0.4,
    "text_ocr": "##Dréan## , @@rue Lazare@@ , $$n.° 66$$, —@@du Montblanc@@.\n",
    "type": "ENTRY"
  },
  {
    "EOL": false,
    "box": [
      219,
      632,
      630,
      23
    ],
    "id": 301,
    "indented": true,
    "parent": 300,
    "text": "",
    "type": "LINE"
  },
  {
    "EOL": false,
    "box": [
      245,
      655,
      129,
      16
    ],
    "id": 302,
    "indented": false,
    "parent": 300,
    "text": "",
    "type": "LINE"
  },
  {
    "addresses": [
      {
        "street_name": "rue de Beaune",
        "street_numbers": []
      }
    ],
    "box": [
      219,
      632,
      630,
      39
    ],
    "checked": true,
    "id": 300,
    "origin": "human",
    "parent": 260,
    "persons": [
      "Dubois"
    ],
    "score": 0.5,
    "street_number": "",
    "text_ocr": "##Dubois## (££carrossier££), @@rue de Beaune@@, @@n.° 890@@ , —@@de la Fontaine\nde-Grenelle@@.\n",
    "type": "ENTRY"
  },
  {
    "EOL": false,
    "box": [
      220,
      675,
      603,
      23
    ],
    "id": 304,
    "indented": true,
    "parent": 303,
    "text": "",
    "type": "LINE"
  },
  {
    "addresses": [
      {
        "street_name": "rue neuve Egalité",
        "street_numbers": [
          "n.° 335"
        ]
      }
    ],
    "box": [
      220,
      675,
      603,
      23
    ],
    "checked": true,
    "id": 303,
    "origin": "human",
    "parent": 260,
    "persons": [
      "Duldek"
    ],
    "score": 0.25,
    "text_ocr": "##Duldek## , @@rue neuve Egalité@@ , $$n.° 335$$ , —@@de Bonne-Nouvelle@@.\n",
    "type": "ENTRY"
  },
  {
    "EOL": false,
    "box": [
      222,
      697,
      627,
      23
    ],
    "id": 306,
    "indented": true,
    "parent": 305,
    "text": "",
    "type": "LINE"
  },
  {
    "addresses": [
      {
        "street_name": "rue du Bacq",
        "street_numbers": [
          "n.° 843"
        ]
      }
    ],
    "box": [
      222,
      697,
      627,
      23
    ],
    "checked": true,
    "id": 305,
    "origin": "human",
    "parent": 260,
    "persons": [
      "Dupuis"
    ],
    "score": 0.40909090909090906,
    "text_ocr": "##Dupuis##, @@rue du Bacq@@, $$n.° 843$$ , —@@de la Fontaine-de-Grenelle@@.\n",
    "type": "ENTRY"
  },
  {
    "EOL": false,
    "box": [
      221,
      720,
      519,
      21
    ],
    "id": 308,
    "indented": true,
    "parent": 307,
    "text": "",
    "type": "LINE"
  },
  {
    "addresses": [
      {
        "street_name": "rue Beaurepaire",
        "street_numbers": [
          "n.° 6"
        ]
      }
    ],
    "box": [
      221,
      720,
      519,
      21
    ],
    "checked": true,
    "id": 307,
    "origin": "human",
    "parent": 260,
    "persons": [
      "Durand"
    ],
    "score": 0.5,
    "text_ocr": "##Durand##, @@rue Beaurepaire@@ , $$n.° 6$$ , —@@de Bon-Conseil@@.\n",
    "type": "ENTRY"
  },
  {
    "EOL": false,
    "box": [
      220,
      741,
      631,
      23
    ],
    "id": 310,
    "indented": true,
    "parent": 309,
    "text": "",
    "type": "LINE"
  },
  {
    "EOL": false,
    "box": [
      245,
      764,
      158,
      16
    ],
    "id": 311,
    "indented": false,
    "parent": 309,
    "text": "",
    "type": "LINE"
  },
  {
    "addresses": [
      {
        "street_name": "rue neuve du Luxembourg",
        "street_numbers": [
          "n.° 128"
        ]
      }
    ],
    "box": [
      220,
      741,
      631,
      39
    ],
    "checked": true,
    "id": 309,
    "origin": "human",
    "parent": 260,
    "persons": [
      "Dussanssdy"
    ],
    "score": 0.4285714285714286,
    "text_ocr": "##Dussanssdy##, @@rue neuve du Luxembourg@@, $$n.° 128$$, —@@de Ja\nPlace-Vendôme@@.",
    "type": "ENTRY"
  },
  {
    "EOL": false,
    "box": [
      222,
      784,
      618,
      24
    ],
    "id": 313,
    "indented": true,
    "parent": 312,
    "text": "",
    "type": "LINE"
  },
  {
    "addresses": [
      {
        "street_name": "rue du Boulloy",
        "street_numbers": [
          "n.° 44"
        ]
      }
    ],
    "box": [
      222,
      784,
      618,
      24
    ],
    "checked": true,
    "id": 312,
    "origin": "human",
    "parent": 260,
    "persons": [
      "Falkemberg"
    ],
    "score": 0,
    "text_ocr": "##Falkemberg## , @@rue du Boulloy@@ , $$n.° 44$$, —@@de la Halle-au-Bled@@.\n",
    "type": "ENTRY"
  },
  {
    "EOL": false,
    "box": [
      222,
      807,
      561,
      21
    ],
    "id": 315,
    "indented": true,
    "parent": 314,
    "text": "",
    "type": "LINE"
  },
  {
    "addresses": [
      {
        "street_name": "quai de la Mégisserie",
        "street_numbers": [
          "n.° 25"
        ]
      }
    ],
    "box": [
      222,
      807,
      561,
      21
    ],
    "checked": true,
    "id": 314,
    "origin": "human",
    "parent": 260,
    "persons": [
      "Fontaine"
    ],
    "score": 0.47619047619047616,
    "text_ocr": "##Fontaine## , @@quai de la Mégisserie@@ , $$n.° 25$$ , —@@du Muséum@@.\n",
    "type": "ENTRY"
  },
  {
    "EOL": false,
    "box": [
      223,
      829,
      539,
      21
    ],
    "id": 317,
    "indented": true,
    "parent": 316,
    "text": "",
    "type": "LINE"
  },
  {
    "addresses": [
      {
        "street_name": "boulevard du dépôt",
        "street_numbers": [
          "n.° 7"
        ]
      }
    ],
    "box": [
      223,
      829,
      539,
      21
    ],
    "checked": true,
    "id": 316,
    "origin": "human",
    "parent": 260,
    "persons": [
      "Gagnant"
    ],
    "score": 0.5,
    "text_ocr": "##Gagnant##, @@boulevard du dépôt@@ , $$n.° 7$$, —@@de Pelletier@@.\n",
    "type": "ENTRY"
  },
  {
    "EOL": false,
    "box": [
      224,
      850,
      533,
      21
    ],
    "id": 319,
    "indented": true,
    "parent": 318,
    "text": "",
    "type": "LINE"
  },
  {
    "addresses": [
      {
        "street_name": "rue Nicaise",
        "street_numbers": [
          "n.° 327"
        ]
      }
    ],
    "box": [
      224,
      850,
      533,
      21
    ],
    "checked": true,
    "id": 318,
    "origin": "human",
    "parent": 260,
    "persons": [
      "Gambard"
    ],
    "score": 0.25,
    "text_ocr": "##Gambard## , @@rue Nicaise@@ , $$n.° 327$$ , —@@des Thuileries,@@\n",
    "type": "ENTRY"
  },
  {
    "EOL": false,
    "box": [
      223,
      871,
      629,
      24
    ],
    "id": 321,
    "indented": true,
    "parent": 320,
    "text": "",
    "type": "LINE"
  },
  {
    "addresses": [
      {
        "street_name": "rue de l’Université",
        "street_numbers": [
          "n.° 389"
        ]
      }
    ],
    "box": [
      223,
      871,
      629,
      24
    ],
    "checked": true,
    "id": 320,
    "origin": "human",
    "parent": 260,
    "persons": [
      "Gerhot"
    ],
    "score": 0.5,
    "text_ocr": "##Gerhot## , @@rue de l’Université@@, $$n.° 389$$, —@@de la Fontaine-de-\nGrenelle@@.\n",
    "type": "ENTRY"
  },
  {
    "EOL": false,
    "box": [
      225,
      895,
      438,
      43
    ],
    "id": 323,
    "indented": true,
    "parent": 322,
    "text": "",
    "type": "LINE"
  },
  {
    "addresses": [
      {
        "street_name": "rue Marc",
        "street_numbers": [
          "n.° 179"
        ]
      }
    ],
    "box": [
      225,
      895,
      438,
      43
    ],
    "checked": true,
    "id": 322,
    "origin": "human",
    "parent": 260,
    "persons": [
      "Gillard"
    ],
    "score": 0.375,
    "text_ocr": "##Gillard## , @@rue Marc@@, $$n.° 179$$, —@@de Pelletier@@.\n",
    "type": "ENTRY"
  },
  {
    "EOL": false,
    "box": [
      226,
      937,
      628,
      23
    ],
    "id": 325,
    "indented": true,
    "parent": 324,
    "text": "",
    "type": "LINE"
  },
  {
    "EOL": false,
    "box": [
      250,
      960,
      97,
      16
    ],
    "id": 326,
    "indented": false,
    "parent": 324,
    "text": "",
    "type": "LINE"
  },
  {
    "addresses": [
      {
        "street_name": "rue neuve des Capucines",
        "street_numbers": [
          "n.° 511"
        ]
      }
    ],
    "box": [
      226,
      937,
      628,
      39
    ],
    "checked": true,
    "id": 324,
    "origin": "human",
    "parent": 260,
    "persons": [
      "Girard"
    ],
    "score": 0.5,
    "text_ocr": "##Girard## , @@rue neuve des Capucines@@, $$n.° 511$$, —@@de la Place-\nVendôme@@\n",
    "type": "ENTRY"
  },
  {
    "EOL": false,
    "box": [
      227,
      980,
      534,
      22
    ],
    "id": 328,
    "indented": true,
    "parent": 327,
    "text": "",
    "type": "LINE"
  },
  {
    "addresses": [
      {
        "street_name": "quai de la Mégisserie",
        "street_numbers": [
          "n.° 1 "
        ]
      }
    ],
    "box": [
      227,
      980,
      534,
      22
    ],
    "checked": true,
    "id": 327,
    "origin": "human",
    "parent": 260,
    "persons": [
      "Girard"
    ],
    "score": 0.5,
    "text_ocr": "##Girard## , @@quai de la Mégisserie@@ , $$n.° 1 $$, —@@du Muséum@@.\n",
    "type": "ENTRY"
  },
  {
    "EOL": false,
    "box": [
      228,
      1003,
      626,
      21
    ],
    "id": 330,
    "indented": true,
    "parent": 329,
    "text": "",
    "type": "LINE"
  },
  {
    "addresses": [
      {
        "street_name": "rue de Verneuil",
        "street_numbers": [
          "n.° 459 "
        ]
      }
    ],
    "box": [
      228,
      1003,
      626,
      21
    ],
    "checked": true,
    "id": 329,
    "origin": "human",
    "parent": 260,
    "persons": [
      "Gout"
    ],
    "score": 0.5,
    "text_ocr": "##Gout## , @@rue de Verneuil@@, $$n.° 459 $$, —@@de la Fontaine -de-Grenelle@@.\n",
    "type": "ENTRY"
  },
  {
    "EOL": false,
    "box": [
      228,
      1025,
      581,
      21
    ],
    "id": 332,
    "indented": true,
    "parent": 331,
    "text": "",
    "type": "LINE"
  },
  {
    "addresses": [
      {
        "street_name": "rue des Deux-Portes",
        "street_numbers": [
          "n.° 5"
        ]
      }
    ],
    "box": [
      228,
      1025,
      581,
      21
    ],
    "checked": true,
    "id": 331,
    "origin": "human",
    "parent": 260,
    "persons": [
      "Greppin"
    ],
    "score": 0.3,
    "text_ocr": "##Greppin## , @@rue des Deux-Portes@@ , $$n.° 5$$, —@@de Bon-Conseil@@.\n",
    "type": "ENTRY"
  },
  {
    "EOL": false,
    "box": [
      229,
      1047,
      485,
      20
    ],
    "id": 334,
    "indented": true,
    "parent": 333,
    "text": "",
    "type": "LINE"
  },
  {
    "addresses": [
      {
        "street_name": "rue Fay‘eau",
        "street_numbers": [
          "n. 241"
        ]
      }
    ],
    "box": [
      229,
      1047,
      485,
      20
    ],
    "checked": true,
    "id": 333,
    "origin": "human",
    "parent": 260,
    "persons": [
      "Grimard"
    ],
    "score": 0.5,
    "text_ocr": "##Grimard## , @@rue Fay‘eau@@ , $$n. 241$$, —@@de Pelletier@@.\n",
    "type": "ENTRY"
  },
  {
    "EOL": false,
    "box": [
      230,
      1068,
      499,
      21
    ],
    "id": 336,
    "indented": true,
    "parent": 335,
    "text": "",
    "type": "LINE"
  },
  {
    "addresses": [
      {
        "street_name": "rue du Carousel",
        "street_numbers": [
          "n.° 527"
        ]
      }
    ],
    "box": [
      230,
      1068,
      499,
      21
    ],
    "checked": true,
    "id": 335,
    "origin": "human",
    "parent": 260,
    "persons": [
      "Guay"
    ],
    "score": 0.25,
    "text_ocr": "##Guay##, @@rue du Carousel@@ , $$n.° 527$$, —@@des Thuileries@@.\n",
    "type": "ENTRY"
  },
  {
    "EOL": false,
    "box": [
      230,
      1089,
      624,
      23
    ],
    "id": 338,
    "indented": true,
    "parent": 337,
    "text": "",
    "type": "LINE"
  },
  {
    "EOL": false,
    "box": [
      253,
      1112,
      145,
      17
    ],
    "id": 339,
    "indented": false,
    "parent": 337,
    "text": "",
    "type": "LINE"
  },
  {
    "addresses": [
      {
        "street_name": "rue Jean-Jacques Rousseau",
        "street_numbers": [
          "n.° 365"
        ]
      }
    ],
    "box": [
      230,
      1089,
      624,
      40
    ],
    "checked": true,
    "id": 337,
    "origin": "human",
    "parent": 260,
    "persons": [
      "Guilbert"
    ],
    "score": 0.5,
    "text_ocr": "##Guilbert## (££bourrelier££), @@rue Jean-Jacques Rousseau@@, $$n.° 365$$, —@@du\nContrat-Social@@.\n",
    "type": "ENTRY"
  },
  {
    "EOL": false,
    "box": [
      230,
      1133,
      575,
      21
    ],
    "id": 341,
    "indented": true,
    "parent": 340,
    "text": "",
    "type": "LINE"
  },
  {
    "addresses": [
      {
        "street_name": "rue Grange-Batellière",
        "street_numbers": [
          "n.° 13"
        ]
      }
    ],
    "box": [
      230,
      1133,
      575,
      21
    ],
    "checked": true,
    "id": 340,
    "origin": "human",
    "parent": 260,
    "persons": [
      "Havard"
    ],
    "score": 0.33333333333333337,
    "text_ocr": "##Havard## , @@rue Grange-Batellière@@ , $$n.° 13$$, —@@du Montblanc@@.\n",
    "type": "ENTRY"
  },
  {
    "EOL": false,
    "box": [
      232,
      1155,
      532,
      22
    ],
    "id": 343,
    "indented": true,
    "parent": 342,
    "text": "",
    "type": "LINE"
  },
  {
    "addresses": [
      {
        "street_name": "rue de Chartres",
        "street_numbers": [
          "n° 338"
        ]
      }
    ],
    "box": [
      232,
      1155,
      532,
      22
    ],
    "checked": true,
    "id": 342,
    "origin": "human",
    "parent": 260,
    "persons": [
      "Hevin"
    ],
    "score": 0.5,
    "text_ocr": "##Hevin## , @@rue de Chartres@@, $$n° 338$$ , —@@des Thuileries@@.\n",
    "type": "ENTRY"
  },
  {
    "EOL": false,
    "box": [
      231,
      1177,
      534,
      21
    ],
    "id": 345,
    "indented": true,
    "parent": 344,
    "text": "",
    "type": "LINE"
  },
  {
    "addresses": [
      {
        "street_name": "rue de Chartres",
        "street_numbers": [
          "n° 343"
        ]
      }
    ],
    "box": [
      231,
      1177,
      534,
      21
    ],
    "checked": true,
    "id": 344,
    "origin": "human",
    "parent": 260,
    "persons": [
      "Houber"
    ],
    "score": 0.5,
    "text_ocr": "##Houber## , @@rue de Chartres@@ , $$n° 343$$ , —@@des Thuileries@@.\n",
    "type": "ENTRY"
  },
  {
    "EOL": false,
    "box": [
      233,
      1198,
      526,
      24
    ],
    "id": 347,
    "indented": true,
    "parent": 346,
    "text": "",
    "type": "LINE"
  },
  {
    "addresses": [
      {
        "street_name": "rue de la Savonnerie",
        "street_numbers": [
          "n.° 8"
        ]
      }
    ],
    "box": [
      233,
      1198,
      526,
      24
    ],
    "checked": true,
    "id": 346,
    "origin": "human",
    "parent": 260,
    "persons": [
      "Houdry"
    ],
    "score": 0.25,
    "text_ocr": "##Houdry##, @@rue de la Savonnerie@@ , $$n.° 8$$, —@@du Muséum@@.\n",
    "type": "ENTRY"
  },
  {
    "box": [
      207,
      144,
      647,
      1078
    ],
    "id": 260,
    "parent": 259,
    "type": "COLUMN_LEVEL_2"
  },
  {
    "box": [
      207,
      144,
      647,
      1078
    ],
    "id": 259,
    "parent": 258,
    "type": "SECTION_LEVEL_2"
  },
  {
    "box": [
      207,
      144,
      647,
      1078
    ],
    "id": 258,
    "parent": 257,
    "type": "COLUMN_LEVEL_1"
  },
  {
    "box": [
      163,
      144,
      691,
      1078
    ],
    "id": 257,
    "parent": 256,
    "type": "SECTION_LEVEL_1"
  },
  {
    "box": [
      163,
      144,
      691,
      1078
    ],
    "id": 256,
    "type": "PAGE"
  }
]
