{
  "content": [
    {
      "EOL": false, 
      "box": [
        213, 
        176, 
        507, 
        26
      ], 
      "id": 262, 
      "indented": false, 
      "parent": 261, 
      "text": "", 
      "type": "LINE"
    }, 
    {
      "addresses": [
        {
          "street_name": "rue de Paradis", 
          "street_numbers": []
        }
      ], 
      "box": [
        213, 
        176, 
        507, 
        26
      ], 
      "checked": false, 
      "id": 261, 
      "ner_xml": "<TITRE>Gerneu</TITRE>,<LOC>rue de Paradis</LOC>,<ACT>n. 14</ACT>,<PER>- Poissonnitre</PER>,\n", 
      "origin": "computer", 
      "parent": 260, 
      "persons": [
        "- Poissonnitre"
      ], 
      "text_ocr": "Gerneu, rue de Paradis, n. 14, - Poissonnitre,\n", 
      "type": "ENTRY"
    }, 
    {
      "EOL": false, 
      "box": [
        213, 
        201, 
        555, 
        23
      ], 
      "id": 264, 
      "indented": true, 
      "parent": 263, 
      "text": "", 
      "type": "LINE"
    }, 
    {
      "addresses": [
        {
          "street_name": "rue Dominique", 
          "street_numbers": []
        }
      ], 
      "box": [
        213, 
        201, 
        555, 
        23
      ], 
      "checked": false, 
      "id": 263, 
      "ner_xml": "<PER>Megret</PER>,<LOC>rue Dominique</LOC>,<ACT>n. 1:75</ACT>,<ACT>\u2014 des Invulides</ACT>.\n", 
      "origin": "computer", 
      "parent": 260, 
      "persons": [
        "Megret"
      ], 
      "text_ocr": "Megret , rue Dominique , n. 1:75, \u2014 des Invulides.\n", 
      "type": "ENTRY"
    }, 
    {
      "box": [
        213, 
        175, 
        559, 
        49
      ], 
      "id": 260, 
      "parent": 259, 
      "type": "COLUMN_LEVEL_2"
    }, 
    {
      "box": [
        213, 
        175, 
        559, 
        49
      ], 
      "id": 259, 
      "parent": 258, 
      "type": "SECTION_LEVEL_2"
    }, 
    {
      "box": [
        213, 
        175, 
        559, 
        49
      ], 
      "id": 258, 
      "parent": 257, 
      "type": "COLUMN_LEVEL_1"
    }, 
    {
      "box": [
        213, 
        175, 
        698, 
        49
      ], 
      "id": 257, 
      "parent": 256, 
      "type": "SECTION_LEVEL_1"
    }, 
    {
      "box": [
        213, 
        298, 
        698, 
        23
      ], 
      "checked": false, 
      "id": 265, 
      "origin": "computer", 
      "parent": 256, 
      "text": "CORDON NIEKS.\n", 
      "type": "TITLE_LEVEL_1"
    }, 
    {
      "EOL": false, 
      "box": [
        214, 
        350, 
        682, 
        27
      ], 
      "id": 271, 
      "indented": false, 
      "parent": 270, 
      "text": "", 
      "type": "LINE"
    }, 
    {
      "EOL": false, 
      "box": [
        214, 
        377, 
        557, 
        26
      ], 
      "id": 272, 
      "indented": false, 
      "parent": 270, 
      "text": "", 
      "type": "LINE"
    }, 
    {
      "addresses": [
        {
          "street_name": "rue du Cimetitre-Nicolas", 
          "street_numbers": []
        }, 
        {
          "street_name": "passage du Saumon", 
          "street_numbers": []
        }
      ], 
      "box": [
        214, 
        350, 
        682, 
        53
      ], 
      "checked": false, 
      "id": 270, 
      "ner_xml": "<PER>Ablinger</PER>,<LOC>rue du Cimetitre-Nicolas</LOC>,<ACT>n. 14</ACT>, \u2014 des Gravilliers,\nAllard ,<LOC>passage du Saumon</LOC>,<ACT>n. 89,-des Arcis</ACT>.\n", 
      "origin": "computer", 
      "parent": 269, 
      "persons": [
        "Ablinger"
      ], 
      "text_ocr": "Ablinger, rue du Cimetitre-Nicolas, n. 14, \u2014 des Gravilliers,\nAllard , passage du Saumon, n. 89,-des Arcis.\n", 
      "type": "ENTRY"
    }, 
    {
      "EOL": false, 
      "box": [
        215, 
        399, 
        656, 
        28
      ], 
      "id": 274, 
      "indented": true, 
      "parent": 273, 
      "text": "", 
      "type": "LINE"
    }, 
    {
      "addresses": [
        {
          "street_name": "rue du Rempart", 
          "street_numbers": []
        }
      ], 
      "box": [
        215, 
        399, 
        656, 
        28
      ], 
      "checked": false, 
      "id": 273, 
      "ner_xml": "Alli\u00e9,<LOC>rue du Rempart</LOC>,<ACT>n. 976</ACT>,<ACT>\u2014 de la Butte\u2018des-Moulins</ACT>,\n", 
      "origin": "computer", 
      "parent": 269, 
      "persons": [], 
      "text_ocr": "Alli\u00e9, rue du Rempart , n. 976, \u2014 de la Butte\u2018des-Moulins,\n", 
      "type": "ENTRY"
    }, 
    {
      "EOL": false, 
      "box": [
        215, 
        423, 
        673, 
        29
      ], 
      "id": 276, 
      "indented": true, 
      "parent": 275, 
      "text": "", 
      "type": "LINE"
    }, 
    {
      "addresses": [
        {
          "street_name": "rue Bourg-l'Abb\u00e9", 
          "street_numbers": []
        }
      ], 
      "box": [
        215, 
        423, 
        673, 
        29
      ], 
      "checked": false, 
      "id": 275, 
      "ner_xml": "<PER>Angibout</PER>,<LOC>rue Bourg-l'Abb\u00e9</LOC>,<ACT>n. 48</ACT>, \u2014 des Amis-de-la-Patrie.\n", 
      "origin": "computer", 
      "parent": 269, 
      "persons": [
        "Angibout"
      ], 
      "text_ocr": "Angibout, rue Bourg-l'Abb\u00e9, n. 48, \u2014 des Amis-de-la-Patrie.\n", 
      "type": "ENTRY"
    }, 
    {
      "EOL": false, 
      "box": [
        215, 
        452, 
        514, 
        24
      ], 
      "id": 278, 
      "indented": true, 
      "parent": 277, 
      "text": "", 
      "type": "LINE"
    }, 
    {
      "addresses": [
        {
          "street_name": "rue de la Calande", 
          "street_numbers": []
        }
      ], 
      "box": [
        215, 
        452, 
        514, 
        24
      ], 
      "checked": false, 
      "id": 277, 
      "ner_xml": "<TITRE>Argut</TITRE>,<LOC>rue de la Calande</LOC>,<ACT>n,21, \u2014 de la Gat\u00e9.\n</ACT>", 
      "origin": "computer", 
      "parent": 269, 
      "persons": [], 
      "text_ocr": "Argut, rue de la Calande, n,21, \u2014 de la Gat\u00e9.\n", 
      "type": "ENTRY"
    }, 
    {
      "EOL": false, 
      "box": [
        216, 
        476, 
        505, 
        26
      ], 
      "id": 280, 
      "indented": true, 
      "parent": 279, 
      "text": "", 
      "type": "LINE"
    }, 
    {
      "addresses": [
        {
          "street_name": "n. 30,-de Montreuil", 
          "street_numbers": []
        }
      ], 
      "box": [
        216, 
        476, 
        505, 
        26
      ], 
      "checked": false, 
      "id": 279, 
      "ner_xml": "<PER>Bastien</PER>,<ACT>faub.-Antoine</ACT>,<LOC>n. 30,-de Montreuil</LOC>.\n", 
      "origin": "computer", 
      "parent": 269, 
      "persons": [
        "Bastien"
      ], 
      "text_ocr": "Bastien , faub.-Antoine, n. 30,-de Montreuil.\n", 
      "type": "ENTRY"
    }, 
    {
      "EOL": false, 
      "box": [
        217, 
        497, 
        683, 
        28
      ], 
      "id": 282, 
      "indented": true, 
      "parent": 281, 
      "text": "", 
      "type": "LINE"
    }, 
    {
      "addresses": [
        {
          "street_name": "rue du Petit-Carrcau", 
          "street_numbers": []
        }
      ], 
      "box": [
        217, 
        497, 
        683, 
        28
      ], 
      "checked": false, 
      "id": 281, 
      "ner_xml": "<PER>Becker</PER>,<LOC>rue du Petit-Carrcau</LOC>,<ACT>n. 75, - de Bonne-Nouvelle</ACT>.\n", 
      "origin": "computer", 
      "parent": 269, 
      "persons": [
        "Becker"
      ], 
      "text_ocr": "Becker , rue du Petit-Carrcau , n. 75, - de Bonne-Nouvelle.\n", 
      "type": "ENTRY"
    }, 
    {
      "EOL": false, 
      "box": [
        216, 
        524, 
        611, 
        26
      ], 
      "id": 284, 
      "indented": true, 
      "parent": 283, 
      "text": "", 
      "type": "LINE"
    }, 
    {
      "addresses": [
        {
          "street_name": "rue Aubry-Boucher", 
          "street_numbers": []
        }
      ], 
      "box": [
        216, 
        524, 
        611, 
        26
      ], 
      "checked": false, 
      "id": 283, 
      "ner_xml": "<PER>Bernardet</PER>,<LOC>rue Aubry-Boucher</LOC>,<ACT>n. 52</ACT>, \u2014 des Loumbards,\n", 
      "origin": "computer", 
      "parent": 269, 
      "persons": [
        "Bernardet"
      ], 
      "text_ocr": "Bernardet, rue Aubry-Boucher, n. 52, \u2014 des Loumbards,\n", 
      "type": "ENTRY"
    }, 
    {
      "EOL": false, 
      "box": [
        216, 
        551, 
        452, 
        23
      ], 
      "id": 286, 
      "indented": true, 
      "parent": 285, 
      "text": "", 
      "type": "LINE"
    }, 
    {
      "addresses": [
        {
          "street_name": "rue Honor\u00e9", 
          "street_numbers": []
        }
      ], 
      "box": [
        216, 
        551, 
        452, 
        23
      ], 
      "checked": false, 
      "id": 285, 
      "ner_xml": "<TITRE>Bertin</TITRE>,<LOC>rue Honor\u00e9</LOC>,<ACT>n,42,-de la Halle</ACT>,\n", 
      "origin": "computer", 
      "parent": 269, 
      "persons": [], 
      "text_ocr": "Bertin , rue Honor\u00e9, n,42,-de la Halle,\n", 
      "type": "ENTRY"
    }, 
    {
      "EOL": false, 
      "box": [
        214, 
        560, 
        686, 
        40
      ], 
      "id": 288, 
      "indented": true, 
      "parent": 287, 
      "text": "", 
      "type": "LINE"
    }, 
    {
      "addresses": [
        {
          "street_name": "rue de Verneuil", 
          "street_numbers": []
        }, 
        {
          "street_name": "448,-de la Fontaine-de-Grenelle", 
          "street_numbers": []
        }
      ], 
      "box": [
        214, 
        560, 
        686, 
        40
      ], 
      "checked": false, 
      "id": 287, 
      "ner_xml": "<PER>PSEUDO EVENTS PNEUS \u00c9\nBesson</PER>,<LOC>rue de Verneuil</LOC>,<ACT>n</ACT>,<LOC>448,-de la Fontaine-de-Grenelle</LOC>,\n", 
      "origin": "computer", 
      "parent": 269, 
      "persons": [
        "PSEUDO EVENTS PNEUS \u00c9\nBesson"
      ], 
      "text_ocr": "PSEUDO EVENTS PNEUS \u00c9\nBesson, rue de Verneuil, n, 448,-de la Fontaine-de-Grenelle,\n", 
      "type": "ENTRY"
    }, 
    {
      "EOL": false, 
      "box": [
        217, 
        598, 
        684, 
        25
      ], 
      "id": 290, 
      "indented": true, 
      "parent": 289, 
      "text": "", 
      "type": "LINE"
    }, 
    {
      "EOL": false, 
      "box": [
        245, 
        624, 
        107, 
        19
      ], 
      "id": 291, 
      "indented": false, 
      "parent": 289, 
      "text": "", 
      "type": "LINE"
    }, 
    {
      "addresses": [
        {
          "street_name": "Betuclle", 
          "street_numbers": []
        }, 
        {
          "street_name": "rue Croix-de-la-Bretonncrie", 
          "street_numbers": []
        }
      ], 
      "box": [
        217, 
        598, 
        684, 
        45
      ], 
      "checked": false, 
      "id": 289, 
      "ner_xml": "<LOC>Betuclle</LOC>,<LOC>rue Croix-de-la-Bretonncrie</LOC>,<ACT>n. 3</ACT>,<ACT>\u2014 des Droiis-de-\nl'Homme</ACT>,\n", 
      "origin": "computer", 
      "parent": 269, 
      "persons": [], 
      "text_ocr": "Betuclle , rue Croix-de-la-Bretonncrie, n. 3, \u2014 des Droiis-de-\nl'Homme,\n", 
      "type": "ENTRY"
    }, 
    {
      "EOL": false, 
      "box": [
        219, 
        650, 
        451, 
        24
      ], 
      "id": 293, 
      "indented": true, 
      "parent": 292, 
      "text": "", 
      "type": "LINE"
    }, 
    {
      "addresses": [
        {
          "street_name": "rue du Dacq", 
          "street_numbers": []
        }, 
        {
          "street_name": "n", 
          "street_numbers": [
            "10"
          ]
        }
      ], 
      "box": [
        219, 
        650, 
        451, 
        24
      ], 
      "checked": false, 
      "id": 292, 
      "ner_xml": "Bainct ,<LOC>rue du Dacq</LOC>,<LOC>n</LOC>,<CARDINAL>10</CARDINAL>. \u2014 de l'Ouest.\n", 
      "origin": "computer", 
      "parent": 269, 
      "persons": [], 
      "text_ocr": "Bainct , rue du Dacq, n, 10. \u2014 de l'Ouest.\n", 
      "type": "ENTRY"
    }, 
    {
      "EOL": false, 
      "box": [
        220, 
        674, 
        509, 
        25
      ], 
      "id": 295, 
      "indented": true, 
      "parent": 294, 
      "text": "", 
      "type": "LINE"
    }, 
    {
      "addresses": [
        {
          "street_name": "rue d\u2019Enter", 
          "street_numbers": []
        }
      ], 
      "box": [
        220, 
        674, 
        509, 
        25
      ], 
      "checked": false, 
      "id": 294, 
      "ner_xml": "<TITRE>Blanchet</TITRE>,<LOC>rue d\u2019Enter</LOC>,<ACT>n. 761</ACT>, - des Thermes,\n", 
      "origin": "computer", 
      "parent": 269, 
      "persons": [], 
      "text_ocr": "Blanchet, rue d\u2019Enter, n. 761 , - des Thermes,\n", 
      "type": "ENTRY"
    }, 
    {
      "EOL": false, 
      "box": [
        221, 
        698, 
        509, 
        24
      ], 
      "id": 297, 
      "indented": true, 
      "parent": 296, 
      "text": "", 
      "type": "LINE"
    }, 
    {
      "addresses": [
        {
          "street_name": "rue Marivaux", 
          "street_numbers": []
        }
      ], 
      "box": [
        221, 
        698, 
        509, 
        24
      ], 
      "checked": false, 
      "id": 296, 
      "ner_xml": "<PER>Braudin</PER>,<LOC>rue Marivaux</LOC>,<ACT>n. 510, \u2014 le. Pelletier</ACT>.\n", 
      "origin": "computer", 
      "parent": 269, 
      "persons": [
        "Braudin"
      ], 
      "text_ocr": "Braudin , rue Marivaux , n. 510, \u2014 le. Pelletier.\n", 
      "type": "ENTRY"
    }, 
    {
      "EOL": false, 
      "box": [
        218, 
        720, 
        647, 
        29
      ], 
      "id": 299, 
      "indented": true, 
      "parent": 298, 
      "text": "", 
      "type": "LINE"
    }, 
    {
      "addresses": [
        {
          "street_name": "place du Palais-Egalit\u00e9", 
          "street_numbers": []
        }
      ], 
      "box": [
        218, 
        720, 
        647, 
        29
      ], 
      "checked": false, 
      "id": 298, 
      "ner_xml": "<PER>Brahy</PER>,<LOC>place du Palais-Egalit\u00e9</LOC>,<ACT>\u2014 de la Butte-des-Mouhns</ACT>,\n", 
      "origin": "computer", 
      "parent": 269, 
      "persons": [
        "Brahy"
      ], 
      "text_ocr": "Brahy , place du Palais-Egalit\u00e9, \u2014 de la Butte-des-Mouhns,\n", 
      "type": "ENTRY"
    }, 
    {
      "EOL": false, 
      "box": [
        221, 
        746, 
        646, 
        27
      ], 
      "id": 301, 
      "indented": true, 
      "parent": 300, 
      "text": "", 
      "type": "LINE"
    }, 
    {
      "addresses": [
        {
          "street_name": "rue d\u2019Agevillier", 
          "street_numbers": []
        }
      ], 
      "box": [
        221, 
        746, 
        646, 
        27
      ], 
      "checked": false, 
      "id": 300, 
      "ner_xml": "<TITRE>Briodat</TITRE>,<LOC>rue d\u2019Agevillier</LOC>,<ACT>n. 15:,- des Gardes-Fran\u00e7aises</ACT>.\n", 
      "origin": "computer", 
      "parent": 269, 
      "persons": [], 
      "text_ocr": "Briodat, rue d\u2019Agevillier, n. 15:,- des Gardes-Fran\u00e7aises.\n", 
      "type": "ENTRY"
    }, 
    {
      "EOL": false, 
      "box": [
        221, 
        771, 
        625, 
        25
      ], 
      "id": 303, 
      "indented": true, 
      "parent": 302, 
      "text": "", 
      "type": "LINE"
    }, 
    {
      "addresses": [
        {
          "street_name": "Brisscbarre", 
          "street_numbers": []
        }, 
        {
          "street_name": "rue Jean-de-Peuuvais", 
          "street_numbers": []
        }
      ], 
      "box": [
        221, 
        771, 
        625, 
        25
      ], 
      "checked": false, 
      "id": 302, 
      "ner_xml": "<LOC>Brisscbarre</LOC>,<LOC>rue Jean-de-Peuuvais</LOC>,<ACT>; n. $,- du Panthcon</ACT>.\n", 
      "origin": "computer", 
      "parent": 269, 
      "persons": [], 
      "text_ocr": "Brisscbarre, rue Jean-de-Peuuvais,; n. $,- du Panthcon.\n", 
      "type": "ENTRY"
    }, 
    {
      "EOL": false, 
      "box": [
        222, 
        795, 
        598, 
        26
      ], 
      "id": 305, 
      "indented": true, 
      "parent": 304, 
      "text": "", 
      "type": "LINE"
    }, 
    {
      "addresses": [
        {
          "street_name": "rue de la Cossonnerie", 
          "street_numbers": []
        }
      ], 
      "box": [
        222, 
        795, 
        598, 
        26
      ], 
      "checked": false, 
      "id": 304, 
      "ner_xml": "<TITRE>Broglie</TITRE>,<LOC>rue de la Cossonnerie</LOC>,<ACT>n. 571 ,:des March\u00e9s.\n</ACT>", 
      "origin": "computer", 
      "parent": 269, 
      "persons": [], 
      "text_ocr": "Broglie, rue de la Cossonnerie, n. 571 ,:des March\u00e9s.\n", 
      "type": "ENTRY"
    }, 
    {
      "EOL": false, 
      "box": [
        222, 
        822, 
        460, 
        24
      ], 
      "id": 307, 
      "indented": true, 
      "parent": 306, 
      "text": "", 
      "type": "LINE"
    }, 
    {
      "addresses": [
        {
          "street_name": "rue de Vagnes", 
          "street_numbers": []
        }
      ], 
      "box": [
        222, 
        822, 
        460, 
        24
      ], 
      "checked": false, 
      "id": 306, 
      "ner_xml": "Bru\u00e9,<LOC>rue de Vagnes</LOC>,<ACT>n. 4</ACT>, - de la Halle.\n", 
      "origin": "computer", 
      "parent": 269, 
      "persons": [], 
      "text_ocr": "Bru\u00e9, rue de Vagnes , n. 4, - de la Halle.\n", 
      "type": "ENTRY"
    }, 
    {
      "EOL": false, 
      "box": [
        224, 
        847, 
        579, 
        25
      ], 
      "id": 309, 
      "indented": true, 
      "parent": 308, 
      "text": "", 
      "type": "LINE"
    }, 
    {
      "addresses": [
        {
          "street_name": "rue Montorgueil", 
          "street_numbers": []
        }, 
        {
          "street_name": "n", 
          "street_numbers": [
            "14"
          ]
        }
      ], 
      "box": [
        224, 
        847, 
        579, 
        25
      ], 
      "checked": false, 
      "id": 308, 
      "ner_xml": "Caron ,<LOC>rue Montorgueil</LOC>,<LOC>n</LOC>,<CARDINAL>14</CARDINAL>, \u2014 Bon-Conseil,\n,<ACT>gr ,</ACT>,\n", 
      "origin": "computer", 
      "parent": 269, 
      "persons": [], 
      "text_ocr": "Caron , rue Montorgueil, n, 14, \u2014 Bon-Conseil,\n, gr , ,\n", 
      "type": "ENTRY"
    }, 
    {
      "EOL": false, 
      "box": [
        223, 
        872, 
        547, 
        23
      ], 
      "id": 311, 
      "indented": true, 
      "parent": 310, 
      "text": "", 
      "type": "LINE"
    }, 
    {
      "addresses": [], 
      "box": [
        223, 
        872, 
        547, 
        23
      ], 
      "checked": false, 
      "id": 310, 
      "ner_xml": "<PER>Carpentier</PER>,<ACT>cloitre-Honor\u00e9, n</ACT>,<CARDINAL>13</CARDINAL>,<ACT>\u2014 de la Hialie</ACT>.\n", 
      "origin": "computer", 
      "parent": 269, 
      "persons": [
        "Carpentier"
      ], 
      "text_ocr": "Carpentier, cloitre-Honor\u00e9, n, 13, \u2014 de la Hialie.\n", 
      "type": "ENTRY"
    }, 
    {
      "EOL": false, 
      "box": [
        224, 
        895, 
        621, 
        25
      ], 
      "id": 313, 
      "indented": true, 
      "parent": 312, 
      "text": "", 
      "type": "LINE"
    }, 
    {
      "addresses": [
        {
          "street_name": "Carr\u00e9", 
          "street_numbers": []
        }, 
        {
          "street_name": "rue de la Parcheminerie", 
          "street_numbers": []
        }, 
        {
          "street_name": "n. 181, - des \u2018Fhermnes", 
          "street_numbers": []
        }
      ], 
      "box": [
        224, 
        895, 
        621, 
        25
      ], 
      "checked": false, 
      "id": 312, 
      "ner_xml": "<LOC>Carr\u00e9</LOC>,<LOC>rue de la Parcheminerie</LOC>,<LOC>n. 181, - des \u2018Fhermnes</LOC>,\n", 
      "origin": "computer", 
      "parent": 269, 
      "persons": [], 
      "text_ocr": "Carr\u00e9 , rue de la Parcheminerie , n. 181, - des \u2018Fhermnes,\n", 
      "type": "ENTRY"
    }, 
    {
      "EOL": false, 
      "box": [
        225, 
        920, 
        600, 
        24
      ], 
      "id": 315, 
      "indented": true, 
      "parent": 314, 
      "text": "", 
      "type": "LINE"
    }, 
    {
      "addresses": [], 
      "box": [
        225, 
        920, 
        600, 
        24
      ], 
      "checked": false, 
      "id": 314, 
      "ner_xml": "<PER>Cagr\u00e9e</PER>,<ACT>cloitre-Jean-de-Latran</ACT>,<ACT>n. 55, \u2014 du Panth\u00e9on</ACT>.\n", 
      "origin": "computer", 
      "parent": 269, 
      "persons": [
        "Cagr\u00e9e"
      ], 
      "text_ocr": "Cagr\u00e9e, cloitre-Jean-de-Latran, n. 55, \u2014 du Panth\u00e9on.\n", 
      "type": "ENTRY"
    }, 
    {
      "EOL": false, 
      "box": [
        226, 
        946, 
        497, 
        26
      ], 
      "id": 317, 
      "indented": true, 
      "parent": 316, 
      "text": "", 
      "type": "LINE"
    }, 
    {
      "addresses": [
        {
          "street_name": "Castel", 
          "street_numbers": []
        }, 
        {
          "street_name": "rue de Grenelle", 
          "street_numbers": []
        }
      ], 
      "box": [
        226, 
        946, 
        497, 
        26
      ], 
      "checked": false, 
      "id": 316, 
      "ner_xml": "<LOC>Castel</LOC>,<LOC>rue de Grenelle</LOC>,<ACT>n. 03</ACT>, - de la Halle.\n", 
      "origin": "computer", 
      "parent": 269, 
      "persons": [], 
      "text_ocr": "Castel, rue de Grenelle, n. 03 , - de la Halle.\n", 
      "type": "ENTRY"
    }, 
    {
      "EOL": false, 
      "box": [
        227, 
        968, 
        626, 
        27
      ], 
      "id": 319, 
      "indented": true, 
      "parent": 318, 
      "text": "", 
      "type": "LINE"
    }, 
    {
      "addresses": [
        {
          "street_name": "rue de l\u2019Oursine", 
          "street_numbers": []
        }
      ], 
      "box": [
        227, 
        968, 
        626, 
        27
      ], 
      "checked": false, 
      "id": 318, 
      "ner_xml": "<PER>Caussin</PER>,<LOC>rue de l\u2019Oursine</LOC>,<ACT>n. 1534, \u2014 de l'Observatoire</ACT>,\n", 
      "origin": "computer", 
      "parent": 269, 
      "persons": [
        "Caussin"
      ], 
      "text_ocr": "Caussin , rue de l\u2019Oursine , n. 1534, \u2014 de l'Observatoire,\n", 
      "type": "ENTRY"
    }, 
    {
      "EOL": false, 
      "box": [
        227, 
        994, 
        577, 
        27
      ], 
      "id": 321, 
      "indented": true, 
      "parent": 320, 
      "text": "", 
      "type": "LINE"
    }, 
    {
      "addresses": [
        {
          "street_name": "rue des Vieux-Augustins", 
          "street_numbers": [
            "56"
          ]
        }
      ], 
      "box": [
        227, 
        994, 
        577, 
        27
      ], 
      "checked": false, 
      "id": 320, 
      "ner_xml": "<PER>Cely</PER>,<LOC>rue des Vieux-Augustins</LOC>,<ACT>n. 4-</ACT><CARDINAL>56</CARDINAL>, - du Mail.\n", 
      "origin": "computer", 
      "parent": 269, 
      "persons": [
        "Cely"
      ], 
      "text_ocr": "Cely , rue des Vieux-Augustins , n. 4-56, - du Mail.\n", 
      "type": "ENTRY"
    }, 
    {
      "EOL": false, 
      "box": [
        228, 
        1019, 
        498, 
        25
      ], 
      "id": 323, 
      "indented": true, 
      "parent": 322, 
      "text": "", 
      "type": "LINE"
    }, 
    {
      "addresses": [], 
      "box": [
        228, 
        1019, 
        498, 
        25
      ], 
      "checked": false, 
      "id": 322, 
      "ner_xml": "Chair .<PER>rue Martin</PER>,<ACT>n. 41</ACT>, - de la R\u00e9union,\n", 
      "origin": "computer", 
      "parent": 269, 
      "persons": [
        "rue Martin"
      ], 
      "text_ocr": "Chair . rue Martin , n. 41, - de la R\u00e9union,\n", 
      "type": "ENTRY"
    }, 
    {
      "EOL": false, 
      "box": [
        228, 
        1043, 
        600, 
        25
      ], 
      "id": 325, 
      "indented": true, 
      "parent": 324, 
      "text": "", 
      "type": "LINE"
    }, 
    {
      "addresses": [
        {
          "street_name": "rue Montmartre", 
          "street_numbers": [
            "2758"
          ]
        }
      ], 
      "box": [
        228, 
        1043, 
        600, 
        25
      ], 
      "checked": false, 
      "id": 324, 
      "ner_xml": "<PER>Chaudet</PER>,<LOC>rue Montmartre</LOC>,<CARDINAL>2758</CARDINAL>, \u2014 du<PER>Contrat-Social</PER>,\n", 
      "origin": "computer", 
      "parent": 269, 
      "persons": [
        "Chaudet", 
        "Contrat-Social"
      ], 
      "text_ocr": "Chaudet , rue Montmartre , 2758, \u2014 du Contrat-Social,\n", 
      "type": "ENTRY"
    }, 
    {
      "EOL": false, 
      "box": [
        229, 
        1069, 
        533, 
        24
      ], 
      "id": 327, 
      "indented": true, 
      "parent": 326, 
      "text": "", 
      "type": "LINE"
    }, 
    {
      "addresses": [
        {
          "street_name": "Chavin", 
          "street_numbers": []
        }, 
        {
          "street_name": "rue F\u00e9rou", 
          "street_numbers": []
        }
      ], 
      "box": [
        229, 
        1069, 
        533, 
        24
      ], 
      "checked": false, 
      "id": 326, 
      "ner_xml": "<LOC>Chavin</LOC>,<LOC>rue F\u00e9rou</LOC>,<ACT>n. 092, - du Luxembours</ACT>.\n", 
      "origin": "computer", 
      "parent": 269, 
      "persons": [], 
      "text_ocr": "Chavin , rue F\u00e9rou, n. 092, - du Luxembours.\n", 
      "type": "ENTRY"
    }, 
    {
      "EOL": false, 
      "box": [
        230, 
        1093, 
        672, 
        24
      ], 
      "id": 329, 
      "indented": true, 
      "parent": 328, 
      "text": "", 
      "type": "LINE"
    }, 
    {
      "EOL": false, 
      "box": [
        220, 
        1118, 
        587, 
        26
      ], 
      "id": 330, 
      "indented": false, 
      "parent": 328, 
      "text": "", 
      "type": "LINE"
    }, 
    {
      "addresses": [
        {
          "street_name": "Cheau", 
          "street_numbers": []
        }, 
        {
          "street_name": "rue de lPArbre-Sec", 
          "street_numbers": [
            "n", 
            "185"
          ]
        }, 
        {
          "street_name": "rue de Bery", 
          "street_numbers": [
            ":"
          ]
        }, 
        {
          "street_name": "n. 16", 
          "street_numbers": []
        }
      ], 
      "box": [
        220, 
        1093, 
        682, 
        51
      ], 
      "checked": false, 
      "id": 328, 
      "ner_xml": "<LOC>Cheau</LOC>,<LOC>rue de lPArbre-Sec</LOC>,<CARDINAL>n</CARDINAL>,<CARDINAL>185</CARDINAL>, - des Gardes-Fran\u00e7aises\nChevalier,<LOC>rue de Bery</LOC><CARDINAL>:</CARDINAL>,<LOC>n. 16</LOC>, - de l\u2019'Hoimine-Arm\u00e9.\n", 
      "origin": "computer", 
      "parent": 269, 
      "persons": [], 
      "text_ocr": "Cheau, rue de lPArbre-Sec, n, 185 , - des Gardes-Fran\u00e7aises\nChevalier, rue de Bery:, n. 16, - de l\u2019'Hoimine-Arm\u00e9.\n", 
      "type": "ENTRY"
    }, 
    {
      "EOL": false, 
      "box": [
        231, 
        1143, 
        562, 
        25
      ], 
      "id": 332, 
      "indented": true, 
      "parent": 331, 
      "text": "", 
      "type": "LINE"
    }, 
    {
      "addresses": [
        {
          "street_name": "rue Vivienne", 
          "street_numbers": []
        }
      ], 
      "box": [
        231, 
        1143, 
        562, 
        25
      ], 
      "checked": false, 
      "id": 331, 
      "ner_xml": "Chiariny ,<LOC>rue Vivienne</LOC>,<ACT>n. G7, - le Pelletier</ACT>.\n", 
      "origin": "computer", 
      "parent": 269, 
      "persons": [], 
      "text_ocr": "Chiariny , rue Vivienne, n. G7, - le Pelletier.\n", 
      "type": "ENTRY"
    }, 
    {
      "EOL": false, 
      "box": [
        231, 
        1166, 
        672, 
        28
      ], 
      "id": 334, 
      "indented": true, 
      "parent": 333, 
      "text": "", 
      "type": "LINE"
    }, 
    {
      "EOL": false, 
      "box": [
        259, 
        1193, 
        288, 
        18
      ], 
      "id": 335, 
      "indented": false, 
      "parent": 333, 
      "text": "", 
      "type": "LINE"
    }, 
    {
      "addresses": [
        {
          "street_name": "rue des Foss\u00e9s-Bernard", 
          "street_numbers": []
        }, 
        {
          "street_name": "e", 
          "street_numbers": [
            "5"
          ]
        }
      ], 
      "box": [
        231, 
        1166, 
        672, 
        45
      ], 
      "checked": false, 
      "id": 333, 
      "ner_xml": "<PER>Cochegrue</PER>,<LOC>rue des Foss\u00e9s-Bernard</LOC>,<ACT>n. 20, - du Jardin-des\nPlantes.</ACT><LOC>e</LOC><CARDINAL>5</CARDINAL>L\u00e0\n", 
      "origin": "computer", 
      "parent": 269, 
      "persons": [
        "Cochegrue"
      ], 
      "text_ocr": "Cochegrue, rue des Foss\u00e9s-Bernard , n. 20, - du Jardin-des\nPlantes. e 5 L\u00e0\n", 
      "type": "ENTRY"
    }, 
    {
      "EOL": false, 
      "box": [
        233, 
        1206, 
        606, 
        38
      ], 
      "id": 337, 
      "indented": true, 
      "parent": 336, 
      "text": "", 
      "type": "LINE"
    }, 
    {
      "addresses": [
        {
          "street_name": "Courdriau", 
          "street_numbers": []
        }, 
        {
          "street_name": "rue Honor\u00e9", 
          "street_numbers": []
        }
      ], 
      "box": [
        233, 
        1206, 
        606, 
        38
      ], 
      "checked": false, 
      "id": 336, 
      "ner_xml": "<LOC>Courdriau</LOC>,<LOC>rue Honor\u00e9</LOC>,<ACT>n. 1552 ,- Butte-des-Moulins</ACT>,\n", 
      "origin": "computer", 
      "parent": 269, 
      "persons": [], 
      "text_ocr": "Courdriau, rue Honor\u00e9, n. 1552 ,- Butte-des-Moulins,\n", 
      "type": "ENTRY"
    }, 
    {
      "EOL": false, 
      "box": [
        234, 
        1242, 
        489, 
        23
      ], 
      "id": 339, 
      "indented": true, 
      "parent": 338, 
      "text": "", 
      "type": "LINE"
    }, 
    {
      "addresses": [
        {
          "street_name": "rue Germain", 
          "street_numbers": []
        }
      ], 
      "box": [
        234, 
        1242, 
        489, 
        23
      ], 
      "checked": false, 
      "id": 338, 
      "ner_xml": "<PER>Cordier</PER>,<LOC>rue Germain</LOC>.<ACT>n.6,- du Museum</ACT>.\n", 
      "origin": "computer", 
      "parent": 269, 
      "persons": [
        "Cordier"
      ], 
      "text_ocr": "Cordier, rue Germain . n.6,- du Museum.\n", 
      "type": "ENTRY"
    }, 
    {
      "EOL": false, 
      "box": [
        233, 
        1266, 
        473, 
        26
      ], 
      "id": 341, 
      "indented": true, 
      "parent": 340, 
      "text": "", 
      "type": "LINE"
    }, 
    {
      "addresses": [], 
      "box": [
        233, 
        1266, 
        473, 
        26
      ], 
      "checked": false, 
      "id": 340, 
      "ner_xml": "<PER>Cor\u00e9</PER>, rue<PER>Martin</PER>,<ACT>n::76, - de la R\u00e9union</ACT>.\n", 
      "origin": "computer", 
      "parent": 269, 
      "persons": [
        "Cor\u00e9", 
        "Martin"
      ], 
      "text_ocr": "Cor\u00e9, rue Martin , n::76, - de la R\u00e9union.\n", 
      "type": "ENTRY"
    }, 
    {
      "EOL": false, 
      "box": [
        235, 
        1291, 
        612, 
        26
      ], 
      "id": 343, 
      "indented": true, 
      "parent": 342, 
      "text": "", 
      "type": "LINE"
    }, 
    {
      "addresses": [
        {
          "street_name": "rue des Quinze-Vingts", 
          "street_numbers": []
        }
      ], 
      "box": [
        235, 
        1291, 
        612, 
        26
      ], 
      "checked": false, 
      "id": 342, 
      "ner_xml": "<TITRE>Cornet</TITRE>,<LOC>rue des Quinze-Vingts</LOC>,<ACT>n. 421</ACT>, - des Tuileries.\n", 
      "origin": "computer", 
      "parent": 269, 
      "persons": [], 
      "text_ocr": "Cornet , rue des Quinze-Vingts, n. 421, - des Tuileries.\n", 
      "type": "ENTRY"
    }, 
    {
      "EOL": false, 
      "box": [
        232, 
        1315, 
        664, 
        24
      ], 
      "id": 345, 
      "indented": true, 
      "parent": 344, 
      "text": "", 
      "type": "LINE"
    }, 
    {
      "addresses": [
        {
          "street_name": "rue des Arcis", 
          "street_numbers": []
        }, 
        {
          "street_name": "n", 
          "street_numbers": [
            "101"
          ]
        }
      ], 
      "box": [
        232, 
        1315, 
        664, 
        24
      ], 
      "checked": false, 
      "id": 344, 
      "ner_xml": "'Courtiade,<LOC>rue des Arcis</LOC>,<LOC>n</LOC>,<CARDINAL>101</CARDINAL>, - des Arcis. \": !\n", 
      "origin": "computer", 
      "parent": 269, 
      "persons": [], 
      "text_ocr": "'Courtiade, rue des Arcis , n, 101, - des Arcis. \": !\n", 
      "type": "ENTRY"
    }, 
    {
      "box": [
        213, 
        350, 
        692, 
        989
      ], 
      "id": 269, 
      "parent": 268, 
      "type": "COLUMN_LEVEL_2"
    }, 
    {
      "box": [
        213, 
        350, 
        692, 
        989
      ], 
      "id": 268, 
      "parent": 267, 
      "type": "SECTION_LEVEL_2"
    }, 
    {
      "box": [
        213, 
        350, 
        692, 
        989
      ], 
      "id": 267, 
      "parent": 266, 
      "type": "COLUMN_LEVEL_1"
    }, 
    {
      "box": [
        213, 
        350, 
        698, 
        989
      ], 
      "id": 266, 
      "parent": 256, 
      "type": "SECTION_LEVEL_1"
    }, 
    {
      "box": [
        213, 
        144, 
        698, 
        1242
      ], 
      "id": 256, 
      "type": "PAGE"
    }
  ], 
  "mode": "cached"
}
