{
  "content": [
    {
      "EOL": false, 
      "box": [
        132, 
        165, 
        667, 
        26
      ], 
      "id": 262, 
      "indented": true, 
      "parent": 261, 
      "text": "", 
      "type": "LINE"
    }, 
    {
      "addresses": [
        {
          "street_name": "rue des Bernardins", 
          "street_numbers": []
        }
      ], 
      "box": [
        132, 
        165, 
        667, 
        26
      ], 
      "checked": false, 
      "id": 261, 
      "ner_xml": "<PER>Acloque</PER>,<LOC>rue des Bernardins</LOC>,<ACT>n. 10</ACT>,<ACT>\u2014 du Jardin-des-Planteg\u00e9\n</ACT>", 
      "origin": "computer", 
      "parent": 260, 
      "persons": [
        "Acloque"
      ], 
      "text_ocr": "Acloque, rue des Bernardins, n. 10, \u2014 du Jardin-des-Planteg\u00e9\n", 
      "type": "ENTRY"
    }, 
    {
      "EOL": false, 
      "box": [
        132, 
        189, 
        498, 
        23
      ], 
      "id": 264, 
      "indented": true, 
      "parent": 263, 
      "text": "", 
      "type": "LINE"
    }, 
    {
      "addresses": [
        {
          "street_name": "rue Boutebrie", 
          "street_numbers": []
        }
      ], 
      "box": [
        132, 
        189, 
        498, 
        23
      ], 
      "checked": false, 
      "id": 263, 
      "ner_xml": "<TITRE>Adelin</TITRE>,<LOC>rue Boutebrie</LOC>,<ACT>n. 227</ACT>, \u2014 des Thermes.\n", 
      "origin": "computer", 
      "parent": 260, 
      "persons": [], 
      "text_ocr": "Adelin, rue Boutebrie , n. 227 , \u2014 des Thermes.\n", 
      "type": "ENTRY"
    }, 
    {
      "EOL": false, 
      "box": [
        132, 
        202, 
        668, 
        35
      ], 
      "id": 266, 
      "indented": true, 
      "parent": 265, 
      "text": "", 
      "type": "LINE"
    }, 
    {
      "addresses": [
        {
          "street_name": "rue de la Roquette", 
          "street_numbers": []
        }
      ], 
      "box": [
        132, 
        202, 
        668, 
        35
      ], 
      "checked": false, 
      "id": 265, 
      "ner_xml": "<PER>Adet</PER>,<LOC>rue de la Roquette</LOC>,<ACT>n.3, \u2014 de Montreuil, : :\n</ACT>", 
      "origin": "computer", 
      "parent": 260, 
      "persons": [
        "Adet"
      ], 
      "text_ocr": "Adet, rue de la Roquette, n.3, \u2014 de Montreuil, : :\n", 
      "type": "ENTRY"
    }, 
    {
      "EOL": false, 
      "box": [
        132, 
        234, 
        302, 
        21
      ], 
      "id": 268, 
      "indented": true, 
      "parent": 267, 
      "text": "", 
      "type": "LINE"
    }, 
    {
      "addresses": [
        {
          "street_name": "rue de Jouy", 
          "street_numbers": []
        }
      ], 
      "box": [
        132, 
        234, 
        302, 
        21
      ], 
      "checked": false, 
      "id": 267, 
      "ner_xml": "<PER>Ador</PER>,<LOC>rue de Jouy</LOC>,<ACT>n. 260</ACT>, \u2014\n", 
      "origin": "computer", 
      "parent": 260, 
      "persons": [
        "Ador"
      ], 
      "text_ocr": "Ador , rue de Jouy, n. 260, \u2014\n", 
      "type": "ENTRY"
    }, 
    {
      "EOL": false, 
      "box": [
        133, 
        234, 
        604, 
        44
      ], 
      "id": 270, 
      "indented": true, 
      "parent": 269, 
      "text": "", 
      "type": "LINE"
    }, 
    {
      "addresses": [
        {
          "street_name": "rue des Petits-Augustins", 
          "street_numbers": []
        }, 
        {
          "street_name": "n", 
          "street_numbers": [
            "127"
          ]
        }
      ], 
      "box": [
        133, 
        234, 
        604, 
        44
      ], 
      "checked": false, 
      "id": 269, 
      "ner_xml": "<PER>Ador</PER>, rue de Les be n.20,<ACT>\u2014 dela Fid\u00e9lit\u00e9</ACT>,<CARDINAL>0</CARDINAL>\nAlmain,<LOC>rue des Petits-Augustins</LOC>,<LOC>n</LOC>,<CARDINAL>127</CARDINAL>,<ACT>\u2014 de l'Unit\u00e9</ACT>.\n", 
      "origin": "computer", 
      "parent": 260, 
      "persons": [
        "Ador"
      ], 
      "text_ocr": "Ador, rue de Les be n.20, \u2014 dela Fid\u00e9lit\u00e9, 0\nAlmain, rue des Petits-Augustins, n, 127, \u2014 de l'Unit\u00e9.\n", 
      "type": "ENTRY"
    }, 
    {
      "EOL": false, 
      "box": [
        134, 
        278, 
        635, 
        23
      ], 
      "id": 272, 
      "indented": true, 
      "parent": 271, 
      "text": "", 
      "type": "LINE"
    }, 
    {
      "addresses": [
        {
          "street_name": "Champs-Elys\u00e9es", 
          "street_numbers": []
        }
      ], 
      "box": [
        134, 
        278, 
        635, 
        23
      ], 
      "checked": false, 
      "id": 271, 
      "ner_xml": "<PER>Archambaux</PER>, aux<LOC>Champs-Elys\u00e9es</LOC>,<ACT>\u2014 des Cramps-Elys\u00e9es</ACT>.\n", 
      "origin": "computer", 
      "parent": 260, 
      "persons": [
        "Archambaux"
      ], 
      "text_ocr": "Archambaux, aux Champs-Elys\u00e9es, \u2014 des Cramps-Elys\u00e9es.\n", 
      "type": "ENTRY"
    }, 
    {
      "EOL": false, 
      "box": [
        134, 
        300, 
        671, 
        22
      ], 
      "id": 274, 
      "indented": true, 
      "parent": 273, 
      "text": "", 
      "type": "LINE"
    }, 
    {
      "addresses": [
        {
          "street_name": "Quai Bernard", 
          "street_numbers": []
        }
      ], 
      "box": [
        134, 
        300, 
        671, 
        22
      ], 
      "checked": false, 
      "id": 273, 
      "ner_xml": "<PER>Aublin</PER>,<LOC>Quai Bernard</LOC>,<ACT>n. 9</ACT>, \u2014 dun Jardin-des-Plantes. \u00e0\n", 
      "origin": "computer", 
      "parent": 260, 
      "persons": [
        "Aublin"
      ], 
      "text_ocr": "Aublin , Quai Bernard, n. 9, \u2014 dun Jardin-des-Plantes. \u00e0\n", 
      "type": "ENTRY"
    }, 
    {
      "EOL": false, 
      "box": [
        135, 
        322, 
        614, 
        24
      ], 
      "id": 276, 
      "indented": true, 
      "parent": 275, 
      "text": "", 
      "type": "LINE"
    }, 
    {
      "addresses": [
        {
          "street_name": "rue des Grands-D\u00e9pies", 
          "street_numbers": []
        }
      ], 
      "box": [
        135, 
        322, 
        614, 
        24
      ], 
      "checked": false, 
      "id": 275, 
      "ner_xml": "<PER>Aubry</PER>,<LOC>rue des Grands-D\u00e9pies</LOC>,<ACT>n. 11</ACT>, \u2014 du Panth\u00e9on, .\n", 
      "origin": "computer", 
      "parent": 260, 
      "persons": [
        "Aubry"
      ], 
      "text_ocr": "Aubry, rue des Grands-D\u00e9pies, n. 11, \u2014 du Panth\u00e9on, .\n", 
      "type": "ENTRY"
    }, 
    {
      "EOL": false, 
      "box": [
        135, 
        334, 
        673, 
        33
      ], 
      "id": 278, 
      "indented": true, 
      "parent": 277, 
      "text": "", 
      "type": "LINE"
    }, 
    {
      "addresses": [
        {
          "street_name": "Bailly", 
          "street_numbers": []
        }, 
        {
          "street_name": "rue Dominiqu.", 
          "street_numbers": []
        }, 
        {
          "street_name": "Gros-Caillou", 
          "street_numbers": [
            "n", 
            "1032"
          ]
        }
      ], 
      "box": [
        135, 
        334, 
        673, 
        33
      ], 
      "checked": false, 
      "id": 277, 
      "ner_xml": "<LOC>Bailly</LOC>,<LOC>rue Dominiqu.</LOC>,<LOC>Gros-Caillou</LOC>,<CARDINAL>n</CARDINAL>,<CARDINAL>1032</CARDINAL>, \u2014 des Invalides,\n", 
      "origin": "computer", 
      "parent": 260, 
      "persons": [], 
      "text_ocr": "Bailly, rue Dominiqu. , Gros-Caillou, n, 1032 , \u2014 des Invalides,\n", 
      "type": "ENTRY"
    }, 
    {
      "EOL": false, 
      "box": [
        136, 
        366, 
        526, 
        24
      ], 
      "id": 280, 
      "indented": true, 
      "parent": 279, 
      "text": "", 
      "type": "LINE"
    }, 
    {
      "addresses": [
        {
          "street_name": "rue du Haut-Moulin", 
          "street_numbers": []
        }
      ], 
      "box": [
        136, 
        366, 
        526, 
        24
      ], 
      "checked": false, 
      "id": 279, 
      "ner_xml": "Barbe,<LOC>rue du Haut-Moulin</LOC>,<ACT>n. 16</ACT>,<ACT>\u2014 de la Cit\u00e9.\n</ACT>", 
      "origin": "computer", 
      "parent": 260, 
      "persons": [], 
      "text_ocr": "Barbe, rue du Haut-Moulin, n. 16, \u2014 de la Cit\u00e9.\n", 
      "type": "ENTRY"
    }, 
    {
      "EOL": false, 
      "box": [
        136, 
        381, 
        670, 
        30
      ], 
      "id": 282, 
      "indented": true, 
      "parent": 281, 
      "text": "", 
      "type": "LINE"
    }, 
    {
      "addresses": [
        {
          "street_name": "rue des Cordeliers", 
          "street_numbers": []
        }
      ], 
      "box": [
        136, 
        381, 
        670, 
        30
      ], 
      "checked": false, 
      "id": 281, 
      "ner_xml": "mn. Pie<CARDINAL>7</CARDINAL><CARDINAL>1</CARDINAL>. on dope<CARDINAL>7</CARDINAL>0,- re bus PL oen te\nBardin ,<LOC>rue des Cordeliers</LOC>,<ACT>n. 15, \u2014 du Th\u00e9atre-Fran\u00e7ais</ACT>,\n", 
      "origin": "computer", 
      "parent": 260, 
      "persons": [], 
      "text_ocr": "mn. Pie 7 1. on dope 7 0,- re bus PL oen te\nBardin , rue des Cordeliers, n. 15, \u2014 du Th\u00e9atre-Fran\u00e7ais,\n", 
      "type": "ENTRY"
    }, 
    {
      "EOL": false, 
      "box": [
        136, 
        411, 
        672, 
        22
      ], 
      "id": 284, 
      "indented": true, 
      "parent": 283, 
      "text": "", 
      "type": "LINE"
    }, 
    {
      "addresses": [
        {
          "street_name": "Bardou", 
          "street_numbers": []
        }, 
        {
          "street_name": "Place aux Veaux", 
          "street_numbers": []
        }
      ], 
      "box": [
        136, 
        411, 
        672, 
        22
      ], 
      "checked": false, 
      "id": 283, 
      "ner_xml": "<LOC>Bardou</LOC>,<LOC>Place aux Veaux</LOC>,<ACT>n. 199, \u2014 du Jardin-des- Plantes. :</ACT>;\n", 
      "origin": "computer", 
      "parent": 260, 
      "persons": [], 
      "text_ocr": "Bardou , Place aux Veaux , n. 199, \u2014 du Jardin-des- Plantes. :;\n", 
      "type": "ENTRY"
    }, 
    {
      "EOL": false, 
      "box": [
        137, 
        432, 
        671, 
        25
      ], 
      "id": 286, 
      "indented": true, 
      "parent": 285, 
      "text": "", 
      "type": "LINE"
    }, 
    {
      "EOL": false, 
      "box": [
        162, 
        456, 
        64, 
        16
      ], 
      "id": 287, 
      "indented": false, 
      "parent": 285, 
      "text": "", 
      "type": "LINE"
    }, 
    {
      "addresses": [
        {
          "street_name": "rue des Enians-Rouves", 
          "street_numbers": []
        }
      ], 
      "box": [
        137, 
        432, 
        671, 
        40
      ], 
      "checked": false, 
      "id": 285, 
      "ner_xml": "<TITRE>Barthelemy</TITRE>,<LOC>rue des Enians-Rouves</LOC>,<ACT>n. 8, \u2014 de l'Hpmme-\nArm\u00e9. er\n</ACT>", 
      "origin": "computer", 
      "parent": 260, 
      "persons": [], 
      "text_ocr": "Barthelemy , rue des Enians-Rouves, n. 8, \u2014 de l'Hpmme-\nArm\u00e9. er\n", 
      "type": "ENTRY"
    }, 
    {
      "EOL": false, 
      "box": [
        138, 
        464, 
        674, 
        35
      ], 
      "id": 289, 
      "indented": true, 
      "parent": 288, 
      "text": "", 
      "type": "LINE"
    }, 
    {
      "addresses": [
        {
          "street_name": "rue de Provence", 
          "street_numbers": [
            "2"
          ]
        }
      ], 
      "box": [
        138, 
        464, 
        674, 
        35
      ], 
      "checked": false, 
      "id": 288, 
      "ner_xml": "\u00c9aLuIVe . 114,3\nBeaucaine,<LOC>rue de Provence</LOC>,<ACT>n. 29, \u2014 du Montblanc.</ACT><CARDINAL>2</CARDINAL>%: 3\n", 
      "origin": "computer", 
      "parent": 260, 
      "persons": [], 
      "text_ocr": "\u00c9aLuIVe . 114,3\nBeaucaine, rue de Provence, n. 29, \u2014 du Montblanc. 2%: 3\n", 
      "type": "ENTRY"
    }, 
    {
      "EOL": false, 
      "box": [
        139, 
        499, 
        473, 
        23
      ], 
      "id": 291, 
      "indented": true, 
      "parent": 290, 
      "text": "", 
      "type": "LINE"
    }, 
    {
      "addresses": [
        {
          "street_name": "Place Maubert", 
          "street_numbers": []
        }
      ], 
      "box": [
        139, 
        499, 
        473, 
        23
      ], 
      "checked": false, 
      "id": 290, 
      "ner_xml": "Beaudoin,<LOC>Place Maubert</LOC>,<ACT>\u2014 du Fant'i\u00e9on</ACT>.\n", 
      "origin": "computer", 
      "parent": 260, 
      "persons": [], 
      "text_ocr": "Beaudoin, Place Maubert, \u2014 du Fant'i\u00e9on.\n", 
      "type": "ENTRY"
    }, 
    {
      "EOL": false, 
      "box": [
        140, 
        519, 
        598, 
        27
      ], 
      "id": 293, 
      "indented": true, 
      "parent": 292, 
      "text": "", 
      "type": "LINE"
    }, 
    {
      "addresses": [
        {
          "street_name": "rue des Vieux-Augunstins", 
          "street_numbers": []
        }
      ], 
      "box": [
        140, 
        519, 
        598, 
        27
      ], 
      "checked": false, 
      "id": 292, 
      "ner_xml": "<ACT>Belanger</ACT>,<LOC>rue des Vieux-Augunstins</LOC>,<ACT>n. 264, \u2014 du Mail</ACT>.\n", 
      "origin": "computer", 
      "parent": 260, 
      "persons": [], 
      "text_ocr": "Belanger, rue des Vieux-Augunstins, n. 264, \u2014 du Mail.\n", 
      "type": "ENTRY"
    }, 
    {
      "EOL": false, 
      "box": [
        140, 
        543, 
        578, 
        25
      ], 
      "id": 295, 
      "indented": true, 
      "parent": 294, 
      "text": "", 
      "type": "LINE"
    }, 
    {
      "addresses": [
        {
          "street_name": "rue Thiroux", 
          "street_numbers": []
        }, 
        {
          "street_name": "dela Place- Vend\u00f4me", 
          "street_numbers": []
        }
      ], 
      "box": [
        140, 
        543, 
        578, 
        25
      ], 
      "checked": false, 
      "id": 294, 
      "ner_xml": "<TITRE>Belgy</TITRE>,<LOC>rue Thiroux</LOC>,<ACT>n.6 5</ACT>, \u2014<LOC>dela Place- Vend\u00f4me</LOC>,\n", 
      "origin": "computer", 
      "parent": 260, 
      "persons": [], 
      "text_ocr": "Belgy, rue Thiroux, n.6 5, \u2014 dela Place- Vend\u00f4me,\n", 
      "type": "ENTRY"
    }, 
    {
      "EOL": false, 
      "box": [
        140, 
        566, 
        608, 
        23
      ], 
      "id": 297, 
      "indented": true, 
      "parent": 296, 
      "text": "", 
      "type": "LINE"
    }, 
    {
      "addresses": [], 
      "box": [
        140, 
        566, 
        608, 
        23
      ], 
      "checked": false, 
      "id": 296, 
      "ner_xml": "<PER>Benoit</PER>,<ACT>far bourse Jacques, n</ACT>,<TITRE>1149</TITRE>,<ACT>\u2014 de l'Observatoire</ACT>.\n", 
      "origin": "computer", 
      "parent": 260, 
      "persons": [
        "Benoit"
      ], 
      "text_ocr": "Benoit, far bourse Jacques, n, 1149, \u2014 de l'Observatoire.\n", 
      "type": "ENTRY"
    }, 
    {
      "EOL": false, 
      "box": [
        141, 
        589, 
        670, 
        22
      ], 
      "id": 299, 
      "indented": true, 
      "parent": 298, 
      "text": "", 
      "type": "LINE"
    }, 
    {
      "addresses": [
        {
          "street_name": "rue Quincampoix", 
          "street_numbers": [
            "79"
          ]
        }
      ], 
      "box": [
        141, 
        589, 
        670, 
        22
      ], 
      "checked": false, 
      "id": 298, 
      "ner_xml": "Beraru,<LOC>rue Quincampoix</LOC>,<ACT>; nn.</ACT><CARDINAL>79</CARDINAL>,<ACT>\u2014 des Lombharus. mit \u00c0\n</ACT>", 
      "origin": "computer", 
      "parent": 260, 
      "persons": [], 
      "text_ocr": "Beraru, rue Quincampoix ,; nn. 79 ,\u2014 des Lombharus. mit \u00c0\n", 
      "type": "ENTRY"
    }, 
    {
      "EOL": false, 
      "box": [
        140, 
        610, 
        672, 
        22
      ], 
      "id": 301, 
      "indented": true, 
      "parent": 300, 
      "text": "", 
      "type": "LINE"
    }, 
    {
      "addresses": [
        {
          "street_name": "rue Jean-Robert", 
          "street_numbers": []
        }
      ], 
      "box": [
        140, 
        610, 
        672, 
        22
      ], 
      "checked": false, 
      "id": 300, 
      "ner_xml": "<TITRE>Bertrand</TITRE>,<LOC>rue Jean-Robert</LOC>,<ACT>n. 6</ACT>, \u2014 des Gravilliers. \u2026 , ,\u2019\n", 
      "origin": "computer", 
      "parent": 260, 
      "persons": [], 
      "text_ocr": "Bertrand, rue Jean-Robert, n. 6, \u2014 des Gravilliers. \u2026 , ,\u2019\n", 
      "type": "ENTRY"
    }, 
    {
      "EOL": false, 
      "box": [
        142, 
        632, 
        475, 
        23
      ], 
      "id": 303, 
      "indented": true, 
      "parent": 302, 
      "text": "", 
      "type": "LINE"
    }, 
    {
      "addresses": [
        {
          "street_name": "rue Jacob", 
          "street_numbers": []
        }
      ], 
      "box": [
        142, 
        632, 
        475, 
        23
      ], 
      "checked": false, 
      "id": 302, 
      "ner_xml": "<TITRE>Bertrand</TITRE>,<LOC>rue Jacob</LOC>,<ACT>n. 1194, \u2014 de l'Unit\u00e9</ACT>.\n", 
      "origin": "computer", 
      "parent": 260, 
      "persons": [], 
      "text_ocr": "Bertrand, rue Jacob, n. 1194, \u2014 de l'Unit\u00e9.\n", 
      "type": "ENTRY"
    }, 
    {
      "EOL": false, 
      "box": [
        143, 
        650, 
        669, 
        26
      ], 
      "id": 305, 
      "indented": true, 
      "parent": 304, 
      "text": "", 
      "type": "LINE"
    }, 
    {
      "addresses": [
        {
          "street_name": "rue de la Loi", 
          "street_numbers": []
        }
      ], 
      "box": [
        143, 
        650, 
        669, 
        26
      ], 
      "checked": false, 
      "id": 304, 
      "ner_xml": "<PER>Bijotat</PER>,<LOC>rue de la Loi</LOC>,<ACT>n. 1267</ACT>,<ACT>\u2014 de la Butte-des-Moulins:\n</ACT>", 
      "origin": "computer", 
      "parent": 260, 
      "persons": [
        "Bijotat"
      ], 
      "text_ocr": "Bijotat , rue de la Loi, n. 1267, \u2014 de la Butte-des-Moulins:\n", 
      "type": "ENTRY"
    }, 
    {
      "EOL": false, 
      "box": [
        143, 
        676, 
        506, 
        22
      ], 
      "id": 307, 
      "indented": true, 
      "parent": 306, 
      "text": "", 
      "type": "LINE"
    }, 
    {
      "addresses": [
        {
          "street_name": "rue P\u00e9pim\u00e8re", 
          "street_numbers": []
        }
      ], 
      "box": [
        143, 
        676, 
        506, 
        22
      ], 
      "checked": false, 
      "id": 306, 
      "ner_xml": "<TITRE>Blanchet</TITRE>,<LOC>rue P\u00e9pim\u00e8re</LOC>,<ACT>n. 704</ACT>,<ACT>\u2014 du Roule</ACT>,\n", 
      "origin": "computer", 
      "parent": 260, 
      "persons": [], 
      "text_ocr": "Blanchet, rue P\u00e9pim\u00e8re, n. 704, \u2014 du Roule,\n", 
      "type": "ENTRY"
    }, 
    {
      "EOL": false, 
      "box": [
        146, 
        698, 
        491, 
        22
      ], 
      "id": 309, 
      "indented": true, 
      "parent": 308, 
      "text": "", 
      "type": "LINE"
    }, 
    {
      "addresses": [
        {
          "street_name": "rue Mouftletard", 
          "street_numbers": []
        }
      ], 
      "box": [
        146, 
        698, 
        491, 
        22
      ], 
      "checked": false, 
      "id": 308, 
      "ner_xml": "<PER>Blachon</PER>,<LOC>rue Mouftletard</LOC>,<ACT>n. 127, \u2014 du Nord.\n</ACT>", 
      "origin": "computer", 
      "parent": 260, 
      "persons": [
        "Blachon"
      ], 
      "text_ocr": "Blachon , rue Mouftletard , n. 127, \u2014 du Nord.\n", 
      "type": "ENTRY"
    }, 
    {
      "EOL": false, 
      "box": [
        144, 
        720, 
        581, 
        23
      ], 
      "id": 311, 
      "indented": true, 
      "parent": 310, 
      "text": "", 
      "type": "LINE"
    }, 
    {
      "addresses": [
        {
          "street_name": "rue de l'Universit\u00e9", 
          "street_numbers": []
        }
      ], 
      "box": [
        144, 
        720, 
        581, 
        23
      ], 
      "checked": false, 
      "id": 310, 
      "ner_xml": "Blanchon ,<LOC>rue de l'Universit\u00e9</LOC>,<ACT>n. 265</ACT>, \u2014 de Grenelle.\n", 
      "origin": "computer", 
      "parent": 260, 
      "persons": [], 
      "text_ocr": "Blanchon , rue de l'Universit\u00e9, n. 265, \u2014 de Grenelle.\n", 
      "type": "ENTRY"
    }, 
    {
      "EOL": false, 
      "box": [
        144, 
        742, 
        340, 
        22
      ], 
      "id": 313, 
      "indented": true, 
      "parent": 312, 
      "text": "", 
      "type": "LINE"
    }, 
    {
      "addresses": [], 
      "box": [
        144, 
        742, 
        340, 
        22
      ], 
      "checked": false, 
      "id": 312, 
      "ner_xml": "<PER>Boil , Passage de la Marmitte</PER>,<ACT>n.\n</ACT>", 
      "origin": "computer", 
      "parent": 260, 
      "persons": [
        "Boil , Passage de la Marmitte"
      ], 
      "text_ocr": "Boil , Passage de la Marmitte , n.\n", 
      "type": "ENTRY"
    }, 
    {
      "EOL": false, 
      "box": [
        147, 
        743, 
        597, 
        44
      ], 
      "id": 315, 
      "indented": true, 
      "parent": 314, 
      "text": "", 
      "type": "LINE"
    }, 
    {
      "addresses": [
        {
          "street_name": "rue des Barres", 
          "street_numbers": []
        }
      ], 
      "box": [
        147, 
        743, 
        597, 
        44
      ], 
      "checked": false, 
      "id": 314, 
      "ner_xml": "<PER>Boil, Passage de la Marmitte</PER>,<ACT>n. \u2014 \u00ables Gravilliers</ACT>.\nBondu ,<LOC>rue des Barres</LOC>,<ACT>n. 21, \u2014 de la Fid\u00e9lit\u00e9</ACT>.\n", 
      "origin": "computer", 
      "parent": 260, 
      "persons": [
        "Boil, Passage de la Marmitte"
      ], 
      "text_ocr": "Boil, Passage de la Marmitte, n. \u2014 \u00ables Gravilliers.\nBondu , rue des Barres, n. 21, \u2014 de la Fid\u00e9lit\u00e9.\n", 
      "type": "ENTRY"
    }, 
    {
      "EOL": false, 
      "box": [
        148, 
        787, 
        666, 
        24
      ], 
      "id": 317, 
      "indented": true, 
      "parent": 316, 
      "text": "", 
      "type": "LINE"
    }, 
    {
      "addresses": [
        {
          "street_name": "rue Rochechouart", 
          "street_numbers": []
        }
      ], 
      "box": [
        148, 
        787, 
        666, 
        24
      ], 
      "checked": false, 
      "id": 316, 
      "ner_xml": "<TITRE>Bonnet</TITRE>,<LOC>rue Rochechouart</LOC>,<ACT>n. 6 0</ACT>,<ACT>\u2014 du Faubourg-Montmartre</ACT>.\n", 
      "origin": "computer", 
      "parent": 260, 
      "persons": [], 
      "text_ocr": "Bonnet, rue Rochechouart, n. 6 0, \u2014 du Faubourg-Montmartre.\n", 
      "type": "ENTRY"
    }, 
    {
      "EOL": false, 
      "box": [
        148, 
        809, 
        503, 
        23
      ], 
      "id": 319, 
      "indented": true, 
      "parent": 318, 
      "text": "", 
      "type": "LINE"
    }, 
    {
      "addresses": [], 
      "box": [
        148, 
        809, 
        503, 
        23
      ], 
      "checked": false, 
      "id": 318, 
      "ner_xml": "<PER>Boulard , faubourg Martin</PER>,<ACT>n. 40, \u2014 de Bondy</ACT>.\n", 
      "origin": "computer", 
      "parent": 260, 
      "persons": [
        "Boulard , faubourg Martin"
      ], 
      "text_ocr": "Boulard , faubourg Martin , n. 40, \u2014 de Bondy.\n", 
      "type": "ENTRY"
    }, 
    {
      "EOL": false, 
      "box": [
        148, 
        831, 
        587, 
        23
      ], 
      "id": 321, 
      "indented": true, 
      "parent": 320, 
      "text": "", 
      "type": "LINE"
    }, 
    {
      "addresses": [
        {
          "street_name": "rue des Aveugles", 
          "street_numbers": []
        }
      ], 
      "box": [
        148, 
        831, 
        587, 
        23
      ], 
      "checked": false, 
      "id": 320, 
      "ner_xml": "Boulet,<LOC>rue des Aveugles</LOC>,<ACT>n. 549, \u2014 du Luxembourg</ACT>.\n", 
      "origin": "computer", 
      "parent": 260, 
      "persons": [], 
      "text_ocr": "Boulet, rue des Aveugles , n. 549, \u2014 du Luxembourg.\n", 
      "type": "ENTRY"
    }, 
    {
      "EOL": false, 
      "box": [
        150, 
        853, 
        664, 
        22
      ], 
      "id": 323, 
      "indented": true, 
      "parent": 322, 
      "text": "", 
      "type": "LINE"
    }, 
    {
      "EOL": false, 
      "box": [
        175, 
        876, 
        82, 
        17
      ], 
      "id": 324, 
      "indented": false, 
      "parent": 322, 
      "text": "", 
      "type": "LINE"
    }, 
    {
      "addresses": [
        {
          "street_name": "rue, de la Grande-Truanderie", 
          "street_numbers": []
        }
      ], 
      "box": [
        150, 
        853, 
        664, 
        40
      ], 
      "checked": false, 
      "id": 322, 
      "ner_xml": "<PER>Bourdin</PER>,<LOC>rue, de la Grande-Truanderie</LOC>,<ACT>n. 60, \u2014 de Bon\nConseil.\n</ACT>", 
      "origin": "computer", 
      "parent": 260, 
      "persons": [
        "Bourdin"
      ], 
      "text_ocr": "Bourdin, rue, de la Grande-Truanderie, n. 60, \u2014 de Bon\nConseil.\n", 
      "type": "ENTRY"
    }, 
    {
      "EOL": false, 
      "box": [
        151, 
        893, 
        628, 
        28
      ], 
      "id": 326, 
      "indented": true, 
      "parent": 325, 
      "text": "", 
      "type": "LINE"
    }, 
    {
      "addresses": [
        {
          "street_name": "rue des Cannettes", 
          "street_numbers": []
        }
      ], 
      "box": [
        151, 
        893, 
        628, 
        28
      ], 
      "checked": false, 
      "id": 325, 
      "ner_xml": "<PER>Bourquin</PER>,<LOC>rue des Cannettes</LOC>,<ACT>n. 528, \u2014 du Luxembourg</ACT>.\n", 
      "origin": "computer", 
      "parent": 260, 
      "persons": [
        "Bourquin"
      ], 
      "text_ocr": "Bourquin, rue des Cannettes, n. 528, \u2014 du Luxembourg.\n", 
      "type": "ENTRY"
    }, 
    {
      "EOL": false, 
      "box": [
        150, 
        919, 
        557, 
        23
      ], 
      "id": 328, 
      "indented": true, 
      "parent": 327, 
      "text": "", 
      "type": "LINE"
    }, 
    {
      "addresses": [
        {
          "street_name": "rue Mercier", 
          "street_numbers": []
        }
      ], 
      "box": [
        150, 
        919, 
        557, 
        23
      ], 
      "checked": false, 
      "id": 327, 
      "ner_xml": "Breton,<LOC>rue Mercier</LOC>,<ACT>n. 17</ACT>,<ACT>\u2014 de la Halle-au-Bled</ACT>.\n", 
      "origin": "computer", 
      "parent": 260, 
      "persons": [], 
      "text_ocr": "Breton, rue Mercier, n. 17, \u2014 de la Halle-au-Bled.\n", 
      "type": "ENTRY"
    }, 
    {
      "EOL": false, 
      "box": [
        151, 
        939, 
        612, 
        24
      ], 
      "id": 330, 
      "indented": true, 
      "parent": 329, 
      "text": "", 
      "type": "LINE"
    }, 
    {
      "addresses": [
        {
          "street_name": "rue de la Boucherie", 
          "street_numbers": []
        }
      ], 
      "box": [
        151, 
        939, 
        612, 
        24
      ], 
      "checked": false, 
      "id": 329, 
      "ner_xml": "<PER>Brossard</PER>,<LOC>rue de la Boucherie</LOC>,<ACT>n. 1310</ACT>, \u2014 des Invalides.\n", 
      "origin": "computer", 
      "parent": 260, 
      "persons": [
        "Brossard"
      ], 
      "text_ocr": "Brossard, rue de la Boucherie, n. 1310, \u2014 des Invalides.\n", 
      "type": "ENTRY"
    }, 
    {
      "EOL": false, 
      "box": [
        153, 
        964, 
        651, 
        22
      ], 
      "id": 332, 
      "indented": true, 
      "parent": 331, 
      "text": "", 
      "type": "LINE"
    }, 
    {
      "addresses": [
        {
          "street_name": "rue Cruillaume", 
          "street_numbers": []
        }
      ], 
      "box": [
        153, 
        964, 
        651, 
        22
      ], 
      "checked": false, 
      "id": 331, 
      "ner_xml": "<TITRE>Buteux</TITRE>,<LOC>rue Cruillaume</LOC>,<ACT>n. 11</ACT>,<ACT>\u2014 de la Fraternit\u00e9.</ACT>.\n", 
      "origin": "computer", 
      "parent": 260, 
      "persons": [], 
      "text_ocr": "Buteux , rue Cruillaume , n. 11, \u2014 de la Fraternit\u00e9. .\n", 
      "type": "ENTRY"
    }, 
    {
      "EOL": false, 
      "box": [
        152, 
        985, 
        656, 
        23
      ], 
      "id": 334, 
      "indented": true, 
      "parent": 333, 
      "text": "", 
      "type": "LINE"
    }, 
    {
      "addresses": [], 
      "box": [
        152, 
        985, 
        656, 
        23
      ], 
      "checked": false, 
      "id": 333, 
      "ner_xml": "<PER>Cap\u00e9, rue de l'Oursine</PER>,<ACT>n. 1523, \u2014 de l'Observatoire, :\n</ACT>", 
      "origin": "computer", 
      "parent": 260, 
      "persons": [
        "Cap\u00e9, rue de l'Oursine"
      ], 
      "text_ocr": "Cap\u00e9, rue de l'Oursine, n. 1523, \u2014 de l'Observatoire, :\n", 
      "type": "ENTRY"
    }, 
    {
      "EOL": false, 
      "box": [
        154, 
        1007, 
        542, 
        23
      ], 
      "id": 336, 
      "indented": true, 
      "parent": 335, 
      "text": "", 
      "type": "LINE"
    }, 
    {
      "addresses": [
        {
          "street_name": "rue Froidmenteau", 
          "street_numbers": []
        }
      ], 
      "box": [
        154, 
        1007, 
        542, 
        23
      ], 
      "checked": false, 
      "id": 335, 
      "ner_xml": "<PER>Canaple</PER>,<LOC>rue Froidmenteau</LOC>,<ACT>n. 6, \u2014 du Mus\u00e9um</ACT>.\n", 
      "origin": "computer", 
      "parent": 260, 
      "persons": [
        "Canaple"
      ], 
      "text_ocr": "Canaple , rue Froidmenteau , n. 6, \u2014 du Mus\u00e9um.\n", 
      "type": "ENTRY"
    }, 
    {
      "EOL": false, 
      "box": [
        155, 
        1030, 
        506, 
        21
      ], 
      "id": 338, 
      "indented": true, 
      "parent": 337, 
      "text": "", 
      "type": "LINE"
    }, 
    {
      "addresses": [
        {
          "street_name": "rue des Cizeaux", 
          "street_numbers": []
        }
      ], 
      "box": [
        155, 
        1030, 
        506, 
        21
      ], 
      "checked": false, 
      "id": 337, 
      "ner_xml": "Caron ,<LOC>rue des Cizeaux</LOC>,<ACT>n. 455</ACT>,<ACT>\u2014 de l'Unit\u00e9</ACT>.\n", 
      "origin": "computer", 
      "parent": 260, 
      "persons": [], 
      "text_ocr": "Caron , rue des Cizeaux, n. 455, \u2014 de l'Unit\u00e9.\n", 
      "type": "ENTRY"
    }, 
    {
      "EOL": false, 
      "box": [
        155, 
        1051, 
        621, 
        24
      ], 
      "id": 340, 
      "indented": true, 
      "parent": 339, 
      "text": "", 
      "type": "LINE"
    }, 
    {
      "addresses": [
        {
          "street_name": "Cul-de-sac de Rome", 
          "street_numbers": [
            "4"
          ]
        }
      ], 
      "box": [
        155, 
        1051, 
        621, 
        24
      ], 
      "checked": false, 
      "id": 339, 
      "ner_xml": "Caron,<LOC>Cul-de-sac de Rome</LOC>,<ACT>n.6, des (Gravilliers.</ACT><CARDINAL>4</CARDINAL>\n", 
      "origin": "computer", 
      "parent": 260, 
      "persons": [], 
      "text_ocr": "Caron, Cul-de-sac de Rome, n.6, des (Gravilliers. 4\n", 
      "type": "ENTRY"
    }, 
    {
      "EOL": false, 
      "box": [
        155, 
        1073, 
        541, 
        23
      ], 
      "id": 342, 
      "indented": true, 
      "parent": 341, 
      "text": "", 
      "type": "LINE"
    }, 
    {
      "addresses": [], 
      "box": [
        155, 
        1073, 
        541, 
        23
      ], 
      "checked": false, 
      "id": 341, 
      "ner_xml": "Carrouge , Cour du Palais,<ACT>n. 15, \u2014 du Pont-Neuf</ACT>.\n", 
      "origin": "computer", 
      "parent": 260, 
      "persons": [], 
      "text_ocr": "Carrouge , Cour du Palais, n. 15, \u2014 du Pont-Neuf.\n", 
      "type": "ENTRY"
    }, 
    {
      "EOL": false, 
      "box": [
        155, 
        1096, 
        640, 
        23
      ], 
      "id": 344, 
      "indented": true, 
      "parent": 343, 
      "text": "", 
      "type": "LINE"
    }, 
    {
      "addresses": [
        {
          "street_name": "rue de la Loi", 
          "street_numbers": []
        }
      ], 
      "box": [
        155, 
        1096, 
        640, 
        23
      ], 
      "checked": false, 
      "id": 343, 
      "ner_xml": "Garteron-Nesreval ,<LOC>rue de la Loi</LOC>,<ACT>n. 155, \u2014 de Lepelletier</ACT>,\n", 
      "origin": "computer", 
      "parent": 260, 
      "persons": [], 
      "text_ocr": "Garteron-Nesreval , rue de la Loi, n. 155, \u2014 de Lepelletier,\n", 
      "type": "ENTRY"
    }, 
    {
      "EOL": false, 
      "box": [
        158, 
        1118, 
        548, 
        23
      ], 
      "id": 346, 
      "indented": true, 
      "parent": 345, 
      "text": "", 
      "type": "LINE"
    }, 
    {
      "addresses": [
        {
          "street_name": "Caudron", 
          "street_numbers": []
        }, 
        {
          "street_name": "rue de la Planche", 
          "street_numbers": []
        }
      ], 
      "box": [
        158, 
        1118, 
        548, 
        23
      ], 
      "checked": false, 
      "id": 345, 
      "ner_xml": "<LOC>Caudron</LOC>,<LOC>rue de la Planche</LOC>,<ACT>n. 4,8 , \u2014 de l'Ouest</ACT>.\n", 
      "origin": "computer", 
      "parent": 260, 
      "persons": [], 
      "text_ocr": "Caudron, rue de la Planche, n. 4,8 , \u2014 de l'Ouest.\n", 
      "type": "ENTRY"
    }, 
    {
      "EOL": false, 
      "box": [
        159, 
        1139, 
        492, 
        24
      ], 
      "id": 348, 
      "indented": true, 
      "parent": 347, 
      "text": "", 
      "type": "LINE"
    }, 
    {
      "addresses": [
        {
          "street_name": "Caumont", 
          "street_numbers": []
        }, 
        {
          "street_name": "rue Perpignan", 
          "street_numbers": []
        }
      ], 
      "box": [
        159, 
        1139, 
        492, 
        24
      ], 
      "checked": false, 
      "id": 347, 
      "ner_xml": "<LOC>Caumont</LOC>,<LOC>rue Perpignan</LOC>,<ACT>n. 10</ACT>,<ACT>\u2014 de la Cit\u00e9.\n</ACT>", 
      "origin": "computer", 
      "parent": 260, 
      "persons": [], 
      "text_ocr": "Caumont, rue Perpignan, n. 10, \u2014 de la Cit\u00e9.\n", 
      "type": "ENTRY"
    }, 
    {
      "EOL": false, 
      "box": [
        159, 
        1162, 
        483, 
        23
      ], 
      "id": 350, 
      "indented": true, 
      "parent": 349, 
      "text": "", 
      "type": "LINE"
    }, 
    {
      "addresses": [
        {
          "street_name": "rue de S\u00e8ves", 
          "street_numbers": []
        }
      ], 
      "box": [
        159, 
        1162, 
        483, 
        23
      ], 
      "checked": false, 
      "id": 349, 
      "ner_xml": "<PER>Chagot</PER>,<LOC>rue de S\u00e8ves</LOC>,<ACT>n. 990</ACT>,<ACT>\u2014 de l'Ouest</ACT>.\n", 
      "origin": "computer", 
      "parent": 260, 
      "persons": [
        "Chagot"
      ], 
      "text_ocr": "Chagot, rue de S\u00e8ves, n. 990 , \u2014 de l'Ouest.\n", 
      "type": "ENTRY"
    }, 
    {
      "EOL": false, 
      "box": [
        158, 
        1183, 
        609, 
        23
      ], 
      "id": 352, 
      "indented": true, 
      "parent": 351, 
      "text": "", 
      "type": "LINE"
    }, 
    {
      "addresses": [
        {
          "street_name": "Chapelle", 
          "street_numbers": []
        }, 
        {
          "street_name": "rue de la Ferronnerie", 
          "street_numbers": []
        }
      ], 
      "box": [
        158, 
        1183, 
        609, 
        23
      ], 
      "checked": false, 
      "id": 351, 
      "ner_xml": "<LOC>Chapelle</LOC>,<LOC>rue de la Ferronnerie</LOC>,<ACT>n. 162, \u2014 des March\u00e9s</ACT>,\n", 
      "origin": "computer", 
      "parent": 260, 
      "persons": [], 
      "text_ocr": "Chapelle, rue de la Ferronnerie , n. 162, \u2014 des March\u00e9s,\n", 
      "type": "ENTRY"
    }, 
    {
      "EOL": false, 
      "box": [
        162, 
        1205, 
        567, 
        57
      ], 
      "id": 354, 
      "indented": true, 
      "parent": 353, 
      "text": "", 
      "type": "LINE"
    }, 
    {
      "addresses": [
        {
          "street_name": "rue Joseph", 
          "street_numbers": [
            "N"
          ]
        }
      ], 
      "box": [
        162, 
        1205, 
        567, 
        57
      ], 
      "checked": false, 
      "id": 353, 
      "ner_xml": "<TITRE>Charmerois</TITRE>,<LOC>rue Joseph</LOC>,<ACT>n.24, \u2014 de Brutus</ACT>.\nDeuxi\u00e8me Partie,<CARDINAL>N</CARDINAL>\n", 
      "origin": "computer", 
      "parent": 260, 
      "persons": [], 
      "text_ocr": "Charmerois, rue Joseph, n.24, \u2014 de Brutus.\nDeuxi\u00e8me Partie, N\n", 
      "type": "ENTRY"
    }, 
    {
      "EOL": false, 
      "box": [
        190, 
        1237, 
        228, 
        24
      ], 
      "id": 356, 
      "indented": true, 
      "parent": 355, 
      "text": "", 
      "type": "LINE"
    }, 
    {
      "addresses": [], 
      "box": [
        190, 
        1237, 
        228, 
        24
      ], 
      "checked": false, 
      "id": 355, 
      "ner_xml": "<PER>Deuxi\u00e8me Partie</PER>,\n", 
      "origin": "computer", 
      "parent": 260, 
      "persons": [
        "Deuxi\u00e8me Partie"
      ], 
      "text_ocr": "Deuxi\u00e8me Partie,\n", 
      "type": "ENTRY"
    }, 
    {
      "box": [
        132, 
        165, 
        682, 
        1098
      ], 
      "id": 260, 
      "parent": 259, 
      "type": "COLUMN_LEVEL_2"
    }, 
    {
      "box": [
        132, 
        165, 
        682, 
        1098
      ], 
      "id": 259, 
      "parent": 258, 
      "type": "SECTION_LEVEL_2"
    }, 
    {
      "box": [
        132, 
        165, 
        682, 
        1098
      ], 
      "id": 258, 
      "parent": 257, 
      "type": "COLUMN_LEVEL_1"
    }, 
    {
      "box": [
        132, 
        165, 
        692, 
        1098
      ], 
      "id": 257, 
      "parent": 256, 
      "type": "SECTION_LEVEL_1"
    }, 
    {
      "box": [
        132, 
        37, 
        692, 
        1226
      ], 
      "id": 256, 
      "type": "PAGE"
    }
  ], 
  "mode": "cached"
}
