[
  {
    "EOL": false,
    "box": [
      129,
      125,
      507,
      51
    ],
    "id": 262,
    "indented": false,
    "parent": 261,
    "text": "",
    "type": "LINE"
  },
  {
    "addresses": [
      {
        "street_name": "rue Feydeau",
        "street_numbers": [
          "no. 223"
        ]
      }
    ],
    "box": [
      129,
      125,
      507,
      51
    ],
    "checked": true,
    "id": 261,
    "origin": "human",
    "parent": 260,
    "persons": [
      "Georget"
    ],
    "score": 0.5,
    "text_ocr": "##Georget## (££miniat, gouaches££) @@rue Feydeau@@ , $$no. 223$$.\n",
    "type": "ENTRY"
  },
  {
    "EOL": false,
    "box": [
      129,
      174,
      603,
      23
    ],
    "id": 264,
    "indented": true,
    "parent": 263,
    "text": "",
    "type": "LINE"
  },
  {
    "addresses": [
      {
        "street_name": "Pal. des Sc. et Arts",
        "street_numbers": []
      }
    ],
    "box": [
      129,
      174,
      603,
      23
    ],
    "checked": true,
    "id": 263,
    "origin": "human",
    "parent": 260,
    "persons": [
      "Gerard (Cne.)"
    ],
    "score": 0,
    "street_number": "",
    "text_ocr": "##Gerard (Cne.)## (££él. de David. port, tabl.££), @@Pal. des Sc. et Arts@@.\n",
    "type": "ENTRY"
  },
  {
    "EOL": false,
    "box": [
      131,
      197,
      251,
      22
    ],
    "id": 266,
    "indented": true,
    "parent": 265,
    "text": "",
    "type": "LINE"
  },
  {
    "addresses": [],
    "box": [
      131,
      197,
      251,
      22
    ],
    "checked": true,
    "id": 265,
    "origin": "human",
    "parent": 260,
    "persons": [
      "Gérard (F.)"
    ],
    "score": 0,
    "street": "",
    "street_number": "",
    "text_ocr": "##Gérard (F.)## idem. idem.\n",
    "type": "ENTRY"
  },
  {
    "EOL": false,
    "box": [
      129,
      219,
      388,
      21
    ],
    "id": 268,
    "indented": true,
    "parent": 267,
    "text": "",
    "type": "LINE"
  },
  {
    "addresses": [
      {
        "street_name": "Jardin Egalité, au Lycée",
        "street_numbers": []
      }
    ],
    "box": [
      129,
      219,
      388,
      21
    ],
    "checked": true,
    "id": 267,
    "origin": "human",
    "parent": 260,
    "persons": [
      "Gervais"
    ],
    "score": 0.5,
    "street_number": "",
    "text_ocr": "##Gervais##, @@Jardin Egalité, au Lycée@@.\n",
    "type": "ENTRY"
  },
  {
    "EOL": false,
    "box": [
      129,
      238,
      559,
      22
    ],
    "id": 270,
    "indented": true,
    "parent": 269,
    "text": "",
    "type": "LINE"
  },
  {
    "addresses": [
      {
        "street_name": "rue Neuve des Bons-Enfans",
        "street_numbers": [
          "no. 3"
        ]
      }
    ],
    "box": [
      129,
      238,
      559,
      22
    ],
    "checked": true,
    "id": 269,
    "origin": "human",
    "parent": 260,
    "persons": [
      "Godeau"
    ],
    "score": 0.5,
    "text_ocr": "##Godeau## (££miniature££), @@rue Neuve des Bons-Enfans@@, $$no. 3$$.\n",
    "type": "ENTRY"
  },
  {
    "EOL": false,
    "box": [
      130,
      261,
      436,
      21
    ],
    "id": 272,
    "indented": true,
    "parent": 271,
    "text": "",
    "type": "LINE"
  },
  {
    "addresses": [
      {
        "street_name": "Palais-Egalité",
        "street_numbers": [
          "no. 33"
        ]
      }
    ],
    "box": [
      130,
      261,
      436,
      21
    ],
    "checked": true,
    "id": 271,
    "origin": "human",
    "parent": 260,
    "persons": [
      "Goulu"
    ],
    "score": 0,
    "text_ocr": "##Goulu## (££miniature££), @@Palais-Egalité@@ , $$no. 33$$.\n",
    "type": "ENTRY"
  },
  {
    "EOL": false,
    "box": [
      132,
      281,
      535,
      22
    ],
    "id": 274,
    "indented": true,
    "parent": 273,
    "text": "",
    "type": "LINE"
  },
  {
    "addresses": [
      {
        "street_name": "rue de la Verrerie",
        "street_numbers": [
          "no 109"
        ]
      }
    ],
    "box": [
      132,
      281,
      535,
      22
    ],
    "checked": true,
    "id": 273,
    "origin": "human",
    "parent": 260,
    "persons": [
      "Guéret (Les Cnes.)"
    ],
    "score": 0,
    "text_ocr": "##Guéret (Les Cnes.)## (££portr.££) @@rue de la Verrerie@@, $$no 109$$.\n",
    "type": "ENTRY"
  },
  {
    "EOL": false,
    "box": [
      132,
      304,
      485,
      20
    ],
    "id": 276,
    "indented": true,
    "parent": 275,
    "text": "",
    "type": "LINE"
  },
  {
    "addresses": [
      {
        "street_name": "quai Voltaire",
        "street_numbers": [
          "no. 13"
        ]
      }
    ],
    "box": [
      132,
      304,
      485,
      20
    ],
    "checked": true,
    "id": 275,
    "origin": "human",
    "parent": 260,
    "persons": [
      "Guerin (Jean)"
    ],
    "score": 0.5,
    "text_ocr": "##Guerin (Jean)## (££miniat.££), @@quai Voltaire@@, $$no. 13$$.\n",
    "type": "ENTRY"
  },
  {
    "EOL": false,
    "box": [
      131,
      323,
      583,
      23
    ],
    "id": 278,
    "indented": true,
    "parent": 277,
    "text": "",
    "type": "LINE"
  },
  {
    "addresses": [
      {
        "street_name": "rue Meslée",
        "street_numbers": [
          " no. 18"
        ]
      }
    ],
    "box": [
      131,
      323,
      583,
      23
    ],
    "checked": true,
    "id": 277,
    "origin": "human",
    "parent": 260,
    "persons": [
      "Guesdon ( D.)"
    ],
    "score": 0.5,
    "text_ocr": "##Guesdon ( D.)## (££él. de Pierre. ports££), @@rue Meslée@@,$$ no. 18$$.\n",
    "type": "ENTRY"
  },
  {
    "EOL": false,
    "box": [
      131,
      344,
      625,
      23
    ],
    "id": 280,
    "indented": true,
    "parent": 279,
    "text": "",
    "type": "LINE"
  },
  {
    "addresses": [
      {
        "street_name": "quai de l'Ecole",
        "street_numbers": [
          "no. 14"
        ]
      }
    ],
    "box": [
      131,
      344,
      625,
      23
    ],
    "checked": true,
    "id": 279,
    "origin": "human",
    "parent": 260,
    "persons": [
      "Henri"
    ],
    "score": 0.5,
    "text_ocr": "##Henri## (él. de Regnault et de Laudon), @@quai de l'Ecole@@ , $$no. 14$$.\n",
    "type": "ENTRY"
  },
  {
    "EOL": false,
    "box": [
      132,
      366,
      623,
      29
    ],
    "id": 282,
    "indented": true,
    "parent": 281,
    "text": "",
    "type": "LINE"
  },
  {
    "addresses": [
      {
        "street_name": "rue du Pot-de-fer, f. Germ",
        "street_numbers": []
      }
    ],
    "box": [
      132,
      366,
      623,
      29
    ],
    "checked": true,
    "id": 281,
    "origin": "human",
    "parent": 260,
    "persons": [
      "Hennequin ( P. A.)"
    ],
    "score": 0.47058823529411764,
    "street_number": "",
    "text_ocr": "##Hennequin ( P. A.)## (££hist- portr.££), @@rue du Pot-de-fer, f. Germ@@.\n\n",
    "type": "ENTRY"
  },
  {
    "EOL": false,
    "box": [
      131,
      387,
      471,
      22
    ],
    "id": 284,
    "indented": true,
    "parent": 283,
    "text": "",
    "type": "LINE"
  },
  {
    "addresses": [
      {
        "street_name": "Palais-Egalité",
        "street_numbers": [
          "no. 231"
        ]
      }
    ],
    "box": [
      131,
      387,
      471,
      22
    ],
    "checked": true,
    "id": 283,
    "origin": "human",
    "parent": 260,
    "persons": [
      "Hermerel"
    ],
    "score": 0.5,
    "text_ocr": "##Hermerel## (££miniature££), @@Palais-Egalité@@, $$no. 231$$.\n",
    "type": "ENTRY"
  },
  {
    "EOL": false,
    "box": [
      133,
      409,
      394,
      21
    ],
    "id": 286,
    "indented": true,
    "parent": 285,
    "text": "",
    "type": "LINE"
  },
  {
    "addresses": [
      {
        "street_name": "rue du Bac",
        "street_numbers": [
          "no. 249"
        ]
      }
    ],
    "box": [
      133,
      409,
      394,
      21
    ],
    "checked": true,
    "id": 285,
    "origin": "human",
    "parent": 260,
    "persons": [
      "Holain"
    ],
    "score": 0.5,
    "text_ocr": "##Holain## (££tableaux££), @@rue du Bac@@, $$no. 249$$.\n",
    "type": "ENTRY"
  },
  {
    "EOL": false,
    "box": [
      133,
      424,
      624,
      30
    ],
    "id": 288,
    "indented": true,
    "parent": 287,
    "text": "",
    "type": "LINE"
  },
  {
    "EOL": false,
    "box": [
      155,
      454,
      65,
      17
    ],
    "id": 289,
    "indented": false,
    "parent": 287,
    "text": "",
    "type": "LINE"
  },
  {
    "addresses": [
      {
        "street_name": "rue André-des-Ars",
        "street_numbers": [
          "no. 44"
        ]
      }
    ],
    "box": [
      133,
      424,
      624,
      47
    ],
    "checked": true,
    "id": 287,
    "origin": "human",
    "parent": 260,
    "persons": [
      "Honnet (A. R.)"
    ],
    "score": 0.75,
    "text_ocr": "##Honnet (A. R.)## (él. de Regnault. ££hist.££), @@rue André-des-Ars@@,\n$$no. 44$$.\n",
    "type": "ENTRY"
  },
  {
    "EOL": false,
    "box": [
      133,
      468,
      447,
      26
    ],
    "id": 291,
    "indented": true,
    "parent": 290,
    "text": "",
    "type": "LINE"
  },
  {
    "addresses": [
      {
        "street_name": "galeries du Muséum",
        "street_numbers": []
      }
    ],
    "box": [
      133,
      468,
      447,
      26
    ],
    "checked": true,
    "id": 290,
    "origin": "human",
    "parent": 260,
    "persons": [
      "Hue (J. F.)"
    ],
    "score": 0,
    "street_number": "",
    "text_ocr": "##Hue (J. F.)## (££tableaux££) , @@galeries du Muséum@@.\n",
    "type": "ENTRY"
  },
  {
    "EOL": false,
    "box": [
      133,
      493,
      548,
      23
    ],
    "id": 293,
    "indented": true,
    "parent": 292,
    "text": "",
    "type": "LINE"
  },
  {
    "addresses": [
      {
        "street_name": "rue Meslée",
        "street_numbers": [
          "no. 51"
        ]
      }
    ],
    "box": [
      133,
      493,
      548,
      23
    ],
    "checked": true,
    "id": 292,
    "origin": "human",
    "parent": 260,
    "persons": [
      "Cne. Huin"
    ],
    "score": 0.5,
    "text_ocr": "##Cne. Huin## (él. de David. ££miniat.££), @@rue Meslée@@, $$no. 51$$.\n",
    "type": "ENTRY"
  },
  {
    "EOL": false,
    "box": [
      133,
      515,
      611,
      22
    ],
    "id": 295,
    "indented": true,
    "parent": 294,
    "text": "",
    "type": "LINE"
  },
  {
    "addresses": [
      {
        "street_name": " r. Marc",
        "street_numbers": [
          "no. 27"
        ]
      }
    ],
    "box": [
      133,
      515,
      611,
      22
    ],
    "checked": true,
    "id": 294,
    "origin": "human",
    "parent": 260,
    "persons": [
      "Isabey (J. B.)"
    ],
    "score": 0.5,
    "text_ocr": "##Isabey (J. B.)## (él de David. ££min. port. dess.££)@@ r. Marc@@, $$no. 27$$.\n",
    "type": "ENTRY"
  },
  {
    "EOL": false,
    "box": [
      135,
      536,
      621,
      25
    ],
    "id": 297,
    "indented": true,
    "parent": 296,
    "text": "",
    "type": "LINE"
  },
  {
    "EOL": false,
    "box": [
      159,
      559,
      391,
      16
    ],
    "id": 298,
    "indented": false,
    "parent": 296,
    "text": "",
    "type": "LINE"
  },
  {
    "addresses": [
      {
        "street_name": "au Palais nat. des Sciences et des Arts",
        "street_numbers": []
      }
    ],
    "box": [
      135,
      536,
      621,
      39
    ],
    "checked": true,
    "id": 296,
    "origin": "human",
    "parent": 260,
    "persons": [
      "Labille (Cne.), dite Ginard"
    ],
    "score": 0,
    "street_number": "",
    "text_ocr": "##Labille (Cne.), dite Ginard## (él. des cc. Vincent père et lils. p.),\n@@au Palais nat. des Sciences et des Arts@@.\n",
    "type": "ENTRY"
  },
  {
    "EOL": false,
    "box": [
      136,
      578,
      605,
      22
    ],
    "id": 300,
    "indented": true,
    "parent": 299,
    "text": "",
    "type": "LINE"
  },
  {
    "addresses": [
      {
        "street_name": "rue J. J. Rousseau",
        "street_numbers": []
      }
    ],
    "box": [
      136,
      578,
      605,
      22
    ],
    "checked": true,
    "id": 299,
    "origin": "human",
    "parent": 260,
    "persons": [
      "Lafontaine ( P. J.)"
    ],
    "score": 0.25,
    "street_number": "",
    "text_ocr": "##Lafontaine ( P. J.)##, @@rue J. J. Rousseau@@.\n",
    "type": "ENTRY"
  },
  {
    "EOL": false,
    "box": [
      136,
      601,
      606,
      21
    ],
    "id": 302,
    "indented": true,
    "parent": 301,
    "text": "",
    "type": "LINE"
  },
  {
    "addresses": [
      {
        "street_name": "galeries du Muséum",
        "street_numbers": []
      }
    ],
    "box": [
      136,
      601,
      606,
      21
    ],
    "checked": true,
    "id": 301,
    "origin": "human",
    "parent": 260,
    "persons": [
      "Lagrence"
    ],
    "score": 0,
    "street_number": "",
    "text_ocr": "##Lagrence## (££histoire££), @@galeries du Muséum@@.\n",
    "type": "ENTRY"
  },
  {
    "EOL": false,
    "box": [
      135,
      622,
      523,
      21
    ],
    "id": 304,
    "indented": true,
    "parent": 303,
    "text": "",
    "type": "LINE"
  },
  {
    "addresses": [],
    "box": [
      135,
      622,
      523,
      21
    ],
    "checked": true,
    "id": 303,
    "origin": "human",
    "parent": 260,
    "persons": [
      "Lagrence jeune"
    ],
    "score": 0,
    "street": "",
    "street_number": "",
    "text_ocr": "##Lagrence jeune## (el. de son frère. ££tabl.££), idem.\n",
    "type": "ENTRY"
  },
  {
    "addresses": [
      {
        "street_name": "rue Molière",
        "street_numbers": [
          "no.2"
        ]
      }
    ],
    "box": [
      136,
      620,
      627,
      60
    ],
    "checked": true,
    "id": 352,
    "origin": "human",
    "parent": 260,
    "persons": [
      "Lalitte (L.)"
    ],
    "text_ocr": "##Lalitte (L.)## (££portr. dess.££) @@rue Molière@@, $$no.2$$ , près le théâtre de l'Odéon.\n",
    "type": "ENTRY"
  },
  {
    "EOL": false,
    "box": [
      136,
      620,
      627,
      49
    ],
    "id": 306,
    "indented": true,
    "parent": 352,
    "text": "",
    "type": "LINE"
  },
  {
    "EOL": false,
    "box": [
      158,
      663,
      86,
      17
    ],
    "id": 307,
    "indented": false,
    "parent": 352,
    "text": "",
    "type": "LINE"
  },
  {
    "EOL": false,
    "box": [
      136,
      680,
      607,
      26
    ],
    "id": 309,
    "indented": true,
    "parent": 308,
    "text": "",
    "type": "LINE"
  },
  {
    "addresses": [
      {
        "street_name": "rue des Maçons",
        "street_numbers": [
          " no. 407"
        ]
      }
    ],
    "box": [
      136,
      680,
      607,
      26
    ],
    "checked": true,
    "id": 308,
    "origin": "human",
    "parent": 260,
    "persons": [
      "Landry"
    ],
    "score": 0.5,
    "text_ocr": "##Landry## (££portr.££), @@rue des Maçons@@,$$ no. 407$$, @@div. des Thermes@@.\n",
    "type": "ENTRY"
  },
  {
    "EOL": false,
    "box": [
      137,
      706,
      620,
      22
    ],
    "id": 311,
    "indented": true,
    "parent": 310,
    "text": "",
    "type": "LINE"
  },
  {
    "EOL": false,
    "box": [
      159,
      728,
      131,
      16
    ],
    "id": 312,
    "indented": false,
    "parent": 310,
    "text": "",
    "type": "LINE"
  },
  {
    "addresses": [
      {
        "street_name": "maison Longueville,\nrue Thomas",
        "street_numbers": []
      }
    ],
    "box": [
      137,
      706,
      620,
      38
    ],
    "checked": true,
    "id": 310,
    "origin": "human",
    "parent": 260,
    "persons": [
      "Laneuville (J. L.)"
    ],
    "score": 0.25,
    "street_number": "",
    "text_ocr": "##Laneuville (J. L.)## (él. de David. ££port.££) , @@maison Longueville,\nrue Thomas@@.\n",
    "type": "ENTRY"
  },
  {
    "EOL": false,
    "box": [
      138,
      733,
      560,
      37
    ],
    "id": 314,
    "indented": true,
    "parent": 313,
    "text": "",
    "type": "LINE"
  },
  {
    "addresses": [
      {
        "street_name": " maison de Nesle, rue de Beaune",
        "street_numbers": []
      }
    ],
    "box": [
      138,
      733,
      560,
      37
    ],
    "checked": true,
    "id": 313,
    "origin": "human",
    "parent": 260,
    "persons": [
      "Langlois"
    ],
    "score": 0.5,
    "street_number": "",
    "text_ocr": "##Langlois## (££miniature££) ,@@ maison de Nesle, rue de Beaune@@.\n",
    "type": "ENTRY"
  },
  {
    "EOL": false,
    "box": [
      138,
      770,
      620,
      21
    ],
    "id": 316,
    "indented": true,
    "parent": 315,
    "text": "",
    "type": "LINE"
  },
  {
    "addresses": [
      {
        "street_name": "rue Boucherat",
        "street_numbers": [
          "no. 15"
        ]
      }
    ],
    "box": [
      138,
      770,
      620,
      21
    ],
    "checked": true,
    "id": 315,
    "origin": "human",
    "parent": 260,
    "persons": [
      "Larivière"
    ],
    "score": 0.5,
    "text_ocr": "##Larivière## (él, d'Isabey. ££portr. miniat.££), @@rue Boucherat@@ , $$no. 15$$.\n",
    "type": "ENTRY"
  },
  {
    "EOL": false,
    "box": [
      138,
      791,
      505,
      21
    ],
    "id": 318,
    "indented": true,
    "parent": 317,
    "text": "",
    "type": "LINE"
  },
  {
    "addresses": [
      {
        "street_name": "rue Nicaise",
        "street_numbers": [
          "no. 487"
        ]
      }
    ],
    "box": [
      138,
      791,
      505,
      21
    ],
    "checked": true,
    "id": 317,
    "origin": "human",
    "parent": 260,
    "persons": [
      "Laurent (J. A.)"
    ],
    "score": 0.5,
    "text_ocr": "##Laurent (J. A.)## (££miniature££) , @@rue Nicaise@@, $$no. 487$$.\n",
    "type": "ENTRY"
  },
  {
    "EOL": false,
    "box": [
      139,
      812,
      619,
      22
    ],
    "id": 320,
    "indented": true,
    "parent": 319,
    "text": "",
    "type": "LINE"
  },
  {
    "EOL": false,
    "box": [
      161,
      834,
      398,
      20
    ],
    "id": 321,
    "indented": false,
    "parent": 319,
    "text": "",
    "type": "LINE"
  },
  {
    "addresses": [
      {
        "street_name": "rue de Cléry, maison des Pyrénées",
        "street_numbers": []
      }
    ],
    "box": [
      139,
      812,
      619,
      42
    ],
    "checked": true,
    "id": 319,
    "origin": "human",
    "parent": 260,
    "persons": [
      "Laurenty"
    ],
    "score": 0.5,
    "street_number": "",
    "text_ocr": "##Laurenty## ( él. de Fallin , ££député de l'ouest. dessins à la plume££)\n@@rue de Cléry, maison des Pyrénées@@.\n",
    "type": "ENTRY"
  },
  {
    "EOL": false,
    "box": [
      140,
      854,
      564,
      21
    ],
    "id": 323,
    "indented": true,
    "parent": 322,
    "text": "",
    "type": "LINE"
  },
  {
    "addresses": [
      {
        "street_name": "Pal. nat. des Sc. et des Arts",
        "street_numbers": []
      }
    ],
    "box": [
      140,
      854,
      564,
      21
    ],
    "checked": true,
    "id": 322,
    "origin": "human",
    "parent": 260,
    "persons": [
      "Lebarbier, ainé"
    ],
    "score": 0,
    "street_number": "",
    "text_ocr": "##Lebarbier, ainé## (££dessins££) , @@Pal. nat. des Sc. et des Arts@@.\n",
    "type": "ENTRY"
  },
  {
    "EOL": false,
    "box": [
      140,
      876,
      533,
      21
    ],
    "id": 325,
    "indented": true,
    "parent": 324,
    "text": "",
    "type": "LINE"
  },
  {
    "addresses": [
      {
        "street_name": "rue de la Loi",
        "street_numbers": [
          "no. 748"
        ]
      }
    ],
    "box": [
      140,
      876,
      533,
      21
    ],
    "checked": true,
    "id": 324,
    "origin": "human",
    "parent": 260,
    "persons": [
      "Lebrun (Jacques)"
    ],
    "score": 0.5,
    "text_ocr": "##Lebrun (Jacques)## (££miniature££), @@rue de la Loi@@, $$no. 748$$.\n",
    "type": "ENTRY"
  },
  {
    "EOL": false,
    "box": [
      141,
      896,
      619,
      23
    ],
    "id": 327,
    "indented": true,
    "parent": 326,
    "text": "",
    "type": "LINE"
  },
  {
    "addresses": [
      {
        "street_name": "rue Coquillière",
        "street_numbers": [
          "no. 48"
        ]
      }
    ],
    "box": [
      141,
      896,
      619,
      23
    ],
    "checked": true,
    "id": 326,
    "origin": "human",
    "parent": 260,
    "persons": [
      "Lebrun (Cne.)"
    ],
    "score": 0.5,
    "text_ocr": "##Lebrun (Cne.)## (él. d'Isabey. ££miniat.££), @@rue Coquillière@@, $$no. 48$$.\n",
    "type": "ENTRY"
  },
  {
    "EOL": false,
    "box": [
      141,
      918,
      576,
      22
    ],
    "id": 329,
    "indented": true,
    "parent": 328,
    "text": "",
    "type": "LINE"
  },
  {
    "addresses": [
      {
        "street_name": "rue Coqhéron",
        "street_numbers": [
          "no. 71"
        ]
      }
    ],
    "box": [
      141,
      918,
      576,
      22
    ],
    "checked": true,
    "id": 328,
    "origin": "human",
    "parent": 260,
    "persons": [
      "Lecarpentier"
    ],
    "score": 0.16666666666666669,
    "text_ocr": "##Lecarpentier## (él, de Calais. ££port.££) @@rue Coqhéron@@, $$no. 71$$.\n",
    "type": "ENTRY"
  },
  {
    "EOL": false,
    "box": [
      142,
      939,
      442,
      21
    ],
    "id": 331,
    "indented": true,
    "parent": 330,
    "text": "",
    "type": "LINE"
  },
  {
    "addresses": [
      {
        "street_name": "quai des Orfèvres",
        "street_numbers": [
          "no. 24"
        ]
      }
    ],
    "box": [
      142,
      939,
      442,
      21
    ],
    "checked": true,
    "id": 330,
    "origin": "human",
    "parent": 260,
    "persons": [
      "Ledru"
    ],
    "score": 0.5,
    "text_ocr": "##Ledru## (££dess. port.££) @@quai des Orfèvres@@ , $$no. 24$$.\n",
    "type": "ENTRY"
  },
  {
    "EOL": false,
    "box": [
      142,
      960,
      503,
      20
    ],
    "id": 333,
    "indented": true,
    "parent": 332,
    "text": "",
    "type": "LINE"
  },
  {
    "addresses": [
      {
        "street_name": "rue Antoine",
        "street_numbers": [
          "no.244"
        ]
      }
    ],
    "box": [
      142,
      960,
      503,
      20
    ],
    "checked": true,
    "id": 332,
    "origin": "human",
    "parent": 260,
    "persons": [
      "Lefebvre (Cne.)"
    ],
    "score": 0.25,
    "text_ocr": "##Lefebvre (Cne.)## (££pays.££), @@rue Antoine@@, $$no.244$$.\n",
    "type": "ENTRY"
  },
  {
    "EOL": false,
    "box": [
      143,
      980,
      618,
      23
    ],
    "id": 335,
    "indented": true,
    "parent": 334,
    "text": "",
    "type": "LINE"
  },
  {
    "addresses": [
      {
        "street_name": "r. d'Orléans-Hon.",
        "street_numbers": [
          "no. 17"
        ]
      }
    ],
    "box": [
      143,
      980,
      618,
      23
    ],
    "checked": true,
    "id": 334,
    "origin": "human",
    "parent": 260,
    "persons": [
      "Lefevre (R.)"
    ],
    "score": 0.5,
    "text_ocr": "##Lefevre (R.)## (él. de Regnault. ££port.££) @@r. d'Orléans-Hon.@@ $$no. 17$$.\n",
    "type": "ENTRY"
  },
  {
    "EOL": false,
    "box": [
      143,
      1003,
      617,
      21
    ],
    "id": 337,
    "indented": true,
    "parent": 336,
    "text": "",
    "type": "LINE"
  },
  {
    "addresses": [
      {
        "street_name": "rue de Bondy",
        "street_numbers": [
          "no. 17"
        ]
      }
    ],
    "box": [
      143,
      1003,
      617,
      21
    ],
    "checked": true,
    "id": 336,
    "origin": "human",
    "parent": 260,
    "persons": [
      "Leguay"
    ],
    "score": 0.5,
    "text_ocr": "##Leguay## (££mi. sur porcelaine, ivoire.££) @@rue de Bondy@@ , $$no. 17$$.\n",
    "type": "ENTRY"
  },
  {
    "EOL": false,
    "box": [
      144,
      1023,
      618,
      23
    ],
    "id": 339,
    "indented": true,
    "parent": 338,
    "text": "",
    "type": "LINE"
  },
  {
    "EOL": false,
    "box": [
      161,
      1044,
      470,
      21
    ],
    "id": 340,
    "indented": false,
    "parent": 338,
    "text": "",
    "type": "LINE"
  },
  {
    "addresses": [
      {
        "street_name": "faubourg Honoré, rue Magdelaine",
        "street_numbers": [
          " no. 1036"
        ]
      }
    ],
    "box": [
      144,
      1023,
      618,
      42
    ],
    "checked": true,
    "id": 338,
    "origin": "human",
    "parent": 260,
    "persons": [
      "Lejeune"
    ],
    "score": 0.4,
    "text_ocr": "##Lejeune## (££él. de Valenciennes, et officier de Génie, histoire££)\n@@faubourg Honoré, rue Magdelaine@@ ,$$ no. 1036$$.\n",
    "type": "ENTRY"
  },
  {
    "addresses": [
      {
        "street_name": "rue des Moulins",
        "street_numbers": [
          "no. 18"
        ]
      }
    ],
    "box": [
      146,
      1065,
      595,
      22
    ],
    "checked": true,
    "id": 347,
    "origin": "human",
    "parent": 260,
    "persons": [
      "Lemoine (Cne.)"
    ],
    "text_ocr": "##Lemoine (Cne.)## (££tableaux££), @@rue des Moulins@@, $$no. 18$$.",
    "type": "ENTRY"
  },
  {
    "EOL": false,
    "box": [
      146,
      1065,
      595,
      22
    ],
    "id": 342,
    "indented": true,
    "parent": 347,
    "text": "",
    "type": "LINE"
  },
  {
    "addresses": [
      {
        "street_name": " rue de Hurepoix",
        "street_numbers": [
          "no. 18"
        ]
      }
    ],
    "box": [
      146,
      1086,
      595,
      24
    ],
    "checked": true,
    "id": 348,
    "origin": "human",
    "parent": 260,
    "persons": [
      "Leroy (François)"
    ],
    "text_ocr": "##Leroy (François)## (él. de Vien),@@ rue de Hurepoix@@, $$no. 18$$.",
    "type": "ENTRY"
  },
  {
    "EOL": false,
    "box": [
      146,
      1086,
      595,
      24
    ],
    "id": 343,
    "indented": false,
    "parent": 348,
    "text": "",
    "type": "LINE"
  },
  {
    "addresses": [
      {
        "street_name": "rue Mazarine",
        "street_numbers": [
          "no. 1539"
        ]
      }
    ],
    "box": [
      146,
      1107,
      574,
      23
    ],
    "checked": true,
    "id": 349,
    "origin": "human",
    "parent": 260,
    "persons": [
      "Lepeintre père"
    ],
    "text_ocr": "##Lepeintre père## (él. de Pierre. ££port.££) @@rue Mazarine@@, $$no. 1539$$.",
    "type": "ENTRY"
  },
  {
    "EOL": false,
    "box": [
      146,
      1107,
      574,
      23
    ],
    "id": 344,
    "indented": false,
    "parent": 349,
    "text": "",
    "type": "LINE"
  },
  {
    "addresses": [
      {
        "street_name": "rue des Saussayes, faubourg Honoré",
        "street_numbers": [
          "no. 1239"
        ]
      }
    ],
    "box": [
      146,
      1128,
      617,
      24
    ],
    "checked": true,
    "id": 350,
    "origin": "human",
    "parent": 260,
    "persons": [
      "Leroy (Joseph)"
    ],
    "text_ocr": "##Leroy (Joseph)## (él. de Suté. ££dess, port.££), @@rue des Saussayes, faubourg Honoré@@, $$no. 1239$$.",
    "type": "ENTRY"
  },
  {
    "EOL": false,
    "box": [
      146,
      1128,
      617,
      24
    ],
    "id": 345,
    "indented": false,
    "parent": 350,
    "text": "",
    "type": "LINE"
  },
  {
    "addresses": [
      {
        "street_name": "Palais national des Sc. et Arts",
        "street_numbers": []
      }
    ],
    "box": [
      147,
      1151,
      519,
      38
    ],
    "checked": true,
    "id": 351,
    "origin": "human",
    "parent": 260,
    "persons": [
      "Lespinasse"
    ],
    "street_number": "",
    "text_ocr": "##Lespinasse## (££dessin££), @@Palais national des Sc. et Arts@@.",
    "type": "ENTRY"
  },
  {
    "EOL": false,
    "box": [
      147,
      1151,
      519,
      38
    ],
    "id": 346,
    "indented": false,
    "parent": 351,
    "text": "",
    "type": "LINE"
  },
  {
    "box": [
      129,
      125,
      636,
      1064
    ],
    "id": 260,
    "parent": 259,
    "type": "COLUMN_LEVEL_2"
  },
  {
    "box": [
      129,
      125,
      636,
      1064
    ],
    "id": 259,
    "parent": 258,
    "type": "SECTION_LEVEL_2"
  },
  {
    "box": [
      129,
      125,
      636,
      1064
    ],
    "id": 258,
    "parent": 257,
    "type": "COLUMN_LEVEL_1"
  },
  {
    "box": [
      129,
      125,
      650,
      1064
    ],
    "id": 257,
    "parent": 256,
    "type": "SECTION_LEVEL_1"
  },
  {
    "box": [
      129,
      125,
      650,
      1093
    ],
    "id": 256,
    "type": "PAGE"
  }
]
