{
  "content": [
    {
      "EOL": false, 
      "box": [
        226, 
        148, 
        588, 
        24
      ], 
      "id": 262, 
      "indented": false, 
      "parent": 261, 
      "text": "", 
      "type": "LINE"
    }, 
    {
      "addresses": [
        {
          "street_name": "rue des Marais", 
          "street_numbers": [
            "no. 16"
          ]
        }
      ], 
      "box": [
        226, 
        148, 
        588, 
        24
      ], 
      "checked": true, 
      "id": 261, 
      "origin": "human", 
      "parent": 260, 
      "persons": [
        "Lesueur (P. E.)"
      ], 
      "score": 0.5, 
      "text_ocr": "##Lesueur (P. E.)## (\u00a3\u00a3port. histoire\u00a3\u00a3), @@rue des Marais@@, $$no. 16$$.\n", 
      "type": "ENTRY"
    }, 
    {
      "EOL": false, 
      "box": [
        228, 
        172, 
        602, 
        22
      ], 
      "id": 264, 
      "indented": true, 
      "parent": 263, 
      "text": "", 
      "type": "LINE"
    }, 
    {
      "addresses": [
        {
          "street_name": "Palais national des Sc. et Arts", 
          "street_numbers": []
        }
      ], 
      "box": [
        228, 
        172, 
        602, 
        22
      ], 
      "checked": true, 
      "id": 263, 
      "origin": "human", 
      "parent": 260, 
      "persons": [
        "Lethiers"
      ], 
      "score": -1, 
      "street_number": "", 
      "text_ocr": "##Lethiers## (\u00a3\u00a3his. dess, pays.\u00a3\u00a3) @@Palais national des Sc. et Arts@@.\n", 
      "type": "ENTRY"
    }, 
    {
      "EOL": false, 
      "box": [
        228, 
        193, 
        648, 
        25
      ], 
      "id": 266, 
      "indented": true, 
      "parent": 265, 
      "text": "", 
      "type": "LINE"
    }, 
    {
      "addresses": [
        {
          "street_name": "maison Chaumont, pr\u00e8s la porte Denis", 
          "street_numbers": []
        }
      ], 
      "box": [
        228, 
        193, 
        648, 
        25
      ], 
      "checked": true, 
      "id": 265, 
      "origin": "human", 
      "parent": 260, 
      "persons": [
        "Lonsing"
      ], 
      "score": 0.15, 
      "street_number": "", 
      "text_ocr": "##Lonsing## (\u00a3\u00a3tableaux\u00a3\u00a3) , @@maison Chaumont, pr\u00e8s la porte Denis@@.\n", 
      "type": "ENTRY"
    }, 
    {
      "EOL": false, 
      "box": [
        230, 
        217, 
        546, 
        24
      ], 
      "id": 268, 
      "indented": true, 
      "parent": 267, 
      "text": "", 
      "type": "LINE"
    }, 
    {
      "addresses": [
        {
          "street_name": " rue du Hurepoix", 
          "street_numbers": [
            "no. 8"
          ]
        }
      ], 
      "box": [
        230, 
        217, 
        546, 
        24
      ], 
      "checked": true, 
      "id": 267, 
      "origin": "human", 
      "parent": 260, 
      "persons": [
        "Lovintosse"
      ], 
      "score": 0.5, 
      "text_ocr": "##Lovintosse## (el. de Brenet),@@ rue du Hurepoix@@ , $$no. 8$$.\n", 
      "type": "ENTRY"
    }, 
    {
      "EOL": false, 
      "box": [
        231, 
        239, 
        524, 
        23
      ], 
      "id": 270, 
      "indented": true, 
      "parent": 269, 
      "text": "", 
      "type": "LINE"
    }, 
    {
      "addresses": [
        {
          "street_name": "rue Nicaise", 
          "street_numbers": [
            "no. 500"
          ]
        }
      ], 
      "box": [
        231, 
        239, 
        524, 
        23
      ], 
      "checked": true, 
      "id": 269, 
      "origin": "human", 
      "parent": 260, 
      "persons": [
        "Malard-Sermaise"
      ], 
      "score": 0.5, 
      "text_ocr": "##Malard-Sermaise## (\u00a3\u00a3tabteaux\u00a3\u00a3) @@rue Nicaise@@, $$no. 500$$.\n", 
      "type": "ENTRY"
    }, 
    {
      "EOL": false, 
      "box": [
        232, 
        261, 
        547, 
        25
      ], 
      "id": 272, 
      "indented": true, 
      "parent": 271, 
      "text": "", 
      "type": "LINE"
    }, 
    {
      "addresses": [
        {
          "street_name": " rue des Nonaindi\u00e8res", 
          "street_numbers": [
            "no. 27"
          ]
        }
      ], 
      "box": [
        232, 
        261, 
        547, 
        25
      ], 
      "checked": true, 
      "id": 271, 
      "origin": "human", 
      "parent": 260, 
      "persons": [
        "Malbeste"
      ], 
      "score": 0.5, 
      "text_ocr": "##Malbeste## (\u00a3\u00a3paysages\u00a3\u00a3) ,@@ rue des Nonaindi\u00e8res@@ , $$no. 27$$.\n", 
      "type": "ENTRY"
    }, 
    {
      "EOL": false, 
      "box": [
        233, 
        284, 
        523, 
        23
      ], 
      "id": 274, 
      "indented": true, 
      "parent": 273, 
      "text": "", 
      "type": "LINE"
    }, 
    {
      "addresses": [
        {
          "street_name": "rue Th\u00e9venot", 
          "street_numbers": [
            "no. 62"
          ]
        }
      ], 
      "box": [
        233, 
        284, 
        523, 
        23
      ], 
      "checked": true, 
      "id": 273, 
      "origin": "human", 
      "parent": 260, 
      "persons": [
        "Mallet (J.B.)"
      ], 
      "score": 0.5, 
      "text_ocr": "##Mallet (J.B.)## (\u00a3\u00a3tableaux\u00a3\u00a3) , @@rue Th\u00e9venot@@, $$no. 62$$.\n", 
      "type": "ENTRY"
    }, 
    {
      "EOL": false, 
      "box": [
        235, 
        306, 
        563, 
        24
      ], 
      "id": 276, 
      "indented": true, 
      "parent": 275, 
      "text": "", 
      "type": "LINE"
    }, 
    {
      "addresses": [
        {
          "street_name": "rue de la Libert\u00e9", 
          "street_numbers": [
            "no. 67"
          ]
        }
      ], 
      "box": [
        235, 
        306, 
        563, 
        24
      ], 
      "checked": true, 
      "id": 275, 
      "origin": "human", 
      "parent": 260, 
      "persons": [
        "Martin"
      ], 
      "score": 0.5, 
      "text_ocr": "##Martin## (\u00e9l. de Vien. \u00a3\u00a3hist.\u00a3\u00a3) @@rue de la Libert\u00e9@@ , $$no. 67$$.\n", 
      "type": "ENTRY"
    }, 
    {
      "EOL": false, 
      "box": [
        235, 
        329, 
        496, 
        23
      ], 
      "id": 278, 
      "indented": true, 
      "parent": 277, 
      "text": "", 
      "type": "LINE"
    }, 
    {
      "addresses": [
        {
          "street_name": "rue Mesl\u00e9e", 
          "street_numbers": [
            "no. 650"
          ]
        }
      ], 
      "box": [
        235, 
        329, 
        496, 
        23
      ], 
      "checked": true, 
      "id": 277, 
      "origin": "human", 
      "parent": 260, 
      "persons": [
        "Mayer (Cne.)"
      ], 
      "score": 0.5, 
      "text_ocr": "##Mayer (Cne.)## (\u00a3\u00a3tableaux\u00a3\u00a3), @@rue Mesl\u00e9e@@, $$no. 650$$.\n", 
      "type": "ENTRY"
    }, 
    {
      "EOL": false, 
      "box": [
        236, 
        349, 
        659, 
        26
      ], 
      "id": 280, 
      "indented": true, 
      "parent": 279, 
      "text": "", 
      "type": "LINE"
    }, 
    {
      "addresses": [
        {
          "street_name": " Palais nat. des Scienceset Arts", 
          "street_numbers": []
        }
      ], 
      "box": [
        236, 
        349, 
        659, 
        26
      ], 
      "checked": true, 
      "id": 279, 
      "origin": "human", 
      "parent": 260, 
      "persons": [
        "Merinc\u00e9"
      ], 
      "score": 0.0, 
      "street_number": "", 
      "text_ocr": "##Merinc\u00e9## (\u00e9l. de Vincent. \u00a3\u00a3tabl.\u00a3\u00a3)@@ Palais nat. des Scienceset Arts@@.\n", 
      "type": "ENTRY"
    }, 
    {
      "EOL": false, 
      "box": [
        236, 
        374, 
        649, 
        23
      ], 
      "id": 282, 
      "indented": true, 
      "parent": 281, 
      "text": "", 
      "type": "LINE"
    }, 
    {
      "addresses": [
        {
          "street_name": "rue desChamps-Elis\u00e9es", 
          "street_numbers": [
            "no. 5"
          ]
        }
      ], 
      "box": [
        236, 
        374, 
        649, 
        23
      ], 
      "checked": true, 
      "id": 281, 
      "origin": "human", 
      "parent": 260, 
      "persons": [
        "Messier (J. L.)"
      ], 
      "score": 0.5, 
      "text_ocr": "##Messier (J. L.)## (\u00a3\u00a3portraits\u00a3\u00a3), @@rue desChamps-Elis\u00e9es@@ , $$no. 5$$.\n", 
      "type": "ENTRY"
    }, 
    {
      "EOL": false, 
      "box": [
        237, 
        395, 
        659, 
        25
      ], 
      "id": 284, 
      "indented": true, 
      "parent": 283, 
      "text": "", 
      "type": "LINE"
    }, 
    {
      "addresses": [
        {
          "street_name": "r.du f. Jacques", 
          "street_numbers": [
            "no. 115"
          ]
        }
      ], 
      "box": [
        237, 
        395, 
        659, 
        25
      ], 
      "checked": true, 
      "id": 283, 
      "origin": "human", 
      "parent": 260, 
      "persons": [
        "Metoyen (Fr.)"
      ], 
      "score": 0.5, 
      "text_ocr": "##Metoyen (Fr.)## (\u00e9l de Vincent. \u00a3\u00a3dess.\u00a3\u00a3),@@r.du f. Jacques@@, $$no. 115$$.\n", 
      "type": "ENTRY"
    }, 
    {
      "EOL": false, 
      "box": [
        237, 
        419, 
        649, 
        23
      ], 
      "id": 286, 
      "indented": true, 
      "parent": 285, 
      "text": "", 
      "type": "LINE"
    }, 
    {
      "addresses": [], 
      "box": [
        237, 
        419, 
        649, 
        23
      ], 
      "checked": true, 
      "id": 285, 
      "origin": "human", 
      "parent": 260, 
      "persons": [
        "Meymer (Ch.)"
      ], 
      "score": 0.0, 
      "street": "", 
      "text_ocr": "##Meymer (Ch.)## (idem. \u00a3\u00a3tab.\u00a3\u00a3) . $$Palais nat. des Sciences et Arts$$.\n", 
      "type": "ENTRY"
    }, 
    {
      "EOL": false, 
      "box": [
        239, 
        440, 
        659, 
        25
      ], 
      "id": 288, 
      "indented": true, 
      "parent": 287, 
      "text": "", 
      "type": "LINE"
    }, 
    {
      "addresses": [
        {
          "street_name": "rue Neuve de l\u2019Egalit\u00e9", 
          "street_numbers": []
        }
      ], 
      "box": [
        239, 
        440, 
        659, 
        25
      ], 
      "checked": true, 
      "id": 287, 
      "origin": "human", 
      "parent": 260, 
      "persons": [
        "Michel (Georges)"
      ], 
      "score": -1, 
      "street_number": "", 
      "text_ocr": "##Michel (Georges)## (\u00a3\u00a3tableaux , paysages\u00a3\u00a3) @@rue Neuve de l\u2019Egalit\u00e9@@.\n", 
      "type": "ENTRY"
    }, 
    {
      "addresses": [
        {
          "street_name": "rue Dominique", 
          "street_numbers": []
        }
      ], 
      "box": [
        239, 
        463, 
        660, 
        27
      ], 
      "checked": true, 
      "id": 315, 
      "origin": "human", 
      "parent": 260, 
      "persons": [
        "Milet-Mureau (Cne.)"
      ], 
      "street_number": "", 
      "text_ocr": "##Milet-Mureau (Cne.)## (\u00e9l. de Vandael. \u00a3\u00a3fleurs\u00a3\u00a3) , @@rue Dominique@@, chez le g\u00e9n\u00e9ral son p\u00e8re.", 
      "type": "ENTRY"
    }, 
    {
      "EOL": false, 
      "box": [
        239, 
        463, 
        660, 
        27
      ], 
      "id": 290, 
      "indented": true, 
      "parent": 315, 
      "text": "", 
      "type": "LINE"
    }, 
    {
      "addresses": [
        {
          "street_name": "r.de S\u00e8vres", 
          "street_numbers": [
            "no. 1104"
          ]
        }
      ], 
      "box": [
        241, 
        487, 
        660, 
        65
      ], 
      "checked": true, 
      "id": 316, 
      "origin": "human", 
      "parent": 260, 
      "persons": [
        "Mongin"
      ], 
      "text_ocr": "##Mongin## (\u00e9l. de Doyen. \u00a3\u00a3gouaches, paysages, histoire\u00a3\u00a3), @@r.de S\u00e8vres@@,\n$$no. 1104$$.\n\n", 
      "type": "ENTRY"
    }, 
    {
      "EOL": false, 
      "box": [
        241, 
        487, 
        660, 
        47
      ], 
      "id": 291, 
      "indented": false, 
      "parent": 316, 
      "text": "", 
      "type": "LINE"
    }, 
    {
      "EOL": false, 
      "box": [
        264, 
        534, 
        96, 
        18
      ], 
      "id": 293, 
      "indented": true, 
      "parent": 316, 
      "text": "", 
      "type": "LINE"
    }, 
    {
      "addresses": [
        {
          "street_name": "rue N. des Petits-Champs", 
          "street_numbers": [
            "no. 26"
          ]
        }
      ], 
      "box": [
        241, 
        553, 
        661, 
        24
      ], 
      "checked": true, 
      "id": 317, 
      "origin": "human", 
      "parent": 260, 
      "persons": [
        "Monsiau"
      ], 
      "text_ocr": "##Monsiau## (\u00e9l. de Peyron. \u00a3\u00a3tabl.\u00a3\u00a3), @@rue N. des Petits-Champs@@, $$no. 26$$.", 
      "type": "ENTRY"
    }, 
    {
      "EOL": false, 
      "box": [
        241, 
        553, 
        661, 
        24
      ], 
      "id": 295, 
      "indented": true, 
      "parent": 317, 
      "text": "", 
      "type": "LINE"
    }, 
    {
      "addresses": [
        {
          "street_name": "au Palais nat. des Sc. et Arts", 
          "street_numbers": []
        }
      ], 
      "box": [
        242, 
        577, 
        661, 
        45
      ], 
      "checked": true, 
      "id": 318, 
      "origin": "human", 
      "parent": 260, 
      "persons": [
        "Moreauj"
      ], 
      "street_number": "", 
      "text_ocr": "##Moreauj##. (\u00e9l\u00e8ve de Louis Lehorain, professeur aux \u00e9coles cen-\ntrales de Paris, \u00a3\u00a3dessins\u00a3\u00a3), @@au Palais nat. des Sc. et Arts@@.", 
      "type": "ENTRY"
    }, 
    {
      "EOL": false, 
      "box": [
        242, 
        577, 
        661, 
        45
      ], 
      "id": 296, 
      "indented": false, 
      "parent": 318, 
      "text": "", 
      "type": "LINE"
    }, 
    {
      "addresses": [], 
      "box": [
        244, 
        621, 
        649, 
        23
      ], 
      "checked": true, 
      "id": 319, 
      "origin": "human", 
      "parent": 260, 
      "persons": [
        ""
      ], 
      "street": "", 
      "street_number": "", 
      "text_ocr": "", 
      "type": "ENTRY"
    }, 
    {
      "EOL": false, 
      "box": [
        244, 
        621, 
        649, 
        23
      ], 
      "id": 297, 
      "indented": false, 
      "parent": 319, 
      "text": "", 
      "type": "LINE"
    }, 
    {
      "addresses": [
        {
          "street_name": "rue du Mont-Blanc", 
          "street_numbers": [
            "no. 73"
          ]
        }
      ], 
      "box": [
        244, 
        643, 
        610, 
        23
      ], 
      "checked": true, 
      "id": 320, 
      "origin": "human", 
      "parent": 260, 
      "persons": [
        "Morin (Cne.)"
      ], 
      "text_ocr": "##Morin (Cne.)## (\u00a3\u00a3miniature , dessin\u00a3\u00a3), @@rue du Mont-Blanc@@, $$no. 73$$.", 
      "type": "ENTRY"
    }, 
    {
      "EOL": false, 
      "box": [
        244, 
        643, 
        610, 
        23
      ], 
      "id": 298, 
      "indented": false, 
      "parent": 320, 
      "text": "", 
      "type": "LINE"
    }, 
    {
      "addresses": [
        {
          "street_name": "rue des Pr\u00eatres-Germain-l'Aux", 
          "street_numbers": []
        }
      ], 
      "box": [
        244, 
        665, 
        644, 
        24
      ], 
      "checked": true, 
      "id": 321, 
      "origin": "human", 
      "parent": 260, 
      "persons": [
        "Naudet (Ch.)"
      ], 
      "street_number": "", 
      "text_ocr": "##Naudet (Ch.)## (\u00a3\u00a3gouaches\u00a3\u00a3), @@rue des Pr\u00eatres-Germain-l'Aux@@.", 
      "type": "ENTRY"
    }, 
    {
      "EOL": false, 
      "box": [
        244, 
        665, 
        644, 
        24
      ], 
      "id": 299, 
      "indented": false, 
      "parent": 321, 
      "text": "", 
      "type": "LINE"
    }, 
    {
      "addresses": [
        {
          "street_name": "galeries du Museum", 
          "street_numbers": []
        }
      ], 
      "box": [
        245, 
        688, 
        660, 
        23
      ], 
      "checked": true, 
      "id": 322, 
      "origin": "human", 
      "parent": 260, 
      "persons": [
        "Pajou fils (J. A.)"
      ], 
      "street_number": "", 
      "text_ocr": "##Pajou fils (J. A.)## (\u00e9l. de Vincent. \u00a3\u00a3tabl.\u00a3\u00a3), @@galeries du Museum@@.", 
      "type": "ENTRY"
    }, 
    {
      "EOL": false, 
      "box": [
        245, 
        688, 
        660, 
        23
      ], 
      "id": 300, 
      "indented": false, 
      "parent": 322, 
      "text": "", 
      "type": "LINE"
    }, 
    {
      "addresses": [
        {
          "street_name": "place de la R\u00e9volution, arcade", 
          "street_numbers": [
            "no. 2"
          ]
        }
      ], 
      "box": [
        247, 
        710, 
        529, 
        23
      ], 
      "checked": true, 
      "id": 323, 
      "origin": "human", 
      "parent": 260, 
      "persons": [
        "Paliere (Et.)"
      ], 
      "text_ocr": "##Paliere (Et.)## (idem. \u00a3\u00a3tabl.\u00a3\u00a3.), @@place de la R\u00e9volution, arcade@@, $$no. 2$$.", 
      "type": "ENTRY"
    }, 
    {
      "EOL": false, 
      "box": [
        247, 
        710, 
        529, 
        23
      ], 
      "id": 301, 
      "indented": false, 
      "parent": 323, 
      "text": "", 
      "type": "LINE"
    }, 
    {
      "addresses": [
        {
          "street_name": "cour des Fontaines", 
          "street_numbers": [
            "no. 100"
          ]
        }
      ], 
      "box": [
        245, 
        733, 
        651, 
        22
      ], 
      "checked": true, 
      "id": 324, 
      "origin": "human", 
      "parent": 260, 
      "persons": [
        "Perin (L.S)"
      ], 
      "text_ocr": "##Perin (L.S)## (\u00a3\u00a3min.\u00a3\u00a3) , @@cour des Fontaines@@ , $$no. 100$$.", 
      "type": "ENTRY"
    }, 
    {
      "EOL": false, 
      "box": [
        245, 
        733, 
        651, 
        22
      ], 
      "id": 302, 
      "indented": false, 
      "parent": 324, 
      "text": "", 
      "type": "LINE"
    }, 
    {
      "addresses": [], 
      "box": [
        246, 
        755, 
        625, 
        24
      ], 
      "checked": false, 
      "id": 325, 
      "origin": "human", 
      "parent": 260, 
      "persons": [
        ""
      ], 
      "street": "", 
      "street_number": "", 
      "text_ocr": "Perrin (tableaux), au Palais national des Sciences et d\u00e9s Arts.", 
      "type": "ENTRY"
    }, 
    {
      "EOL": false, 
      "box": [
        246, 
        755, 
        625, 
        24
      ], 
      "id": 303, 
      "indented": false, 
      "parent": 325, 
      "text": "", 
      "type": "LINE"
    }, 
    {
      "addresses": [], 
      "box": [
        248, 
        777, 
        660, 
        27
      ], 
      "checked": true, 
      "id": 326, 
      "origin": "human", 
      "parent": 260, 
      "persons": [
        "Peyron (J.F.B.)"
      ], 
      "street": "", 
      "street_number": "", 
      "text_ocr": "##Peyron (J.F.B.)## (\u00e9l. de Lagren\u00e9e \u00a3\u00a3dessins, histoire\u00a3\u00a3) , idem.", 
      "type": "ENTRY"
    }, 
    {
      "EOL": false, 
      "box": [
        248, 
        777, 
        660, 
        27
      ], 
      "id": 304, 
      "indented": false, 
      "parent": 326, 
      "text": "", 
      "type": "LINE"
    }, 
    {
      "addresses": [
        {
          "street_name": "rue\nRoch Poissonni\u00e8re", 
          "street_numbers": [
            " no. 7"
          ]
        }
      ], 
      "box": [
        248, 
        800, 
        662, 
        90
      ], 
      "checked": true, 
      "id": 327, 
      "origin": "human", 
      "parent": 260, 
      "persons": [
        "Pfab"
      ], 
      "text_ocr": "##Pfab##, danois (\u00e9l. de l'acad\u00e9mie de Copenhague. \u00a3\u00a3portr.\u00a3\u00a3) , @@rue\nRoch Poissonni\u00e8re@@,$$ no. 7$$.\n", 
      "type": "ENTRY"
    }, 
    {
      "EOL": false, 
      "box": [
        248, 
        800, 
        662, 
        51
      ], 
      "id": 305, 
      "indented": false, 
      "parent": 327, 
      "text": "", 
      "type": "LINE"
    }, 
    {
      "EOL": false, 
      "box": [
        250, 
        849, 
        660, 
        41
      ], 
      "id": 306, 
      "indented": false, 
      "parent": 327, 
      "text": "", 
      "type": "LINE"
    }, 
    {
      "addresses": [], 
      "box": [
        250, 
        891, 
        660, 
        89
      ], 
      "checked": false, 
      "id": 329, 
      "origin": "human", 
      "parent": 260, 
      "persons": [
        ""
      ], 
      "street": "", 
      "street_number": "", 
      "text_ocr": "Pinchon (J.A.\u0178 (\u00e9l. de Vincent et Augustin), rue Caumartin,\nno.7f4.\n", 
      "type": "ENTRY"
    }, 
    {
      "EOL": false, 
      "box": [
        250, 
        891, 
        660, 
        44
      ], 
      "id": 307, 
      "indented": false, 
      "parent": 329, 
      "text": "", 
      "type": "LINE"
    }, 
    {
      "EOL": false, 
      "box": [
        253, 
        935, 
        545, 
        45
      ], 
      "id": 308, 
      "indented": false, 
      "parent": 329, 
      "text": "", 
      "type": "LINE"
    }, 
    {
      "addresses": [], 
      "box": [
        253, 
        980, 
        567, 
        23
      ], 
      "checked": false, 
      "id": 331, 
      "origin": "human", 
      "parent": 260, 
      "persons": [
        ""
      ], 
      "street": "", 
      "street_number": "", 
      "text_ocr": "Potain (\u00e9l. de Vincent), rue de la Loi, cour Guillaume, no. 16.", 
      "type": "ENTRY"
    }, 
    {
      "EOL": false, 
      "box": [
        253, 
        980, 
        567, 
        23
      ], 
      "id": 309, 
      "indented": false, 
      "parent": 331, 
      "text": "", 
      "type": "LINE"
    }, 
    {
      "addresses": [], 
      "box": [
        255, 
        1003, 
        660, 
        98
      ], 
      "checked": false, 
      "id": 332, 
      "origin": "human", 
      "parent": 260, 
      "persons": [
        ""
      ], 
      "street": "", 
      "street_number": "", 
      "text_ocr": "Pr\u00e9vost (J. L.) (fleurs), rue-B\u00e9llefond , no. 202.", 
      "type": "ENTRY"
    }, 
    {
      "EOL": false, 
      "box": [
        255, 
        1003, 
        660, 
        98
      ], 
      "id": 310, 
      "indented": false, 
      "parent": 332, 
      "text": "", 
      "type": "LINE"
    }, 
    {
      "addresses": [], 
      "box": [
        258, 
        1094, 
        657, 
        52
      ], 
      "checked": false, 
      "id": 333, 
      "origin": "human", 
      "parent": 260, 
      "persons": [
        ""
      ], 
      "street": "", 
      "street_number": "", 
      "text_ocr": "Pr\u00e9vost (P.) (\u00e9l. de Moreth.pays.),ru\u00e9 Grange-aux-Belles,no. 1.", 
      "type": "ENTRY"
    }, 
    {
      "EOL": false, 
      "box": [
        258, 
        1094, 
        657, 
        52
      ], 
      "id": 311, 
      "indented": false, 
      "parent": 333, 
      "text": "", 
      "type": "LINE"
    }, 
    {
      "addresses": [], 
      "box": [
        260, 
        1138, 
        655, 
        51
      ], 
      "checked": false, 
      "id": 334, 
      "origin": "human", 
      "parent": 260, 
      "persons": [
        ""
      ], 
      "street": "", 
      "street_number": "", 
      "text_ocr": "Prieur (Cne.) (en miniature), rue du Bouloi , no. 56.", 
      "type": "ENTRY"
    }, 
    {
      "EOL": false, 
      "box": [
        260, 
        1138, 
        655, 
        51
      ], 
      "id": 312, 
      "indented": false, 
      "parent": 334, 
      "text": "", 
      "type": "LINE"
    }, 
    {
      "addresses": [], 
      "box": [
        259, 
        1184, 
        590, 
        65
      ], 
      "checked": false, 
      "id": 335, 
      "origin": "human", 
      "parent": 260, 
      "persons": [
        ""
      ], 
      "street": "", 
      "street_number": "", 
      "text_ocr": "Prud\u2019hon (P.P.)(dess.) au Pal. nat. des Sc. et Arts.Robert (Hubert) (rableat#), aux galeries du Museum.Romany (Cne.) (\u00e9l. de Regnault), rue du Mont-Blanc; no. 21.Roger ( PL (idem: dessin), rue aux Ours , no. 22.Roland (J.F. J t\u00e9l. de David. port.) , rue Ventadour , no. 3.Sablet (Jacob) (\u00e9l. d\u00e9 Vicn. tableaux.), au Palais national desSciences et des Arts: \u2018 |Sainte-Marie (miniature), rue Denis, no. 86, vis-\u00e0-vis celledela Chanverrerie.Saint-Martin (Al. P.) (\u00e9l: de Leprince et Lanel. tabl. pays.),rue Poissonni\u00e8re; no. 25. \u2018Sauvage (en porcelaine) Palais nat: des Sciences et Arts.Seal (tableaux) ,idem. idem.", 
      "type": "ENTRY"
    }, 
    {
      "EOL": false, 
      "box": [
        259, 
        1184, 
        590, 
        65
      ], 
      "id": 313, 
      "indented": false, 
      "parent": 335, 
      "text": "", 
      "type": "LINE"
    }, 
    {
      "box": [
        224, 
        147, 
        691, 
        1102
      ], 
      "id": 260, 
      "parent": 259, 
      "type": "COLUMN_LEVEL_2"
    }, 
    {
      "box": [
        224, 
        147, 
        691, 
        1102
      ], 
      "id": 259, 
      "parent": 258, 
      "type": "SECTION_LEVEL_2"
    }, 
    {
      "box": [
        224, 
        147, 
        691, 
        1102
      ], 
      "id": 258, 
      "parent": 257, 
      "type": "COLUMN_LEVEL_1"
    }, 
    {
      "box": [
        110, 
        147, 
        805, 
        1102
      ], 
      "id": 257, 
      "parent": 256, 
      "type": "SECTION_LEVEL_1"
    }, 
    {
      "box": [
        110, 
        1515, 
        805, 
        11
      ], 
      "checked": false, 
      "id": 314, 
      "origin": "computer", 
      "parent": 256, 
      "text": "", 
      "type": "TITLE_LEVEL_1"
    }, 
    {
      "box": [
        110, 
        118, 
        805, 
        1432
      ], 
      "id": 256, 
      "type": "PAGE"
    }
  ], 
  "mode": "cached"
}
