[
  {
    "box": [
      192,
      312,
      1606,
      36
    ],
    "checked": false,
    "id": 257,
    "origin": "computer",
    "parent": 256,
    "text": "BOUTONS. {FADR. ET MARCH. DE)\n",
    "type": "TITLE_LEVEL_1"
  },
  {
    "EOL": false,
    "box": [
      192,
      382,
      738,
      44
    ],
    "id": 263,
    "indented": true,
    "parent": 262,
    "text": "",
    "type": "LINE"
  },
  {
    "EOL": false,
    "box": [
      236,
      428,
      338,
      34
    ],
    "id": 264,
    "indented": false,
    "parent": 262,
    "text": "",
    "type": "LINE"
  },
  {
    "addresses": [
      {
        "street_name": "r. de\nla Chanverrerie",
        "street_numbers": [
          "8"
        ]
      }
    ],
    "box": [
      192,
      382,
      738,
      80
    ],
    "checked": true,
    "id": 262,
    "origin": "human",
    "parent": 261,
    "persons": [
      "Arnoult"
    ],
    "score": 0.5,
    "text_ocr": "##Arnoult##, ££fabr. de moules de boutons££, @@r. de\nla Chanverrerie@@, $$8$$.\n",
    "type": "ENTRY"
  },
  {
    "box": [
      192,
      382,
      746,
      80
    ],
    "id": 261,
    "parent": 260,
    "type": "COLUMN_LEVEL_2"
  },
  {
    "box": [
      192,
      382,
      778,
      80
    ],
    "id": 260,
    "parent": 259,
    "type": "SECTION_LEVEL_2"
  },
  {
    "box": [
      192,
      472,
      778,
      34
    ],
    "checked": true,
    "id": 265,
    "name": "Anchois et comp.",
    "origin": "human",
    "parent": 259,
    "street": "rue Saint Martin",
    "street_number": "72",
    "text": "##Anchois et comp.##, ££fabr. de boutons en fil et en soie pour les îles££, @@rue Saint Martin@@, $$72$$.\n",
    "type": "TITLE_LEVEL_2"
  },
  {
    "EOL": false,
    "box": [
      238,
      516,
      698,
      38
    ],
    "id": 269,
    "indented": true,
    "parent": 268,
    "text": "",
    "type": "LINE"
  },
  {
    "EOL": false,
    "box": [
      244,
      554,
      202,
      40
    ],
    "id": 270,
    "indented": false,
    "parent": 268,
    "text": "",
    "type": "LINE"
  },
  {
    "addresses": [
      {
        "street_name": "rue Saint-Martin",
        "street_numbers": [
          "72"
        ]
      }
    ],
    "box": [
      238,
      516,
      698,
      78
    ],
    "checked": false,
    "id": 268,
    "origin": "computer",
    "parent": 267,
    "persons": [
      "el en soie pour les iles"
    ],
    "score": 1,
    "text_ocr": "el en soie pour les iles, rue Saint-\nMartin, 72.\n",
    "type": "ENTRY"
  },
  {
    "EOL": false,
    "box": [
      200,
      596,
      444,
      38
    ],
    "id": 272,
    "indented": true,
    "parent": 271,
    "text": "",
    "type": "LINE"
  },
  {
    "addresses": [
      {
        "street_name": " r. du Roule",
        "street_numbers": [
          "21"
        ]
      }
    ],
    "box": [
      200,
      596,
      444,
      38
    ],
    "checked": true,
    "id": 271,
    "origin": "human",
    "parent": 267,
    "persons": [
      "Bayard"
    ],
    "score": 0,
    "text_ocr": "##Bayard##,@@ r. du Roule@@, $$21$$.\n",
    "type": "ENTRY"
  },
  {
    "EOL": false,
    "box": [
      202,
      638,
      494,
      42
    ],
    "id": 274,
    "indented": true,
    "parent": 273,
    "text": "",
    "type": "LINE"
  },
  {
    "addresses": [
      {
        "street_name": "r. du Temple",
        "street_numbers": [
          "71"
        ]
      }
    ],
    "box": [
      202,
      638,
      494,
      42
    ],
    "checked": true,
    "id": 273,
    "origin": "human",
    "parent": 267,
    "persons": [
      "Berchet"
    ],
    "score": 0.5,
    "text_ocr": "##Berchet##, @@r. du Temple@@, $$71$$.\n",
    "type": "ENTRY"
  },
  {
    "EOL": false,
    "box": [
      202,
      680,
      740,
      42
    ],
    "id": 276,
    "indented": true,
    "parent": 275,
    "text": "",
    "type": "LINE"
  },
  {
    "EOL": false,
    "box": [
      250,
      720,
      188,
      40
    ],
    "id": 277,
    "indented": false,
    "parent": 275,
    "text": "",
    "type": "LINE"
  },
  {
    "addresses": [
      {
        "street_name": "r. du Cimetière-Saint-\nNicolas",
        "street_numbers": [
          "5"
        ]
      }
    ],
    "box": [
      202,
      680,
      740,
      80
    ],
    "checked": true,
    "id": 275,
    "origin": "human",
    "parent": 267,
    "persons": [
      "Bouchet"
    ],
    "score": 0.5,
    "text_ocr": "##Bouchet##, ££fabr.££, @@r. du Cimetière-Saint-\nNicolas@@, $$5$$.\n",
    "type": "ENTRY"
  },
  {
    "EOL": false,
    "box": [
      210,
      762,
      736,
      48
    ],
    "id": 279,
    "indented": true,
    "parent": 278,
    "text": "",
    "type": "LINE"
  },
  {
    "EOL": false,
    "box": [
      256,
      804,
      692,
      46
    ],
    "id": 280,
    "indented": false,
    "parent": 278,
    "text": "",
    "type": "LINE"
  },
  {
    "EOL": false,
    "box": [
      256,
      850,
      464,
      36
    ],
    "id": 281,
    "indented": false,
    "parent": 278,
    "text": "",
    "type": "LINE"
  },
  {
    "addresses": [
      {
        "street_name": "à Vaugirard",
        "street_numbers": []
      }
    ],
    "box": [
      210,
      762,
      738,
      124
    ],
    "checked": true,
    "id": 278,
    "origin": "human",
    "parent": 267,
    "persons": [
      "Chardin et comp."
    ],
    "score": 0.40909090909090906,
    "street_number": "",
    "text_ocr": "##Chardin et comp.##, ££fabr. de boutons de\nmétal artimomantico, par brevet d'in-\nvention££, @@à Vaugirard@@.\n",
    "type": "ENTRY"
  },
  {
    "addresses": [
      {
        "street_name": "rue\nS.-Denis",
        "street_numbers": [
          "41"
        ]
      }
    ],
    "box": [
      210,
      882,
      740,
      88
    ],
    "checked": true,
    "id": 479,
    "origin": "human",
    "parent": 267,
    "persons": [
      "Chevalier"
    ],
    "text_ocr": "##Chevalier##, ££fabr. de boutons de soie££, @@rue\nS.-Denis@@, $$41$$.\n",
    "type": "ENTRY"
  },
  {
    "EOL": false,
    "box": [
      210,
      882,
      740,
      50
    ],
    "id": 283,
    "indented": true,
    "parent": 479,
    "text": "",
    "type": "LINE"
  },
  {
    "EOL": false,
    "box": [
      260,
      932,
      240,
      38
    ],
    "id": 284,
    "indented": false,
    "parent": 479,
    "text": "",
    "type": "LINE"
  },
  {
    "addresses": [
      {
        "street_name": "r. S.-Denis",
        "street_numbers": [
          "173"
        ]
      }
    ],
    "box": [
      218,
      974,
      728,
      42
    ],
    "checked": true,
    "id": 481,
    "origin": "human",
    "parent": 267,
    "persons": [
      "Christofle, (Ve.)"
    ],
    "text_ocr": "##Christofle, (Ve.)## ££fabr.££, @@r. S.-Denis@@, $$173$$.",
    "type": "ENTRY"
  },
  {
    "EOL": false,
    "box": [
      218,
      974,
      728,
      42
    ],
    "id": 285,
    "indented": false,
    "parent": 481,
    "text": "",
    "type": "LINE"
  },
  {
    "addresses": [
      {
        "street_name": "rue des Enfans-Rouge",
        "street_numbers": [
          "7"
        ]
      }
    ],
    "box": [
      222,
      1014,
      738,
      76
    ],
    "checked": true,
    "id": 482,
    "origin": "human",
    "parent": 267,
    "persons": [
      "Christofle, (André)"
    ],
    "text_ocr": "##Christofle, (André)## ££fabr. de boutons pla-qués d'or et d'argent££, @@rue des Enfans-Rouge@@, $$7$$",
    "type": "ENTRY"
  },
  {
    "EOL": false,
    "box": [
      222,
      1014,
      738,
      76
    ],
    "id": 286,
    "indented": false,
    "parent": 482,
    "text": "",
    "type": "LINE"
  },
  {
    "box": [
      194,
      516,
      770,
      574
    ],
    "id": 267,
    "parent": 266,
    "type": "COLUMN_LEVEL_2"
  },
  {
    "box": [
      192,
      516,
      778,
      574
    ],
    "id": 266,
    "parent": 259,
    "type": "SECTION_LEVEL_2"
  },
  {
    "EOL": false,
    "box": [
      270,
      1106,
      182,
      34
    ],
    "id": 290,
    "indented": false,
    "parent": 289,
    "text": "",
    "type": "LINE"
  },
  {
    "addresses": [
      {
        "street_name": "rue du Pré",
        "street_numbers": []
      }
    ],
    "box": [
      270,
      1106,
      182,
      34
    ],
    "checked": false,
    "id": 289,
    "origin": "computer",
    "parent": 288,
    "persons": [
      "roues"
    ],
    "score": 0,
    "street_number": "",
    "text_ocr": "ROUES, 7e\n",
    "type": "ENTRY"
  },
  {
    "addresses": [],
    "box": [
      226,
      1140,
      674,
      44
    ],
    "checked": false,
    "id": 491,
    "origin": "human",
    "parent": 288,
    "persons": [
      ""
    ],
    "street": "",
    "street_number": "",
    "text_ocr": "Christofle, (Isidor) fabr. de boutons",
    "type": "ENTRY"
  },
  {
    "EOL": false,
    "box": [
      226,
      1140,
      674,
      44
    ],
    "id": 292,
    "indented": true,
    "parent": 491,
    "text": "",
    "type": "LINE"
  },
  {
    "addresses": [],
    "box": [
      232,
      1182,
      546,
      86
    ],
    "checked": false,
    "id": 492,
    "origin": "human",
    "parent": 288,
    "persons": [
      ""
    ],
    "street": "",
    "street_number": "",
    "text_ocr": "Jantaisie, r. du Temple, 22.Colinet, fabr., S.-Martin, 68.",
    "type": "ENTRY"
  },
  {
    "EOL": false,
    "box": [
      232,
      1182,
      546,
      86
    ],
    "id": 293,
    "indented": false,
    "parent": 492,
    "text": "",
    "type": "LINE"
  },
  {
    "EOL": false,
    "box": [
      232,
      1268,
      672,
      42
    ],
    "id": 295,
    "indented": true,
    "parent": 294,
    "text": "",
    "type": "LINE"
  },
  {
    "addresses": [],
    "box": [
      232,
      1268,
      672,
      42
    ],
    "checked": false,
    "id": 294,
    "origin": "computer",
    "parent": 288,
    "persons": [
      "coquart"
    ],
    "score": 0.5,
    "street": "",
    "text_ocr": "Coquart, fabr.. r. Barre-du-Bec, 17.\n",
    "type": "ENTRY"
  },
  {
    "EOL": false,
    "box": [
      234,
      1306,
      636,
      44
    ],
    "id": 297,
    "indented": true,
    "parent": 296,
    "text": "",
    "type": "LINE"
  },
  {
    "addresses": [],
    "box": [
      234,
      1306,
      636,
      44
    ],
    "checked": false,
    "id": 296,
    "origin": "computer",
    "parent": 288,
    "persons": [
      "dallot"
    ],
    "score": 0.5,
    "street": "",
    "text_ocr": "Dallot, r. du Chevolier-dn-Guet, 1.\n",
    "type": "ENTRY"
  },
  {
    "EOL": false,
    "box": [
      234,
      1354,
      566,
      40
    ],
    "id": 299,
    "indented": true,
    "parent": 298,
    "text": "",
    "type": "LINE"
  },
  {
    "addresses": [
      {
        "street_name": "quai de la monnaie",
        "street_numbers": [
          "25"
        ]
      }
    ],
    "box": [
      234,
      1354,
      566,
      40
    ],
    "checked": false,
    "id": 298,
    "origin": "computer",
    "parent": 288,
    "persons": [
      "damin"
    ],
    "score": 1,
    "text_ocr": "Damin, quai de la Monnaie, 25.\n",
    "type": "ENTRY"
  },
  {
    "EOL": false,
    "box": [
      238,
      1400,
      662,
      34
    ],
    "id": 301,
    "indented": true,
    "parent": 300,
    "text": "",
    "type": "LINE"
  },
  {
    "addresses": [],
    "box": [
      238,
      1400,
      662,
      34
    ],
    "checked": false,
    "id": 300,
    "origin": "computer",
    "parent": 288,
    "persons": [
      "delaporte freres"
    ],
    "score": 0,
    "street": "",
    "street_number": "",
    "text_ocr": "Délaporte frères. march et labric.\n",
    "type": "ENTRY"
  },
  {
    "box": [
      218,
      1106,
      692,
      328
    ],
    "id": 288,
    "parent": 287,
    "type": "COLUMN_LEVEL_2"
  },
  {
    "EOL": false,
    "box": [
      924,
      1144,
      38,
      30
    ],
    "id": 304,
    "indented": false,
    "parent": 303,
    "text": "",
    "type": "LINE"
  },
  {
    "addresses": [],
    "box": [
      924,
      1144,
      38,
      30
    ],
    "checked": false,
    "id": 303,
    "origin": "computer",
    "parent": 302,
    "persons": [
      ""
    ],
    "score": -1,
    "street": "",
    "street_number": "",
    "text_ocr": "de\n",
    "type": "ENTRY"
  },
  {
    "EOL": false,
    "box": [
      934,
      1412,
      36,
      18
    ],
    "id": 306,
    "indented": true,
    "parent": 305,
    "text": "",
    "type": "LINE"
  },
  {
    "addresses": [],
    "box": [
      934,
      1412,
      36,
      18
    ],
    "checked": false,
    "id": 305,
    "origin": "computer",
    "parent": 302,
    "persons": [
      ""
    ],
    "score": -1,
    "street": "",
    "street_number": "",
    "text_ocr": "(77\n",
    "type": "ENTRY"
  },
  {
    "box": [
      918,
      1106,
      52,
      328
    ],
    "id": 302,
    "parent": 287,
    "type": "COLUMN_LEVEL_2"
  },
  {
    "box": [
      192,
      1106,
      778,
      328
    ],
    "id": 287,
    "parent": 259,
    "type": "SECTION_LEVEL_2"
  },
  {
    "box": [
      192,
      382,
      778,
      1052
    ],
    "id": 259,
    "parent": 258,
    "type": "COLUMN_LEVEL_1"
  },
  {
    "EOL": false,
    "box": [
      1028,
      388,
      690,
      40
    ],
    "id": 311,
    "indented": true,
    "parent": 310,
    "text": "",
    "type": "LINE"
  },
  {
    "addresses": [],
    "box": [
      1028,
      388,
      690,
      40
    ],
    "checked": false,
    "id": 310,
    "origin": "computer",
    "parent": 309,
    "persons": [
      "l'empereur et roi"
    ],
    "score": 0,
    "street": "",
    "street_number": "",
    "text_ocr": "l'Empereur et Roi, de ia Garde impé-\n",
    "type": "ENTRY"
  },
  {
    "EOL": false,
    "box": [
      1030,
      428,
      690,
      46
    ],
    "id": 313,
    "indented": true,
    "parent": 312,
    "text": "",
    "type": "LINE"
  },
  {
    "EOL": false,
    "box": [
      1032,
      472,
      650,
      42
    ],
    "id": 314,
    "indented": false,
    "parent": 312,
    "text": "",
    "type": "LINE"
  },
  {
    "addresses": [],
    "box": [
      1030,
      428,
      690,
      86
    ],
    "checked": false,
    "id": 312,
    "origin": "computer",
    "parent": 309,
    "persons": [
      "riale et des ecoles speciales imperiales militaires"
    ],
    "score": 0.5,
    "street": "",
    "text_ocr": "riale et des Ecoles spéciales impériales\nmilitaires, r. de la Chanverreric, 14\n",
    "type": "ENTRY"
  },
  {
    "EOL": false,
    "box": [
      988,
      516,
      530,
      40
    ],
    "id": 316,
    "indented": true,
    "parent": 315,
    "text": "",
    "type": "LINE"
  },
  {
    "addresses": [
      {
        "street_name": "rue Pastourelle",
        "street_numbers": [
          "18"
        ]
      }
    ],
    "box": [
      988,
      516,
      530,
      40
    ],
    "checked": false,
    "id": 315,
    "origin": "computer",
    "parent": 309,
    "persons": [
      "inge"
    ],
    "score": 1,
    "text_ocr": "Inge, fabr.,r. Pastourelle, 18,\n",
    "type": "ENTRY"
  },
  {
    "EOL": false,
    "box": [
      990,
      556,
      732,
      46
    ],
    "id": 318,
    "indented": true,
    "parent": 317,
    "text": "",
    "type": "LINE"
  },
  {
    "EOL": false,
    "box": [
      1034,
      596,
      690,
      46
    ],
    "id": 319,
    "indented": false,
    "parent": 317,
    "text": "",
    "type": "LINE"
  },
  {
    "addresses": [],
    "box": [
      990,
      556,
      734,
      86
    ],
    "checked": false,
    "id": 317,
    "origin": "computer",
    "parent": 309,
    "persons": [
      "josse (ch.)et fr* duquesne aint"
    ],
    "score": 0.5,
    "street": "",
    "text_ocr": "Josse (Ch.)et Fr. Duquesne aïnt. fabr.\nelquincailliers,r,. Nenve-S.- Merry, 44:\n",
    "type": "ENTRY"
  },
  {
    "EOL": false,
    "box": [
      994,
      638,
      616,
      42
    ],
    "id": 321,
    "indented": true,
    "parent": 320,
    "text": "",
    "type": "LINE"
  },
  {
    "addresses": [
      {
        "street_name": "passage de la marie",
        "street_numbers": []
      }
    ],
    "box": [
      994,
      638,
      616,
      42
    ],
    "checked": false,
    "id": 320,
    "origin": "computer",
    "parent": 309,
    "persons": [
      "joubert"
    ],
    "score": 0.35714285714285715,
    "street_number": "",
    "text_ocr": "Joubert, passage de la Marmite. r.\n",
    "type": "ENTRY"
  },
  {
    "EOL": false,
    "box": [
      998,
      684,
      732,
      40
    ],
    "id": 323,
    "indented": true,
    "parent": 322,
    "text": "",
    "type": "LINE"
  },
  {
    "EOL": false,
    "box": [
      998,
      726,
      730,
      78
    ],
    "id": 324,
    "indented": false,
    "parent": 322,
    "text": "",
    "type": "LINE"
  },
  {
    "addresses": [
      {
        "street_name": "rue de la Grande Truanderie",
        "street_numbers": [
          "52"
        ]
      }
    ],
    "box": [
      998,
      684,
      732,
      120
    ],
    "checked": false,
    "id": 322,
    "origin": "computer",
    "parent": 309,
    "persons": [
      "lalouel puissan"
    ],
    "score": 0.9814814814814815,
    "text_ocr": "Lalouël-Puissan,(L.)r. Qoincamuoix, 53.\nLambriquet, (Auo.) fabric., rne de la\nGrande-Truanderie, 52.\n",
    "type": "ENTRY"
  },
  {
    "EOL": false,
    "box": [
      1008,
      810,
      692,
      40
    ],
    "id": 326,
    "indented": true,
    "parent": 325,
    "text": "",
    "type": "LINE"
  },
  {
    "addresses": [
      {
        "street_name": "rue du Grenier Saint-Lazare",
        "street_numbers": []
      }
    ],
    "box": [
      1008,
      810,
      692,
      40
    ],
    "checked": false,
    "id": 325,
    "origin": "computer",
    "parent": 309,
    "persons": [
      "mabile"
    ],
    "score": 0.47619047619047616,
    "street_number": "",
    "text_ocr": "Mabile, fabr., r. Grenier-S.-Lazarez.\n",
    "type": "ENTRY"
  },
  {
    "addresses": [],
    "box": [
      1006,
      850,
      732,
      82
    ],
    "checked": false,
    "id": 483,
    "origin": "human",
    "parent": 309,
    "persons": [
      ""
    ],
    "street": "",
    "street_number": "",
    "text_ocr": "Maillard, boutons pluqués et autres Xle",
    "type": "ENTRY"
  },
  {
    "EOL": false,
    "box": [
      1006,
      850,
      732,
      82
    ],
    "id": 328,
    "indented": true,
    "parent": 483,
    "text": "",
    "type": "LINE"
  },
  {
    "addresses": [],
    "box": [
      1010,
      908,
      746,
      108
    ],
    "checked": false,
    "id": 484,
    "origin": "human",
    "parent": 309,
    "persons": [
      "royale"
    ],
    "street": "",
    "text_ocr": "modes, r. S.-Martin, 222.Mionvet, /abr. de S. M. Impériale eDÉS D) RD RL ER le \"wi\nRoyale, r. Neuve-S.-Martin, 5.\n\n",
    "type": "ENTRY"
  },
  {
    "EOL": false,
    "box": [
      1010,
      908,
      746,
      86
    ],
    "id": 329,
    "indented": false,
    "parent": 484,
    "text": "",
    "type": "LINE"
  },
  {
    "EOL": false,
    "box": [
      1058,
      976,
      560,
      40
    ],
    "id": 331,
    "indented": true,
    "parent": 484,
    "text": "",
    "type": "LINE"
  },
  {
    "addresses": [],
    "box": [
      1014,
      1016,
      728,
      48
    ],
    "checked": false,
    "id": 485,
    "origin": "human",
    "parent": 309,
    "persons": [
      ""
    ],
    "street": "",
    "street_number": "",
    "text_ocr": "Molière, fabric.. et paillons or el argent,",
    "type": "ENTRY"
  },
  {
    "EOL": false,
    "box": [
      1014,
      1016,
      728,
      48
    ],
    "id": 333,
    "indented": true,
    "parent": 485,
    "text": "",
    "type": "LINE"
  },
  {
    "addresses": [],
    "box": [
      1018,
      1060,
      620,
      84
    ],
    "checked": false,
    "id": 486,
    "origin": "human",
    "parent": 309,
    "persons": [
      ""
    ],
    "street": "",
    "street_number": "",
    "text_ocr": "“ 2 #r. de la Monnaie, 19.Mousset, fabr., r. du Vert-boïs, 8.",
    "type": "ENTRY"
  },
  {
    "EOL": false,
    "box": [
      1018,
      1060,
      620,
      84
    ],
    "id": 335,
    "indented": true,
    "parent": 486,
    "text": "",
    "type": "LINE"
  },
  {
    "EOL": false,
    "box": [
      1022,
      1154,
      536,
      38
    ],
    "id": 337,
    "indented": true,
    "parent": 336,
    "text": "",
    "type": "LINE"
  },
  {
    "addresses": [
      {
        "street_name": "avenue Marceau",
        "street_numbers": [
          "24"
        ]
      }
    ],
    "box": [
      1022,
      1154,
      536,
      38
    ],
    "checked": false,
    "id": 336,
    "origin": "computer",
    "parent": 309,
    "persons": [
      "pepin"
    ],
    "score": 1,
    "text_ocr": "Pépin, (Mad.) r. Marceau, 24.\n",
    "type": "ENTRY"
  },
  {
    "EOL": false,
    "box": [
      1022,
      1194,
      484,
      42
    ],
    "id": 339,
    "indented": true,
    "parent": 338,
    "text": "",
    "type": "LINE"
  },
  {
    "addresses": [
      {
        "street_name": "rue Saint-Honoré",
        "street_numbers": [
          "29"
        ]
      }
    ],
    "box": [
      1022,
      1194,
      484,
      42
    ],
    "checked": false,
    "id": 338,
    "origin": "computer",
    "parent": 309,
    "persons": [
      "pilgrain"
    ],
    "score": 1,
    "text_ocr": "Pilgrain, r. S.-Honoré, 29.\n",
    "type": "ENTRY"
  },
  {
    "EOL": false,
    "box": [
      1024,
      1236,
      728,
      74
    ],
    "id": 341,
    "indented": true,
    "parent": 340,
    "text": "",
    "type": "LINE"
  },
  {
    "addresses": [
      {
        "street_name": "rue Saint-Martin",
        "street_numbers": [
          "183"
        ]
      }
    ],
    "box": [
      1024,
      1236,
      728,
      74
    ],
    "checked": false,
    "id": 340,
    "origin": "computer",
    "parent": 309,
    "persons": [
      "poncelet"
    ],
    "score": 1,
    "text_ocr": "Poncelet, fabr., rue S.-Martin, 183, ct\nrue du Grand-Horlenr, 3.\n",
    "type": "ENTRY"
  },
  {
    "EOL": false,
    "box": [
      1026,
      1320,
      730,
      114
    ],
    "id": 343,
    "indented": true,
    "parent": 342,
    "text": "",
    "type": "LINE"
  },
  {
    "addresses": [
      {
        "street_name": "rue Saint-Martin",
        "street_numbers": [
          "104"
        ]
      }
    ],
    "box": [
      1026,
      1320,
      730,
      114
    ],
    "checked": false,
    "id": 342,
    "origin": "computer",
    "parent": 309,
    "persons": [
      "pothier"
    ],
    "score": 1,
    "text_ocr": "Pothier, (Alex.-Mathias) far, boutons\nd'uniforme, r. S.- Martin, 104, passage\nde la Bénnion. 10\n",
    "type": "ENTRY"
  },
  {
    "box": [
      982,
      384,
      778,
      1050
    ],
    "id": 309,
    "parent": 308,
    "type": "COLUMN_LEVEL_2"
  },
  {
    "box": [
      982,
      384,
      778,
      1050
    ],
    "id": 308,
    "parent": 307,
    "type": "SECTION_LEVEL_2"
  },
  {
    "box": [
      982,
      382,
      778,
      1052
    ],
    "id": 307,
    "parent": 258,
    "type": "COLUMN_LEVEL_1"
  },
  {
    "box": [
      192,
      382,
      1606,
      1052
    ],
    "id": 258,
    "parent": 256,
    "type": "SECTION_LEVEL_1"
  },
  {
    "EOL": false,
    "box": [
      284,
      1448,
      692,
      38
    ],
    "id": 349,
    "indented": false,
    "parent": 348,
    "text": "",
    "type": "LINE"
  },
  {
    "EOL": false,
    "box": [
      284,
      1486,
      226,
      38
    ],
    "id": 350,
    "indented": false,
    "parent": 348,
    "text": "",
    "type": "LINE"
  },
  {
    "addresses": [],
    "box": [
      284,
      1448,
      692,
      76
    ],
    "checked": false,
    "id": 348,
    "origin": "computer",
    "parent": 347,
    "persons": [
      "ous genres"
    ],
    "score": 0.5,
    "street": "",
    "text_ocr": "(ous genres, rue des Deux-lPortes-3.-\nSauveur, 18.\n",
    "type": "ENTRY"
  },
  {
    "EOL": false,
    "box": [
      244,
      1526,
      734,
      50
    ],
    "id": 352,
    "indented": true,
    "parent": 351,
    "text": "",
    "type": "LINE"
  },
  {
    "addresses": [
      {
        "street_name": "rue Saint-Honoré",
        "street_numbers": [
          "34"
        ]
      }
    ],
    "box": [
      244,
      1526,
      734,
      50
    ],
    "checked": false,
    "id": 351,
    "origin": "computer",
    "parent": 347,
    "persons": [
      "demonjay"
    ],
    "score": 1,
    "text_ocr": "Demonjay, et frangier, r.S.-Honoré, 34.\n",
    "type": "ENTRY"
  },
  {
    "EOL": false,
    "box": [
      244,
      1570,
      702,
      42
    ],
    "id": 354,
    "indented": true,
    "parent": 353,
    "text": "",
    "type": "LINE"
  },
  {
    "addresses": [
      {
        "street_name": "rue Fabert",
        "street_numbers": []
      }
    ],
    "box": [
      244,
      1570,
      702,
      42
    ],
    "checked": false,
    "id": 353,
    "origin": "computer",
    "parent": 347,
    "persons": [
      "desmanches"
    ],
    "score": 0.25,
    "street_number": "",
    "text_ocr": "Desmanches, fabr., cul-de-sac Basfonr.\n",
    "type": "ENTRY"
  },
  {
    "EOL": false,
    "box": [
      246,
      1608,
      620,
      42
    ],
    "id": 356,
    "indented": true,
    "parent": 355,
    "text": "",
    "type": "LINE"
  },
  {
    "addresses": [
      {
        "street_name": "passage de la marie",
        "street_numbers": []
      }
    ],
    "box": [
      246,
      1608,
      620,
      42
    ],
    "checked": false,
    "id": 355,
    "origin": "computer",
    "parent": 347,
    "persons": [
      "desvertus"
    ],
    "score": 0.35714285714285715,
    "street_number": "",
    "text_ocr": "Desvertus, passage de la Marmite.\n",
    "type": "ENTRY"
  },
  {
    "EOL": false,
    "box": [
      246,
      1650,
      488,
      42
    ],
    "id": 358,
    "indented": true,
    "parent": 357,
    "text": "",
    "type": "LINE"
  },
  {
    "addresses": [
      {
        "street_name": "rue Saint-Honoré",
        "street_numbers": [
          "114"
        ]
      }
    ],
    "box": [
      246,
      1650,
      488,
      42
    ],
    "checked": false,
    "id": 357,
    "origin": "computer",
    "parent": 347,
    "persons": [
      "dillais"
    ],
    "score": 0.9583333333333333,
    "text_ocr": "Dillais, r. S.-Honnré, 114.\n",
    "type": "ENTRY"
  },
  {
    "EOL": false,
    "box": [
      246,
      1692,
      536,
      44
    ],
    "id": 360,
    "indented": true,
    "parent": 359,
    "text": "",
    "type": "LINE"
  },
  {
    "addresses": [
      {
        "street_name": "rue Verderet",
        "street_numbers": [
          "3"
        ]
      }
    ],
    "box": [
      246,
      1692,
      536,
      44
    ],
    "checked": false,
    "id": 359,
    "origin": "computer",
    "parent": 347,
    "persons": [
      "dubray"
    ],
    "score": 1,
    "text_ocr": "Dubray, fabr., r. Verderet, 3.\n",
    "type": "ENTRY"
  },
  {
    "EOL": false,
    "box": [
      246,
      1736,
      652,
      40
    ],
    "id": 362,
    "indented": true,
    "parent": 361,
    "text": "",
    "type": "LINE"
  },
  {
    "addresses": [
      {
        "street_name": "rue Saint-Séverin",
        "street_numbers": [
          "50"
        ]
      }
    ],
    "box": [
      246,
      1736,
      652,
      40
    ],
    "checked": false,
    "id": 361,
    "origin": "computer",
    "parent": 347,
    "persons": [
      "dubuisson"
    ],
    "score": 1,
    "text_ocr": "Dubuisson, (Mad.) r. S.-Severin, 50.\n",
    "type": "ENTRY"
  },
  {
    "EOL": false,
    "box": [
      250,
      1776,
      514,
      40
    ],
    "id": 364,
    "indented": true,
    "parent": 363,
    "text": "",
    "type": "LINE"
  },
  {
    "addresses": [
      {
        "street_name": "rue Saint-Honoré",
        "street_numbers": [
          "50"
        ]
      }
    ],
    "box": [
      250,
      1776,
      514,
      40
    ],
    "checked": false,
    "id": 363,
    "origin": "computer",
    "parent": 347,
    "persons": [
      "duhamel"
    ],
    "score": 1,
    "text_ocr": "Duhamel, r. S.-Honoré, 50.\n",
    "type": "ENTRY"
  },
  {
    "EOL": false,
    "box": [
      252,
      1818,
      738,
      34
    ],
    "id": 366,
    "indented": true,
    "parent": 365,
    "text": "",
    "type": "LINE"
  },
  {
    "addresses": [
      {
        "street_name": "avenue Gabriel",
        "street_numbers": []
      }
    ],
    "box": [
      252,
      1818,
      738,
      34
    ],
    "checked": false,
    "id": 365,
    "origin": "computer",
    "parent": 347,
    "persons": [
      "fevillet"
    ],
    "score": 0.33333333333333337,
    "street_number": "",
    "text_ocr": "Fevillet. fabrie. de boutons d’unifornre\n",
    "type": "ENTRY"
  },
  {
    "box": [
      238,
      1448,
      760,
      404
    ],
    "id": 347,
    "parent": 346,
    "type": "COLUMN_LEVEL_2"
  },
  {
    "box": [
      238,
      1448,
      770,
      404
    ],
    "id": 346,
    "parent": 345,
    "type": "SECTION_LEVEL_2"
  },
  {
    "EOL": false,
    "box": [
      256,
      1868,
      718,
      76
    ],
    "id": 370,
    "indented": true,
    "parent": 369,
    "text": "",
    "type": "LINE"
  },
  {
    "addresses": [],
    "box": [
      256,
      1868,
      718,
      76
    ],
    "checked": false,
    "id": 369,
    "origin": "computer",
    "parent": 368,
    "persons": [
      "en tous genres"
    ],
    "score": 0.5,
    "street": "",
    "text_ocr": "en tous genres,r. des Fet.-Lhuimps, 24\nGravelin, r. Tirccharpe, 8. Ô\n",
    "type": "ENTRY"
  },
  {
    "EOL": false,
    "box": [
      258,
      1944,
      734,
      46
    ],
    "id": 372,
    "indented": true,
    "parent": 371,
    "text": "",
    "type": "LINE"
  },
  {
    "EOL": false,
    "box": [
      302,
      1986,
      694,
      38
    ],
    "id": 373,
    "indented": false,
    "parent": 371,
    "text": "",
    "type": "LINE"
  },
  {
    "addresses": [],
    "box": [
      258,
      1944,
      738,
      80
    ],
    "checked": false,
    "id": 371,
    "origin": "computer",
    "parent": 368,
    "persons": [
      "hericee"
    ],
    "score": 0,
    "street": "",
    "street_number": "",
    "text_ocr": "Héricée, Pere Deer la troupe;\nboutons en étain fondu massifs, à uu-\n",
    "type": "ENTRY"
  },
  {
    "box": [
      248,
      1868,
      756,
      156
    ],
    "id": 368,
    "parent": 367,
    "type": "COLUMN_LEVEL_2"
  },
  {
    "box": [
      238,
      1868,
      770,
      156
    ],
    "id": 367,
    "parent": 345,
    "type": "SECTION_LEVEL_2"
  },
  {
    "EOL": false,
    "box": [
      304,
      2034,
      692,
      40
    ],
    "id": 377,
    "indented": false,
    "parent": 376,
    "text": "",
    "type": "LINE"
  },
  {
    "addresses": [
      {
        "street_name": "voie A/2",
        "street_numbers": []
      }
    ],
    "box": [
      304,
      2034,
      692,
      40
    ],
    "checked": false,
    "id": 376,
    "origin": "computer",
    "parent": 375,
    "persons": [
      "meeroselategendes"
    ],
    "score": 0.16666666666666669,
    "street_number": "",
    "text_ocr": "meéroselategendes,r.ndourz-1 Abbé, 9 2.\n",
    "type": "ENTRY"
  },
  {
    "EOL": false,
    "box": [
      262,
      2072,
      738,
      44
    ],
    "id": 379,
    "indented": true,
    "parent": 378,
    "text": "",
    "type": "LINE"
  },
  {
    "EOL": false,
    "box": [
      304,
      2116,
      580,
      38
    ],
    "id": 380,
    "indented": false,
    "parent": 378,
    "text": "",
    "type": "LINE"
  },
  {
    "addresses": [
      {
        "street_name": "rue Michel le Comte",
        "street_numbers": [
          "14"
        ]
      }
    ],
    "box": [
      262,
      2072,
      738,
      82
    ],
    "checked": false,
    "id": 378,
    "origin": "computer",
    "parent": 375,
    "persons": [
      "hesse"
    ],
    "score": 1,
    "text_ocr": "Hesse, fabr. de boutons plaqués or et\nargent, r. Michel-le-Comte, 14.\n",
    "type": "ENTRY"
  },
  {
    "EOL": false,
    "box": [
      264,
      2152,
      474,
      44
    ],
    "id": 382,
    "indented": true,
    "parent": 381,
    "text": "",
    "type": "LINE"
  },
  {
    "addresses": [
      {
        "street_name": "rue Saint-Denis",
        "street_numbers": [
          "398"
        ]
      }
    ],
    "box": [
      264,
      2152,
      474,
      44
    ],
    "checked": false,
    "id": 381,
    "origin": "computer",
    "parent": 375,
    "persons": [
      "houdier"
    ],
    "score": 1,
    "text_ocr": "Houdier, r. S.-Denis, 398.\n",
    "type": "ENTRY"
  },
  {
    "EOL": false,
    "box": [
      266,
      2196,
      738,
      34
    ],
    "id": 384,
    "indented": true,
    "parent": 383,
    "text": "",
    "type": "LINE"
  },
  {
    "addresses": [
      {
        "street_name": "rue du Bac",
        "street_numbers": []
      }
    ],
    "box": [
      266,
      2196,
      738,
      34
    ],
    "checked": false,
    "id": 383,
    "origin": "computer",
    "parent": 375,
    "persons": [
      "houssement"
    ],
    "score": 0.125,
    "street_number": "",
    "text_ocr": "Houssement. fab: de la maïson de #. M.\n",
    "type": "ENTRY"
  },
  {
    "box": [
      256,
      2034,
      752,
      196
    ],
    "id": 375,
    "parent": 374,
    "type": "COLUMN_LEVEL_2"
  },
  {
    "box": [
      238,
      2034,
      770,
      196
    ],
    "id": 374,
    "parent": 345,
    "type": "SECTION_LEVEL_2"
  },
  {
    "box": [
      238,
      1448,
      770,
      782
    ],
    "id": 345,
    "parent": 344,
    "type": "COLUMN_LEVEL_1"
  },
  {
    "EOL": false,
    "box": [
      1032,
      1448,
      572,
      36
    ],
    "id": 389,
    "indented": false,
    "parent": 388,
    "text": "",
    "type": "LINE"
  },
  {
    "addresses": [
      {
        "street_name": "rue Roy",
        "street_numbers": []
      }
    ],
    "box": [
      1032,
      1448,
      572,
      36
    ],
    "checked": false,
    "id": 388,
    "origin": "computer",
    "parent": 387,
    "persons": [
      "raftard"
    ],
    "score": 0,
    "street_number": "",
    "text_ocr": "Raftard, r. de la Ferronnerte, 12?\n",
    "type": "ENTRY"
  },
  {
    "EOL": false,
    "box": [
      1034,
      1488,
      612,
      42
    ],
    "id": 391,
    "indented": true,
    "parent": 390,
    "text": "",
    "type": "LINE"
  },
  {
    "EOL": false,
    "box": [
      1078,
      1530,
      232,
      34
    ],
    "id": 392,
    "indented": false,
    "parent": 390,
    "text": "",
    "type": "LINE"
  },
  {
    "addresses": [
      {
        "street_name": "rue monnaie",
        "street_numbers": [
          "12"
        ]
      }
    ],
    "box": [
      1034,
      1488,
      612,
      76
    ],
    "checked": false,
    "id": 390,
    "origin": "computer",
    "parent": 387,
    "persons": [
      "kenaud deiset"
    ],
    "score": 1,
    "text_ocr": "Kenaud-Deïset, (Mad.) fabr., rue\nMonnaie, 12.\n",
    "type": "ENTRY"
  },
  {
    "box": [
      1026,
      1448,
      628,
      116
    ],
    "id": 387,
    "parent": 386,
    "type": "COLUMN_LEVEL_2"
  },
  {
    "EOL": false,
    "box": [
      1668,
      1488,
      40,
      26
    ],
    "id": 395,
    "indented": true,
    "parent": 394,
    "text": "",
    "type": "LINE"
  },
  {
    "addresses": [],
    "box": [
      1668,
      1488,
      40,
      26
    ],
    "checked": false,
    "id": 394,
    "origin": "computer",
    "parent": 393,
    "persons": [
      ""
    ],
    "score": -1,
    "street": "",
    "street_number": "",
    "text_ocr": "le\n",
    "type": "ENTRY"
  },
  {
    "box": [
      1660,
      1448,
      56,
      116
    ],
    "id": 393,
    "parent": 386,
    "type": "COLUMN_LEVEL_2"
  },
  {
    "EOL": false,
    "box": [
      1732,
      1488,
      30,
      28
    ],
    "id": 398,
    "indented": true,
    "parent": 397,
    "text": "",
    "type": "LINE"
  },
  {
    "addresses": [],
    "box": [
      1732,
      1488,
      30,
      28
    ],
    "checked": false,
    "id": 397,
    "origin": "computer",
    "parent": 396,
    "persons": [
      ""
    ],
    "score": -1,
    "street": "",
    "street_number": "",
    "text_ocr": "1e\n",
    "type": "ENTRY"
  },
  {
    "box": [
      1726,
      1448,
      42,
      116
    ],
    "id": 396,
    "parent": 386,
    "type": "COLUMN_LEVEL_2"
  },
  {
    "box": [
      1026,
      1448,
      764,
      116
    ],
    "id": 386,
    "parent": 385,
    "type": "SECTION_LEVEL_2"
  },
  {
    "EOL": false,
    "box": [
      1036,
      1580,
      502,
      40
    ],
    "id": 402,
    "indented": false,
    "parent": 401,
    "text": "",
    "type": "LINE"
  },
  {
    "addresses": [
      {
        "street_name": "rue Saint-Honoré",
        "street_numbers": [
          "107"
        ]
      }
    ],
    "box": [
      1036,
      1580,
      502,
      40
    ],
    "checked": false,
    "id": 401,
    "origin": "computer",
    "parent": 400,
    "persons": [
      "reynand"
    ],
    "score": 1,
    "text_ocr": "Reynand, r. S.-Honoré, 107.\n",
    "type": "ENTRY"
  },
  {
    "EOL": false,
    "box": [
      1038,
      1622,
      436,
      40
    ],
    "id": 404,
    "indented": true,
    "parent": 403,
    "text": "",
    "type": "LINE"
  },
  {
    "addresses": [
      {
        "street_name": "rue de Richelieu",
        "street_numbers": [
          "9"
        ]
      }
    ],
    "box": [
      1038,
      1622,
      436,
      40
    ],
    "checked": false,
    "id": 403,
    "origin": "computer",
    "parent": 400,
    "persons": [
      "reynaud"
    ],
    "score": 1,
    "text_ocr": "Reynaud, r. Richelieu, 9.\n",
    "type": "ENTRY"
  },
  {
    "EOL": false,
    "box": [
      1040,
      1662,
      482,
      40
    ],
    "id": 406,
    "indented": true,
    "parent": 405,
    "text": "",
    "type": "LINE"
  },
  {
    "addresses": [
      {
        "street_name": "rue Greneta",
        "street_numbers": [
          "15"
        ]
      }
    ],
    "box": [
      1040,
      1662,
      482,
      40
    ],
    "checked": false,
    "id": 405,
    "origin": "computer",
    "parent": 400,
    "persons": [
      "rose"
    ],
    "score": 1,
    "text_ocr": "Rose, fabr., r. Greneta, 15.\n",
    "type": "ENTRY"
  },
  {
    "EOL": false,
    "box": [
      1040,
      1704,
      536,
      38
    ],
    "id": 408,
    "indented": true,
    "parent": 407,
    "text": "",
    "type": "LINE"
  },
  {
    "addresses": [
      {
        "street_name": "rue Crébillon",
        "street_numbers": [
          "5"
        ]
      }
    ],
    "box": [
      1040,
      1704,
      536,
      38
    ],
    "checked": false,
    "id": 407,
    "origin": "computer",
    "parent": 400,
    "persons": [
      "roussel"
    ],
    "score": 0.8888888888888888,
    "text_ocr": "Roussel, fabr.,r. Frépillon. 5.\n",
    "type": "ENTRY"
  },
  {
    "EOL": false,
    "box": [
      1044,
      1744,
      554,
      42
    ],
    "id": 410,
    "indented": true,
    "parent": 409,
    "text": "",
    "type": "LINE"
  },
  {
    "addresses": [
      {
        "street_name": "rue Chapon",
        "street_numbers": [
          "14"
        ]
      }
    ],
    "box": [
      1044,
      1744,
      554,
      42
    ],
    "checked": false,
    "id": 409,
    "origin": "computer",
    "parent": 400,
    "persons": [
      "rousselte"
    ],
    "score": 1,
    "text_ocr": "Rousselte, fabr., r. Chapon, 14.\n",
    "type": "ENTRY"
  },
  {
    "EOL": false,
    "box": [
      1044,
      1786,
      696,
      44
    ],
    "id": 412,
    "indented": true,
    "parent": 411,
    "text": "",
    "type": "LINE"
  },
  {
    "addresses": [],
    "box": [
      1044,
      1786,
      696,
      44
    ],
    "checked": false,
    "id": 411,
    "origin": "computer",
    "parent": 400,
    "persons": [
      "roussilhe"
    ],
    "score": 0.5,
    "street": "",
    "text_ocr": "Roussilhe, fabr., r. des Gravilliers, 25.\n",
    "type": "ENTRY"
  },
  {
    "EOL": false,
    "box": [
      1046,
      1836,
      730,
      42
    ],
    "id": 414,
    "indented": true,
    "parent": 413,
    "text": "",
    "type": "LINE"
  },
  {
    "EOL": false,
    "box": [
      1084,
      1876,
      628,
      40
    ],
    "id": 415,
    "indented": false,
    "parent": 413,
    "text": "",
    "type": "LINE"
  },
  {
    "addresses": [
      {
        "street_name": "rue Saint-Laurent",
        "street_numbers": [
          "50"
        ]
      }
    ],
    "box": [
      1046,
      1836,
      730,
      80
    ],
    "checked": false,
    "id": 413,
    "origin": "computer",
    "parent": 400,
    "persons": [
      "saner"
    ],
    "score": 1,
    "text_ocr": "Saner. (Guil.) fabr. pour les militutres\nde toutes armes, v. S.-Laurent, 50.\n",
    "type": "ENTRY"
  },
  {
    "box": [
      1030,
      1578,
      752,
      338
    ],
    "id": 400,
    "parent": 399,
    "type": "COLUMN_LEVEL_2"
  },
  {
    "box": [
      1026,
      1578,
      764,
      338
    ],
    "id": 399,
    "parent": 385,
    "type": "SECTION_LEVEL_2"
  },
  {
    "EOL": false,
    "box": [
      1048,
      1928,
      734,
      40
    ],
    "id": 419,
    "indented": true,
    "parent": 418,
    "text": "",
    "type": "LINE"
  },
  {
    "EOL": false,
    "box": [
      1092,
      1972,
      188,
      36
    ],
    "id": 420,
    "indented": false,
    "parent": 418,
    "text": "",
    "type": "LINE"
  },
  {
    "addresses": [],
    "box": [
      1048,
      1928,
      734,
      80
    ],
    "checked": false,
    "id": 418,
    "origin": "computer",
    "parent": 417,
    "persons": [
      "schey"
    ],
    "score": 0.5,
    "street": "",
    "text_ocr": "Schey, brevcte d'invention, r.des Petites-\nEcuries, 5. :\n",
    "type": "ENTRY"
  },
  {
    "EOL": false,
    "box": [
      1052,
      2000,
      682,
      54
    ],
    "id": 422,
    "indented": true,
    "parent": 421,
    "text": "",
    "type": "LINE"
  },
  {
    "addresses": [],
    "box": [
      1052,
      2000,
      682,
      54
    ],
    "checked": false,
    "id": 421,
    "origin": "computer",
    "parent": 417,
    "persons": [
      "schmit"
    ],
    "score": 0.5,
    "street": "",
    "text_ocr": "Schmit, fabr., r. des Petits-Champs, 4.\n",
    "type": "ENTRY"
  },
  {
    "EOL": false,
    "box": [
      1054,
      2056,
      732,
      38
    ],
    "id": 424,
    "indented": true,
    "parent": 423,
    "text": "",
    "type": "LINE"
  },
  {
    "addresses": [],
    "box": [
      1054,
      2056,
      732,
      38
    ],
    "checked": false,
    "id": 423,
    "origin": "computer",
    "parent": 417,
    "persons": [
      "sornet"
    ],
    "score": 0.5,
    "street": "",
    "text_ocr": "Sornet. (Gab.)\\r. de la Ferronncurie, 6 bis.\n",
    "type": "ENTRY"
  },
  {
    "box": [
      1040,
      1928,
      750,
      166
    ],
    "id": 417,
    "parent": 416,
    "type": "COLUMN_LEVEL_2"
  },
  {
    "box": [
      1026,
      1928,
      764,
      166
    ],
    "id": 416,
    "parent": 385,
    "type": "SECTION_LEVEL_2"
  },
  {
    "EOL": false,
    "box": [
      1054,
      2110,
      732,
      44
    ],
    "id": 428,
    "indented": true,
    "parent": 427,
    "text": "",
    "type": "LINE"
  },
  {
    "EOL": false,
    "box": [
      1098,
      2152,
      180,
      38
    ],
    "id": 429,
    "indented": false,
    "parent": 427,
    "text": "",
    "type": "LINE"
  },
  {
    "addresses": [
      {
        "street_name": "rue Saint-Denis",
        "street_numbers": [
          "124"
        ]
      }
    ],
    "box": [
      1054,
      2110,
      732,
      80
    ],
    "checked": false,
    "id": 427,
    "origin": "computer",
    "parent": 426,
    "persons": [
      "tardu"
    ],
    "score": 1,
    "text_ocr": "Tardu, fabr., rue Saint-Denis, 124; cour\nBatave, 3.\n",
    "type": "ENTRY"
  },
  {
    "EOL": false,
    "box": [
      1058,
      2194,
      588,
      36
    ],
    "id": 431,
    "indented": true,
    "parent": 430,
    "text": "",
    "type": "LINE"
  },
  {
    "addresses": [
      {
        "street_name": "rue Chapon",
        "street_numbers": [
          "1"
        ]
      }
    ],
    "box": [
      1058,
      2194,
      588,
      36
    ],
    "checked": false,
    "id": 430,
    "origin": "computer",
    "parent": 426,
    "persons": [
      "t'ronillhov"
    ],
    "score": 1,
    "text_ocr": "T'ronillhov, fabr., r.. Chapon, 1:.\n",
    "type": "ENTRY"
  },
  {
    "box": [
      1046,
      2110,
      744,
      120
    ],
    "id": 426,
    "parent": 425,
    "type": "COLUMN_LEVEL_2"
  },
  {
    "box": [
      1026,
      2110,
      764,
      120
    ],
    "id": 425,
    "parent": 385,
    "type": "SECTION_LEVEL_2"
  },
  {
    "box": [
      1026,
      1448,
      764,
      782
    ],
    "id": 385,
    "parent": 344,
    "type": "COLUMN_LEVEL_1"
  },
  {
    "box": [
      192,
      1448,
      1606,
      782
    ],
    "id": 344,
    "parent": 256,
    "type": "SECTION_LEVEL_1"
  },
  {
    "box": [
      192,
      2264,
      1606,
      34
    ],
    "checked": false,
    "id": 432,
    "origin": "computer",
    "parent": 256,
    "text": ": BRASSEURS.\n",
    "type": "TITLE_LEVEL_1"
  },
  {
    "EOL": false,
    "box": [
      276,
      2328,
      440,
      38
    ],
    "id": 438,
    "indented": false,
    "parent": 437,
    "text": "",
    "type": "LINE"
  },
  {
    "addresses": [],
    "box": [
      276,
      2328,
      440,
      38
    ],
    "checked": false,
    "id": 437,
    "origin": "computer",
    "parent": 436,
    "persons": [
      "asnet"
    ],
    "score": 0.5,
    "street": "",
    "text_ocr": "Asnet, r. de Loursine, 6.\n",
    "type": "ENTRY"
  },
  {
    "EOL": false,
    "box": [
      270,
      2370,
      522,
      40
    ],
    "id": 440,
    "indented": true,
    "parent": 439,
    "text": "",
    "type": "LINE"
  },
  {
    "addresses": [
      {
        "street_name": "voie A/2",
        "street_numbers": []
      }
    ],
    "box": [
      270,
      2370,
      522,
      40
    ],
    "checked": false,
    "id": 439,
    "origin": "computer",
    "parent": 436,
    "persons": [
      "beaugrand"
    ],
    "score": 0.16666666666666669,
    "street_number": "",
    "text_ocr": "Beaugrand, r. de Reuilly, 1 2.\n",
    "type": "ENTRY"
  },
  {
    "addresses": [],
    "box": [
      280,
      2412,
      712,
      38
    ],
    "checked": false,
    "id": 489,
    "origin": "human",
    "parent": 436,
    "persons": [
      ""
    ],
    "street": "",
    "street_number": "",
    "text_ocr": "Bouillerot S.-Anpge, r. de Lonrsinre, 10.",
    "type": "ENTRY"
  },
  {
    "EOL": false,
    "box": [
      280,
      2412,
      712,
      38
    ],
    "id": 442,
    "indented": true,
    "parent": 489,
    "text": "",
    "type": "LINE"
  },
  {
    "addresses": [],
    "box": [
      270,
      2454,
      646,
      42
    ],
    "checked": false,
    "id": 490,
    "origin": "human",
    "parent": 436,
    "persons": [
      ""
    ],
    "street": "",
    "street_number": "",
    "text_ocr": "Bouillery,:r. du Puits-l’'Ermite, 14.",
    "type": "ENTRY"
  },
  {
    "EOL": false,
    "box": [
      270,
      2454,
      646,
      42
    ],
    "id": 443,
    "indented": false,
    "parent": 490,
    "text": "",
    "type": "LINE"
  },
  {
    "EOL": false,
    "box": [
      274,
      2496,
      490,
      38
    ],
    "id": 445,
    "indented": true,
    "parent": 444,
    "text": "",
    "type": "LINE"
  },
  {
    "addresses": [
      {
        "street_name": "rue Mouffetard",
        "street_numbers": [
          "88"
        ]
      }
    ],
    "box": [
      274,
      2496,
      490,
      38
    ],
    "checked": false,
    "id": 444,
    "origin": "computer",
    "parent": 436,
    "persons": [
      "boutte"
    ],
    "score": 1,
    "text_ocr": "Boutté, r. Mouffetard, 88.\n",
    "type": "ENTRY"
  },
  {
    "EOL": false,
    "box": [
      276,
      2534,
      690,
      46
    ],
    "id": 447,
    "indented": true,
    "parent": 446,
    "text": "",
    "type": "LINE"
  },
  {
    "addresses": [],
    "box": [
      276,
      2534,
      690,
      46
    ],
    "checked": false,
    "id": 446,
    "origin": "computer",
    "parent": 436,
    "persons": [
      "carpentier"
    ],
    "score": 0.5,
    "street": "",
    "text_ocr": "Carpentier, r. du Harlay, 7. (Marais.)\n",
    "type": "ENTRY"
  },
  {
    "EOL": false,
    "box": [
      278,
      2576,
      538,
      44
    ],
    "id": 449,
    "indented": true,
    "parent": 448,
    "text": "",
    "type": "LINE"
  },
  {
    "addresses": [
      {
        "street_name": "rue Mouffetard",
        "street_numbers": [
          "104"
        ]
      }
    ],
    "box": [
      278,
      2576,
      538,
      44
    ],
    "checked": false,
    "id": 448,
    "origin": "computer",
    "parent": 436,
    "persons": [
      "chevalier"
    ],
    "score": 1,
    "text_ocr": "Chevalier, r. Mouffetard, 104.\n",
    "type": "ENTRY"
  },
  {
    "EOL": false,
    "box": [
      276,
      2622,
      748,
      44
    ],
    "id": 451,
    "indented": true,
    "parent": 450,
    "text": "",
    "type": "LINE"
  },
  {
    "EOL": false,
    "box": [
      326,
      2664,
      162,
      36
    ],
    "id": 452,
    "indented": false,
    "parent": 450,
    "text": "",
    "type": "LINE"
  },
  {
    "addresses": [
      {
        "street_name": "rue Saint-Dominique",
        "street_numbers": [
          "71"
        ]
      }
    ],
    "box": [
      276,
      2622,
      748,
      78
    ],
    "checked": false,
    "id": 450,
    "origin": "computer",
    "parent": 436,
    "persons": [
      "debruge"
    ],
    "score": 1,
    "text_ocr": "Debruge, rue S.-Dominique, 71. (Gros-\nCaillou.)\n",
    "type": "ENTRY"
  },
  {
    "box": [
      262,
      2326,
      764,
      374
    ],
    "id": 436,
    "parent": 435,
    "type": "COLUMN_LEVEL_2"
  },
  {
    "box": [
      262,
      2326,
      764,
      374
    ],
    "id": 435,
    "parent": 434,
    "type": "SECTION_LEVEL_2"
  },
  {
    "box": [
      262,
      2326,
      764,
      374
    ],
    "id": 434,
    "parent": 433,
    "type": "COLUMN_LEVEL_1"
  },
  {
    "addresses": [],
    "box": [
      1068,
      2326,
      636,
      34
    ],
    "checked": false,
    "id": 487,
    "origin": "human",
    "parent": 455,
    "persons": [
      ""
    ],
    "street": "",
    "street_number": "",
    "text_ocr": "Demarselle, r. du EF aub.-5.-Ueniss",
    "type": "ENTRY"
  },
  {
    "EOL": false,
    "box": [
      1068,
      2326,
      636,
      34
    ],
    "id": 457,
    "indented": false,
    "parent": 487,
    "text": "",
    "type": "LINE"
  },
  {
    "addresses": [],
    "box": [
      1066,
      2370,
      456,
      32
    ],
    "checked": false,
    "id": 488,
    "origin": "human",
    "parent": 455,
    "persons": [
      ""
    ],
    "street": "",
    "street_number": "",
    "text_ocr": "Denis. r. de Loursine. 46.",
    "type": "ENTRY"
  },
  {
    "EOL": false,
    "box": [
      1066,
      2370,
      456,
      32
    ],
    "id": 458,
    "indented": false,
    "parent": 488,
    "text": "",
    "type": "LINE"
  },
  {
    "box": [
      1058,
      2326,
      654,
      76
    ],
    "id": 455,
    "parent": 454,
    "type": "COLUMN_LEVEL_2"
  },
  {
    "EOL": false,
    "box": [
      1726,
      2328,
      72,
      30
    ],
    "id": 461,
    "indented": true,
    "parent": 460,
    "text": "",
    "type": "LINE"
  },
  {
    "addresses": [],
    "box": [
      1726,
      2328,
      72,
      30
    ],
    "checked": false,
    "id": 460,
    "origin": "computer",
    "parent": 459,
    "persons": [
      ""
    ],
    "score": -1,
    "street": "",
    "street_number": "",
    "text_ocr": "L 14:\n",
    "type": "ENTRY"
  },
  {
    "box": [
      1718,
      2326,
      80,
      76
    ],
    "id": 459,
    "parent": 454,
    "type": "COLUMN_LEVEL_2"
  },
  {
    "box": [
      1058,
      2326,
      740,
      76
    ],
    "id": 454,
    "parent": 453,
    "type": "SECTION_LEVEL_2"
  },
  {
    "EOL": false,
    "box": [
      1064,
      2418,
      734,
      42
    ],
    "id": 465,
    "indented": true,
    "parent": 464,
    "text": "",
    "type": "LINE"
  },
  {
    "addresses": [],
    "box": [
      1064,
      2418,
      734,
      42
    ],
    "checked": false,
    "id": 464,
    "origin": "computer",
    "parent": 463,
    "persons": [
      "devillepoix"
    ],
    "score": 0.5,
    "street": "",
    "text_ocr": "Devillepoix, r. du Faub.-S.-Antoine, 212.\n",
    "type": "ENTRY"
  },
  {
    "EOL": false,
    "box": [
      1068,
      2464,
      730,
      46
    ],
    "id": 467,
    "indented": true,
    "parent": 466,
    "text": "",
    "type": "LINE"
  },
  {
    "EOL": false,
    "box": [
      1090,
      2510,
      656,
      38
    ],
    "id": 468,
    "indented": false,
    "parent": 466,
    "text": "",
    "type": "LINE"
  },
  {
    "addresses": [],
    "box": [
      1068,
      2464,
      730,
      84
    ],
    "checked": false,
    "id": 466,
    "origin": "computer",
    "parent": 463,
    "persons": [
      "pons ar ne de biere anglaise el d'esprit de vin"
    ],
    "score": 0.5,
    "street": "",
    "text_ocr": "Pons ar ne de biere anglaise el\nd'esprit-de-vin,r. Rochechouart, 44.\n",
    "type": "ENTRY"
  },
  {
    "box": [
      1058,
      2418,
      740,
      130
    ],
    "id": 463,
    "parent": 462,
    "type": "COLUMN_LEVEL_2"
  },
  {
    "box": [
      1058,
      2418,
      740,
      130
    ],
    "id": 462,
    "parent": 453,
    "type": "SECTION_LEVEL_2"
  },
  {
    "EOL": false,
    "box": [
      1072,
      2558,
      516,
      46
    ],
    "id": 472,
    "indented": false,
    "parent": 471,
    "text": "",
    "type": "LINE"
  },
  {
    "addresses": [
      {
        "street_name": "rue Mouffetard",
        "street_numbers": []
      }
    ],
    "box": [
      1072,
      2558,
      516,
      46
    ],
    "checked": false,
    "id": 471,
    "origin": "computer",
    "parent": 470,
    "persons": [
      "francois"
    ],
    "score": 0.45,
    "street_number": "",
    "text_ocr": "Francois, r. Movffetard, 1 16.\n",
    "type": "ENTRY"
  },
  {
    "EOL": false,
    "box": [
      1072,
      2606,
      636,
      40
    ],
    "id": 474,
    "indented": true,
    "parent": 473,
    "text": "",
    "type": "LINE"
  },
  {
    "addresses": [],
    "box": [
      1072,
      2606,
      636,
      40
    ],
    "checked": false,
    "id": 473,
    "origin": "computer",
    "parent": 470,
    "persons": [
      "gihe"
    ],
    "score": 0.5,
    "street": "",
    "text_ocr": "Gihé., r. du Faub.-S.-Antoine. 295.\n",
    "type": "ENTRY"
  },
  {
    "box": [
      1064,
      2558,
      652,
      88
    ],
    "id": 470,
    "parent": 469,
    "type": "COLUMN_LEVEL_2"
  },
  {
    "box": [
      1058,
      2558,
      740,
      88
    ],
    "id": 469,
    "parent": 453,
    "type": "SECTION_LEVEL_2"
  },
  {
    "EOL": false,
    "box": [
      1072,
      2658,
      684,
      42
    ],
    "id": 478,
    "indented": true,
    "parent": 477,
    "text": "",
    "type": "LINE"
  },
  {
    "addresses": [],
    "box": [
      1072,
      2658,
      684,
      42
    ],
    "checked": false,
    "id": 477,
    "origin": "computer",
    "parent": 476,
    "persons": [
      "giehl"
    ],
    "score": 0.5,
    "street": "",
    "text_ocr": "Giehl, r. de la Cordcrie, 13. (Marais.)\n",
    "type": "ENTRY"
  },
  {
    "box": [
      1064,
      2658,
      698,
      42
    ],
    "id": 476,
    "parent": 475,
    "type": "COLUMN_LEVEL_2"
  },
  {
    "box": [
      1058,
      2658,
      740,
      42
    ],
    "id": 475,
    "parent": 453,
    "type": "SECTION_LEVEL_2"
  },
  {
    "box": [
      1058,
      2326,
      740,
      374
    ],
    "id": 453,
    "parent": 433,
    "type": "COLUMN_LEVEL_1"
  },
  {
    "box": [
      192,
      2326,
      1606,
      374
    ],
    "id": 433,
    "parent": 256,
    "type": "SECTION_LEVEL_1"
  },
  {
    "box": [
      192,
      312,
      1606,
      2388
    ],
    "id": 256,
    "type": "PAGE"
  }
]
