{
  "content": [
    {
      "box": [
        246, 
        224, 
        1614, 
        38
      ], 
      "checked": false, 
      "id": 257, 
      "origin": "computer", 
      "parent": 256, 
      "text": "Drossiers, Cannes el l'OUCLS. \u2014 FARIS. 1 L\n", 
      "type": "TITLE_LEVEL_1"
    }, 
    {
      "EOL": false, 
      "box": [
        246, 
        288, 
        758, 
        48
      ], 
      "id": 263, 
      "indented": true, 
      "parent": 262, 
      "text": "", 
      "type": "LINE"
    }, 
    {
      "EOL": false, 
      "box": [
        288, 
        338, 
        162, 
        36
      ], 
      "id": 264, 
      "indented": false, 
      "parent": 262, 
      "text": "", 
      "type": "LINE"
    }, 
    {
      "addresses": [
        {
          "street_name": "rue des Gravil-\nliers", 
          "street_numbers": [
            "28"
          ]
        }
      ], 
      "box": [
        246, 
        288, 
        758, 
        86
      ], 
      "checked": false, 
      "id": 262, 
      "ner_xml": "<PER>Gobert</PER>,<ACT>fabr. et ciseleur</ACT>,<LOC>rue des Gravil-\nliers</LOC>,<CARDINAL>28</CARDINAL>.\n", 
      "origin": "computer", 
      "parent": 261, 
      "persons": [
        "Gobert"
      ], 
      "text_ocr": "Gobert, fabr. et ciseleur, rue des Gravil-\nliers, 28.\n", 
      "type": "ENTRY"
    }, 
    {
      "EOL": false, 
      "box": [
        246, 
        378, 
        642, 
        36
      ], 
      "id": 266, 
      "indented": true, 
      "parent": 265, 
      "text": "", 
      "type": "LINE"
    }, 
    {
      "addresses": [
        {
          "street_name": "rue de S\u00e8vres", 
          "street_numbers": [
            "3"
          ]
        }
      ], 
      "box": [
        246, 
        378, 
        642, 
        36
      ], 
      "checked": false, 
      "id": 265, 
      "ner_xml": "<PER>Gouvet</PER>,<ACT>doreur</ACT>,<LOC>rue de S\u00e8vres</LOC>,<CARDINAL>3</CARDINAL>.\n", 
      "origin": "computer", 
      "parent": 261, 
      "persons": [
        "Gouvet"
      ], 
      "text_ocr": "Gouvet, doreur, rue de S\u00e8vres, 3.\n", 
      "type": "ENTRY"
    }, 
    {
      "EOL": false, 
      "box": [
        246, 
        420, 
        752, 
        40
      ], 
      "id": 268, 
      "indented": true, 
      "parent": 267, 
      "text": "", 
      "type": "LINE"
    }, 
    {
      "addresses": [
        {
          "street_name": "rue aux Ours", 
          "street_numbers": [
            "28"
          ]
        }
      ], 
      "box": [
        246, 
        420, 
        752, 
        40
      ], 
      "checked": false, 
      "id": 267, 
      "ner_xml": "<PER>Herouard</PER>,<ACT>et doreur</ACT>,<LOC>rue aux Ours</LOC>,<CARDINAL>28</CARDINAL>.\n", 
      "origin": "computer", 
      "parent": 261, 
      "persons": [
        "Herouard"
      ], 
      "text_ocr": "Herouard, et doreur, rue aux Ours, 28.\n", 
      "type": "ENTRY"
    }, 
    {
      "EOL": false, 
      "box": [
        246, 
        462, 
        756, 
        46
      ], 
      "id": 270, 
      "indented": true, 
      "parent": 269, 
      "text": "", 
      "type": "LINE"
    }, 
    {
      "EOL": false, 
      "box": [
        292, 
        504, 
        714, 
        36
      ], 
      "id": 271, 
      "indented": false, 
      "parent": 269, 
      "text": "", 
      "type": "LINE"
    }, 
    {
      "addresses": [], 
      "box": [
        246, 
        462, 
        760, 
        78
      ], 
      "checked": false, 
      "id": 269, 
      "ner_xml": "<PER>Kinoysan</PER>,<ACT>fabre</ACT>,<CARDINAL>7</CARDINAL>lustres,<ACT>girandoles\nhollandaises</ACT>,<ACT>bras de chemin\u00e9e et de\n</ACT>", 
      "origin": "computer", 
      "parent": 261, 
      "persons": [
        "Kinoysan"
      ], 
      "text_ocr": "Kinoysan, fabre, 7 lustres, girandoles\nhollandaises, bras de chemin\u00e9e et de\n", 
      "type": "ENTRY"
    }, 
    {
      "box": [
        246, 
        288, 
        766, 
        252
      ], 
      "id": 261, 
      "parent": 260, 
      "type": "COLUMN_LEVEL_2"
    }, 
    {
      "box": [
        246, 
        288, 
        766, 
        252
      ], 
      "id": 260, 
      "parent": 259, 
      "type": "SECTION_LEVEL_2"
    }, 
    {
      "box": [
        246, 
        556, 
        766, 
        26
      ], 
      "checked": false, 
      "id": 272, 
      "origin": "computer", 
      "parent": 259, 
      "text": "autnouel, Tue SsSunt-iNartin, 172,\n", 
      "type": "TITLE_LEVEL_2"
    }, 
    {
      "box": [
        246, 
        288, 
        766, 
        294
      ], 
      "id": 259, 
      "parent": 258, 
      "type": "COLUMN_LEVEL_1"
    }, 
    {
      "EOL": false, 
      "box": [
        1056, 
        288, 
        740, 
        42
      ], 
      "id": 277, 
      "indented": true, 
      "parent": 276, 
      "text": "", 
      "type": "LINE"
    }, 
    {
      "EOL": false, 
      "box": [
        1098, 
        332, 
        438, 
        40
      ], 
      "id": 278, 
      "indented": false, 
      "parent": 276, 
      "text": "", 
      "type": "LINE"
    }, 
    {
      "addresses": [
        {
          "street_name": "rue des\nFoss\u00e9s-Montmartre", 
          "street_numbers": [
            "10"
          ]
        }
      ], 
      "box": [
        1056, 
        288, 
        740, 
        84
      ], 
      "checked": false, 
      "id": 276, 
      "ner_xml": "<PER>Picnot</PER>,<ACT>dorures, pendules, etc.</ACT>,<LOC>rue des\nFoss\u00e9s-Montmartre</LOC>,<CARDINAL>10</CARDINAL>.\n", 
      "origin": "computer", 
      "parent": 275, 
      "persons": [
        "Picnot"
      ], 
      "text_ocr": "Picnot, dorures, pendules, etc., rue des\nFoss\u00e9s-Montmartre, 10.\n", 
      "type": "ENTRY"
    }, 
    {
      "EOL": false, 
      "box": [
        1056, 
        376, 
        742, 
        40
      ], 
      "id": 280, 
      "indented": true, 
      "parent": 279, 
      "text": "", 
      "type": "LINE"
    }, 
    {
      "EOL": false, 
      "box": [
        1098, 
        420, 
        218, 
        40
      ], 
      "id": 281, 
      "indented": false, 
      "parent": 279, 
      "text": "", 
      "type": "LINE"
    }, 
    {
      "addresses": [
        {
          "street_name": "rue N.-des-Petits-\nChamps", 
          "street_numbers": [
            "14"
          ]
        }
      ], 
      "box": [
        1056, 
        376, 
        742, 
        84
      ], 
      "checked": false, 
      "id": 279, 
      "ner_xml": "<PER>Pillioud</PER>,<ACT>et pendules</ACT>,<LOC>rue N.-des-Petits-\nChamps</LOC>,<CARDINAL>14</CARDINAL>.\n", 
      "origin": "computer", 
      "parent": 275, 
      "persons": [
        "Pillioud"
      ], 
      "text_ocr": "Pillioud, et pendules, rue N.-des-Petits-\nChamps, 14.\n", 
      "type": "ENTRY"
    }, 
    {
      "EOL": false, 
      "box": [
        1054, 
        462, 
        730, 
        38
      ], 
      "id": 283, 
      "indented": true, 
      "parent": 282, 
      "text": "", 
      "type": "LINE"
    }, 
    {
      "addresses": [], 
      "box": [
        1054, 
        462, 
        730, 
        38
      ], 
      "checked": false, 
      "id": 282, 
      "ner_xml": "<PER>Qnennessen, et dorures</PER>,<ACT>r</ACT>,<PER>Napol\u00e9on,1r</PER>.\n", 
      "origin": "computer", 
      "parent": 275, 
      "persons": [
        "Qnennessen, et dorures", 
        "Napol\u00e9on,1r"
      ], 
      "text_ocr": "Qnennessen, et dorures, r, Napol\u00e9on,1r.\n", 
      "type": "ENTRY"
    }, 
    {
      "EOL": false, 
      "box": [
        1054, 
        504, 
        748, 
        40
      ], 
      "id": 285, 
      "indented": true, 
      "parent": 284, 
      "text": "", 
      "type": "LINE"
    }, 
    {
      "EOL": false, 
      "box": [
        1102, 
        546, 
        702, 
        36
      ], 
      "id": 286, 
      "indented": false, 
      "parent": 284, 
      "text": "", 
      "type": "LINE"
    }, 
    {
      "addresses": [
        {
          "street_name": "r. Richelieu", 
          "street_numbers": []
        }
      ], 
      "box": [
        1054, 
        504, 
        750, 
        78
      ], 
      "checked": false, 
      "id": 284, 
      "ner_xml": "<PER>Ravrio</PER>ct<ACT>comp., fubr. de bronzes et cu-\nriosit\u00e9s</ACT>,<LOC>r. Richelieu</LOC>,<TITRE>03: la fabrique\n</TITRE>", 
      "origin": "computer", 
      "parent": 275, 
      "persons": [
        "Ravrio"
      ], 
      "text_ocr": "Ravrio ct comp., fubr. de bronzes et cu-\nriosit\u00e9s , r. Richelieu, 03: la fabrique\n", 
      "type": "ENTRY"
    }, 
    {
      "box": [
        1046, 
        288, 
        766, 
        294
      ], 
      "id": 275, 
      "parent": 274, 
      "type": "COLUMN_LEVEL_2"
    }, 
    {
      "box": [
        1046, 
        288, 
        766, 
        294
      ], 
      "id": 274, 
      "parent": 273, 
      "type": "SECTION_LEVEL_2"
    }, 
    {
      "box": [
        1046, 
        288, 
        766, 
        294
      ], 
      "id": 273, 
      "parent": 258, 
      "type": "COLUMN_LEVEL_1"
    }, 
    {
      "box": [
        246, 
        288, 
        1614, 
        294
      ], 
      "id": 258, 
      "parent": 256, 
      "type": "SECTION_LEVEL_1"
    }, 
    {
      "box": [
        246, 
        598, 
        1614, 
        40
      ], 
      "checked": false, 
      "id": 287, 
      "origin": "computer", 
      "parent": 256, 
      "text": "Lafontaine, fabr. etcisel.,r. des Arcis, 17. rue Noutmarire, 101.\n", 
      "type": "TITLE_LEVEL_1"
    }, 
    {
      "EOL": false, 
      "box": [
        252, 
        648, 
        754, 
        46
      ], 
      "id": 293, 
      "indented": false, 
      "parent": 292, 
      "text": "", 
      "type": "LINE"
    }, 
    {
      "addresses": [], 
      "box": [
        252, 
        648, 
        754, 
        46
      ], 
      "checked": false, 
      "id": 292, 
      "ner_xml": "<PER>Lapucesse et Jamme</PER>,<ACT>success. de L.-PB</ACT>.<PER>La-\n</PER>", 
      "origin": "computer", 
      "parent": 291, 
      "persons": [
        "Lapucesse et Jamme", 
        "La-\n"
      ], 
      "text_ocr": "Lapucesse et Jamme, success. de L.-PB. La-\n", 
      "type": "ENTRY"
    }, 
    {
      "EOL": false, 
      "box": [
        296, 
        690, 
        710, 
        46
      ], 
      "id": 295, 
      "indented": true, 
      "parent": 294, 
      "text": "", 
      "type": "LINE"
    }, 
    {
      "EOL": false, 
      "box": [
        256, 
        732, 
        534, 
        88
      ], 
      "id": 296, 
      "indented": false, 
      "parent": 294, 
      "text": "", 
      "type": "LINE"
    }, 
    {
      "addresses": [
        {
          "street_name": "rue Chapon", 
          "street_numbers": [
            "23"
          ]
        }, 
        {
          "street_name": "rue Sainte-Avoie", 
          "street_numbers": [
            "19"
          ]
        }
      ], 
      "box": [
        256, 
        690, 
        750, 
        130
      ], 
      "checked": false, 
      "id": 294, 
      "ner_xml": "<PER>guesse et fils</PER>,<ACT>fub. de bronzes et horlo-\ngerie</ACT>,<LOC>rue Chapon</LOC>,<CARDINAL>23</CARDINAL>.\nLange,<LOC>rue Sainte-Avoie</LOC>,<CARDINAL>19</CARDINAL>.\n", 
      "origin": "computer", 
      "parent": 291, 
      "persons": [
        "guesse et fils"
      ], 
      "text_ocr": "guesse et fils, fub. de bronzes et horlo-\ngerie, rue Chapon, 23.\nLange, rue Sainte-Avoie, 19.\n", 
      "type": "ENTRY"
    }, 
    {
      "EOL": false, 
      "box": [
        258, 
        828, 
        758, 
        46
      ], 
      "id": 298, 
      "indented": true, 
      "parent": 297, 
      "text": "", 
      "type": "LINE"
    }, 
    {
      "EOL": false, 
      "box": [
        302, 
        872, 
        710, 
        32
      ], 
      "id": 299, 
      "indented": false, 
      "parent": 297, 
      "text": "", 
      "type": "LINE"
    }, 
    {
      "addresses": [
        {
          "street_name": "vue Bourv-l'Abb\u00e9", 
          "street_numbers": [
            "32"
          ]
        }
      ], 
      "box": [
        258, 
        828, 
        758, 
        76
      ], 
      "checked": false, 
      "id": 297, 
      "ner_xml": "<PER>Lebel</PER>,<ACT>fabric. de flambeaux et \u00e9perons\nd'oret d'arseut</ACT>,<LOC>vue Bourv-l'Abb\u00e9</LOC>,<CARDINAL>32</CARDINAL>.\n", 
      "origin": "computer", 
      "parent": 291, 
      "persons": [
        "Lebel"
      ], 
      "text_ocr": "Lebel, fabric. de flambeaux et \u00e9perons\nd'oret d'arseut,vue Bourv-l'Abb\u00e9, 32.\n", 
      "type": "ENTRY"
    }, 
    {
      "box": [
        246, 
        648, 
        778, 
        256
      ], 
      "id": 291, 
      "parent": 290, 
      "type": "COLUMN_LEVEL_2"
    }, 
    {
      "box": [
        246, 
        648, 
        778, 
        256
      ], 
      "id": 290, 
      "parent": 289, 
      "type": "SECTION_LEVEL_2"
    }, 
    {
      "EOL": false, 
      "box": [
        260, 
        920, 
        754, 
        46
      ], 
      "id": 303, 
      "indented": true, 
      "parent": 302, 
      "text": "", 
      "type": "LINE"
    }, 
    {
      "EOL": false, 
      "box": [
        310, 
        964, 
        706, 
        74
      ], 
      "id": 304, 
      "indented": false, 
      "parent": 302, 
      "text": "", 
      "type": "LINE"
    }, 
    {
      "EOL": false, 
      "box": [
        306, 
        1008, 
        288, 
        30
      ], 
      "id": 305, 
      "indented": false, 
      "parent": 302, 
      "text": "", 
      "type": "LINE"
    }, 
    {
      "addresses": [
        {
          "street_name": "rue\nNeuve des-Petits-Champs, au coin de\ncelle Chabanais", 
          "street_numbers": []
        }
      ], 
      "box": [
        260, 
        920, 
        756, 
        118
      ], 
      "checked": false, 
      "id": 302, 
      "ner_xml": "<PER>Ledure</PER>,<ACT>fubr. de bronzes et pendules</ACT>,<LOC>rue\nNeuve des-Petits-Champs, au coin de\ncelle Chabanais</LOC>. \u00e0\n", 
      "origin": "computer", 
      "parent": 301, 
      "persons": [
        "Ledure"
      ], 
      "text_ocr": "Ledure, fubr. de bronzes et pendules, rue\nNeuve des-Petits-Champs, au coin de\ncelle Chabanais. \u00e0\n", 
      "type": "ENTRY"
    }, 
    {
      "box": [
        252, 
        920, 
        770, 
        122
      ], 
      "id": 301, 
      "parent": 300, 
      "type": "COLUMN_LEVEL_2"
    }, 
    {
      "box": [
        246, 
        920, 
        778, 
        122
      ], 
      "id": 300, 
      "parent": 289, 
      "type": "SECTION_LEVEL_2"
    }, 
    {
      "EOL": false, 
      "box": [
        264, 
        1056, 
        748, 
        42
      ], 
      "id": 309, 
      "indented": true, 
      "parent": 308, 
      "text": "", 
      "type": "LINE"
    }, 
    {
      "EOL": false, 
      "box": [
        310, 
        1098, 
        658, 
        38
      ], 
      "id": 310, 
      "indented": false, 
      "parent": 308, 
      "text": "", 
      "type": "LINE"
    }, 
    {
      "addresses": [
        {
          "street_name": "rue Turenne", 
          "street_numbers": [
            "53"
          ]
        }
      ], 
      "box": [
        264, 
        1056, 
        748, 
        80
      ], 
      "checked": false, 
      "id": 308, 
      "ner_xml": "<PER>Leinaire</PER>,<ACT>fabr. de pendules, candelabres,\ncorbeilles et vases</ACT>,<LOC>rue Turenne</LOC>,<CARDINAL>53</CARDINAL>.\n", 
      "origin": "computer", 
      "parent": 307, 
      "persons": [
        "Leinaire"
      ], 
      "text_ocr": "Leinaire, fabr. de pendules, candelabres,\ncorbeilles et vases, rue Turenne, 53.\n", 
      "type": "ENTRY"
    }, 
    {
      "EOL": false, 
      "box": [
        268, 
        1144, 
        738, 
        30
      ], 
      "id": 312, 
      "indented": true, 
      "parent": 311, 
      "text": "", 
      "type": "LINE"
    }, 
    {
      "addresses": [], 
      "box": [
        268, 
        1144, 
        738, 
        30
      ], 
      "checked": false, 
      "id": 311, 
      "ner_xml": "<TITRE>Leumnire</TITRE>.<PER>\u00ab rue de lu Viteilie-Monnaie</PER>,<CARDINAL>17</CARDINAL>,\n", 
      "origin": "computer", 
      "parent": 307, 
      "persons": [
        "\u00ab rue de lu Viteilie-Monnaie"
      ], 
      "text_ocr": "Leumnire .\u00ab rue de lu Viteilie-Monnaie, 17,\n", 
      "type": "ENTRY"
    }, 
    {
      "box": [
        256, 
        1056, 
        764, 
        118
      ], 
      "id": 307, 
      "parent": 306, 
      "type": "COLUMN_LEVEL_2"
    }, 
    {
      "box": [
        246, 
        1056, 
        778, 
        118
      ], 
      "id": 306, 
      "parent": 289, 
      "type": "SECTION_LEVEL_2"
    }, 
    {
      "box": [
        246, 
        648, 
        778, 
        536
      ], 
      "id": 289, 
      "parent": 288, 
      "type": "COLUMN_LEVEL_1"
    }, 
    {
      "EOL": false, 
      "box": [
        1060, 
        648, 
        746, 
        32
      ], 
      "id": 317, 
      "indented": true, 
      "parent": 316, 
      "text": "", 
      "type": "LINE"
    }, 
    {
      "EOL": false, 
      "box": [
        1106, 
        682, 
        700, 
        42
      ], 
      "id": 318, 
      "indented": false, 
      "parent": 316, 
      "text": "", 
      "type": "LINE"
    }, 
    {
      "addresses": [
        {
          "street_name": "r. Notre-Dame-de-Nazareth", 
          "street_numbers": [
            "19"
          ]
        }
      ], 
      "box": [
        1060, 
        648, 
        746, 
        76
      ], 
      "checked": false, 
      "id": 316, 
      "ner_xml": "<PER>Reiche</PER>,<ACT>elt dorures pour les DOL\u00c9ES de pen\ndules</ACT>,<LOC>r. Notre-Dame-de-Nazareth</LOC>,<CARDINAL>19</CARDINAL>.\n", 
      "origin": "computer", 
      "parent": 315, 
      "persons": [
        "Reiche"
      ], 
      "text_ocr": "Reiche,elt dorures pour les DOL\u00c9ES de pen\ndules, r. Notre-Dame-de-Nazareth, 19.\n", 
      "type": "ENTRY"
    }, 
    {
      "EOL": false, 
      "box": [
        1062, 
        726, 
        742, 
        42
      ], 
      "id": 320, 
      "indented": true, 
      "parent": 319, 
      "text": "", 
      "type": "LINE"
    }, 
    {
      "addresses": [], 
      "box": [
        1062, 
        726, 
        742, 
        42
      ], 
      "checked": false, 
      "id": 319, 
      "ner_xml": "<PER>R'eault</PER>,<ACT>fabr.,r. duFaub.-du-T'emple,46.\n</ACT>", 
      "origin": "computer", 
      "parent": 315, 
      "persons": [
        "R'eault"
      ], 
      "text_ocr": "R'eault, fabr.,r. duFaub.-du-T'emple,46.\n", 
      "type": "ENTRY"
    }, 
    {
      "EOL": false, 
      "box": [
        1064, 
        768, 
        746, 
        44
      ], 
      "id": 322, 
      "indented": true, 
      "parent": 321, 
      "text": "", 
      "type": "LINE"
    }, 
    {
      "EOL": false, 
      "box": [
        1112, 
        810, 
        418, 
        40
      ], 
      "id": 323, 
      "indented": false, 
      "parent": 321, 
      "text": "", 
      "type": "LINE"
    }, 
    {
      "addresses": [], 
      "box": [
        1064, 
        768, 
        746, 
        82
      ], 
      "checked": false, 
      "id": 321, 
      "ner_xml": "<PER>Romain</PER>,<ACT>fabr. pour pendules et girand.</ACT>,\nr. des Douze-Portes,<CARDINAL>3</CARDINAL>.\n", 
      "origin": "computer", 
      "parent": 315, 
      "persons": [
        "Romain"
      ], 
      "text_ocr": "Romain, fabr. pour pendules et girand.,\nr. des Douze-Portes, 3.\n", 
      "type": "ENTRY"
    }, 
    {
      "EOL": false, 
      "box": [
        1068, 
        852, 
        746, 
        46
      ], 
      "id": 325, 
      "indented": true, 
      "parent": 324, 
      "text": "", 
      "type": "LINE"
    }, 
    {
      "EOL": false, 
      "box": [
        1112, 
        896, 
        700, 
        34
      ], 
      "id": 326, 
      "indented": false, 
      "parent": 324, 
      "text": "", 
      "type": "LINE"
    }, 
    {
      "addresses": [
        {
          "street_name": "r. Phe-\n", 
          "street_numbers": []
        }
      ], 
      "box": [
        1068, 
        852, 
        746, 
        78
      ], 
      "checked": false, 
      "id": 324, 
      "ner_xml": "<PER>Savart</PER>,<ACT>/abr. de bronzes, tient en pendules\nassortiment de iolis modeles</ACT>,<LOC>r. Phe-\n</LOC>", 
      "origin": "computer", 
      "parent": 315, 
      "persons": [
        "Savart"
      ], 
      "text_ocr": "Savart, /abr. de bronzes, tient en pendules\nassortiment de iolis modeles, r. Phe-\n", 
      "type": "ENTRY"
    }, 
    {
      "box": [
        1052, 
        648, 
        768, 
        282
      ], 
      "id": 315, 
      "parent": 314, 
      "type": "COLUMN_LEVEL_2"
    }, 
    {
      "box": [
        1052, 
        648, 
        778, 
        282
      ], 
      "id": 314, 
      "parent": 313, 
      "type": "SECTION_LEVEL_2"
    }, 
    {
      "EOL": false, 
      "box": [
        1064, 
        948, 
        754, 
        76
      ], 
      "id": 330, 
      "indented": true, 
      "parent": 329, 
      "text": "", 
      "type": "LINE"
    }, 
    {
      "EOL": false, 
      "box": [
        1114, 
        1024, 
        438, 
        40
      ], 
      "id": 331, 
      "indented": false, 
      "parent": 329, 
      "text": "", 
      "type": "LINE"
    }, 
    {
      "addresses": [
        {
          "street_name": "Nppeaux", 
          "street_numbers": [
            "11"
          ]
        }, 
        {
          "street_name": "rue\nNeuve-Saint-Merry", 
          "street_numbers": [
            "81"
          ]
        }
      ], 
      "box": [
        1064, 
        948, 
        754, 
        116
      ], 
      "checked": false, 
      "id": 329, 
      "ner_xml": "<LOC>Nppeaux</LOC>,<CARDINAL>11</CARDINAL>.\nSimon, (Isaac) et<ACT>fabr. de pendules</ACT>,<LOC>rue\nNeuve-Saint-Merry</LOC>,<CARDINAL>81</CARDINAL>.\n", 
      "origin": "computer", 
      "parent": 328, 
      "persons": [], 
      "text_ocr": "Nppeaux, 11.\nSimon, (Isaac) et fabr. de pendules, rue\nNeuve-Saint-Merry, 81.\n", 
      "type": "ENTRY"
    }, 
    {
      "EOL": false, 
      "box": [
        1064, 
        1066, 
        756, 
        46
      ], 
      "id": 333, 
      "indented": true, 
      "parent": 332, 
      "text": "", 
      "type": "LINE"
    }, 
    {
      "EOL": false, 
      "box": [
        1110, 
        1110, 
        378, 
        40
      ], 
      "id": 334, 
      "indented": false, 
      "parent": 332, 
      "text": "", 
      "type": "LINE"
    }, 
    {
      "addresses": [
        {
          "street_name": "rue\nde la Ferronnerie", 
          "street_numbers": [
            "6"
          ]
        }
      ], 
      "box": [
        1064, 
        1066, 
        756, 
        84
      ], 
      "checked": false, 
      "id": 332, 
      "ner_xml": "<PER>Sornet, (Laurent) fabric. de bronzes</PER>,<LOC>rue\nde la Ferronnerie</LOC>,<CARDINAL>6</CARDINAL>.\n", 
      "origin": "computer", 
      "parent": 328, 
      "persons": [
        "Sornet, (Laurent) fabric. de bronzes"
      ], 
      "text_ocr": "Sornet, (Laurent) fabric. de bronzes, rue\nde la Ferronnerie, 6.\n", 
      "type": "ENTRY"
    }, 
    {
      "EOL": false, 
      "box": [
        1068, 
        1152, 
        756, 
        32
      ], 
      "id": 336, 
      "indented": true, 
      "parent": 335, 
      "text": "", 
      "type": "LINE"
    }, 
    {
      "addresses": [], 
      "box": [
        1068, 
        1152, 
        756, 
        32
      ], 
      "checked": false, 
      "id": 335, 
      "ner_xml": "<PER>Sovez</PER>.<ACT>fabr..</ACT>tient<ACT>masnein de dorures\n</ACT>", 
      "origin": "computer", 
      "parent": 328, 
      "persons": [
        "Sovez"
      ], 
      "text_ocr": "Sovez. fabr.. tient masnein de dorures\n", 
      "type": "ENTRY"
    }, 
    {
      "box": [
        1056, 
        948, 
        774, 
        236
      ], 
      "id": 328, 
      "parent": 327, 
      "type": "COLUMN_LEVEL_2"
    }, 
    {
      "box": [
        1052, 
        948, 
        778, 
        236
      ], 
      "id": 327, 
      "parent": 313, 
      "type": "SECTION_LEVEL_2"
    }, 
    {
      "box": [
        1052, 
        648, 
        778, 
        536
      ], 
      "id": 313, 
      "parent": 288, 
      "type": "COLUMN_LEVEL_1"
    }, 
    {
      "box": [
        246, 
        648, 
        1614, 
        536
      ], 
      "id": 288, 
      "parent": 256, 
      "type": "SECTION_LEVEL_1"
    }, 
    {
      "EOL": false, 
      "box": [
        270, 
        1200, 
        754, 
        36
      ], 
      "id": 342, 
      "indented": true, 
      "parent": 341, 
      "text": "", 
      "type": "LINE"
    }, 
    {
      "EOL": false, 
      "box": [
        318, 
        1236, 
        540, 
        34
      ], 
      "id": 343, 
      "indented": false, 
      "parent": 341, 
      "text": "", 
      "type": "LINE"
    }, 
    {
      "addresses": [
        {
          "street_name": "rue Meslav", 
          "street_numbers": [
            "58"
          ]
        }
      ], 
      "box": [
        270, 
        1200, 
        754, 
        70
      ], 
      "checked": false, 
      "id": 341, 
      "ner_xml": "<PER>Asepage el contp., dorures \u20aceb articles a a-\nmeublement</PER>,<LOC>rue Meslav</LOC>,<CARDINAL>58</CARDINAL>.\n", 
      "origin": "computer", 
      "parent": 340, 
      "persons": [
        "Asepage el contp., dorures \u20aceb articles a a-\nmeublement"
      ], 
      "text_ocr": "Asepage el contp., dorures \u20aceb articles a a-\nmeublement, rue Meslav, 58.\n", 
      "type": "ENTRY"
    }, 
    {
      "box": [
        262, 
        1200, 
        770, 
        70
      ], 
      "id": 340, 
      "parent": 339, 
      "type": "COLUMN_LEVEL_2"
    }, 
    {
      "box": [
        262, 
        1200, 
        770, 
        70
      ], 
      "id": 339, 
      "parent": 338, 
      "type": "SECTION_LEVEL_2"
    }, 
    {
      "box": [
        262, 
        1200, 
        770, 
        74
      ], 
      "id": 338, 
      "parent": 337, 
      "type": "COLUMN_LEVEL_1"
    }, 
    {
      "EOL": false, 
      "box": [
        1120, 
        1200, 
        704, 
        36
      ], 
      "id": 348, 
      "indented": true, 
      "parent": 347, 
      "text": "", 
      "type": "LINE"
    }, 
    {
      "EOL": false, 
      "box": [
        1080, 
        1238, 
        744, 
        36
      ], 
      "id": 349, 
      "indented": false, 
      "parent": 347, 
      "text": "", 
      "type": "LINE"
    }, 
    {
      "addresses": [
        {
          "street_name": "r. N.-des-Pet.-Champs", 
          "street_numbers": [
            "09"
          ]
        }
      ], 
      "box": [
        1080, 
        1200, 
        744, 
        74
      ], 
      "checked": false, 
      "id": 347, 
      "ner_xml": "et lustres,<LOC>r. N.-des-Pet.-Champs</LOC>,<CARDINAL>09</CARDINAL>.\nThomire,<ACT>Duterme et comp. fabric. de\n</ACT>", 
      "origin": "computer", 
      "parent": 346, 
      "persons": [], 
      "text_ocr": "et lustres, r. N.-des-Pet.-Champs, 09.\nThomire, Duterme et comp. fabric. de\n", 
      "type": "ENTRY"
    }, 
    {
      "box": [
        1072, 
        1200, 
        760, 
        74
      ], 
      "id": 346, 
      "parent": 345, 
      "type": "COLUMN_LEVEL_2"
    }, 
    {
      "box": [
        1072, 
        1200, 
        760, 
        74
      ], 
      "id": 345, 
      "parent": 344, 
      "type": "SECTION_LEVEL_2"
    }, 
    {
      "box": [
        1072, 
        1200, 
        760, 
        74
      ], 
      "id": 344, 
      "parent": 337, 
      "type": "COLUMN_LEVEL_1"
    }, 
    {
      "box": [
        246, 
        1200, 
        1614, 
        74
      ], 
      "id": 337, 
      "parent": 256, 
      "type": "SECTION_LEVEL_1"
    }, 
    {
      "EOL": false, 
      "box": [
        272, 
        1292, 
        750, 
        32
      ], 
      "id": 355, 
      "indented": false, 
      "parent": 354, 
      "text": "", 
      "type": "LINE"
    }, 
    {
      "EOL": false, 
      "box": [
        274, 
        1326, 
        750, 
        38
      ], 
      "id": 356, 
      "indented": false, 
      "parent": 354, 
      "text": "", 
      "type": "LINE"
    }, 
    {
      "addresses": [
        {
          "street_name": "boulev. des Italien", 
          "street_numbers": [
            "2", 
            "62"
          ]
        }
      ], 
      "box": [
        272, 
        1292, 
        752, 
        72
      ], 
      "checked": false, 
      "id": 354, 
      "ner_xml": "<ACT>1,esage, et dorures</ACT>,<LOC>boulev. des Italien</LOC>,<CARDINAL>2</CARDINAL>.\nOlivier, (Mad.) pass. des Panoramuas,<CARDINAL>62</CARDINAL>.\n", 
      "origin": "computer", 
      "parent": 353, 
      "persons": [], 
      "text_ocr": "1,esage, et dorures,boulev. des Italien, 2.\nOlivier, (Mad.) pass. des Panoramuas, 62.\n", 
      "type": "ENTRY"
    }, 
    {
      "box": [
        264, 
        1292, 
        768, 
        72
      ], 
      "id": 353, 
      "parent": 352, 
      "type": "COLUMN_LEVEL_2"
    }, 
    {
      "box": [
        264, 
        1292, 
        768, 
        72
      ], 
      "id": 352, 
      "parent": 351, 
      "type": "SECTION_LEVEL_2"
    }, 
    {
      "box": [
        264, 
        1290, 
        768, 
        74
      ], 
      "id": 351, 
      "parent": 350, 
      "type": "COLUMN_LEVEL_1"
    }, 
    {
      "EOL": false, 
      "box": [
        1122, 
        1290, 
        574, 
        32
      ], 
      "id": 361, 
      "indented": true, 
      "parent": 360, 
      "text": "", 
      "type": "LINE"
    }, 
    {
      "EOL": false, 
      "box": [
        1076, 
        1324, 
        560, 
        38
      ], 
      "id": 362, 
      "indented": false, 
      "parent": 360, 
      "text": "", 
      "type": "LINE"
    }, 
    {
      "addresses": [
        {
          "street_name": "r. S.-Denis", 
          "street_numbers": [
            "340"
          ]
        }
      ], 
      "box": [
        1076, 
        1290, 
        620, 
        72
      ], 
      "checked": false, 
      "id": 360, 
      "ner_xml": "<PER>Dbronzes dores</PER>, Te.<PER>DOUCHeETAI</PER>, 7e\n<PER>Tremet</PER>,<ACT>/abr.</ACT><LOC>r. S.-Denis</LOC>,<CARDINAL>340</CARDINAL>.\n", 
      "origin": "computer", 
      "parent": 359, 
      "persons": [
        "Dbronzes dores", 
        "DOUCHeETAI", 
        "Tremet"
      ], 
      "text_ocr": "Dbronzes dores, Te. DOUCHeETAI, 7e\nTremet, /abr. r. S.-Denis, 340.\n", 
      "type": "ENTRY"
    }, 
    {
      "box": [
        1068, 
        1290, 
        636, 
        72
      ], 
      "id": 359, 
      "parent": 358, 
      "type": "COLUMN_LEVEL_2"
    }, 
    {
      "box": [
        1068, 
        1290, 
        636, 
        72
      ], 
      "id": 358, 
      "parent": 357, 
      "type": "SECTION_LEVEL_2"
    }, 
    {
      "box": [
        1068, 
        1290, 
        636, 
        74
      ], 
      "id": 357, 
      "parent": 350, 
      "type": "COLUMN_LEVEL_1"
    }, 
    {
      "box": [
        246, 
        1290, 
        1614, 
        74
      ], 
      "id": 350, 
      "parent": 256, 
      "type": "SECTION_LEVEL_1"
    }, 
    {
      "box": [
        246, 
        1410, 
        1614, 
        38
      ], 
      "checked": false, 
      "id": 363, 
      "origin": "computer", 
      "parent": 256, 
      "text": "BROSSIERS PRINCIPAUX.\n", 
      "type": "TITLE_LEVEL_1"
    }, 
    {
      "box": [
        272, 
        1486, 
        790, 
        38
      ], 
      "checked": false, 
      "id": 366, 
      "origin": "computer", 
      "parent": 365, 
      "text": "Barbe-Derveaux, fabricant de brosses et\n", 
      "type": "TITLE_LEVEL_2"
    }, 
    {
      "EOL": false, 
      "box": [
        322, 
        1538, 
        710, 
        36
      ], 
      "id": 370, 
      "indented": true, 
      "parent": 369, 
      "text": "", 
      "type": "LINE"
    }, 
    {
      "EOL": false, 
      "box": [
        328, 
        1576, 
        360, 
        38
      ], 
      "id": 371, 
      "indented": false, 
      "parent": 369, 
      "text": "", 
      "type": "LINE"
    }, 
    {
      "addresses": [
        {
          "street_name": "ElCe", 
          "street_numbers": []
        }, 
        {
          "street_name": "Beaubourg", 
          "street_numbers": [
            "44"
          ]
        }
      ], 
      "box": [
        322, 
        1538, 
        710, 
        76
      ], 
      "checked": false, 
      "id": 369, 
      "ner_xml": "<ACT>pliceaurx a L'usage des poutres</ACT>,<LOC>ElCe</LOC>,\nrue<LOC>Beaubourg</LOC>,<CARDINAL>44</CARDINAL>.\n", 
      "origin": "computer", 
      "parent": 368, 
      "persons": [], 
      "text_ocr": "pliceaurx a L'usage des poutres, ElCe,\nrue Beaubourg, 44.\n", 
      "type": "ENTRY"
    }, 
    {
      "EOL": false, 
      "box": [
        282, 
        1618, 
        534, 
        38
      ], 
      "id": 373, 
      "indented": true, 
      "parent": 372, 
      "text": "", 
      "type": "LINE"
    }, 
    {
      "addresses": [
        {
          "street_name": "rue Saint-ijems", 
          "street_numbers": [
            "238"
          ]
        }
      ], 
      "box": [
        282, 
        1618, 
        534, 
        38
      ], 
      "checked": false, 
      "id": 372, 
      "ner_xml": "barr\u00e9,<LOC>rue Saint-ijems</LOC>,<CARDINAL>238</CARDINAL>.\n", 
      "origin": "computer", 
      "parent": 368, 
      "persons": [], 
      "text_ocr": "barr\u00e9, rue Saint-ijems, 238.\n", 
      "type": "ENTRY"
    }, 
    {
      "EOL": false, 
      "box": [
        288, 
        1660, 
        556, 
        38
      ], 
      "id": 375, 
      "indented": true, 
      "parent": 374, 
      "text": "", 
      "type": "LINE"
    }, 
    {
      "addresses": [
        {
          "street_name": "rue Saint-Denis", 
          "street_numbers": [
            "66"
          ]
        }
      ], 
      "box": [
        288, 
        1660, 
        556, 
        38
      ], 
      "checked": false, 
      "id": 374, 
      "ner_xml": "<PER>Beuvart</PER>,<LOC>rue Saint-Denis</LOC>,<CARDINAL>66</CARDINAL>.\n", 
      "origin": "computer", 
      "parent": 368, 
      "persons": [
        "Beuvart"
      ], 
      "text_ocr": "Beuvart, rue Saint-Denis, 66.\n", 
      "type": "ENTRY"
    }, 
    {
      "EOL": false, 
      "box": [
        286, 
        1702, 
        580, 
        38
      ], 
      "id": 377, 
      "indented": true, 
      "parent": 376, 
      "text": "", 
      "type": "LINE"
    }, 
    {
      "addresses": [
        {
          "street_name": "rue Saint-Denis", 
          "street_numbers": [
            "267"
          ]
        }
      ], 
      "box": [
        286, 
        1702, 
        580, 
        38
      ], 
      "checked": false, 
      "id": 376, 
      "ner_xml": "<TITRE>Boucher</TITRE>,<LOC>rue Saint-Denis</LOC>,<CARDINAL>267</CARDINAL>.\n", 
      "origin": "computer", 
      "parent": 368, 
      "persons": [], 
      "text_ocr": "Boucher, rue Saint-Denis, 267.\n", 
      "type": "ENTRY"
    }, 
    {
      "EOL": false, 
      "box": [
        286, 
        1746, 
        618, 
        38
      ], 
      "id": 379, 
      "indented": true, 
      "parent": 378, 
      "text": "", 
      "type": "LINE"
    }, 
    {
      "addresses": [
        {
          "street_name": "rue Saint-Denis", 
          "street_numbers": [
            "234"
          ]
        }
      ], 
      "box": [
        286, 
        1746, 
        618, 
        38
      ], 
      "checked": false, 
      "id": 378, 
      "ner_xml": "<PER>Buucherat</PER>,<LOC>rue Saint-Denis</LOC>,<CARDINAL>234</CARDINAL>.\n", 
      "origin": "computer", 
      "parent": 368, 
      "persons": [
        "Buucherat"
      ], 
      "text_ocr": "Buucherat, rue Saint-Denis, 234.\n", 
      "type": "ENTRY"
    }, 
    {
      "EOL": false, 
      "box": [
        288, 
        1788, 
        578, 
        38
      ], 
      "id": 381, 
      "indented": true, 
      "parent": 380, 
      "text": "", 
      "type": "LINE"
    }, 
    {
      "addresses": [], 
      "box": [
        288, 
        1788, 
        578, 
        38
      ], 
      "checked": false, 
      "id": 380, 
      "ner_xml": "<PER>Chabot</PER>,<ACT>rne Saint-Denis</ACT>,<CARDINAL>190</CARDINAL>.\n", 
      "origin": "computer", 
      "parent": 368, 
      "persons": [
        "Chabot"
      ], 
      "text_ocr": "Chabot, rne Saint-Denis, 190.\n", 
      "type": "ENTRY"
    }, 
    {
      "EOL": false, 
      "box": [
        288, 
        1830, 
        592, 
        40
      ], 
      "id": 383, 
      "indented": true, 
      "parent": 382, 
      "text": "", 
      "type": "LINE"
    }, 
    {
      "addresses": [
        {
          "street_name": "Chateau", 
          "street_numbers": []
        }, 
        {
          "street_name": "rue Saint-Denis", 
          "street_numbers": [
            "334"
          ]
        }
      ], 
      "box": [
        288, 
        1830, 
        592, 
        40
      ], 
      "checked": false, 
      "id": 382, 
      "ner_xml": "<LOC>Chateau</LOC>,<LOC>rue Saint-Denis</LOC>,<CARDINAL>334</CARDINAL>.\n", 
      "origin": "computer", 
      "parent": 368, 
      "persons": [], 
      "text_ocr": "Chateau, rue Saint-Denis , 334.\n", 
      "type": "ENTRY"
    }, 
    {
      "EOL": false, 
      "box": [
        290, 
        1870, 
        758, 
        40
      ], 
      "id": 385, 
      "indented": true, 
      "parent": 384, 
      "text": "", 
      "type": "LINE"
    }, 
    {
      "EOL": false, 
      "box": [
        338, 
        1910, 
        710, 
        50
      ], 
      "id": 386, 
      "indented": false, 
      "parent": 384, 
      "text": "", 
      "type": "LINE"
    }, 
    {
      "EOL": false, 
      "box": [
        338, 
        1956, 
        712, 
        40
      ], 
      "id": 387, 
      "indented": false, 
      "parent": 384, 
      "text": "", 
      "type": "LINE"
    }, 
    {
      "EOL": false, 
      "box": [
        338, 
        1998, 
        712, 
        40
      ], 
      "id": 388, 
      "indented": false, 
      "parent": 384, 
      "text": "", 
      "type": "LINE"
    }, 
    {
      "EOL": false, 
      "box": [
        344, 
        2044, 
        446, 
        38
      ], 
      "id": 389, 
      "indented": false, 
      "parent": 384, 
      "text": "", 
      "type": "LINE"
    }, 
    {
      "addresses": [
        {
          "street_name": "quai de\n'Horloze-du-Palais", 
          "street_numbers": [
            "61"
          ]
        }
      ], 
      "box": [
        290, 
        1870, 
        760, 
        212
      ], 
      "checked": false, 
      "id": 384, 
      "ner_xml": "<PER>Cherion</PER>,<ACT>fabric. de pinceaux, fournit\nlEcole imp\u00e9riale polytechnique</ACT>,<ACT>les\ndiff\u00e9rentes administrations et bureaux\nde S. M. l'Empereur et Roi</ACT>,<LOC>quai de\n'Horloze-du-Palais</LOC>,<CARDINAL>61</CARDINAL>. \u2018\n", 
      "origin": "computer", 
      "parent": 368, 
      "persons": [
        "Cherion"
      ], 
      "text_ocr": "Cherion, fabric. de pinceaux, fournit\nlEcole imp\u00e9riale polytechnique, les\ndiff\u00e9rentes administrations et bureaux\nde S. M. l'Empereur et Roi, quai de\n'Horloze-du-Palais, 61. \u2018\n", 
      "type": "ENTRY"
    }, 
    {
      "EOL": false, 
      "box": [
        300, 
        2082, 
        756, 
        34
      ], 
      "id": 391, 
      "indented": true, 
      "parent": 390, 
      "text": "", 
      "type": "LINE"
    }, 
    {
      "addresses": [], 
      "box": [
        300, 
        2082, 
        756, 
        34
      ], 
      "checked": false, 
      "id": 390, 
      "ner_xml": "<PER>Delarue et Barbier. et rattiers</PER>,<ACT>t\u00e9cennent\n</ACT>", 
      "origin": "computer", 
      "parent": 368, 
      "persons": [
        "Delarue et Barbier. et rattiers"
      ], 
      "text_ocr": "Delarue et Barbier. et rattiers, t\u00e9cennent\n", 
      "type": "ENTRY"
    }, 
    {
      "box": [
        278, 
        1538, 
        784, 
        578
      ], 
      "id": 368, 
      "parent": 367, 
      "type": "COLUMN_LEVEL_2"
    }, 
    {
      "box": [
        272, 
        1538, 
        790, 
        578
      ], 
      "id": 367, 
      "parent": 365, 
      "type": "SECTION_LEVEL_2"
    }, 
    {
      "EOL": false, 
      "box": [
        346, 
        2128, 
        708, 
        42
      ], 
      "id": 395, 
      "indented": false, 
      "parent": 394, 
      "text": "", 
      "type": "LINE"
    }, 
    {
      "EOL": false, 
      "box": [
        346, 
        2168, 
        286, 
        38
      ], 
      "id": 396, 
      "indented": false, 
      "parent": 394, 
      "text": "", 
      "type": "LINE"
    }, 
    {
      "addresses": [
        {
          "street_name": "passage\ndu Saumon", 
          "street_numbers": [
            "30"
          ]
        }
      ], 
      "box": [
        346, 
        2128, 
        708, 
        78
      ], 
      "checked": false, 
      "id": 394, 
      "ner_xml": "<ACT>fabrique de jonc et sparterie</ACT>,<LOC>passage\ndu Saumon</LOC>,<CARDINAL>30</CARDINAL>.\n", 
      "origin": "computer", 
      "parent": 393, 
      "persons": [], 
      "text_ocr": "fabrique de jonc et sparterie, passage\ndu Saumon, 30.\n", 
      "type": "ENTRY"
    }, 
    {
      "EOL": false, 
      "box": [
        302, 
        2210, 
        754, 
        34
      ], 
      "id": 398, 
      "indented": true, 
      "parent": 397, 
      "text": "", 
      "type": "LINE"
    }, 
    {
      "addresses": [], 
      "box": [
        302, 
        2210, 
        754, 
        34
      ], 
      "checked": false, 
      "id": 397, 
      "ner_xml": "<PER>Fontana. (Er.)</PER><ACT>fabrice de brosses et vin-\n</ACT>", 
      "origin": "computer", 
      "parent": 393, 
      "persons": [
        "Fontana. (Er.)"
      ], 
      "text_ocr": "Fontana. (Er.) fabrice de brosses et vin-\n", 
      "type": "ENTRY"
    }, 
    {
      "box": [
        294, 
        2128, 
        768, 
        116
      ], 
      "id": 393, 
      "parent": 392, 
      "type": "COLUMN_LEVEL_2"
    }, 
    {
      "box": [
        272, 
        2128, 
        790, 
        116
      ], 
      "id": 392, 
      "parent": 365, 
      "type": "SECTION_LEVEL_2"
    }, 
    {
      "box": [
        272, 
        1486, 
        790, 
        758
      ], 
      "id": 365, 
      "parent": 364, 
      "type": "COLUMN_LEVEL_1"
    }, 
    {
      "box": [
        1076, 
        1486, 
        784, 
        36
      ], 
      "checked": false, 
      "id": 400, 
      "origin": "computer", 
      "parent": 399, 
      "text": "Huet, rue de la Vieille-Bouclerie, 23.\n", 
      "type": "TITLE_LEVEL_2"
    }, 
    {
      "EOL": false, 
      "box": [
        1084, 
        1538, 
        528, 
        38
      ], 
      "id": 404, 
      "indented": false, 
      "parent": 403, 
      "text": "", 
      "type": "LINE"
    }, 
    {
      "addresses": [], 
      "box": [
        1084, 
        1538, 
        528, 
        38
      ], 
      "checked": false, 
      "id": 403, 
      "ner_xml": "<PER>Jiou , rue de ia Barillerie</PER>,<CARDINAL>8</CARDINAL>.\n", 
      "origin": "computer", 
      "parent": 402, 
      "persons": [
        "Jiou , rue de ia Barillerie"
      ], 
      "text_ocr": "Jiou , rue de ia Barillerie , 8.\n", 
      "type": "ENTRY"
    }, 
    {
      "EOL": false, 
      "box": [
        1086, 
        1580, 
        606, 
        40
      ], 
      "id": 406, 
      "indented": true, 
      "parent": 405, 
      "text": "", 
      "type": "LINE"
    }, 
    {
      "addresses": [
        {
          "street_name": "rue Saint-Denis", 
          "street_numbers": [
            "292"
          ]
        }
      ], 
      "box": [
        1086, 
        1580, 
        606, 
        40
      ], 
      "checked": false, 
      "id": 405, 
      "ner_xml": "<PER>Lamar\u00e9e</PER>,<LOC>rue Saint-Denis</LOC>,<CARDINAL>292</CARDINAL>.\n", 
      "origin": "computer", 
      "parent": 402, 
      "persons": [
        "Lamar\u00e9e"
      ], 
      "text_ocr": "Lamar\u00e9e , rue Saint-Denis, 292.\n", 
      "type": "ENTRY"
    }, 
    {
      "EOL": false, 
      "box": [
        1088, 
        1628, 
        752, 
        34
      ], 
      "id": 408, 
      "indented": true, 
      "parent": 407, 
      "text": "", 
      "type": "LINE"
    }, 
    {
      "addresses": [], 
      "box": [
        1088, 
        1628, 
        752, 
        34
      ], 
      "checked": false, 
      "id": 407, 
      "ner_xml": "<PER>Lecoifer- W'allez.etcordier.r.du Bac.3s</PER>.\n", 
      "origin": "computer", 
      "parent": 402, 
      "persons": [
        "Lecoifer- W'allez.etcordier.r.du Bac.3s"
      ], 
      "text_ocr": "Lecoifer- W'allez.etcordier.r.du Bac.3s.\n", 
      "type": "ENTRY"
    }, 
    {
      "box": [
        1076, 
        1536, 
        772, 
        126
      ], 
      "id": 402, 
      "parent": 401, 
      "type": "COLUMN_LEVEL_2"
    }, 
    {
      "box": [
        1076, 
        1536, 
        784, 
        126
      ], 
      "id": 401, 
      "parent": 399, 
      "type": "SECTION_LEVEL_2"
    }, 
    {
      "EOL": false, 
      "box": [
        1092, 
        1680, 
        568, 
        42
      ], 
      "id": 412, 
      "indented": false, 
      "parent": 411, 
      "text": "", 
      "type": "LINE"
    }, 
    {
      "addresses": [], 
      "box": [
        1092, 
        1680, 
        568, 
        42
      ], 
      "checked": false, 
      "id": 411, 
      "ner_xml": "<PER>Lef\u00e8vre</PER>,<ACT>rne Saint-Denis</ACT>,<CARDINAL>94</CARDINAL>.\n", 
      "origin": "computer", 
      "parent": 410, 
      "persons": [
        "Lef\u00e8vre"
      ], 
      "text_ocr": "Lef\u00e8vre, rne Saint-Denis, 94.\n", 
      "type": "ENTRY"
    }, 
    {
      "EOL": false, 
      "box": [
        1092, 
        1728, 
        756, 
        46
      ], 
      "id": 414, 
      "indented": true, 
      "parent": 413, 
      "text": "", 
      "type": "LINE"
    }, 
    {
      "EOL": false, 
      "box": [
        1140, 
        1770, 
        640, 
        38
      ], 
      "id": 415, 
      "indented": false, 
      "parent": 413, 
      "text": "", 
      "type": "LINE"
    }, 
    {
      "addresses": [
        {
          "street_name": "rue de la Barillerie", 
          "street_numbers": [
            "31"
          ]
        }
      ], 
      "box": [
        1092, 
        1728, 
        756, 
        80
      ], 
      "checked": false, 
      "id": 413, 
      "ner_xml": "<PER>Lef\u00e8vre , (L.-J.) fabr. pour le chateau des\nT'uileries</PER>,<LOC>rue de la Barillerie</LOC>,<CARDINAL>31</CARDINAL>,\n", 
      "origin": "computer", 
      "parent": 410, 
      "persons": [
        "Lef\u00e8vre , (L.-J.) fabr. pour le chateau des\nT'uileries"
      ], 
      "text_ocr": "Lef\u00e8vre , (L.-J.) fabr. pour le chateau des\nT'uileries, rue de la Barillerie, 31,\n", 
      "type": "ENTRY"
    }, 
    {
      "box": [
        1084, 
        1680, 
        772, 
        128
      ], 
      "id": 410, 
      "parent": 409, 
      "type": "COLUMN_LEVEL_2"
    }, 
    {
      "box": [
        1076, 
        1680, 
        784, 
        128
      ], 
      "id": 409, 
      "parent": 399, 
      "type": "SECTION_LEVEL_2"
    }, 
    {
      "EOL": false, 
      "box": [
        1096, 
        1822, 
        566, 
        40
      ], 
      "id": 419, 
      "indented": false, 
      "parent": 418, 
      "text": "", 
      "type": "LINE"
    }, 
    {
      "addresses": [
        {
          "street_name": "rue de Thionville", 
          "street_numbers": [
            "36"
          ]
        }
      ], 
      "box": [
        1096, 
        1822, 
        566, 
        40
      ], 
      "checked": false, 
      "id": 418, 
      "ner_xml": "<PER>Lejean</PER>,<LOC>rue de Thionville</LOC>,<CARDINAL>36</CARDINAL>.\n", 
      "origin": "computer", 
      "parent": 417, 
      "persons": [
        "Lejean"
      ], 
      "text_ocr": "Lejean, rue de Thionville, 36.\n", 
      "type": "ENTRY"
    }, 
    {
      "EOL": false, 
      "box": [
        1098, 
        1872, 
        734, 
        40
      ], 
      "id": 421, 
      "indented": true, 
      "parent": 420, 
      "text": "", 
      "type": "LINE"
    }, 
    {
      "addresses": [], 
      "box": [
        1098, 
        1872, 
        734, 
        40
      ], 
      "checked": false, 
      "id": 420, 
      "ner_xml": "<PER>Perrotin</PER>,<ACT>r. S.-Denis</ACT>,<CARDINAL>124</CARDINAL>, cour Batave.\n", 
      "origin": "computer", 
      "parent": 417, 
      "persons": [
        "Perrotin"
      ], 
      "text_ocr": "Perrotin,r. S.-Denis, 124, cour Batave.\n", 
      "type": "ENTRY"
    }, 
    {
      "EOL": false, 
      "box": [
        1098, 
        1924, 
        664, 
        40
      ], 
      "id": 423, 
      "indented": true, 
      "parent": 422, 
      "text": "", 
      "type": "LINE"
    }, 
    {
      "addresses": [], 
      "box": [
        1098, 
        1924, 
        664, 
        40
      ], 
      "checked": false, 
      "id": 422, 
      "ner_xml": "<PER>Pollet, (Ve.) rue Saint-Denis</PER>,<CARDINAL>304</CARDINAL>.\n", 
      "origin": "computer", 
      "parent": 417, 
      "persons": [
        "Pollet, (Ve.) rue Saint-Denis"
      ], 
      "text_ocr": "Pollet, (Ve.) rue Saint-Denis , 304.\n", 
      "type": "ENTRY"
    }, 
    {
      "EOL": false, 
      "box": [
        1100, 
        1974, 
        664, 
        38
      ], 
      "id": 425, 
      "indented": true, 
      "parent": 424, 
      "text": "", 
      "type": "LINE"
    }, 
    {
      "addresses": [
        {
          "street_name": "rue de la Mortellerie", 
          "street_numbers": [
            "815"
          ]
        }
      ], 
      "box": [
        1100, 
        1974, 
        664, 
        38
      ], 
      "checked": false, 
      "id": 424, 
      "ner_xml": "<PER>Raimond</PER>,<LOC>rue de la Mortellerie</LOC>,<CARDINAL>815</CARDINAL>.\n", 
      "origin": "computer", 
      "parent": 417, 
      "persons": [
        "Raimond"
      ], 
      "text_ocr": "Raimond , rue de la Mortellerie, 815.\n", 
      "type": "ENTRY"
    }, 
    {
      "EOL": false, 
      "box": [
        1104, 
        2016, 
        628, 
        30
      ], 
      "id": 427, 
      "indented": true, 
      "parent": 426, 
      "text": "", 
      "type": "LINE"
    }, 
    {
      "addresses": [], 
      "box": [
        1104, 
        2016, 
        628, 
        30
      ], 
      "checked": false, 
      "id": 426, 
      "ner_xml": "<PER>Ramo:sin</PER>. rue Saint-Martin.<CARDINAL>210</CARDINAL>.\n", 
      "origin": "computer", 
      "parent": 417, 
      "persons": [
        "Ramo:sin"
      ], 
      "text_ocr": "Ramo:sin. rue Saint-Martin. 210.\n", 
      "type": "ENTRY"
    }, 
    {
      "box": [
        1090, 
        1820, 
        750, 
        226
      ], 
      "id": 417, 
      "parent": 416, 
      "type": "COLUMN_LEVEL_2"
    }, 
    {
      "box": [
        1076, 
        1820, 
        784, 
        226
      ], 
      "id": 416, 
      "parent": 399, 
      "type": "SECTION_LEVEL_2"
    }, 
    {
      "EOL": false, 
      "box": [
        1104, 
        2064, 
        754, 
        46
      ], 
      "id": 431, 
      "indented": true, 
      "parent": 430, 
      "text": "", 
      "type": "LINE"
    }, 
    {
      "EOL": false, 
      "box": [
        1146, 
        2108, 
        712, 
        42
      ], 
      "id": 432, 
      "indented": false, 
      "parent": 430, 
      "text": "", 
      "type": "LINE"
    }, 
    {
      "EOL": false, 
      "box": [
        1150, 
        2150, 
        684, 
        32
      ], 
      "id": 433, 
      "indented": false, 
      "parent": 430, 
      "text": "", 
      "type": "LINE"
    }, 
    {
      "addresses": [
        {
          "street_name": "rue Saint-\nBeno\u00eet.", 
          "street_numbers": [
            "124"
          ]
        }
      ], 
      "box": [
        1104, 
        2064, 
        754, 
        118
      ], 
      "checked": false, 
      "id": 430, 
      "ner_xml": "<PER>Saunier</PER>,<ACT>fabr. de brosses de Lyon et pin-\nceaux pour des miniatures</ACT>,<LOC>rue Saint-\nBeno\u00eet.</LOC><CARDINAL>124</CARDINAL>faubourrc Saint-Germain.\n", 
      "origin": "computer", 
      "parent": 429, 
      "persons": [
        "Saunier"
      ], 
      "text_ocr": "Saunier, fabr. de brosses de Lyon et pin-\nceaux pour des miniatures, rue Saint-\nBeno\u00eet. 124 faubourrc Saint-Germain.\n", 
      "type": "ENTRY"
    }, 
    {
      "box": [
        1098, 
        2064, 
        762, 
        118
      ], 
      "id": 429, 
      "parent": 428, 
      "type": "COLUMN_LEVEL_2"
    }, 
    {
      "box": [
        1076, 
        2064, 
        784, 
        118
      ], 
      "id": 428, 
      "parent": 399, 
      "type": "SECTION_LEVEL_2"
    }, 
    {
      "EOL": false, 
      "box": [
        1106, 
        2204, 
        158, 
        36
      ], 
      "id": 437, 
      "indented": true, 
      "parent": 436, 
      "text": "", 
      "type": "LINE"
    }, 
    {
      "addresses": [], 
      "box": [
        1106, 
        2204, 
        158, 
        36
      ], 
      "checked": false, 
      "id": 436, 
      "ner_xml": "L'<ACT>ribont</ACT>,\n", 
      "origin": "computer", 
      "parent": 435, 
      "persons": [], 
      "text_ocr": "L'ribont,\n", 
      "type": "ENTRY"
    }, 
    {
      "box": [
        1098, 
        2198, 
        174, 
        46
      ], 
      "id": 435, 
      "parent": 434, 
      "type": "COLUMN_LEVEL_2"
    }, 
    {
      "EOL": false, 
      "box": [
        1290, 
        2202, 
        568, 
        40
      ], 
      "id": 440, 
      "indented": true, 
      "parent": 439, 
      "text": "", 
      "type": "LINE"
    }, 
    {
      "addresses": [], 
      "box": [
        1290, 
        2202, 
        568, 
        40
      ], 
      "checked": false, 
      "id": 439, 
      "ner_xml": "<PER>Ve.)r. du Faub.-S.-Honor\u00e9</PER>,<CARDINAL>68</CARDINAL>.\n", 
      "origin": "computer", 
      "parent": 438, 
      "persons": [
        "Ve.)r. du Faub.-S.-Honor\u00e9"
      ], 
      "text_ocr": "Ve.)r. du Faub.-S.-Honor\u00e9, 68.\n", 
      "type": "ENTRY"
    }, 
    {
      "box": [
        1282, 
        2198, 
        578, 
        46
      ], 
      "id": 438, 
      "parent": 434, 
      "type": "COLUMN_LEVEL_2"
    }, 
    {
      "box": [
        1076, 
        2198, 
        784, 
        46
      ], 
      "id": 434, 
      "parent": 399, 
      "type": "SECTION_LEVEL_2"
    }, 
    {
      "box": [
        1076, 
        1486, 
        784, 
        758
      ], 
      "id": 399, 
      "parent": 364, 
      "type": "COLUMN_LEVEL_1"
    }, 
    {
      "box": [
        246, 
        1486, 
        1614, 
        758
      ], 
      "id": 364, 
      "parent": 256, 
      "type": "SECTION_LEVEL_1"
    }, 
    {
      "box": [
        246, 
        2258, 
        1614, 
        38
      ], 
      "checked": false, 
      "id": 441, 
      "origin": "computer", 
      "parent": 256, 
      "text": "ceaux pour perdre , rue Neuv\u00e9-oait-  Vatlant,/abr.,r. AUDry-le-Boucher, 49:\n", 
      "type": "TITLE_LEVEL_1"
    }, 
    {
      "box": [
        246, 
        2304, 
        1614, 
        28
      ], 
      "checked": false, 
      "id": 442, 
      "origin": "computer", 
      "parent": 256, 
      "text": "Len13, 12. valiee s FUG Dainil- LI/=:Nni5, 274.\n", 
      "type": "TITLE_LEVEL_1"
    }, 
    {
      "box": [
        246, 
        2370, 
        1614, 
        40
      ], 
      "checked": false, 
      "id": 443, 
      "origin": "computer", 
      "parent": 256, 
      "text": "CANNES ET FOUETS, ({(FADR. ET MARCH. DE)\n", 
      "type": "TITLE_LEVEL_1"
    }, 
    {
      "EOL": false, 
      "box": [
        314, 
        2434, 
        752, 
        42
      ], 
      "id": 449, 
      "indented": false, 
      "parent": 448, 
      "text": "", 
      "type": "LINE"
    }, 
    {
      "EOL": false, 
      "box": [
        312, 
        2476, 
        484, 
        38
      ], 
      "id": 450, 
      "indented": false, 
      "parent": 448, 
      "text": "", 
      "type": "LINE"
    }, 
    {
      "addresses": [], 
      "box": [
        312, 
        2434, 
        754, 
        80
      ], 
      "checked": false, 
      "id": 448, 
      "ner_xml": "<PER>Aubert, (Mad.)pourtourda th\u00e9atre Franc.\nBidault</PER>,<ACT>r. S.-Martin</ACT>,<CARDINAL>345</CARDINAL>.\n", 
      "origin": "computer", 
      "parent": 447, 
      "persons": [
        "Aubert, (Mad.)pourtourda th\u00e9atre Franc.\nBidault"
      ], 
      "text_ocr": "Aubert, (Mad.)pourtourda th\u00e9atre Franc.\nBidault, r. S.-Martin, 345.\n", 
      "type": "ENTRY"
    }, 
    {
      "box": [
        304, 
        2434, 
        770, 
        80
      ], 
      "id": 447, 
      "parent": 446, 
      "type": "COLUMN_LEVEL_2"
    }, 
    {
      "box": [
        304, 
        2434, 
        770, 
        80
      ], 
      "id": 446, 
      "parent": 445, 
      "type": "SECTION_LEVEL_2"
    }, 
    {
      "box": [
        304, 
        2434, 
        770, 
        86
      ], 
      "id": 445, 
      "parent": 444, 
      "type": "COLUMN_LEVEL_1"
    }, 
    {
      "EOL": false, 
      "box": [
        1120, 
        2434, 
        478, 
        40
      ], 
      "id": 455, 
      "indented": false, 
      "parent": 454, 
      "text": "", 
      "type": "LINE"
    }, 
    {
      "addresses": [], 
      "box": [
        1120, 
        2434, 
        478, 
        40
      ], 
      "checked": false, 
      "id": 454, 
      "ner_xml": "<PER>Henry</PER>,<ACT>r. S.-Martin</ACT>,<CARDINAL>206</CARDINAL>.\n", 
      "origin": "computer", 
      "parent": 453, 
      "persons": [
        "Henry"
      ], 
      "text_ocr": "Henry, r. S.-Martin, 206.\n", 
      "type": "ENTRY"
    }, 
    {
      "EOL": false, 
      "box": [
        1120, 
        2462, 
        740, 
        56
      ], 
      "id": 457, 
      "indented": true, 
      "parent": 456, 
      "text": "", 
      "type": "LINE"
    }, 
    {
      "addresses": [], 
      "box": [
        1120, 
        2462, 
        740, 
        56
      ], 
      "checked": false, 
      "id": 456, 
      "ner_xml": "<PER>Henry</PER>, Palais-Roval,<ACT>pal. de pierre</ACT>,<CARDINAL>24</CARDINAL>\n", 
      "origin": "computer", 
      "parent": 453, 
      "persons": [
        "Henry"
      ], 
      "text_ocr": "Henry, Palais-Roval, pal. de pierre, 24\n", 
      "type": "ENTRY"
    }, 
    {
      "box": [
        1112, 
        2434, 
        748, 
        84
      ], 
      "id": 453, 
      "parent": 452, 
      "type": "COLUMN_LEVEL_2"
    }, 
    {
      "box": [
        1112, 
        2434, 
        748, 
        84
      ], 
      "id": 452, 
      "parent": 451, 
      "type": "SECTION_LEVEL_2"
    }, 
    {
      "box": [
        1112, 
        2434, 
        748, 
        86
      ], 
      "id": 451, 
      "parent": 444, 
      "type": "COLUMN_LEVEL_1"
    }, 
    {
      "box": [
        246, 
        2434, 
        1614, 
        86
      ], 
      "id": 444, 
      "parent": 256, 
      "type": "SECTION_LEVEL_1"
    }, 
    {
      "EOL": false, 
      "box": [
        314, 
        2528, 
        756, 
        44
      ], 
      "id": 463, 
      "indented": false, 
      "parent": 462, 
      "text": "", 
      "type": "LINE"
    }, 
    {
      "EOL": false, 
      "box": [
        316, 
        2580, 
        474, 
        32
      ], 
      "id": 464, 
      "indented": false, 
      "parent": 462, 
      "text": "", 
      "type": "LINE"
    }, 
    {
      "addresses": [
        {
          "street_name": "Cailly", 
          "street_numbers": []
        }, 
        {
          "street_name": "P.-Royal,gai. de pierre,7", 
          "street_numbers": [
            "260"
          ]
        }
      ], 
      "box": [
        314, 
        2528, 
        756, 
        84
      ], 
      "checked": false, 
      "id": 462, 
      "ner_xml": "<LOC>Cailly</LOC>,<ACT>ctarmes</ACT>,<LOC>P.-Royal,gai. de pierre,7</LOC>.\nCasca.<ACT>r. S.-Martin.</ACT>,<CARDINAL>260</CARDINAL>.\n", 
      "origin": "computer", 
      "parent": 461, 
      "persons": [], 
      "text_ocr": "Cailly,ctarmes,P.-Royal,gai. de pierre,7.\nCasca. r. S.-Martin., 260.\n", 
      "type": "ENTRY"
    }, 
    {
      "box": [
        306, 
        2528, 
        772, 
        84
      ], 
      "id": 461, 
      "parent": 460, 
      "type": "COLUMN_LEVEL_2"
    }, 
    {
      "box": [
        306, 
        2528, 
        772, 
        84
      ], 
      "id": 460, 
      "parent": 459, 
      "type": "SECTION_LEVEL_2"
    }, 
    {
      "box": [
        306, 
        2528, 
        772, 
        84
      ], 
      "id": 459, 
      "parent": 458, 
      "type": "COLUMN_LEVEL_1"
    }, 
    {
      "EOL": false, 
      "box": [
        1120, 
        2532, 
        464, 
        38
      ], 
      "id": 469, 
      "indented": false, 
      "parent": 468, 
      "text": "", 
      "type": "LINE"
    }, 
    {
      "addresses": [], 
      "box": [
        1120, 
        2532, 
        464, 
        38
      ], 
      "checked": false, 
      "id": 468, 
      "ner_xml": "<PER>Houelle</PER>,<ACT>r. au Maire</ACT>,<CARDINAL>51</CARDINAL>.\n", 
      "origin": "computer", 
      "parent": 467, 
      "persons": [
        "Houelle"
      ], 
      "text_ocr": "Houelle, r. au Maire, 51.\n", 
      "type": "ENTRY"
    }, 
    {
      "EOL": false, 
      "box": [
        1124, 
        2574, 
        524, 
        32
      ], 
      "id": 471, 
      "indented": true, 
      "parent": 470, 
      "text": "", 
      "type": "LINE"
    }, 
    {
      "addresses": [
        {
          "street_name": "r. Boure-l\u2019Abbhe\u00e9.", 
          "street_numbers": [
            "34"
          ]
        }
      ], 
      "box": [
        1124, 
        2574, 
        524, 
        32
      ], 
      "checked": false, 
      "id": 470, 
      "ner_xml": "<PER>Jutard</PER>.<LOC>r. Boure-l\u2019Abbhe\u00e9.</LOC><CARDINAL>34</CARDINAL>.\n", 
      "origin": "computer", 
      "parent": 467, 
      "persons": [
        "Jutard"
      ], 
      "text_ocr": "Jutard. r. Boure-l\u2019Abbhe\u00e9. 34.\n", 
      "type": "ENTRY"
    }, 
    {
      "box": [
        1112, 
        2530, 
        544, 
        76
      ], 
      "id": 467, 
      "parent": 466, 
      "type": "COLUMN_LEVEL_2"
    }, 
    {
      "box": [
        1112, 
        2530, 
        544, 
        76
      ], 
      "id": 466, 
      "parent": 465, 
      "type": "SECTION_LEVEL_2"
    }, 
    {
      "box": [
        1112, 
        2528, 
        544, 
        84
      ], 
      "id": 465, 
      "parent": 458, 
      "type": "COLUMN_LEVEL_1"
    }, 
    {
      "box": [
        246, 
        2528, 
        1614, 
        84
      ], 
      "id": 458, 
      "parent": 256, 
      "type": "SECTION_LEVEL_1"
    }, 
    {
      "EOL": false, 
      "box": [
        318, 
        2628, 
        752, 
        42
      ], 
      "id": 477, 
      "indented": true, 
      "parent": 476, 
      "text": "", 
      "type": "LINE"
    }, 
    {
      "EOL": false, 
      "box": [
        324, 
        2672, 
        748, 
        40
      ], 
      "id": 478, 
      "indented": false, 
      "parent": 476, 
      "text": "", 
      "type": "LINE"
    }, 
    {
      "EOL": false, 
      "box": [
        318, 
        2714, 
        636, 
        42
      ], 
      "id": 479, 
      "indented": false, 
      "parent": 476, 
      "text": "", 
      "type": "LINE"
    }, 
    {
      "addresses": [
        {
          "street_name": "Palais-Roy., pal. de pierre", 
          "street_numbers": [
            "195"
          ]
        }, 
        {
          "street_name": "r. S.-Martin", 
          "street_numbers": [
            "95"
          ]
        }
      ], 
      "box": [
        318, 
        2628, 
        754, 
        128
      ], 
      "checked": false, 
      "id": 476, 
      "ner_xml": "<PER>Dumuis</PER>,<PER>Pala\u00efis-Royal. gal. de pierre,118</PER>.\nGournet,<LOC>Palais-Roy., pal. de pierre</LOC>,<CARDINAL>195</CARDINAL>.\nGaillereau, (Ve.})<LOC>r. S.-Martin</LOC>,<CARDINAL>95</CARDINAL>. .\n", 
      "origin": "computer", 
      "parent": 475, 
      "persons": [
        "Dumuis", 
        "Pala\u00efis-Royal. gal. de pierre,118"
      ], 
      "text_ocr": "Dumuis, Pala\u00efis-Royal. gal. de pierre,118.\nGournet, Palais-Roy., pal. de pierre, 195.\nGaillereau, (Ve.}) r. S.-Martin, 95. .\n", 
      "type": "ENTRY"
    }, 
    {
      "box": [
        310, 
        2628, 
        770, 
        128
      ], 
      "id": 475, 
      "parent": 474, 
      "type": "COLUMN_LEVEL_2"
    }, 
    {
      "box": [
        310, 
        2628, 
        770, 
        128
      ], 
      "id": 474, 
      "parent": 473, 
      "type": "SECTION_LEVEL_2"
    }, 
    {
      "box": [
        310, 
        2628, 
        770, 
        128
      ], 
      "id": 473, 
      "parent": 472, 
      "type": "COLUMN_LEVEL_1"
    }, 
    {
      "box": [
        1114, 
        2628, 
        746, 
        32
      ], 
      "checked": false, 
      "id": 481, 
      "origin": "computer", 
      "parent": 480, 
      "text": "Laurent, el tablet., Fal.-ROVal, galerie qd\n", 
      "type": "TITLE_LEVEL_2"
    }, 
    {
      "EOL": false, 
      "box": [
        1168, 
        2672, 
        188, 
        32
      ], 
      "id": 485, 
      "indented": false, 
      "parent": 484, 
      "text": "", 
      "type": "LINE"
    }, 
    {
      "addresses": [], 
      "box": [
        1168, 
        2672, 
        188, 
        32
      ], 
      "checked": false, 
      "id": 484, 
      "ner_xml": "<ACT>pierre</ACT>, J0.\n", 
      "origin": "computer", 
      "parent": 483, 
      "persons": [], 
      "text_ocr": "pierre, J0.\n", 
      "type": "ENTRY"
    }, 
    {
      "EOL": false, 
      "box": [
        1120, 
        2708, 
        598, 
        40
      ], 
      "id": 487, 
      "indented": true, 
      "parent": 486, 
      "text": "", 
      "type": "LINE"
    }, 
    {
      "addresses": [
        {
          "street_name": "Jean-Robert", 
          "street_numbers": [
            "19"
          ]
        }
      ], 
      "box": [
        1120, 
        2708, 
        598, 
        40
      ], 
      "checked": false, 
      "id": 486, 
      "ner_xml": "<PER>Maillet a\u00een\u00e9</PER>,<ACT>r,</ACT>.<LOC>Jean-Robert</LOC>,<CARDINAL>19</CARDINAL>:\n", 
      "origin": "computer", 
      "parent": 483, 
      "persons": [
        "Maillet a\u00een\u00e9"
      ], 
      "text_ocr": "Maillet a\u00een\u00e9, r,. Jean-Robert, 19:\n", 
      "type": "ENTRY"
    }, 
    {
      "box": [
        1114, 
        2672, 
        612, 
        76
      ], 
      "id": 483, 
      "parent": 482, 
      "type": "COLUMN_LEVEL_2"
    }, 
    {
      "box": [
        1114, 
        2672, 
        746, 
        76
      ], 
      "id": 482, 
      "parent": 480, 
      "type": "SECTION_LEVEL_2"
    }, 
    {
      "box": [
        1114, 
        2628, 
        746, 
        128
      ], 
      "id": 480, 
      "parent": 472, 
      "type": "COLUMN_LEVEL_1"
    }, 
    {
      "box": [
        246, 
        2628, 
        1614, 
        128
      ], 
      "id": 472, 
      "parent": 256, 
      "type": "SECTION_LEVEL_1"
    }, 
    {
      "box": [
        246, 
        214, 
        1614, 
        2542
      ], 
      "id": 256, 
      "type": "PAGE"
    }
  ], 
  "mode": "cached"
}
