[
  {
    "EOL": false,
    "box": [
      566,
      166,
      324,
      48
    ],
    "id": 262,
    "indented": true,
    "parent": 261,
    "text": "",
    "type": "LINE"
  },
  {
    "addresses": [],
    "box": [
      566,
      166,
      324,
      48
    ],
    "checked": false,
    "id": 261,
    "ner_xml": "Principaux\n",
    "origin": "computer",
    "parent": 260,
    "persons": [],
    "text_ocr": "Principaux\n",
    "type": "ENTRY"
  },
  {
    "box": [
      558,
      158,
      340,
      56
    ],
    "id": 260,
    "parent": 259,
    "type": "COLUMN_LEVEL_2"
  },
  {
    "box": [
      558,
      158,
      340,
      56
    ],
    "id": 259,
    "parent": 258,
    "type": "SECTION_LEVEL_2"
  },
  {
    "box": [
      558,
      158,
      340,
      56
    ],
    "id": 258,
    "parent": 257,
    "type": "COLUMN_LEVEL_1"
  },
  {
    "EOL": false,
    "box": [
      914,
      160,
      258,
      46
    ],
    "id": 267,
    "indented": true,
    "parent": 266,
    "text": "",
    "type": "LINE"
  },
  {
    "addresses": [],
    "box": [
      914,
      160,
      258,
      46
    ],
    "checked": false,
    "id": 266,
    "ner_xml": "<PER>Habitans\n</PER>",
    "origin": "computer",
    "parent": 265,
    "persons": [
      "Habitans\n"
    ],
    "text_ocr": "Habitans\n",
    "type": "ENTRY"
  },
  {
    "box": [
      906,
      158,
      274,
      52
    ],
    "id": 265,
    "parent": 264,
    "type": "COLUMN_LEVEL_2"
  },
  {
    "box": [
      906,
      158,
      274,
      52
    ],
    "id": 264,
    "parent": 263,
    "type": "SECTION_LEVEL_2"
  },
  {
    "box": [
      906,
      158,
      274,
      56
    ],
    "id": 263,
    "parent": 257,
    "type": "COLUMN_LEVEL_1"
  },
  {
    "EOL": false,
    "box": [
      1194,
      160,
      64,
      46
    ],
    "id": 272,
    "indented": true,
    "parent": 271,
    "text": "",
    "type": "LINE"
  },
  {
    "addresses": [],
    "box": [
      1194,
      160,
      64,
      46
    ],
    "checked": false,
    "id": 271,
    "ner_xml": "de\n",
    "origin": "computer",
    "parent": 270,
    "persons": [],
    "text_ocr": "de\n",
    "type": "ENTRY"
  },
  {
    "box": [
      1186,
      158,
      80,
      52
    ],
    "id": 270,
    "parent": 269,
    "type": "COLUMN_LEVEL_2"
  },
  {
    "box": [
      1186,
      158,
      80,
      52
    ],
    "id": 269,
    "parent": 268,
    "type": "SECTION_LEVEL_2"
  },
  {
    "box": [
      1186,
      158,
      80,
      56
    ],
    "id": 268,
    "parent": 257,
    "type": "COLUMN_LEVEL_1"
  },
  {
    "EOL": false,
    "box": [
      1286,
      160,
      158,
      48
    ],
    "id": 277,
    "indented": true,
    "parent": 276,
    "text": "",
    "type": "LINE"
  },
  {
    "EOL": false,
    "box": [
      1280,
      200,
      4,
      8
    ],
    "id": 278,
    "indented": false,
    "parent": 276,
    "text": "",
    "type": "LINE"
  },
  {
    "addresses": [
      {
        "street_name": "Paris",
        "street_numbers": []
      }
    ],
    "box": [
      1280,
      160,
      164,
      48
    ],
    "checked": false,
    "id": 276,
    "ner_xml": "<LOC>Paris</LOC>.\n",
    "origin": "computer",
    "parent": 275,
    "persons": [],
    "text_ocr": "Paris.\n",
    "type": "ENTRY"
  },
  {
    "box": [
      1272,
      158,
      180,
      54
    ],
    "id": 275,
    "parent": 274,
    "type": "COLUMN_LEVEL_2"
  },
  {
    "box": [
      1272,
      158,
      180,
      54
    ],
    "id": 274,
    "parent": 273,
    "type": "SECTION_LEVEL_2"
  },
  {
    "box": [
      1272,
      158,
      180,
      56
    ],
    "id": 273,
    "parent": 257,
    "type": "COLUMN_LEVEL_1"
  },
  {
    "EOL": false,
    "box": [
      1712,
      162,
      96,
      50
    ],
    "id": 283,
    "indented": true,
    "parent": 282,
    "text": "",
    "type": "LINE"
  },
  {
    "addresses": [],
    "box": [
      1712,
      162,
      96,
      50
    ],
    "checked": false,
    "id": 282,
    "ner_xml": "<CARDINAL>55</CARDINAL>\n",
    "origin": "computer",
    "parent": 281,
    "persons": [],
    "text_ocr": "55\n",
    "type": "ENTRY"
  },
  {
    "box": [
      1704,
      158,
      112,
      54
    ],
    "id": 281,
    "parent": 280,
    "type": "COLUMN_LEVEL_2"
  },
  {
    "box": [
      1704,
      158,
      112,
      54
    ],
    "id": 280,
    "parent": 279,
    "type": "SECTION_LEVEL_2"
  },
  {
    "box": [
      1704,
      158,
      112,
      56
    ],
    "id": 279,
    "parent": 257,
    "type": "COLUMN_LEVEL_1"
  },
  {
    "box": [
      218,
      158,
      1626,
      56
    ],
    "id": 257,
    "parent": 256,
    "type": "SECTION_LEVEL_1"
  },
  {
    "EOL": false,
    "box": [
      218,
      240,
      702,
      44
    ],
    "id": 289,
    "indented": false,
    "parent": 288,
    "text": "",
    "type": "LINE"
  },
  {
    "addresses": [],
    "box": [
      218,
      240,
      702,
      44
    ],
    "checked": false,
    "id": 288,
    "ner_xml": "<PER>Bertrand, (Le comte) rue Duphot</PER>,<CARDINAL>11</CARDINAL>°\n",
    "origin": "computer",
    "parent": 287,
    "persons": [
      "Bertrand, (Le comte) rue Duphot"
    ],
    "text_ocr": "Bertrand, (Le comte) rue Duphot, 11°\n",
    "type": "ENTRY"
  },
  {
    "EOL": false,
    "box": [
      218,
      282,
      658,
      42
    ],
    "id": 291,
    "indented": true,
    "parent": 290,
    "text": "",
    "type": "LINE"
  },
  {
    "addresses": [
      {
        "street_name": "r. Lepelletier",
        "street_numbers": [
          "6"
        ]
      }
    ],
    "box": [
      218,
      282,
      658,
      42
    ],
    "checked": false,
    "id": 290,
    "ner_xml": "<PER>Bertrand-Barrère</PER>,<LOC>r. Lepelletier</LOC>,<CARDINAL>6</CARDINAL>.\n",
    "origin": "computer",
    "parent": 287,
    "persons": [
      "Bertrand-Barrère"
    ],
    "text_ocr": "Bertrand-Barrère, r. Lepelletier, 6.\n",
    "type": "ENTRY"
  },
  {
    "EOL": false,
    "box": [
      220,
      326,
      592,
      44
    ],
    "id": 293,
    "indented": true,
    "parent": 292,
    "text": "",
    "type": "LINE"
  },
  {
    "addresses": [
      {
        "street_name": "rue des Jeuneurs",
        "street_numbers": [
          "3"
        ]
      }
    ],
    "box": [
      220,
      326,
      592,
      44
    ],
    "checked": false,
    "id": 292,
    "ner_xml": "<TITRE>Bertrand</TITRE>,<LOC>rue des Jeuneurs</LOC>,<CARDINAL>3</CARDINAL>.\n",
    "origin": "computer",
    "parent": 287,
    "persons": [],
    "text_ocr": "Bertrand, rue des Jeuneurs, 3.\n",
    "type": "ENTRY"
  },
  {
    "EOL": false,
    "box": [
      218,
      366,
      764,
      46
    ],
    "id": 295,
    "indented": true,
    "parent": 294,
    "text": "",
    "type": "LINE"
  },
  {
    "EOL": false,
    "box": [
      268,
      416,
      376,
      40
    ],
    "id": 296,
    "indented": false,
    "parent": 294,
    "text": "",
    "type": "LINE"
  },
  {
    "addresses": [],
    "box": [
      218,
      366,
      764,
      90
    ],
    "checked": false,
    "id": 294,
    "ner_xml": "<PER>Bervic</PER>,<ACT>membre de l'Institut</ACT>,<ACT>r. de Gre-\nnelle-S.-Honoré</ACT>,<CARDINAL>47</CARDINAL>.\n",
    "origin": "computer",
    "parent": 287,
    "persons": [
      "Bervic"
    ],
    "text_ocr": "Bervic, membre de l'Institut, r. de Gre-\nnelle-S.-Honoré, 47.\n",
    "type": "ENTRY"
  },
  {
    "EOL": false,
    "box": [
      224,
      456,
      562,
      44
    ],
    "id": 298,
    "indented": true,
    "parent": 297,
    "text": "",
    "type": "LINE"
  },
  {
    "addresses": [
      {
        "street_name": "r. J.-J.-Rousseau",
        "street_numbers": [
          "5"
        ]
      }
    ],
    "box": [
      224,
      456,
      562,
      44
    ],
    "checked": false,
    "id": 297,
    "ner_xml": "<PER>Besnard</PER>,<LOC>r. J.-J.-Rousseau</LOC>,<CARDINAL>5</CARDINAL>.\n",
    "origin": "computer",
    "parent": 287,
    "persons": [
      "Besnard"
    ],
    "text_ocr": "Besnard, r. J.-J.-Rousseau, 5.\n",
    "type": "ENTRY"
  },
  {
    "EOL": false,
    "box": [
      226,
      498,
      760,
      46
    ],
    "id": 300,
    "indented": true,
    "parent": 299,
    "text": "",
    "type": "LINE"
  },
  {
    "EOL": false,
    "box": [
      274,
      540,
      580,
      44
    ],
    "id": 301,
    "indented": false,
    "parent": 299,
    "text": "",
    "type": "LINE"
  },
  {
    "addresses": [
      {
        "street_name": "rue\nNotre-Dame-des-Victoires",
        "street_numbers": [
          "22"
        ]
      }
    ],
    "box": [
      226,
      498,
      760,
      86
    ],
    "checked": false,
    "id": 299,
    "ner_xml": "<PER>Besson</PER>,<ACT>membre du Corps-Législatif</ACT>,<LOC>rue\nNotre-Dame-des-Victoires</LOC>,<CARDINAL>22</CARDINAL>.\n",
    "origin": "computer",
    "parent": 287,
    "persons": [
      "Besson"
    ],
    "text_ocr": "Besson, membre du Corps-Législatif, rue\nNotre-Dame-des-Victoires, 22.\n",
    "type": "ENTRY"
  },
  {
    "EOL": false,
    "box": [
      226,
      586,
      446,
      38
    ],
    "id": 303,
    "indented": true,
    "parent": 302,
    "text": "",
    "type": "LINE"
  },
  {
    "addresses": [
      {
        "street_name": "r. Helvétiins",
        "street_numbers": [
          "23"
        ]
      }
    ],
    "box": [
      226,
      586,
      446,
      38
    ],
    "checked": false,
    "id": 302,
    "ner_xml": "<PER>Besson</PER>,<LOC>r. Helvétiins</LOC>,<CARDINAL>23</CARDINAL>.\n",
    "origin": "computer",
    "parent": 287,
    "persons": [
      "Besson"
    ],
    "text_ocr": "Besson, r. Helvétiins, 23.\n",
    "type": "ENTRY"
  },
  {
    "EOL": false,
    "box": [
      228,
      632,
      502,
      40
    ],
    "id": 305,
    "indented": true,
    "parent": 304,
    "text": "",
    "type": "LINE"
  },
  {
    "addresses": [
      {
        "street_name": "quai de l'Ecole",
        "street_numbers": [
          "22"
        ]
      }
    ],
    "box": [
      228,
      632,
      502,
      40
    ],
    "checked": false,
    "id": 304,
    "ner_xml": "<PER>Besson</PER>,<LOC>quai de l'Ecole</LOC>,<CARDINAL>22</CARDINAL>.\n",
    "origin": "computer",
    "parent": 287,
    "persons": [
      "Besson"
    ],
    "text_ocr": "Besson, quai de l'Ecole, 22.\n",
    "type": "ENTRY"
  },
  {
    "EOL": false,
    "box": [
      228,
      674,
      432,
      40
    ],
    "id": 307,
    "indented": true,
    "parent": 306,
    "text": "",
    "type": "LINE"
  },
  {
    "addresses": [],
    "box": [
      228,
      674,
      432,
      40
    ],
    "checked": false,
    "id": 306,
    "ner_xml": "<PER>Bethnon</PER>,<ACT>r. du Jour</ACT>,<CARDINAL>1</CARDINAL>g.\n",
    "origin": "computer",
    "parent": 287,
    "persons": [
      "Bethnon"
    ],
    "text_ocr": "Bethnon, r. du Jour, 1g.\n",
    "type": "ENTRY"
  },
  {
    "EOL": false,
    "box": [
      230,
      716,
      538,
      40
    ],
    "id": 309,
    "indented": true,
    "parent": 308,
    "text": "",
    "type": "LINE"
  },
  {
    "addresses": [],
    "box": [
      230,
      716,
      538,
      40
    ],
    "checked": false,
    "id": 308,
    "ner_xml": "<PER>Béthune, (De) r. de Lille</PER>,<CARDINAL>30</CARDINAL>.\n",
    "origin": "computer",
    "parent": 287,
    "persons": [
      "Béthune, (De) r. de Lille"
    ],
    "text_ocr": "Béthune, (De) r. de Lille, 30.\n",
    "type": "ENTRY"
  },
  {
    "EOL": false,
    "box": [
      230,
      756,
      732,
      46
    ],
    "id": 311,
    "indented": true,
    "parent": 310,
    "text": "",
    "type": "LINE"
  },
  {
    "addresses": [],
    "box": [
      230,
      756,
      732,
      46
    ],
    "checked": false,
    "id": 310,
    "ner_xml": "Béthune<PER>, (Ve. de) r. S.-Guillaume</PER>,<CARDINAL>20</CARDINAL>.\n",
    "origin": "computer",
    "parent": 287,
    "persons": [
      ", (Ve. de) r. S.-Guillaume"
    ],
    "text_ocr": "Béthune, (Ve. de) r. S.-Guillaume, 20.\n",
    "type": "ENTRY"
  },
  {
    "EOL": false,
    "box": [
      232,
      800,
      760,
      46
    ],
    "id": 313,
    "indented": true,
    "parent": 312,
    "text": "",
    "type": "LINE"
  },
  {
    "EOL": false,
    "box": [
      274,
      842,
      420,
      44
    ],
    "id": 314,
    "indented": false,
    "parent": 312,
    "text": "",
    "type": "LINE"
  },
  {
    "addresses": [],
    "box": [
      232,
      800,
      760,
      86
    ],
    "checked": false,
    "id": 312,
    "ner_xml": "<PER>Beugnot, (Le comte) conseiller d'Etat</PER>,\nr. Grange-<ACT>Batelière</ACT>,<CARDINAL>8</CARDINAL>.\n",
    "origin": "computer",
    "parent": 287,
    "persons": [
      "Beugnot, (Le comte) conseiller d'Etat"
    ],
    "text_ocr": "Beugnot, (Le comte) conseiller d'Etat,\nr. Grange-Batelière, 8.\n",
    "type": "ENTRY"
  },
  {
    "EOL": false,
    "box": [
      232,
      888,
      762,
      42
    ],
    "id": 316,
    "indented": true,
    "parent": 315,
    "text": "",
    "type": "LINE"
  },
  {
    "EOL": false,
    "box": [
      278,
      930,
      400,
      40
    ],
    "id": 317,
    "indented": false,
    "parent": 315,
    "text": "",
    "type": "LINE"
  },
  {
    "addresses": [
      {
        "street_name": "r. du\nFaub.-S.-Honoré",
        "street_numbers": [
          "5x"
        ]
      }
    ],
    "box": [
      232,
      888,
      762,
      82
    ],
    "checked": false,
    "id": 315,
    "ner_xml": "Beurnoaville, (Le comte)<ACT>sénateur</ACT>,<LOC>r. du\nFaub.-S.-Honoré</LOC>,<CARDINAL>5x</CARDINAL>.\n",
    "origin": "computer",
    "parent": 287,
    "persons": [],
    "text_ocr": "Beurnoaville, (Le comte) sénateur, r. du\nFaub.-S.-Honoré, 5x.\n",
    "type": "ENTRY"
  },
  {
    "EOL": false,
    "box": [
      234,
      974,
      762,
      36
    ],
    "id": 319,
    "indented": true,
    "parent": 318,
    "text": "",
    "type": "LINE"
  },
  {
    "addresses": [],
    "box": [
      234,
      974,
      762,
      36
    ],
    "checked": false,
    "id": 318,
    "ner_xml": "<CARDINAL>Beuvron</CARDINAL>.<PER>(Mad. de} r. de Grenelle - Saint-\n</PER>",
    "origin": "computer",
    "parent": 287,
    "persons": [
      "(Mad. de} r. de Grenelle - Saint-\n"
    ],
    "text_ocr": "Beuvron. (Mad. de} r. de Grenelle - Saint-\n",
    "type": "ENTRY"
  },
  {
    "box": [
      218,
      238,
      782,
      772
    ],
    "id": 287,
    "parent": 286,
    "type": "COLUMN_LEVEL_2"
  },
  {
    "box": [
      218,
      238,
      782,
      772
    ],
    "id": 286,
    "parent": 285,
    "type": "SECTION_LEVEL_2"
  },
  {
    "box": [
      218,
      238,
      782,
      772
    ],
    "id": 285,
    "parent": 284,
    "type": "COLUMN_LEVEL_1"
  },
  {
    "EOL": false,
    "box": [
      1032,
      238,
      770,
      38
    ],
    "id": 324,
    "indented": true,
    "parent": 323,
    "text": "",
    "type": "LINE"
  },
  {
    "addresses": [],
    "box": [
      1032,
      238,
      770,
      38
    ],
    "checked": false,
    "id": 323,
    "ner_xml": "Bodiment, (Gabriel)<ACT>r. du Port-Wahon</ACT>, x<CARDINAL>2</CARDINAL>.\n",
    "origin": "computer",
    "parent": 322,
    "persons": [],
    "text_ocr": "Bodiment, (Gabriel) r. du Port-Wahon, x 2.\n",
    "type": "ENTRY"
  },
  {
    "EOL": false,
    "box": [
      1034,
      278,
      768,
      44
    ],
    "id": 326,
    "indented": true,
    "parent": 325,
    "text": "",
    "type": "LINE"
  },
  {
    "addresses": [],
    "box": [
      1034,
      278,
      768,
      44
    ],
    "checked": false,
    "id": 325,
    "ner_xml": "<PER>Bocquet, (L.) r. du Faub.-Poissonnière</PER>,<CARDINAL>3</CARDINAL>.\n",
    "origin": "computer",
    "parent": 322,
    "persons": [
      "Bocquet, (L.) r. du Faub.-Poissonnière"
    ],
    "text_ocr": "Bocquet, (L.) r. du Faub.-Poissonnière, 3.\n",
    "type": "ENTRY"
  },
  {
    "EOL": false,
    "box": [
      1038,
      322,
      770,
      44
    ],
    "id": 328,
    "indented": true,
    "parent": 327,
    "text": "",
    "type": "LINE"
  },
  {
    "addresses": [],
    "box": [
      1038,
      322,
      770,
      44
    ],
    "checked": false,
    "id": 327,
    "ner_xml": "<PER>Boignes, (De})r. Neuve-des-Mathurins</PER>,<CARDINAL>22</CARDINAL>.\n",
    "origin": "computer",
    "parent": 322,
    "persons": [
      "Boignes, (De})r. Neuve-des-Mathurins"
    ],
    "text_ocr": "Boignes, (De})r. Neuve-des-Mathurins, 22.\n",
    "type": "ENTRY"
  },
  {
    "EOL": false,
    "box": [
      1038,
      364,
      770,
      48
    ],
    "id": 330,
    "indented": true,
    "parent": 329,
    "text": "",
    "type": "LINE"
  },
  {
    "EOL": false,
    "box": [
      1082,
      410,
      554,
      38
    ],
    "id": 331,
    "indented": false,
    "parent": 329,
    "text": "",
    "type": "LINE"
  },
  {
    "addresses": [
      {
        "street_name": "rue\nSaint-Thomas-du-Louvre",
        "street_numbers": [
          "15"
        ]
      }
    ],
    "box": [
      1038,
      364,
      770,
      84
    ],
    "checked": false,
    "id": 329,
    "ner_xml": "<PER>Boirot</PER>,<ACT>membre du Corps-Législatif</ACT>,<LOC>rue\nSaint-Thomas-du-Louvre</LOC>,<CARDINAL>15</CARDINAL>.\n",
    "origin": "computer",
    "parent": 322,
    "persons": [
      "Boirot"
    ],
    "text_ocr": "Boirot, membre du Corps-Législatif, rue\nSaint-Thomas-du-Louvre, 15.\n",
    "type": "ENTRY"
  },
  {
    "EOL": false,
    "box": [
      1036,
      454,
      770,
      40
    ],
    "id": 333,
    "indented": true,
    "parent": 332,
    "text": "",
    "type": "LINE"
  },
  {
    "EOL": false,
    "box": [
      1086,
      494,
      308,
      40
    ],
    "id": 334,
    "indented": false,
    "parent": 332,
    "text": "",
    "type": "LINE"
  },
  {
    "addresses": [
      {
        "street_name": "rue\ndes Billettes",
        "street_numbers": [
          "16"
        ]
      }
    ],
    "box": [
      1036,
      454,
      770,
      80
    ],
    "checked": false,
    "id": 332,
    "ner_xml": "<PER>Boisard</PER>,<ACT>pasteur du culte luthérien</ACT>,<LOC>rue\ndes Billettes</LOC>,<CARDINAL>16</CARDINAL>.\n",
    "origin": "computer",
    "parent": 322,
    "persons": [
      "Boisard"
    ],
    "text_ocr": "Boisard, pasteur du culte luthérien, rue\ndes Billettes, 16.\n",
    "type": "ENTRY"
  },
  {
    "EOL": false,
    "box": [
      1038,
      540,
      748,
      42
    ],
    "id": 336,
    "indented": true,
    "parent": 335,
    "text": "",
    "type": "LINE"
  },
  {
    "addresses": [],
    "box": [
      1038,
      540,
      748,
      42
    ],
    "checked": false,
    "id": 335,
    "ner_xml": "<PER>Boisconteau. (De) r. de l’Arbre-Sec</PER>,<CARDINAL>33</CARDINAL>.\n",
    "origin": "computer",
    "parent": 322,
    "persons": [
      "Boisconteau. (De) r. de l’Arbre-Sec"
    ],
    "text_ocr": "Boisconteau. (De) r. de l’Arbre-Sec, 33.\n",
    "type": "ENTRY"
  },
  {
    "EOL": false,
    "box": [
      1040,
      582,
      768,
      46
    ],
    "id": 338,
    "indented": true,
    "parent": 337,
    "text": "",
    "type": "LINE"
  },
  {
    "EOL": false,
    "box": [
      1058,
      624,
      276,
      42
    ],
    "id": 339,
    "indented": false,
    "parent": 337,
    "text": "",
    "type": "LINE"
  },
  {
    "addresses": [],
    "box": [
      1040,
      582,
      768,
      84
    ],
    "checked": false,
    "id": 337,
    "ner_xml": "<PER>Boispelin, (Mad. de) r. de Grenelle-Saint-\n- Germain</PER>,<CARDINAL>53</CARDINAL>.\n",
    "origin": "computer",
    "parent": 322,
    "persons": [
      "Boispelin, (Mad. de) r. de Grenelle-Saint-\n- Germain"
    ],
    "text_ocr": "Boispelin, (Mad. de) r. de Grenelle-Saint-\n- Germain, 53.\n",
    "type": "ENTRY"
  },
  {
    "EOL": false,
    "box": [
      1042,
      670,
      428,
      42
    ],
    "id": 341,
    "indented": true,
    "parent": 340,
    "text": "",
    "type": "LINE"
  },
  {
    "addresses": [
      {
        "street_name": "r. Cléry",
        "street_numbers": [
          "704"
        ]
      }
    ],
    "box": [
      1042,
      670,
      428,
      42
    ],
    "checked": false,
    "id": 340,
    "ner_xml": "Boisleger,<LOC>r. Cléry</LOC>,<CARDINAL>704</CARDINAL>\n",
    "origin": "computer",
    "parent": 322,
    "persons": [],
    "text_ocr": "Boisleger, r. Cléry, 704\n",
    "type": "ENTRY"
  },
  {
    "EOL": false,
    "box": [
      1042,
      714,
      770,
      42
    ],
    "id": 343,
    "indented": true,
    "parent": 342,
    "text": "",
    "type": "LINE"
  },
  {
    "EOL": false,
    "box": [
      1088,
      756,
      174,
      40
    ],
    "id": 344,
    "indented": false,
    "parent": 342,
    "text": "",
    "type": "LINE"
  },
  {
    "addresses": [
      {
        "street_name": "Boissière",
        "street_numbers": [
          "29"
        ]
      }
    ],
    "box": [
      1042,
      714,
      770,
      82
    ],
    "checked": false,
    "id": 342,
    "ner_xml": "<LOC>Boissière</LOC>, (La comtesse de la) rue de Ver-\nneuil,<CARDINAL>29</CARDINAL>.\n",
    "origin": "computer",
    "parent": 322,
    "persons": [],
    "text_ocr": "Boissière, (La comtesse de la) rue de Ver-\nneuil, 29.\n",
    "type": "ENTRY"
  },
  {
    "EOL": false,
    "box": [
      1044,
      800,
      768,
      80
    ],
    "id": 346,
    "indented": true,
    "parent": 345,
    "text": "",
    "type": "LINE"
  },
  {
    "addresses": [
      {
        "street_name": "Boissy-Danplas, (Le comte) senaleur",
        "street_numbers": []
      },
      {
        "street_name": "rue\nChoiseul",
        "street_numbers": [
          "13"
        ]
      }
    ],
    "box": [
      1044,
      800,
      768,
      80
    ],
    "checked": false,
    "id": 345,
    "ner_xml": "<LOC>Boissy-Danplas, (Le comte) senaleur</LOC>,<LOC>rue\nChoiseul</LOC>,<CARDINAL>13</CARDINAL>.\n",
    "origin": "computer",
    "parent": 322,
    "persons": [],
    "text_ocr": "Boissy-Danplas, (Le comte) senaleur, rue\nChoiseul, 13.\n",
    "type": "ENTRY"
  },
  {
    "EOL": false,
    "box": [
      1046,
      886,
      766,
      42
    ],
    "id": 348,
    "indented": true,
    "parent": 347,
    "text": "",
    "type": "LINE"
  },
  {
    "addresses": [
      {
        "street_name": "rue et passage des Petits-Pères",
        "street_numbers": [
          "3"
        ]
      }
    ],
    "box": [
      1046,
      886,
      766,
      42
    ],
    "checked": false,
    "id": 347,
    "ner_xml": "Bonjour,<LOC>rue et passage des Petits-Pères</LOC>,<CARDINAL>3</CARDINAL>.\n",
    "origin": "computer",
    "parent": 322,
    "persons": [],
    "text_ocr": "Bonjour, rue et passage des Petits-Pères, 3.\n",
    "type": "ENTRY"
  },
  {
    "EOL": false,
    "box": [
      1048,
      928,
      586,
      42
    ],
    "id": 350,
    "indented": true,
    "parent": 349,
    "text": "",
    "type": "LINE"
  },
  {
    "addresses": [
      {
        "street_name": "place des Victoires",
        "street_numbers": [
          "2"
        ]
      }
    ],
    "box": [
      1048,
      928,
      586,
      42
    ],
    "checked": false,
    "id": 349,
    "ner_xml": "<PER>Bonnard</PER>,<LOC>place des Victoires</LOC>,<CARDINAL>2</CARDINAL>.\n",
    "origin": "computer",
    "parent": 322,
    "persons": [
      "Bonnard"
    ],
    "text_ocr": "Bonnard, place des Victoires, 2.\n",
    "type": "ENTRY"
  },
  {
    "EOL": false,
    "box": [
      1050,
      974,
      468,
      36
    ],
    "id": 352,
    "indented": true,
    "parent": 351,
    "text": "",
    "type": "LINE"
  },
  {
    "addresses": [],
    "box": [
      1050,
      974,
      468,
      36
    ],
    "checked": false,
    "id": 351,
    "ner_xml": "<PER>Bonne</PER>,<ACT>r. de l’Odéon</ACT>,<CARDINAL>28</CARDINAL>.\n",
    "origin": "computer",
    "parent": 322,
    "persons": [
      "Bonne"
    ],
    "text_ocr": "Bonne, r. de l’Odéon, 28.\n",
    "type": "ENTRY"
  },
  {
    "box": [
      1026,
      238,
      794,
      772
    ],
    "id": 322,
    "parent": 321,
    "type": "COLUMN_LEVEL_2"
  },
  {
    "box": [
      1026,
      238,
      794,
      772
    ],
    "id": 321,
    "parent": 320,
    "type": "SECTION_LEVEL_2"
  },
  {
    "box": [
      1026,
      238,
      794,
      772
    ],
    "id": 320,
    "parent": 284,
    "type": "COLUMN_LEVEL_1"
  },
  {
    "box": [
      218,
      238,
      1626,
      772
    ],
    "id": 284,
    "parent": 256,
    "type": "SECTION_LEVEL_1"
  },
  {
    "EOL": false,
    "box": [
      280,
      1024,
      248,
      32
    ],
    "id": 358,
    "indented": false,
    "parent": 357,
    "text": "",
    "type": "LINE"
  },
  {
    "addresses": [],
    "box": [
      280,
      1024,
      248,
      32
    ],
    "checked": false,
    "id": 357,
    "ner_xml": "<PER>Germain</PER>, OI.\n",
    "origin": "computer",
    "parent": 356,
    "persons": [
      "Germain"
    ],
    "text_ocr": "Germain, OI.\n",
    "type": "ENTRY"
  },
  {
    "EOL": false,
    "box": [
      238,
      1062,
      378,
      32
    ],
    "id": 360,
    "indented": true,
    "parent": 359,
    "text": "",
    "type": "LINE"
  },
  {
    "addresses": [],
    "box": [
      238,
      1062,
      378,
      32
    ],
    "checked": false,
    "id": 359,
    "ner_xml": "<PER>Bezenval. (</PER>Le baron\n",
    "origin": "computer",
    "parent": 356,
    "persons": [
      "Bezenval. ("
    ],
    "text_ocr": "Bezenval. (Le baron\n",
    "type": "ENTRY"
  },
  {
    "box": [
      230,
      1024,
      394,
      70
    ],
    "id": 356,
    "parent": 355,
    "type": "COLUMN_LEVEL_2"
  },
  {
    "box": [
      230,
      1024,
      394,
      70
    ],
    "id": 355,
    "parent": 354,
    "type": "SECTION_LEVEL_2"
  },
  {
    "box": [
      230,
      1024,
      394,
      70
    ],
    "id": 354,
    "parent": 353,
    "type": "COLUMN_LEVEL_1"
  },
  {
    "box": [
      634,
      1056,
      70,
      38
    ],
    "checked": false,
    "id": 362,
    "origin": "computer",
    "parent": 361,
    "text": "de)\n",
    "type": "TITLE_LEVEL_2"
  },
  {
    "box": [
      634,
      1024,
      70,
      70
    ],
    "id": 361,
    "parent": 353,
    "type": "COLUMN_LEVEL_1"
  },
  {
    "box": [
      718,
      1068,
      74,
      26
    ],
    "checked": false,
    "id": 364,
    "origin": "computer",
    "parent": 363,
    "text": "rue\n",
    "type": "TITLE_LEVEL_2"
  },
  {
    "box": [
      718,
      1024,
      74,
      70
    ],
    "id": 363,
    "parent": 353,
    "type": "COLUMN_LEVEL_1"
  },
  {
    "box": [
      802,
      1056,
      58,
      38
    ],
    "checked": false,
    "id": 366,
    "origin": "computer",
    "parent": 365,
    "text": "du\n",
    "type": "TITLE_LEVEL_2"
  },
  {
    "box": [
      802,
      1024,
      58,
      70
    ],
    "id": 365,
    "parent": 353,
    "type": "COLUMN_LEVEL_1"
  },
  {
    "box": [
      874,
      1056,
      134,
      38
    ],
    "checked": false,
    "id": 368,
    "origin": "computer",
    "parent": 367,
    "text": "Mont-\n",
    "type": "TITLE_LEVEL_2"
  },
  {
    "box": [
      874,
      1024,
      134,
      70
    ],
    "id": 367,
    "parent": 353,
    "type": "COLUMN_LEVEL_1"
  },
  {
    "box": [
      1042,
      1024,
      352,
      28
    ],
    "checked": false,
    "id": 370,
    "origin": "computer",
    "parent": 369,
    "text": "DonnelOy-L'UPpaD,\n",
    "type": "TITLE_LEVEL_2"
  },
  {
    "box": [
      1042,
      1066,
      352,
      28
    ],
    "checked": false,
    "id": 371,
    "origin": "computer",
    "parent": 369,
    "text": "ries., 44.\n",
    "type": "TITLE_LEVEL_2"
  },
  {
    "box": [
      1042,
      1024,
      352,
      70
    ],
    "id": 369,
    "parent": 353,
    "type": "COLUMN_LEVEL_1"
  },
  {
    "box": [
      1408,
      1024,
      72,
      26
    ],
    "checked": false,
    "id": 373,
    "origin": "computer",
    "parent": 372,
    "text": "ruée\n",
    "type": "TITLE_LEVEL_2"
  },
  {
    "box": [
      1408,
      1024,
      72,
      70
    ],
    "id": 372,
    "parent": 353,
    "type": "COLUMN_LEVEL_1"
  },
  {
    "box": [
      1492,
      1024,
      72,
      28
    ],
    "checked": false,
    "id": 375,
    "origin": "computer",
    "parent": 374,
    "text": "aes\n",
    "type": "TITLE_LEVEL_2"
  },
  {
    "box": [
      1492,
      1024,
      72,
      70
    ],
    "id": 374,
    "parent": 353,
    "type": "COLUMN_LEVEL_1"
  },
  {
    "box": [
      1572,
      1024,
      254,
      28
    ],
    "checked": false,
    "id": 377,
    "origin": "computer",
    "parent": 376,
    "text": "relites-EÉCu-\n",
    "type": "TITLE_LEVEL_2"
  },
  {
    "box": [
      1572,
      1024,
      254,
      70
    ],
    "id": 376,
    "parent": 353,
    "type": "COLUMN_LEVEL_1"
  },
  {
    "box": [
      218,
      1024,
      1626,
      70
    ],
    "id": 353,
    "parent": 256,
    "type": "SECTION_LEVEL_1"
  },
  {
    "EOL": false,
    "box": [
      282,
      1110,
      180,
      34
    ],
    "id": 383,
    "indented": false,
    "parent": 382,
    "text": "",
    "type": "LINE"
  },
  {
    "addresses": [
      {
        "street_name": "Dianc",
        "street_numbers": [
          "21"
        ]
      }
    ],
    "box": [
      282,
      1110,
      180,
      34
    ],
    "checked": false,
    "id": 382,
    "ner_xml": "<LOC>Dianc</LOC>,<CARDINAL>21</CARDINAL>.\n",
    "origin": "computer",
    "parent": 381,
    "persons": [],
    "text_ocr": "Dianc, 21.\n",
    "type": "ENTRY"
  },
  {
    "EOL": false,
    "box": [
      238,
      1144,
      762,
      44
    ],
    "id": 385,
    "indented": true,
    "parent": 384,
    "text": "",
    "type": "LINE"
  },
  {
    "EOL": false,
    "box": [
      284,
      1190,
      242,
      38
    ],
    "id": 386,
    "indented": false,
    "parent": 384,
    "text": "",
    "type": "LINE"
  },
  {
    "addresses": [
      {
        "street_name": "rue de Grenelle-Saint-\nGermain",
        "street_numbers": [
          "85"
        ]
      }
    ],
    "box": [
      238,
      1144,
      762,
      84
    ],
    "checked": false,
    "id": 384,
    "ner_xml": "<PER>Béziade-Davaray</PER>,<LOC>rue de Grenelle-Saint-\nGermain</LOC>,<CARDINAL>85</CARDINAL>.\n",
    "origin": "computer",
    "parent": 381,
    "persons": [
      "Béziade-Davaray"
    ],
    "text_ocr": "Béziade-Davaray, rue de Grenelle-Saint-\nGermain, 85.\n",
    "type": "ENTRY"
  },
  {
    "EOL": false,
    "box": [
      240,
      1232,
      582,
      44
    ],
    "id": 388,
    "indented": true,
    "parent": 387,
    "text": "",
    "type": "LINE"
  },
  {
    "addresses": [],
    "box": [
      240,
      1232,
      582,
      44
    ],
    "checked": false,
    "id": 387,
    "ner_xml": "<PER>Biancourt, (De }r. Joubert</PER>,<CARDINAL>39</CARDINAL>.\n",
    "origin": "computer",
    "parent": 381,
    "persons": [
      "Biancourt, (De }r. Joubert"
    ],
    "text_ocr": "Biancourt, (De }r. Joubert, 39.\n",
    "type": "ENTRY"
  },
  {
    "EOL": false,
    "box": [
      240,
      1276,
      518,
      42
    ],
    "id": 390,
    "indented": true,
    "parent": 389,
    "text": "",
    "type": "LINE"
  },
  {
    "addresses": [
      {
        "street_name": "x.\n",
        "street_numbers": []
      }
    ],
    "box": [
      240,
      1276,
      518,
      42
    ],
    "checked": false,
    "id": 389,
    "ner_xml": "<PER>Biancourt</PER>,<ACT>r. $.-Georges</ACT>,<LOC>x.\n</LOC>",
    "origin": "computer",
    "parent": 381,
    "persons": [
      "Biancourt"
    ],
    "text_ocr": "Biancourt, r. $.-Georges, x.\n",
    "type": "ENTRY"
  },
  {
    "EOL": false,
    "box": [
      242,
      1318,
      596,
      42
    ],
    "id": 392,
    "indented": true,
    "parent": 391,
    "text": "",
    "type": "LINE"
  },
  {
    "addresses": [],
    "box": [
      242,
      1318,
      596,
      42
    ],
    "checked": false,
    "id": 391,
    "ner_xml": "<PER>Biaudos de Cartcja</PER>,<ACT>auditeur</ACT>,\n",
    "origin": "computer",
    "parent": 381,
    "persons": [
      "Biaudos de Cartcja"
    ],
    "text_ocr": "Biaudos de Cartcja, auditeur,\n",
    "type": "ENTRY"
  },
  {
    "EOL": false,
    "box": [
      288,
      1362,
      172,
      40
    ],
    "id": 394,
    "indented": true,
    "parent": 393,
    "text": "",
    "type": "LINE"
  },
  {
    "addresses": [
      {
        "street_name": "Lille",
        "street_numbers": [
          "43"
        ]
      }
    ],
    "box": [
      288,
      1362,
      172,
      40
    ],
    "checked": false,
    "id": 393,
    "ner_xml": "<LOC>Lille</LOC>,<CARDINAL>43</CARDINAL>.\n",
    "origin": "computer",
    "parent": 381,
    "persons": [],
    "text_ocr": "Lille, 43.\n",
    "type": "ENTRY"
  },
  {
    "EOL": false,
    "box": [
      242,
      1404,
      474,
      40
    ],
    "id": 396,
    "indented": true,
    "parent": 395,
    "text": "",
    "type": "LINE"
  },
  {
    "addresses": [
      {
        "street_name": "cour Harlay",
        "street_numbers": [
          "21"
        ]
      }
    ],
    "box": [
      242,
      1404,
      474,
      40
    ],
    "checked": false,
    "id": 395,
    "ner_xml": "<PER>Biauzat</PER>,<LOC>cour Harlay</LOC>,<CARDINAL>21</CARDINAL>.\n",
    "origin": "computer",
    "parent": 381,
    "persons": [
      "Biauzat"
    ],
    "text_ocr": "Biauzat, cour Harlay, 21.\n",
    "type": "ENTRY"
  },
  {
    "EOL": false,
    "box": [
      242,
      1448,
      596,
      38
    ],
    "id": 398,
    "indented": true,
    "parent": 397,
    "text": "",
    "type": "LINE"
  },
  {
    "addresses": [],
    "box": [
      242,
      1448,
      596,
      38
    ],
    "checked": false,
    "id": 397,
    "ner_xml": "<PER>Bidault</PER>,<ACT>r. de Ménilmontant</ACT>,<CARDINAL>20</CARDINAL>.\n",
    "origin": "computer",
    "parent": 381,
    "persons": [
      "Bidault"
    ],
    "text_ocr": "Bidault, r. de Ménilmontant, 20.\n",
    "type": "ENTRY"
  },
  {
    "EOL": false,
    "box": [
      244,
      1492,
      530,
      38
    ],
    "id": 400,
    "indented": true,
    "parent": 399,
    "text": "",
    "type": "LINE"
  },
  {
    "addresses": [
      {
        "street_name": "r. S.-Honoré",
        "street_numbers": [
          "554"
        ]
      }
    ],
    "box": [
      244,
      1492,
      530,
      38
    ],
    "checked": false,
    "id": 399,
    "ner_xml": "<PER>Biers fils</PER>,<LOC>r. S.-Honoré</LOC>,<CARDINAL>554</CARDINAL>.\n",
    "origin": "computer",
    "parent": 381,
    "persons": [
      "Biers fils"
    ],
    "text_ocr": "Biers fils, r. S.-Honoré, 554.\n",
    "type": "ENTRY"
  },
  {
    "EOL": false,
    "box": [
      244,
      1534,
      456,
      40
    ],
    "id": 402,
    "indented": true,
    "parent": 401,
    "text": "",
    "type": "LINE"
  },
  {
    "addresses": [
      {
        "street_name": "r. Helvétius",
        "street_numbers": [
          "18"
        ]
      }
    ],
    "box": [
      244,
      1534,
      456,
      40
    ],
    "checked": false,
    "id": 401,
    "ner_xml": "<PER>Bignan</PER>,<LOC>r. Helvétius</LOC>,<CARDINAL>18</CARDINAL>.\n",
    "origin": "computer",
    "parent": 381,
    "persons": [
      "Bignan"
    ],
    "text_ocr": "Bignan,r. Helvétius, 18.\n",
    "type": "ENTRY"
  },
  {
    "EOL": false,
    "box": [
      246,
      1576,
      556,
      42
    ],
    "id": 404,
    "indented": true,
    "parent": 403,
    "text": "",
    "type": "LINE"
  },
  {
    "addresses": [],
    "box": [
      246,
      1576,
      556,
      42
    ],
    "checked": false,
    "id": 403,
    "ner_xml": "<PER>Bigotini, (Dlle.) r. Choiseul</PER>,<CARDINAL>9</CARDINAL>.\n",
    "origin": "computer",
    "parent": 381,
    "persons": [
      "Bigotini, (Dlle.) r. Choiseul"
    ],
    "text_ocr": "Bigotini, (Dlle.) r. Choiseul, 9.\n",
    "type": "ENTRY"
  },
  {
    "EOL": false,
    "box": [
      244,
      1620,
      696,
      38
    ],
    "id": 406,
    "indented": true,
    "parent": 405,
    "text": "",
    "type": "LINE"
  },
  {
    "addresses": [],
    "box": [
      244,
      1620,
      696,
      38
    ],
    "checked": false,
    "id": 405,
    "ner_xml": "<PER>Billaud</PER>,<ACT>r. du Faub.-Montmartre</ACT>,<ACT>r1.\n</ACT>",
    "origin": "computer",
    "parent": 381,
    "persons": [
      "Billaud"
    ],
    "text_ocr": "Billaud, r. du Faub.-Montmartre, r1.\n",
    "type": "ENTRY"
  },
  {
    "EOL": false,
    "box": [
      246,
      1662,
      512,
      40
    ],
    "id": 408,
    "indented": true,
    "parent": 407,
    "text": "",
    "type": "LINE"
  },
  {
    "addresses": [
      {
        "street_name": "Billette",
        "street_numbers": []
      },
      {
        "street_name": "r. 5.-Honoré",
        "street_numbers": [
          "392"
        ]
      }
    ],
    "box": [
      246,
      1662,
      512,
      40
    ],
    "checked": false,
    "id": 407,
    "ner_xml": "<LOC>Billette</LOC>,<LOC>r. 5.-Honoré</LOC>,<CARDINAL>392</CARDINAL>.\n",
    "origin": "computer",
    "parent": 381,
    "persons": [],
    "text_ocr": "Billette, r. 5.-Honoré, 392.\n",
    "type": "ENTRY"
  },
  {
    "EOL": false,
    "box": [
      248,
      1704,
      602,
      40
    ],
    "id": 410,
    "indented": true,
    "parent": 409,
    "text": "",
    "type": "LINE"
  },
  {
    "addresses": [],
    "box": [
      248,
      1704,
      602,
      40
    ],
    "checked": false,
    "id": 409,
    "ner_xml": "<PER>Bioche</PER>,<ACT>r. S.-André-des-Arts</ACT>,<CARDINAL>63</CARDINAL>.\n",
    "origin": "computer",
    "parent": 381,
    "persons": [
      "Bioche"
    ],
    "text_ocr": "Bioche, r. S.-André-des-Arts, 63.\n",
    "type": "ENTRY"
  },
  {
    "EOL": false,
    "box": [
      248,
      1748,
      760,
      40
    ],
    "id": 412,
    "indented": true,
    "parent": 411,
    "text": "",
    "type": "LINE"
  },
  {
    "addresses": [
      {
        "street_name": "pl. Cambray",
        "street_numbers": []
      }
    ],
    "box": [
      248,
      1748,
      760,
      40
    ],
    "checked": false,
    "id": 411,
    "ner_xml": "<PER>Biot</PER>,<ACT>membre de L'Institut</ACT>,<LOC>pl. Cambray</LOC>,<ACT>x.\n</ACT>",
    "origin": "computer",
    "parent": 381,
    "persons": [
      "Biot"
    ],
    "text_ocr": "Biot, membre de L'Institut, pl. Cambray, x.\n",
    "type": "ENTRY"
  },
  {
    "EOL": false,
    "box": [
      246,
      1790,
      652,
      40
    ],
    "id": 414,
    "indented": true,
    "parent": 413,
    "text": "",
    "type": "LINE"
  },
  {
    "addresses": [
      {
        "street_name": "r. Basse-du-Rempart",
        "street_numbers": [
          "28"
        ]
      }
    ],
    "box": [
      246,
      1790,
      652,
      40
    ],
    "checked": false,
    "id": 413,
    "ner_xml": "<PER>Birouste</PER>,<LOC>r. Basse-du-Rempart</LOC>,<CARDINAL>28</CARDINAL>.\n",
    "origin": "computer",
    "parent": 381,
    "persons": [
      "Birouste"
    ],
    "text_ocr": "Birouste, r. Basse-du-Rempart, 28.\n",
    "type": "ENTRY"
  },
  {
    "EOL": false,
    "box": [
      250,
      1832,
      592,
      42
    ],
    "id": 416,
    "indented": true,
    "parent": 415,
    "text": "",
    "type": "LINE"
  },
  {
    "addresses": [],
    "box": [
      250,
      1832,
      592,
      42
    ],
    "checked": false,
    "id": 415,
    "ner_xml": "<PER>Bizet</PER>,<ACT>r. du Faub.-S.- Denis</ACT>,<CARDINAL>46</CARDINAL>.\n",
    "origin": "computer",
    "parent": 381,
    "persons": [
      "Bizet"
    ],
    "text_ocr": "Bizet, r. du Faub.-S.- Denis, 46.\n",
    "type": "ENTRY"
  },
  {
    "EOL": false,
    "box": [
      248,
      1876,
      570,
      42
    ],
    "id": 418,
    "indented": true,
    "parent": 417,
    "text": "",
    "type": "LINE"
  },
  {
    "addresses": [],
    "box": [
      248,
      1876,
      570,
      42
    ],
    "checked": false,
    "id": 417,
    "ner_xml": "<PER>Blacque</PER>,<ACT>r. Cloche-Perche</ACT>,<CARDINAL>10</CARDINAL>.\n",
    "origin": "computer",
    "parent": 381,
    "persons": [
      "Blacque"
    ],
    "text_ocr": "Blacque, r. Cloche-Perche, 10.\n",
    "type": "ENTRY"
  },
  {
    "EOL": false,
    "box": [
      250,
      1918,
      762,
      44
    ],
    "id": 420,
    "indented": true,
    "parent": 419,
    "text": "",
    "type": "LINE"
  },
  {
    "addresses": [],
    "box": [
      250,
      1918,
      762,
      44
    ],
    "checked": false,
    "id": 419,
    "ner_xml": "<PER>Blancard, (Le baron de) quai Malaquais</PER>,<CARDINAL>15</CARDINAL>.\n",
    "origin": "computer",
    "parent": 381,
    "persons": [
      "Blancard, (Le baron de) quai Malaquais"
    ],
    "text_ocr": "Blancard, (Le baron de) quai Malaquais, 15.\n",
    "type": "ENTRY"
  },
  {
    "EOL": false,
    "box": [
      252,
      1958,
      620,
      42
    ],
    "id": 422,
    "indented": true,
    "parent": 421,
    "text": "",
    "type": "LINE"
  },
  {
    "addresses": [],
    "box": [
      252,
      1958,
      620,
      42
    ],
    "checked": false,
    "id": 421,
    "ner_xml": "<PER>Blanchard</PER>,<ACT>r. de la Michodière</ACT>,<CARDINAL>6</CARDINAL>.\n",
    "origin": "computer",
    "parent": 381,
    "persons": [
      "Blanchard"
    ],
    "text_ocr": "Blanchard, r. de la Michodière, 6.\n",
    "type": "ENTRY"
  },
  {
    "EOL": false,
    "box": [
      252,
      2006,
      762,
      42
    ],
    "id": 424,
    "indented": true,
    "parent": 423,
    "text": "",
    "type": "LINE"
  },
  {
    "EOL": false,
    "box": [
      298,
      2050,
      194,
      38
    ],
    "id": 425,
    "indented": false,
    "parent": 423,
    "text": "",
    "type": "LINE"
  },
  {
    "addresses": [],
    "box": [
      252,
      2006,
      762,
      82
    ],
    "checked": false,
    "id": 423,
    "ner_xml": "<PER>Blanc-Ménil, (Mad. de) rue du Mont-\nBlanc</PER>,<CARDINAL>45</CARDINAL>.\n",
    "origin": "computer",
    "parent": 381,
    "persons": [
      "Blanc-Ménil, (Mad. de) rue du Mont-\nBlanc"
    ],
    "text_ocr": "Blanc-Ménil, (Mad. de) rue du Mont-\nBlanc, 45.\n",
    "type": "ENTRY"
  },
  {
    "EOL": false,
    "box": [
      252,
      2090,
      764,
      44
    ],
    "id": 427,
    "indented": true,
    "parent": 426,
    "text": "",
    "type": "LINE"
  },
  {
    "EOL": false,
    "box": [
      298,
      2130,
      720,
      38
    ],
    "id": 428,
    "indented": false,
    "parent": 426,
    "text": "",
    "type": "LINE"
  },
  {
    "addresses": [],
    "box": [
      252,
      2090,
      766,
      78
    ],
    "checked": false,
    "id": 426,
    "ner_xml": "<PER>Blanquart (Le chevalier) de Bailleul</PER>,\nmembre du Corps-Lésislatif.<PER>quai Ma-\n</PER>",
    "origin": "computer",
    "parent": 381,
    "persons": [
      "Blanquart (Le chevalier) de Bailleul",
      "quai Ma-\n"
    ],
    "text_ocr": "Blanquart (Le chevalier) de Bailleul,\nmembre du Corps-Lésislatif. quai Ma-\n",
    "type": "ENTRY"
  },
  {
    "box": [
      234,
      1110,
      784,
      1058
    ],
    "id": 381,
    "parent": 380,
    "type": "COLUMN_LEVEL_2"
  },
  {
    "box": [
      234,
      1110,
      784,
      1058
    ],
    "id": 380,
    "parent": 379,
    "type": "SECTION_LEVEL_2"
  },
  {
    "box": [
      234,
      1110,
      784,
      1060
    ],
    "id": 379,
    "parent": 378,
    "type": "COLUMN_LEVEL_1"
  },
  {
    "EOL": false,
    "box": [
      1054,
      1110,
      766,
      32
    ],
    "id": 433,
    "indented": true,
    "parent": 432,
    "text": "",
    "type": "LINE"
  },
  {
    "EOL": false,
    "box": [
      1100,
      1146,
      500,
      42
    ],
    "id": 434,
    "indented": false,
    "parent": 432,
    "text": "",
    "type": "LINE"
  },
  {
    "addresses": [],
    "box": [
      1054,
      1110,
      766,
      78
    ],
    "checked": false,
    "id": 432,
    "ner_xml": "<PER>bonnejean</PER>,<ACT>audtieur au Consert-a Liat</ACT>,\nr. Neuve-Luxembourp,<CARDINAL>11</CARDINAL>.\n",
    "origin": "computer",
    "parent": 431,
    "persons": [
      "bonnejean"
    ],
    "text_ocr": "bonnejean, audtieur au Consert-a Liat,\nr. Neuve-Luxembourp, 11.\n",
    "type": "ENTRY"
  },
  {
    "EOL": false,
    "box": [
      1058,
      1188,
      462,
      40
    ],
    "id": 436,
    "indented": true,
    "parent": 435,
    "text": "",
    "type": "LINE"
  },
  {
    "addresses": [
      {
        "street_name": "r. Richelieu",
        "street_numbers": [
          "87"
        ]
      }
    ],
    "box": [
      1058,
      1188,
      462,
      40
    ],
    "checked": false,
    "id": 435,
    "ner_xml": "<PER>Bonnet</PER>,<LOC>r. Richelieu</LOC>,<CARDINAL>87</CARDINAL>.\n",
    "origin": "computer",
    "parent": 431,
    "persons": [
      "Bonnet"
    ],
    "text_ocr": "Bonnet, r. Richelieu, 87.\n",
    "type": "ENTRY"
  },
  {
    "EOL": false,
    "box": [
      1054,
      1232,
      642,
      38
    ],
    "id": 438,
    "indented": true,
    "parent": 437,
    "text": "",
    "type": "LINE"
  },
  {
    "addresses": [
      {
        "street_name": "Hauteville",
        "street_numbers": [
          "37"
        ]
      }
    ],
    "box": [
      1054,
      1232,
      642,
      38
    ],
    "checked": false,
    "id": 437,
    "ner_xml": "<PER>Bontems, (Mad.)r</PER>.<LOC>Hauteville</LOC>,<CARDINAL>37</CARDINAL>.\n",
    "origin": "computer",
    "parent": 431,
    "persons": [
      "Bontems, (Mad.)r"
    ],
    "text_ocr": "Bontems, (Mad.)r. Hauteville, 37.\n",
    "type": "ENTRY"
  },
  {
    "EOL": false,
    "box": [
      1056,
      1272,
      764,
      46
    ],
    "id": 440,
    "indented": true,
    "parent": 439,
    "text": "",
    "type": "LINE"
  },
  {
    "addresses": [],
    "box": [
      1056,
      1272,
      764,
      46
    ],
    "checked": false,
    "id": 439,
    "ner_xml": "<PER>Bontems, (Mad.) place du Pal.-Royal</PER>,<CARDINAL>245</CARDINAL>.\n",
    "origin": "computer",
    "parent": 431,
    "persons": [
      "Bontems, (Mad.) place du Pal.-Royal"
    ],
    "text_ocr": "Bontems, (Mad.) place du Pal.-Royal, 245.\n",
    "type": "ENTRY"
  },
  {
    "EOL": false,
    "box": [
      1056,
      1318,
      766,
      42
    ],
    "id": 442,
    "indented": true,
    "parent": 441,
    "text": "",
    "type": "LINE"
  },
  {
    "EOL": false,
    "box": [
      1104,
      1360,
      354,
      42
    ],
    "id": 443,
    "indented": false,
    "parent": 441,
    "text": "",
    "type": "LINE"
  },
  {
    "addresses": [],
    "box": [
      1056,
      1318,
      766,
      84
    ],
    "checked": false,
    "id": 441,
    "ner_xml": "<PER>Boquestant, (Le baron de) r. Neuve-des-\nPetits-Champs</PER>,<CARDINAL>80</CARDINAL>.\n",
    "origin": "computer",
    "parent": 431,
    "persons": [
      "Boquestant, (Le baron de) r. Neuve-des-\nPetits-Champs"
    ],
    "text_ocr": "Boquestant, (Le baron de) r. Neuve-des-\nPetits-Champs, 80.\n",
    "type": "ENTRY"
  },
  {
    "EOL": false,
    "box": [
      1058,
      1404,
      702,
      40
    ],
    "id": 445,
    "indented": true,
    "parent": 444,
    "text": "",
    "type": "LINE"
  },
  {
    "addresses": [],
    "box": [
      1058,
      1404,
      702,
      40
    ],
    "checked": false,
    "id": 444,
    "ner_xml": "<PER>Bordeaux, (Mad.) auai de PEcole</PER>,<CARDINAL>38</CARDINAL>.\n",
    "origin": "computer",
    "parent": 431,
    "persons": [
      "Bordeaux, (Mad.) auai de PEcole"
    ],
    "text_ocr": "Bordeaux, (Mad.) auai de PEcole, 38.\n",
    "type": "ENTRY"
  },
  {
    "EOL": false,
    "box": [
      1058,
      1446,
      776,
      44
    ],
    "id": 447,
    "indented": true,
    "parent": 446,
    "text": "",
    "type": "LINE"
  },
  {
    "EOL": false,
    "box": [
      1100,
      1486,
      728,
      88
    ],
    "id": 448,
    "indented": false,
    "parent": 446,
    "text": "",
    "type": "LINE"
  },
  {
    "addresses": [],
    "box": [
      1058,
      1446,
      776,
      128
    ],
    "checked": false,
    "id": 446,
    "ner_xml": "<PER>Borghèse, (</PER><TITRE>S. A. S. Le prince) gouverneur\ngénéral des départemens au-delà des\n</TITRE>Alpes,<ACT>x. du Faub.-S.-Honoré</ACT>,<CARDINAL>39</CARDINAL>.\n",
    "origin": "computer",
    "parent": 431,
    "persons": [
      "Borghèse, ("
    ],
    "text_ocr": "Borghèse, (S. A. S. Le prince) gouverneur\ngénéral des départemens au-delà des\nAlpes, x. du Faub.-S.-Honoré, 39.\n",
    "type": "ENTRY"
  },
  {
    "EOL": false,
    "box": [
      1062,
      1572,
      766,
      40
    ],
    "id": 450,
    "indented": true,
    "parent": 449,
    "text": "",
    "type": "LINE"
  },
  {
    "EOL": false,
    "box": [
      1110,
      1620,
      354,
      36
    ],
    "id": 451,
    "indented": false,
    "parent": 449,
    "text": "",
    "type": "LINE"
  },
  {
    "addresses": [
      {
        "street_name": "rue des Ma-\ncons-Sorbonne",
        "street_numbers": [
          "15"
        ]
      }
    ],
    "box": [
      1062,
      1572,
      766,
      84
    ],
    "checked": false,
    "id": 449,
    "ner_xml": "<PER>Bosc</PER>,<ACT>membre de l’Institut</ACT>,<LOC>rue des Ma-\ncons-Sorbonne</LOC>,<CARDINAL>15</CARDINAL>.\n",
    "origin": "computer",
    "parent": 431,
    "persons": [
      "Bosc"
    ],
    "text_ocr": "Bosc, membre de l’Institut, rue des Ma-\ncons-Sorbonne, 15.\n",
    "type": "ENTRY"
  },
  {
    "EOL": false,
    "box": [
      1064,
      1656,
      546,
      48
    ],
    "id": 453,
    "indented": true,
    "parent": 452,
    "text": "",
    "type": "LINE"
  },
  {
    "addresses": [],
    "box": [
      1064,
      1656,
      546,
      48
    ],
    "checked": false,
    "id": 452,
    "ner_xml": "<PER>Boscary, (Ve.) r. Blanche</PER>,<CARDINAL>5</CARDINAL>.\n",
    "origin": "computer",
    "parent": 431,
    "persons": [
      "Boscary, (Ve.) r. Blanche"
    ],
    "text_ocr": "Boscary, (Ve.) r. Blanche, 5.\n",
    "type": "ENTRY"
  },
  {
    "EOL": false,
    "box": [
      1064,
      1700,
      766,
      46
    ],
    "id": 455,
    "indented": true,
    "parent": 454,
    "text": "",
    "type": "LINE"
  },
  {
    "EOL": false,
    "box": [
      1110,
      1746,
      316,
      38
    ],
    "id": 456,
    "indented": false,
    "parent": 454,
    "text": "",
    "type": "LINE"
  },
  {
    "addresses": [
      {
        "street_name": "rue Neuve - de- Berry",
        "street_numbers": []
      },
      {
        "street_name": "Saint-Honoré",
        "street_numbers": [
          "2"
        ]
      }
    ],
    "box": [
      1064,
      1700,
      766,
      84
    ],
    "checked": false,
    "id": 454,
    "ner_xml": "<PER>Boselly</PER>,<LOC>rue Neuve - de- Berry</LOC>,<ACT>faub.</ACT>\n<LOC>Saint-Honoré</LOC>,<CARDINAL>2</CARDINAL>.\n",
    "origin": "computer",
    "parent": 431,
    "persons": [
      "Boselly"
    ],
    "text_ocr": "Boselly, rue Neuve - de- Berry, faub.\nSaint-Honoré, 2.\n",
    "type": "ENTRY"
  },
  {
    "EOL": false,
    "box": [
      1066,
      1788,
      766,
      34
    ],
    "id": 458,
    "indented": true,
    "parent": 457,
    "text": "",
    "type": "LINE"
  },
  {
    "addresses": [],
    "box": [
      1066,
      1788,
      766,
      34
    ],
    "checked": false,
    "id": 457,
    "ner_xml": "<PER>Bossu</PER>.<ACT>cure de Saiut-Eustache.</ACT>r. Mont.\n",
    "origin": "computer",
    "parent": 431,
    "persons": [
      "Bossu"
    ],
    "text_ocr": "Bossu. cure de Saiut-Eustache. r. Mont.\n",
    "type": "ENTRY"
  },
  {
    "box": [
      1048,
      1110,
      790,
      712
    ],
    "id": 431,
    "parent": 430,
    "type": "COLUMN_LEVEL_2"
  },
  {
    "box": [
      1048,
      1110,
      794,
      712
    ],
    "id": 430,
    "parent": 429,
    "type": "SECTION_LEVEL_2"
  },
  {
    "EOL": false,
    "box": [
      1116,
      1838,
      192,
      34
    ],
    "id": 462,
    "indented": false,
    "parent": 461,
    "text": "",
    "type": "LINE"
  },
  {
    "addresses": [],
    "box": [
      1116,
      1838,
      192,
      34
    ],
    "checked": false,
    "id": 461,
    "ner_xml": "marire,<CARDINAL>=</CARDINAL>.\n",
    "origin": "computer",
    "parent": 460,
    "persons": [],
    "text_ocr": "marire, =.\n",
    "type": "ENTRY"
  },
  {
    "EOL": false,
    "box": [
      1072,
      1874,
      762,
      42
    ],
    "id": 464,
    "indented": true,
    "parent": 463,
    "text": "",
    "type": "LINE"
  },
  {
    "EOL": false,
    "box": [
      1112,
      1918,
      320,
      40
    ],
    "id": 465,
    "indented": false,
    "parent": 463,
    "text": "",
    "type": "LINE"
  },
  {
    "addresses": [
      {
        "street_name": "rue des\nSaints-Pères",
        "street_numbers": [
          "48"
        ]
      }
    ],
    "box": [
      1072,
      1874,
      762,
      84
    ],
    "checked": false,
    "id": 463,
    "ner_xml": "<PER>Bossut</PER>,<ACT>rxembre de l'Institut</ACT>,<LOC>rue des\nSaints-Pères</LOC>,<CARDINAL>48</CARDINAL>.\n",
    "origin": "computer",
    "parent": 460,
    "persons": [
      "Bossut"
    ],
    "text_ocr": "Bossut, rxembre de l'Institut, rue des\nSaints-Pères, 48.\n",
    "type": "ENTRY"
  },
  {
    "EOL": false,
    "box": [
      1070,
      1962,
      768,
      44
    ],
    "id": 467,
    "indented": true,
    "parent": 466,
    "text": "",
    "type": "LINE"
  },
  {
    "addresses": [],
    "box": [
      1070,
      1962,
      768,
      44
    ],
    "checked": false,
    "id": 466,
    "ner_xml": "<PER>Botta</PER>,<ACT>membre du Corps-Législatrf</ACT>, rue\n",
    "origin": "computer",
    "parent": 460,
    "persons": [
      "Botta"
    ],
    "text_ocr": "Botta, membre du Corps-Législatrf, rue\n",
    "type": "ENTRY"
  },
  {
    "EOL": false,
    "box": [
      1074,
      2006,
      664,
      116
    ],
    "id": 469,
    "indented": true,
    "parent": 468,
    "text": "",
    "type": "LINE"
  },
  {
    "addresses": [
      {
        "street_name": "Bourpogne",
        "street_numbers": [
          "28"
        ]
      }
    ],
    "box": [
      1074,
      2006,
      664,
      116
    ],
    "checked": false,
    "id": 468,
    "ner_xml": "de<LOC>Bourpogne</LOC>,<CARDINAL>28</CARDINAL>.\nBoncherville, (Ve.) r. de Sèvres,\nDames-Saint-Tlomas.\n",
    "origin": "computer",
    "parent": 460,
    "persons": [],
    "text_ocr": "de Bourpogne, 28.\nBoncherville, (Ve.) r. de Sèvres,\nDames-Saint-Tlomas.\n",
    "type": "ENTRY"
  },
  {
    "EOL": false,
    "box": [
      1074,
      2134,
      652,
      36
    ],
    "id": 471,
    "indented": true,
    "parent": 470,
    "text": "",
    "type": "LINE"
  },
  {
    "addresses": [],
    "box": [
      1074,
      2134,
      652,
      36
    ],
    "checked": false,
    "id": 470,
    "ner_xml": "<PER>Bouchet, (Pierre) rue Boudrean</PER>,<ACT>r.\n</ACT>",
    "origin": "computer",
    "parent": 460,
    "persons": [
      "Bouchet, (Pierre) rue Boudrean"
    ],
    "text_ocr": "Bouchet, (Pierre) rue Boudrean, r.\n",
    "type": "ENTRY"
  },
  {
    "box": [
      1064,
      1838,
      778,
      332
    ],
    "id": 460,
    "parent": 459,
    "type": "COLUMN_LEVEL_2"
  },
  {
    "box": [
      1048,
      1838,
      794,
      332
    ],
    "id": 459,
    "parent": 429,
    "type": "SECTION_LEVEL_2"
  },
  {
    "box": [
      1048,
      1110,
      794,
      1060
    ],
    "id": 429,
    "parent": 378,
    "type": "COLUMN_LEVEL_1"
  },
  {
    "box": [
      218,
      1110,
      1626,
      1060
    ],
    "id": 378,
    "parent": 256,
    "type": "SECTION_LEVEL_1"
  },
  {
    "EOL": false,
    "box": [
      302,
      2186,
      190,
      30
    ],
    "id": 477,
    "indented": false,
    "parent": 476,
    "text": "",
    "type": "LINE"
  },
  {
    "addresses": [],
    "box": [
      302,
      2186,
      190,
      30
    ],
    "checked": false,
    "id": 476,
    "ner_xml": "1AQUAIs 19e\n",
    "origin": "computer",
    "parent": 475,
    "persons": [],
    "text_ocr": "1AQUAIs 19e\n",
    "type": "ENTRY"
  },
  {
    "EOL": false,
    "box": [
      256,
      2218,
      530,
      42
    ],
    "id": 479,
    "indented": true,
    "parent": 478,
    "text": "",
    "type": "LINE"
  },
  {
    "addresses": [
      {
        "street_name": "r. Barbette",
        "street_numbers": [
          "6"
        ]
      }
    ],
    "box": [
      256,
      2218,
      530,
      42
    ],
    "checked": false,
    "id": 478,
    "ner_xml": "<PER>Blavette père</PER>,<LOC>r. Barbette</LOC>,<CARDINAL>6</CARDINAL>.\n",
    "origin": "computer",
    "parent": 475,
    "persons": [
      "Blavette père"
    ],
    "text_ocr": "Blavette père, r. Barbette, 6.\n",
    "type": "ENTRY"
  },
  {
    "EOL": false,
    "box": [
      256,
      2264,
      630,
      38
    ],
    "id": 481,
    "indented": true,
    "parent": 480,
    "text": "",
    "type": "LINE"
  },
  {
    "addresses": [
      {
        "street_name": "r. du Puits",
        "street_numbers": [
          "8"
        ]
      }
    ],
    "box": [
      256,
      2264,
      630,
      38
    ],
    "checked": false,
    "id": 480,
    "ner_xml": "<PER>Blazuel</PER>,<LOC>r. du Puits</LOC>,<CARDINAL>8</CARDINAL>, au Marais.\n",
    "origin": "computer",
    "parent": 475,
    "persons": [
      "Blazuel"
    ],
    "text_ocr": "Blazuel, r. du Puits, 8, au Marais.\n",
    "type": "ENTRY"
  },
  {
    "EOL": false,
    "box": [
      258,
      2306,
      582,
      40
    ],
    "id": 483,
    "indented": true,
    "parent": 482,
    "text": "",
    "type": "LINE"
  },
  {
    "addresses": [
      {
        "street_name": "Bligny",
        "street_numbers": [
          "23"
        ]
      }
    ],
    "box": [
      258,
      2306,
      582,
      40
    ],
    "checked": false,
    "id": 482,
    "ner_xml": "<LOC>Bligny</LOC>,<ACT>r. des Bons-Enfans</ACT>,<CARDINAL>23</CARDINAL>.\n",
    "origin": "computer",
    "parent": 475,
    "persons": [],
    "text_ocr": "Bligny, r. des Bons-Enfans, 23.\n",
    "type": "ENTRY"
  },
  {
    "EOL": false,
    "box": [
      258,
      2348,
      458,
      40
    ],
    "id": 485,
    "indented": true,
    "parent": 484,
    "text": "",
    "type": "LINE"
  },
  {
    "addresses": [
      {
        "street_name": "quai de l’Ecole",
        "street_numbers": [
          "26"
        ]
      }
    ],
    "box": [
      258,
      2348,
      458,
      40
    ],
    "checked": false,
    "id": 484,
    "ner_xml": "<PER>Blin</PER>,<LOC>quai de l’Ecole</LOC>,<CARDINAL>26</CARDINAL>.\n",
    "origin": "computer",
    "parent": 475,
    "persons": [
      "Blin"
    ],
    "text_ocr": "Blin, quai de l’Ecole, 26.\n",
    "type": "ENTRY"
  },
  {
    "EOL": false,
    "box": [
      258,
      2388,
      624,
      44
    ],
    "id": 487,
    "indented": true,
    "parent": 486,
    "text": "",
    "type": "LINE"
  },
  {
    "addresses": [
      {
        "street_name": "r. Napoléon",
        "street_numbers": [
          "8"
        ]
      }
    ],
    "box": [
      258,
      2388,
      624,
      44
    ],
    "checked": false,
    "id": 486,
    "ner_xml": "<PER>Blin de S.-Maur</PER>,<LOC>r. Napoléon</LOC>,<CARDINAL>8</CARDINAL>.\n",
    "origin": "computer",
    "parent": 475,
    "persons": [
      "Blin de S.-Maur"
    ],
    "text_ocr": "Blin de S.-Maur, r. Napoléon, 8.\n",
    "type": "ENTRY"
  },
  {
    "EOL": false,
    "box": [
      258,
      2432,
      762,
      44
    ],
    "id": 489,
    "indented": true,
    "parent": 488,
    "text": "",
    "type": "LINE"
  },
  {
    "addresses": [],
    "box": [
      258,
      2432,
      762,
      44
    ],
    "checked": false,
    "id": 488,
    "ner_xml": "<PER>Blond</PER>,<ACT>r. des Fos.-S.-Germ.-}l Auxerrois,8</ACT>.\n",
    "origin": "computer",
    "parent": 475,
    "persons": [
      "Blond"
    ],
    "text_ocr": "Blond, r. des Fos.-S.-Germ.-}l Auxerrois,8.\n",
    "type": "ENTRY"
  },
  {
    "EOL": false,
    "box": [
      260,
      2478,
      614,
      40
    ],
    "id": 491,
    "indented": true,
    "parent": 490,
    "text": "",
    "type": "LINE"
  },
  {
    "addresses": [
      {
        "street_name": "r. J.-J.-Rousseau",
        "street_numbers": [
          "2",
          "2"
        ]
      }
    ],
    "box": [
      260,
      2478,
      614,
      40
    ],
    "checked": false,
    "id": 490,
    "ner_xml": "<PER>Blondeau</PER>,<LOC>r. J.-J.-Rousseau</LOC>,<CARDINAL>2</CARDINAL><CARDINAL>2</CARDINAL>.\n",
    "origin": "computer",
    "parent": 475,
    "persons": [
      "Blondeau"
    ],
    "text_ocr": "Blondeau, r. J.-J.-Rousseau, 2 2.\n",
    "type": "ENTRY"
  },
  {
    "EOL": false,
    "box": [
      262,
      2522,
      512,
      40
    ],
    "id": 493,
    "indented": true,
    "parent": 492,
    "text": "",
    "type": "LINE"
  },
  {
    "addresses": [],
    "box": [
      262,
      2522,
      512,
      40
    ],
    "checked": false,
    "id": 492,
    "ner_xml": "<PER>Blondel</PER>,<ACT>r. S.-Florentin</ACT>,<CARDINAL>7</CARDINAL>.\n",
    "origin": "computer",
    "parent": 475,
    "persons": [
      "Blondel"
    ],
    "text_ocr": "Blondel, r. S.-Florentin, 7.\n",
    "type": "ENTRY"
  },
  {
    "EOL": false,
    "box": [
      262,
      2564,
      470,
      42
    ],
    "id": 495,
    "indented": true,
    "parent": 494,
    "text": "",
    "type": "LINE"
  },
  {
    "addresses": [],
    "box": [
      262,
      2564,
      470,
      42
    ],
    "checked": false,
    "id": 494,
    "ner_xml": "<PER>Bobierre</PER>,<ACT>r. Taithout</ACT>,<CARDINAL>10</CARDINAL>.\n",
    "origin": "computer",
    "parent": 475,
    "persons": [
      "Bobierre"
    ],
    "text_ocr": "Bobierre, r. Taithout, 10.\n",
    "type": "ENTRY"
  },
  {
    "EOL": false,
    "box": [
      260,
      2606,
      766,
      44
    ],
    "id": 497,
    "indented": true,
    "parent": 496,
    "text": "",
    "type": "LINE"
  },
  {
    "EOL": false,
    "box": [
      308,
      2648,
      256,
      40
    ],
    "id": 498,
    "indented": false,
    "parent": 496,
    "text": "",
    "type": "LINE"
  },
  {
    "addresses": [
      {
        "street_name": "rue\ndu Canivet",
        "street_numbers": [
          "2"
        ]
      }
    ],
    "box": [
      260,
      2606,
      766,
      82
    ],
    "checked": false,
    "id": 496,
    "ner_xml": "<PER>Bochard de Champigny père et fils</PER>,<LOC>rue\ndu Canivet</LOC>,<CARDINAL>2</CARDINAL>.\n",
    "origin": "computer",
    "parent": 475,
    "persons": [
      "Bochard de Champigny père et fils"
    ],
    "text_ocr": "Bochard de Champigny père et fils, rue\ndu Canivet, 2.\n",
    "type": "ENTRY"
  },
  {
    "EOL": false,
    "box": [
      264,
      2692,
      762,
      46
    ],
    "id": 500,
    "indented": true,
    "parent": 499,
    "text": "",
    "type": "LINE"
  },
  {
    "addresses": [],
    "box": [
      264,
      2692,
      762,
      46
    ],
    "checked": false,
    "id": 499,
    "ner_xml": "<PER>Sockairy</PER>,<ACT>r. Croix-des-Petits-Ghawps</ACT>,<CARDINAL>23</CARDINAL>.\n",
    "origin": "computer",
    "parent": 475,
    "persons": [
      "Sockairy"
    ],
    "text_ocr": "Sockairy, r. Croix-des-Petits-Ghawps, 23.\n",
    "type": "ENTRY"
  },
  {
    "box": [
      248,
      2186,
      786,
      552
    ],
    "id": 475,
    "parent": 474,
    "type": "COLUMN_LEVEL_2"
  },
  {
    "box": [
      248,
      2186,
      786,
      552
    ],
    "id": 474,
    "parent": 473,
    "type": "SECTION_LEVEL_2"
  },
  {
    "box": [
      248,
      2186,
      786,
      552
    ],
    "id": 473,
    "parent": 472,
    "type": "COLUMN_LEVEL_1"
  },
  {
    "EOL": false,
    "box": [
      1076,
      2186,
      766,
      76
    ],
    "id": 505,
    "indented": false,
    "parent": 504,
    "text": "",
    "type": "LINE"
  },
  {
    "EOL": false,
    "box": [
      1078,
      2264,
      424,
      40
    ],
    "id": 506,
    "indented": false,
    "parent": 504,
    "text": "",
    "type": "LINE"
  },
  {
    "addresses": [
      {
        "street_name": "r. Favart",
        "street_numbers": [
          "4"
        ]
      }
    ],
    "box": [
      1076,
      2186,
      766,
      118
    ],
    "checked": false,
    "id": 504,
    "ner_xml": "<PER>Soucnct, (Le CHEVALET)MEMOrTE du L'OrpS-\nLégislatif</PER>,<ACT>r. N.-des-Matburins</ACT>,<CARDINAL>23</CARDINAL>.\nBouchon,<LOC>r. Favart</LOC>,<CARDINAL>4</CARDINAL>.\n",
    "origin": "computer",
    "parent": 503,
    "persons": [
      "Soucnct, (Le CHEVALET)MEMOrTE du L'OrpS-\nLégislatif"
    ],
    "text_ocr": "Soucnct, (Le CHEVALET)MEMOrTE du L'OrpS-\nLégislatif, r. N.-des-Matburins, 23.\nBouchon, r. Favart, 4.\n",
    "type": "ENTRY"
  },
  {
    "EOL": false,
    "box": [
      1076,
      2304,
      496,
      42
    ],
    "id": 508,
    "indented": true,
    "parent": 507,
    "text": "",
    "type": "LINE"
  },
  {
    "addresses": [
      {
        "street_name": "r. Richelieu",
        "street_numbers": [
          "68"
        ]
      }
    ],
    "box": [
      1076,
      2304,
      496,
      42
    ],
    "checked": false,
    "id": 507,
    "ner_xml": "<PER>Bondoux</PER>,<LOC>r. Richelieu</LOC>,<CARDINAL>68</CARDINAL>.\n",
    "origin": "computer",
    "parent": 503,
    "persons": [
      "Bondoux"
    ],
    "text_ocr": "Bondoux, r. Richelieu, 68.\n",
    "type": "ENTRY"
  },
  {
    "EOL": false,
    "box": [
      1082,
      2348,
      760,
      44
    ],
    "id": 510,
    "indented": true,
    "parent": 509,
    "text": "",
    "type": "LINE"
  },
  {
    "EOL": false,
    "box": [
      1124,
      2394,
      244,
      36
    ],
    "id": 511,
    "indented": false,
    "parent": 509,
    "text": "",
    "type": "LINE"
  },
  {
    "addresses": [],
    "box": [
      1082,
      2348,
      760,
      82
    ],
    "checked": false,
    "id": 509,
    "ner_xml": "<PER>Boufflers, (De) rue du Faubourg-Saint-\nHonoré</PER>,<ACT>1r4.\n</ACT>",
    "origin": "computer",
    "parent": 503,
    "persons": [
      "Boufflers, (De) rue du Faubourg-Saint-\nHonoré"
    ],
    "text_ocr": "Boufflers, (De) rue du Faubourg-Saint-\nHonoré, 1r4.\n",
    "type": "ENTRY"
  },
  {
    "EOL": false,
    "box": [
      1078,
      2434,
      766,
      44
    ],
    "id": 513,
    "indented": true,
    "parent": 512,
    "text": "",
    "type": "LINE"
  },
  {
    "EOL": false,
    "box": [
      1124,
      2482,
      216,
      34
    ],
    "id": 514,
    "indented": false,
    "parent": 512,
    "text": "",
    "type": "LINE"
  },
  {
    "addresses": [],
    "box": [
      1078,
      2434,
      766,
      82
    ],
    "checked": false,
    "id": 512,
    "ner_xml": "<PER>Boufflers, (Mad. de) r. du Faubourg-Pois-\ngsonnière</PER>,<ACT>Ie\n</ACT>",
    "origin": "computer",
    "parent": 503,
    "persons": [
      "Boufflers, (Mad. de) r. du Faubourg-Pois-\ngsonnière"
    ],
    "text_ocr": "Boufflers, (Mad. de) r. du Faubourg-Pois-\ngsonnière, Ie\n",
    "type": "ENTRY"
  },
  {
    "EOL": false,
    "box": [
      1080,
      2520,
      764,
      44
    ],
    "id": 516,
    "indented": true,
    "parent": 515,
    "text": "",
    "type": "LINE"
  },
  {
    "EOL": false,
    "box": [
      1126,
      2564,
      438,
      46
    ],
    "id": 517,
    "indented": false,
    "parent": 515,
    "text": "",
    "type": "LINE"
  },
  {
    "addresses": [],
    "box": [
      1080,
      2520,
      764,
      90
    ],
    "checked": false,
    "id": 515,
    "ner_xml": "<PER>Boupuainville, ( Veuve Baraudin de) rue\n</PER>Neuve-Luxembourp,<CARDINAL>3</CARDINAL>.\n",
    "origin": "computer",
    "parent": 503,
    "persons": [
      "Boupuainville, ( Veuve Baraudin de) rue\n"
    ],
    "text_ocr": "Boupuainville, ( Veuve Baraudin de) rue\nNeuve-Luxembourp, 3.\n",
    "type": "ENTRY"
  },
  {
    "EOL": false,
    "box": [
      1082,
      2610,
      476,
      40
    ],
    "id": 519,
    "indented": true,
    "parent": 518,
    "text": "",
    "type": "LINE"
  },
  {
    "addresses": [],
    "box": [
      1082,
      2610,
      476,
      40
    ],
    "checked": false,
    "id": 518,
    "ner_xml": "<PER>Bouillac</PER>,<ACT>r. d’Amboise</ACT>,<CARDINAL>9</CARDINAL>.\n",
    "origin": "computer",
    "parent": 503,
    "persons": [
      "Bouillac"
    ],
    "text_ocr": "Bouillac, r. d’Amboise, 9.\n",
    "type": "ENTRY"
  },
  {
    "EOL": false,
    "box": [
      1082,
      2652,
      428,
      40
    ],
    "id": 521,
    "indented": true,
    "parent": 520,
    "text": "",
    "type": "LINE"
  },
  {
    "addresses": [
      {
        "street_name": "Bouilly",
        "street_numbers": []
      }
    ],
    "box": [
      1082,
      2652,
      428,
      40
    ],
    "checked": false,
    "id": 520,
    "ner_xml": "<LOC>Bouilly</LOC>,<ACT>r. d’Antin</ACT>,<ACT>ro.\n</ACT>",
    "origin": "computer",
    "parent": 503,
    "persons": [],
    "text_ocr": "Bouilly, r. d’Antin, ro.\n",
    "type": "ENTRY"
  },
  {
    "EOL": false,
    "box": [
      1082,
      2694,
      692,
      44
    ],
    "id": 523,
    "indented": true,
    "parent": 522,
    "text": "",
    "type": "LINE"
  },
  {
    "addresses": [
      {
        "street_name": "r. Neuve-Luxembourg",
        "street_numbers": [
          "2e"
        ]
      }
    ],
    "box": [
      1082,
      2694,
      692,
      44
    ],
    "checked": false,
    "id": 522,
    "ner_xml": "<PER>Bouisson</PER>,<LOC>r. Neuve-Luxembourg</LOC>,<CARDINAL>2e</CARDINAL>.\n",
    "origin": "computer",
    "parent": 503,
    "persons": [
      "Bouisson"
    ],
    "text_ocr": "Bouisson, r. Neuve-Luxembourg, 2e.\n",
    "type": "ENTRY"
  },
  {
    "box": [
      1070,
      2186,
      774,
      552
    ],
    "id": 503,
    "parent": 502,
    "type": "COLUMN_LEVEL_2"
  },
  {
    "box": [
      1070,
      2186,
      774,
      552
    ],
    "id": 502,
    "parent": 501,
    "type": "SECTION_LEVEL_2"
  },
  {
    "box": [
      1070,
      2186,
      774,
      552
    ],
    "id": 501,
    "parent": 472,
    "type": "COLUMN_LEVEL_1"
  },
  {
    "box": [
      218,
      2186,
      1626,
      552
    ],
    "id": 472,
    "parent": 256,
    "type": "SECTION_LEVEL_1"
  },
  {
    "box": [
      218,
      158,
      1626,
      2580
    ],
    "id": 256,
    "type": "PAGE"
  }
]
