[
  {
    "EOL": false,
    "box": [
      304,
      204,
      58,
      26
    ],
    "id": 262,
    "indented": false,
    "parent": 261,
    "text": "",
    "type": "LINE"
  },
  {
    "addresses": [],
    "box": [
      304,
      204,
      58,
      26
    ],
    "checked": false,
    "id": 261,
    "ner_xml": "<CARDINAL>70</CARDINAL>\n",
    "origin": "computer",
    "parent": 260,
    "persons": [],
    "text_ocr": "70\n",
    "type": "ENTRY"
  },
  {
    "EOL": false,
    "box": [
      304,
      218,
      88,
      30
    ],
    "id": 264,
    "indented": true,
    "parent": 263,
    "text": "",
    "type": "LINE"
  },
  {
    "addresses": [],
    "box": [
      304,
      218,
      88,
      30
    ],
    "checked": false,
    "id": 263,
    "ner_xml": "<CARDINAL>00</CARDINAL>) ‘2\n",
    "origin": "computer",
    "parent": 260,
    "persons": [],
    "text_ocr": "00) ‘2\n",
    "type": "ENTRY"
  },
  {
    "box": [
      304,
      204,
      96,
      46
    ],
    "id": 260,
    "parent": 259,
    "type": "COLUMN_LEVEL_2"
  },
  {
    "box": [
      304,
      204,
      96,
      46
    ],
    "id": 259,
    "parent": 258,
    "type": "SECTION_LEVEL_2"
  },
  {
    "box": [
      304,
      204,
      96,
      46
    ],
    "id": 258,
    "parent": 257,
    "type": "COLUMN_LEVEL_1"
  },
  {
    "EOL": false,
    "box": [
      908,
      206,
      296,
      44
    ],
    "id": 269,
    "indented": true,
    "parent": 268,
    "text": "",
    "type": "LINE"
  },
  {
    "addresses": [],
    "box": [
      908,
      206,
      296,
      44
    ],
    "checked": false,
    "id": 268,
    "ner_xml": "Principaux\n",
    "origin": "computer",
    "parent": 267,
    "persons": [],
    "text_ocr": "Principaux\n",
    "type": "ENTRY"
  },
  {
    "box": [
      900,
      204,
      312,
      46
    ],
    "id": 267,
    "parent": 266,
    "type": "COLUMN_LEVEL_2"
  },
  {
    "box": [
      900,
      204,
      312,
      46
    ],
    "id": 266,
    "parent": 265,
    "type": "SECTION_LEVEL_2"
  },
  {
    "box": [
      900,
      204,
      312,
      46
    ],
    "id": 265,
    "parent": 257,
    "type": "COLUMN_LEVEL_1"
  },
  {
    "box": [
      304,
      204,
      1562,
      46
    ],
    "id": 257,
    "parent": 256,
    "type": "SECTION_LEVEL_1"
  },
  {
    "EOL": false,
    "box": [
      346,
      278,
      684,
      38
    ],
    "id": 275,
    "indented": true,
    "parent": 274,
    "text": "",
    "type": "LINE"
  },
  {
    "addresses": [],
    "box": [
      346,
      278,
      684,
      38
    ],
    "checked": false,
    "id": 274,
    "ner_xml": "des fastes de la France et<ACT>puissances\n</ACT>",
    "origin": "computer",
    "parent": 273,
    "persons": [],
    "text_ocr": "des fastes de la France et puissances\n",
    "type": "ENTRY"
  },
  {
    "EOL": false,
    "box": [
      346,
      318,
      600,
      38
    ],
    "id": 277,
    "indented": true,
    "parent": 276,
    "text": "",
    "type": "LINE"
  },
  {
    "addresses": [],
    "box": [
      346,
      318,
      600,
      38
    ],
    "checked": false,
    "id": 276,
    "ner_xml": "alliees ,<ACT>vue des Saints-leres</ACT>,<CARDINAL>17</CARDINAL>.\n",
    "origin": "computer",
    "parent": 273,
    "persons": [],
    "text_ocr": "alliees , vue des Saints-leres , 17.\n",
    "type": "ENTRY"
  },
  {
    "EOL": false,
    "box": [
      304,
      358,
      640,
      36
    ],
    "id": 279,
    "indented": true,
    "parent": 278,
    "text": "",
    "type": "LINE"
  },
  {
    "addresses": [
      {
        "street_name": "rne Neuve-St.-Marc",
        "street_numbers": [
          "5"
        ]
      }
    ],
    "box": [
      304,
      358,
      640,
      36
    ],
    "checked": false,
    "id": 278,
    "ner_xml": "<PER>T'errasson</PER>,<LOC>rne Neuve-St.-Marc</LOC>,<CARDINAL>5</CARDINAL>.\n",
    "origin": "computer",
    "parent": 273,
    "persons": [
      "T'errasson"
    ],
    "text_ocr": "T'errasson , rne Neuve-St.-Marc , 5.\n",
    "type": "ENTRY"
  },
  {
    "EOL": false,
    "box": [
      310,
      396,
      526,
      34
    ],
    "id": 281,
    "indented": true,
    "parent": 280,
    "text": "",
    "type": "LINE"
  },
  {
    "addresses": [
      {
        "street_name": "rue Monufletard",
        "street_numbers": [
          "507"
        ]
      }
    ],
    "box": [
      310,
      396,
      526,
      34
    ],
    "checked": false,
    "id": 280,
    "ner_xml": "<TITRE>Terroir</TITRE>,<LOC>rue Monufletard</LOC>,<CARDINAL>507</CARDINAL>,\n",
    "origin": "computer",
    "parent": 273,
    "persons": [],
    "text_ocr": "Terroir , rue Monufletard, 507,\n",
    "type": "ENTRY"
  },
  {
    "EOL": false,
    "box": [
      306,
      434,
      686,
      38
    ],
    "id": 283,
    "indented": true,
    "parent": 282,
    "text": "",
    "type": "LINE"
  },
  {
    "addresses": [],
    "box": [
      306,
      434,
      686,
      38
    ],
    "checked": false,
    "id": 282,
    "ner_xml": "<PER>Tessé (de)</PER>,<ACT>ruc d’'Anjou-St.-Honoré</ACT>,<CARDINAL>24</CARDINAL>.\n",
    "origin": "computer",
    "parent": 273,
    "persons": [
      "Tessé (de)"
    ],
    "text_ocr": "Tessé (de), ruc d’'Anjou-St.-Honoré, 24.\n",
    "type": "ENTRY"
  },
  {
    "EOL": false,
    "box": [
      310,
      472,
      722,
      36
    ],
    "id": 285,
    "indented": true,
    "parent": 284,
    "text": "",
    "type": "LINE"
  },
  {
    "EOL": false,
    "box": [
      350,
      510,
      368,
      38
    ],
    "id": 286,
    "indented": false,
    "parent": 284,
    "text": "",
    "type": "LINE"
  },
  {
    "addresses": [],
    "box": [
      310,
      472,
      722,
      76
    ],
    "checked": false,
    "id": 284,
    "ner_xml": "<PER>Tessier</PER>,<ACT>#2cmbre de l'instiiut , vue des\nPetits-Ausoustims</ACT>,<CARDINAL>26</CARDINAL>.\n",
    "origin": "computer",
    "parent": 273,
    "persons": [
      "Tessier"
    ],
    "text_ocr": "Tessier , #2cmbre de l'instiiut , vue des\nPetits-Ausoustims, 26.\n",
    "type": "ENTRY"
  },
  {
    "EOL": false,
    "box": [
      310,
      548,
      536,
      34
    ],
    "id": 288,
    "indented": true,
    "parent": 287,
    "text": "",
    "type": "LINE"
  },
  {
    "addresses": [
      {
        "street_name": "rue Suint-E",
        "street_numbers": []
      },
      {
        "street_name": "suzare",
        "street_numbers": [
          "80"
        ]
      }
    ],
    "box": [
      310,
      548,
      536,
      34
    ],
    "checked": false,
    "id": 287,
    "ner_xml": "<PER>Texier</PER>,<LOC>rue Suint-E</LOC>,<LOC>suzare</LOC>,<CARDINAL>80</CARDINAL>.\n",
    "origin": "computer",
    "parent": 273,
    "persons": [
      "Texier"
    ],
    "text_ocr": "Texier, rue Suint-E,suzare , 80.\n",
    "type": "ENTRY"
  },
  {
    "EOL": false,
    "box": [
      312,
      586,
      548,
      38
    ],
    "id": 290,
    "indented": true,
    "parent": 289,
    "text": "",
    "type": "LINE"
  },
  {
    "addresses": [
      {
        "street_name": "rue Vivieune",
        "street_numbers": [
          "17"
        ]
      }
    ],
    "box": [
      312,
      586,
      548,
      38
    ],
    "checked": false,
    "id": 289,
    "ner_xml": "<PER>Liberohieu</PER>,<LOC>rue Vivieune</LOC>,<CARDINAL>17</CARDINAL>.\n",
    "origin": "computer",
    "parent": 273,
    "persons": [
      "Liberohieu"
    ],
    "text_ocr": "Liberohieu , rue Vivieune, 17.\n",
    "type": "ENTRY"
  },
  {
    "EOL": false,
    "box": [
      312,
      622,
      684,
      36
    ],
    "id": 292,
    "indented": true,
    "parent": 291,
    "text": "",
    "type": "LINE"
  },
  {
    "addresses": [
      {
        "street_name": "rue du Éaub.-Poissouniere",
        "street_numbers": [
          "35"
        ]
      }
    ],
    "box": [
      312,
      622,
      684,
      36
    ],
    "checked": false,
    "id": 291,
    "ner_xml": "<PER>Eiefry</PER>,<LOC>rue du Éaub.-Poissouniere</LOC>,<CARDINAL>35</CARDINAL>.\n",
    "origin": "computer",
    "parent": 273,
    "persons": [
      "Eiefry"
    ],
    "text_ocr": "Eiefry, rue du Éaub.-Poissouniere , 35.\n",
    "type": "ENTRY"
  },
  {
    "EOL": false,
    "box": [
      314,
      660,
      722,
      44
    ],
    "id": 294,
    "indented": true,
    "parent": 293,
    "text": "",
    "type": "LINE"
  },
  {
    "EOL": false,
    "box": [
      358,
      702,
      176,
      32
    ],
    "id": 295,
    "indented": false,
    "parent": 293,
    "text": "",
    "type": "LINE"
  },
  {
    "addresses": [
      {
        "street_name": "rue Caumar-\nun",
        "street_numbers": [
          "23"
        ]
      }
    ],
    "box": [
      314,
      660,
      722,
      74
    ],
    "checked": false,
    "id": 293,
    "ner_xml": "<PER>Lilly (le général comte de)</PER>,<LOC>rue Caumar-\nun</LOC>,<CARDINAL>23</CARDINAL>. ”\n",
    "origin": "computer",
    "parent": 273,
    "persons": [
      "Lilly (le général comte de)"
    ],
    "text_ocr": "Lilly (le général comte de) , rue Caumar-\nun, 23. ”\n",
    "type": "ENTRY"
  },
  {
    "EOL": false,
    "box": [
      320,
      738,
      672,
      40
    ],
    "id": 297,
    "indented": true,
    "parent": 296,
    "text": "",
    "type": "LINE"
  },
  {
    "addresses": [
      {
        "street_name": "rue Varenues",
        "street_numbers": [
          "14"
        ]
      }
    ],
    "box": [
      320,
      738,
      672,
      40
    ],
    "checked": false,
    "id": 296,
    "ner_xml": "<PER>Tingry (Mad. de)</PER>,<LOC>rue Varenues</LOC>,<CARDINAL>14</CARDINAL>.\n",
    "origin": "computer",
    "parent": 273,
    "persons": [
      "Tingry (Mad. de)"
    ],
    "text_ocr": "Tingry (Mad. de), rue Varenues , 14.\n",
    "type": "ENTRY"
  },
  {
    "EOL": false,
    "box": [
      316,
      776,
      724,
      44
    ],
    "id": 299,
    "indented": true,
    "parent": 298,
    "text": "",
    "type": "LINE"
  },
  {
    "addresses": [
      {
        "street_name": "passage des Petits-Péres",
        "street_numbers": [
          "9"
        ]
      }
    ],
    "box": [
      316,
      776,
      724,
      44
    ],
    "checked": false,
    "id": 298,
    "ner_xml": "<ACT>Fivon laine</ACT>,<LOC>passage des Petits-Péres</LOC>,<CARDINAL>9</CARDINAL>.\n",
    "origin": "computer",
    "parent": 273,
    "persons": [],
    "text_ocr": "Fivon laine, passage des Petits-Péres, 9.\n",
    "type": "ENTRY"
  },
  {
    "EOL": false,
    "box": [
      316,
      814,
      726,
      42
    ],
    "id": 301,
    "indented": true,
    "parent": 300,
    "text": "",
    "type": "LINE"
  },
  {
    "EOL": false,
    "box": [
      362,
      856,
      168,
      38
    ],
    "id": 302,
    "indented": false,
    "parent": 300,
    "text": "",
    "type": "LINE"
  },
  {
    "addresses": [
      {
        "street_name": "passage des Petits-\n",
        "street_numbers": []
      },
      {
        "street_name": "Pères",
        "street_numbers": [
          "9"
        ]
      }
    ],
    "box": [
      316,
      814,
      726,
      80
    ],
    "checked": false,
    "id": 300,
    "ner_xml": "<PER>Tiron (Prosper)</PER>,<LOC>passage des Petits-\n</LOC>_<LOC>Pères</LOC>,<CARDINAL>9</CARDINAL>. :<PER>Cr :\n</PER>",
    "origin": "computer",
    "parent": 273,
    "persons": [
      "Tiron (Prosper)",
      "Cr :\n"
    ],
    "text_ocr": "Tiron (Prosper), passage des Petits-\n_ Pères, 9. : Cr :\n",
    "type": "ENTRY"
  },
  {
    "EOL": false,
    "box": [
      320,
      892,
      724,
      38
    ],
    "id": 304,
    "indented": true,
    "parent": 303,
    "text": "",
    "type": "LINE"
  },
  {
    "EOL": false,
    "box": [
      362,
      930,
      236,
      32
    ],
    "id": 305,
    "indented": false,
    "parent": 303,
    "text": "",
    "type": "LINE"
  },
  {
    "addresses": [
      {
        "street_name": "Germain",
        "street_numbers": [
          "16"
        ]
      }
    ],
    "box": [
      320,
      892,
      724,
      70
    ],
    "checked": false,
    "id": 303,
    "ner_xml": "<PER>Lisseraud</PER>,<ACT>sue de Seine</ACT>, faub. Saint-\n<LOC>Germain</LOC>,<CARDINAL>16</CARDINAL>.\n",
    "origin": "computer",
    "parent": 273,
    "persons": [
      "Lisseraud"
    ],
    "text_ocr": "Lisseraud , sue de Seine, faub. Saint-\nGermain, 16.\n",
    "type": "ENTRY"
  },
  {
    "EOL": false,
    "box": [
      320,
      966,
      724,
      40
    ],
    "id": 307,
    "indented": true,
    "parent": 306,
    "text": "",
    "type": "LINE"
  },
  {
    "addresses": [
      {
        "street_name": "rue de Vaucirard",
        "street_numbers": [
          "54"
        ]
      }
    ],
    "box": [
      320,
      966,
      724,
      40
    ],
    "checked": false,
    "id": 306,
    "ner_xml": "<PER>Tissot de Morena</PER>,<LOC>rue de Vaucirard</LOC>,<CARDINAL>54</CARDINAL>.\n",
    "origin": "computer",
    "parent": 273,
    "persons": [
      "Tissot de Morena"
    ],
    "text_ocr": "Tissot de Morena , rue de Vaucirard , 54.\n",
    "type": "ENTRY"
  },
  {
    "EOL": false,
    "box": [
      324,
      1006,
      420,
      36
    ],
    "id": 309,
    "indented": true,
    "parent": 308,
    "text": "",
    "type": "LINE"
  },
  {
    "addresses": [
      {
        "street_name": "rue Meslay",
        "street_numbers": [
          "20"
        ]
      }
    ],
    "box": [
      324,
      1006,
      420,
      36
    ],
    "checked": false,
    "id": 308,
    "ner_xml": "<PER>Titun</PER>,<LOC>rue Meslay</LOC>,<CARDINAL>20</CARDINAL>.\n",
    "origin": "computer",
    "parent": 273,
    "persons": [
      "Titun"
    ],
    "text_ocr": "Titun , rue Meslay , 20.\n",
    "type": "ENTRY"
  },
  {
    "EOL": false,
    "box": [
      326,
      1044,
      492,
      36
    ],
    "id": 311,
    "indented": true,
    "parent": 310,
    "text": "",
    "type": "LINE"
  },
  {
    "addresses": [
      {
        "street_name": "rue Joubert",
        "street_numbers": [
          "20"
        ]
      }
    ],
    "box": [
      326,
      1044,
      492,
      36
    ],
    "checked": false,
    "id": 310,
    "ner_xml": "<PER>Thalouet</PER>,<LOC>rue Joubert</LOC>,<CARDINAL>20</CARDINAL>.\n",
    "origin": "computer",
    "parent": 273,
    "persons": [
      "Thalouet"
    ],
    "text_ocr": "Thalouet , rue Joubert , 20.\n",
    "type": "ENTRY"
  },
  {
    "EOL": false,
    "box": [
      324,
      1082,
      530,
      36
    ],
    "id": 313,
    "indented": true,
    "parent": 312,
    "text": "",
    "type": "LINE"
  },
  {
    "addresses": [
      {
        "street_name": "rue Saint- Marc",
        "street_numbers": [
          "10"
        ]
      }
    ],
    "box": [
      324,
      1082,
      530,
      36
    ],
    "checked": false,
    "id": 312,
    "ner_xml": "<PER>Thayer</PER>,<LOC>rue Saint- Marc</LOC>,<CARDINAL>10</CARDINAL>.\n",
    "origin": "computer",
    "parent": 273,
    "persons": [
      "Thayer"
    ],
    "text_ocr": "Thayer , rue Saint- Marc , 10.\n",
    "type": "ENTRY"
  },
  {
    "EOL": false,
    "box": [
      324,
      1118,
      624,
      44
    ],
    "id": 315,
    "indented": true,
    "parent": 314,
    "text": "",
    "type": "LINE"
  },
  {
    "addresses": [],
    "box": [
      324,
      1118,
      624,
      44
    ],
    "checked": false,
    "id": 314,
    "ner_xml": "<PER>Thébaux , (D.lle) Thébaux</PER>, rue\n",
    "origin": "computer",
    "parent": 273,
    "persons": [
      "Thébaux , (D.lle) Thébaux"
    ],
    "text_ocr": "Thébaux , (D.lle) Thébaux , rue\n",
    "type": "ENTRY"
  },
  {
    "EOL": false,
    "box": [
      368,
      1164,
      172,
      28
    ],
    "id": 317,
    "indented": true,
    "parent": 316,
    "text": "",
    "type": "LINE"
  },
  {
    "addresses": [],
    "box": [
      368,
      1164,
      172,
      28
    ],
    "checked": false,
    "id": 316,
    "ner_xml": "<PER>rennes</PER>,<TITRE>D.\n</TITRE>",
    "origin": "computer",
    "parent": 273,
    "persons": [
      "rennes"
    ],
    "text_ocr": "rennes , D.\n",
    "type": "ENTRY"
  },
  {
    "EOL": false,
    "box": [
      326,
      1194,
      684,
      40
    ],
    "id": 319,
    "indented": true,
    "parent": 318,
    "text": "",
    "type": "LINE"
  },
  {
    "addresses": [],
    "box": [
      326,
      1194,
      684,
      40
    ],
    "checked": false,
    "id": 318,
    "ner_xml": "<PER>Thelusson (de)</PER>,<ACT>rune des Mathurins</ACT>,<CARDINAL>15</CARDINAL>.\n",
    "origin": "computer",
    "parent": 273,
    "persons": [
      "Thelusson (de)"
    ],
    "text_ocr": "Thelusson (de), rune des Mathurins , 15.\n",
    "type": "ENTRY"
  },
  {
    "EOL": false,
    "box": [
      334,
      1234,
      676,
      34
    ],
    "id": 321,
    "indented": true,
    "parent": 320,
    "text": "",
    "type": "LINE"
  },
  {
    "addresses": [],
    "box": [
      334,
      1234,
      676,
      34
    ],
    "checked": false,
    "id": 320,
    "ner_xml": "<PER>Thélusson</PER>,<ACT>r. Paradis-Poissounière</ACT>,<CARDINAL>21</CARDINAL>.\n",
    "origin": "computer",
    "parent": 273,
    "persons": [
      "Thélusson"
    ],
    "text_ocr": "Thélusson, r. Paradis-Poissounière, 21.\n",
    "type": "ENTRY"
  },
  {
    "EOL": false,
    "box": [
      328,
      1272,
      724,
      38
    ],
    "id": 323,
    "indented": true,
    "parent": 322,
    "text": "",
    "type": "LINE"
  },
  {
    "addresses": [
      {
        "street_name": "rue\n",
        "street_numbers": []
      }
    ],
    "box": [
      328,
      1272,
      724,
      38
    ],
    "checked": false,
    "id": 322,
    "ner_xml": "<PER>Thevenard (le comte de)</PER>,<ACT>sezzteur</ACT>,<LOC>rue\n</LOC>",
    "origin": "computer",
    "parent": 273,
    "persons": [
      "Thevenard (le comte de)"
    ],
    "text_ocr": "Thevenard (le comte de), sezzteur, rue\n",
    "type": "ENTRY"
  },
  {
    "EOL": false,
    "box": [
      332,
      1310,
      600,
      74
    ],
    "id": 325,
    "indented": true,
    "parent": 324,
    "text": "",
    "type": "LINE"
  },
  {
    "addresses": [
      {
        "street_name": "Duphot",
        "street_numbers": [
          "8",
          "21"
        ]
      }
    ],
    "box": [
      332,
      1310,
      600,
      74
    ],
    "checked": false,
    "id": 324,
    "ner_xml": "<LOC>Duphot</LOC>,<CARDINAL>8</CARDINAL>.\nThevenin (V.‘},rue de Lille,<CARDINAL>21</CARDINAL>.\n",
    "origin": "computer",
    "parent": 273,
    "persons": [],
    "text_ocr": "Duphot, 8.\nThevenin (V.‘},rue de Lille, 21.\n",
    "type": "ENTRY"
  },
  {
    "EOL": false,
    "box": [
      332,
      1386,
      544,
      32
    ],
    "id": 327,
    "indented": true,
    "parent": 326,
    "text": "",
    "type": "LINE"
  },
  {
    "addresses": [
      {
        "street_name": "rue de Lauile",
        "street_numbers": [
          "21"
        ]
      }
    ],
    "box": [
      332,
      1386,
      544,
      32
    ],
    "checked": false,
    "id": 326,
    "ner_xml": "<PER>Theveuin his</PER>,<LOC>rue de Lauile</LOC>,<CARDINAL>21</CARDINAL>.\n",
    "origin": "computer",
    "parent": 273,
    "persons": [
      "Theveuin his"
    ],
    "text_ocr": "Theveuin his, rue de Lauile , 21.\n",
    "type": "ENTRY"
  },
  {
    "EOL": false,
    "box": [
      332,
      1424,
      694,
      40
    ],
    "id": 329,
    "indented": true,
    "parent": 328,
    "text": "",
    "type": "LINE"
  },
  {
    "addresses": [
      {
        "street_name": "rue du Eaub.-51.-1fanoré",
        "street_numbers": [
          "19"
        ]
      }
    ],
    "box": [
      332,
      1424,
      694,
      40
    ],
    "checked": false,
    "id": 328,
    "ner_xml": "<TITRE>Thiboust</TITRE>,<LOC>rue du Eaub.-51.-1fanoré</LOC>,<CARDINAL>19</CARDINAL>.\n",
    "origin": "computer",
    "parent": 273,
    "persons": [],
    "text_ocr": "Thiboust, rue du Eaub.-51.-1fanoré , 19.\n",
    "type": "ENTRY"
  },
  {
    "EOL": false,
    "box": [
      332,
      1460,
      624,
      38
    ],
    "id": 331,
    "indented": true,
    "parent": 330,
    "text": "",
    "type": "LINE"
  },
  {
    "addresses": [
      {
        "street_name": "rue des Trois-Fréres",
        "street_numbers": [
          "13"
        ]
      }
    ],
    "box": [
      332,
      1460,
      624,
      38
    ],
    "checked": false,
    "id": 330,
    "ner_xml": "Thiébaut,<LOC>rue des Trois-Fréres</LOC>,<CARDINAL>13</CARDINAL>.\n",
    "origin": "computer",
    "parent": 273,
    "persons": [],
    "text_ocr": "Thiébaut, rue des Trois-Fréres , 13.\n",
    "type": "ENTRY"
  },
  {
    "EOL": false,
    "box": [
      332,
      1498,
      722,
      40
    ],
    "id": 333,
    "indented": true,
    "parent": 332,
    "text": "",
    "type": "LINE"
  },
  {
    "EOL": false,
    "box": [
      336,
      1542,
      446,
      72
    ],
    "id": 334,
    "indented": false,
    "parent": 332,
    "text": "",
    "type": "LINE"
  },
  {
    "EOL": false,
    "box": [
      336,
      1610,
      584,
      40
    ],
    "id": 335,
    "indented": false,
    "parent": 332,
    "text": "",
    "type": "LINE"
  },
  {
    "EOL": false,
    "box": [
      338,
      1650,
      722,
      38
    ],
    "id": 336,
    "indented": false,
    "parent": 332,
    "text": "",
    "type": "LINE"
  },
  {
    "EOL": false,
    "box": [
      338,
      1690,
      722,
      36
    ],
    "id": 337,
    "indented": false,
    "parent": 332,
    "text": "",
    "type": "LINE"
  },
  {
    "EOL": false,
    "box": [
      340,
      1726,
      648,
      34
    ],
    "id": 338,
    "indented": false,
    "parent": 332,
    "text": "",
    "type": "LINE"
  },
  {
    "EOL": false,
    "box": [
      340,
      1764,
      724,
      110
    ],
    "id": 339,
    "indented": false,
    "parent": 332,
    "text": "",
    "type": "LINE"
  },
  {
    "EOL": false,
    "box": [
      344,
      1878,
      464,
      36
    ],
    "id": 340,
    "indented": false,
    "parent": 332,
    "text": "",
    "type": "LINE"
  },
  {
    "EOL": false,
    "box": [
      344,
      1916,
      470,
      38
    ],
    "id": 341,
    "indented": false,
    "parent": 332,
    "text": "",
    "type": "LINE"
  },
  {
    "EOL": false,
    "box": [
      342,
      1952,
      724,
      74
    ],
    "id": 342,
    "indented": false,
    "parent": 332,
    "text": "",
    "type": "LINE"
  },
  {
    "EOL": false,
    "box": [
      346,
      2028,
      724,
      74
    ],
    "id": 343,
    "indented": false,
    "parent": 332,
    "text": "",
    "type": "LINE"
  },
  {
    "EOL": false,
    "box": [
      348,
      2104,
      720,
      70
    ],
    "id": 344,
    "indented": false,
    "parent": 332,
    "text": "",
    "type": "LINE"
  },
  {
    "EOL": false,
    "box": [
      350,
      2180,
      722,
      40
    ],
    "id": 345,
    "indented": false,
    "parent": 332,
    "text": "",
    "type": "LINE"
  },
  {
    "EOL": false,
    "box": [
      350,
      2218,
      722,
      76
    ],
    "id": 346,
    "indented": false,
    "parent": 332,
    "text": "",
    "type": "LINE"
  },
  {
    "EOL": false,
    "box": [
      352,
      2296,
      528,
      38
    ],
    "id": 347,
    "indented": false,
    "parent": 332,
    "text": "",
    "type": "LINE"
  },
  {
    "addresses": [
      {
        "street_name": "rue de Grenelle-Saint-Ger-\nmain",
        "street_numbers": [
          "27"
        ]
      },
      {
        "street_name": "rue de Sévre",
        "street_numbers": [
          "93"
        ]
      },
      {
        "street_name": "rue Suiute-Apolline",
        "street_numbers": [
          "15"
        ]
      },
      {
        "street_name": "rue de Provence",
        "street_numbers": [
          "12"
        ]
      },
      {
        "street_name": "rue Saint-Georges",
        "street_numbers": [
          "1"
        ]
      },
      {
        "street_name": "rue de la Monnaie",
        "street_numbers": [
          "10"
        ]
      },
      {
        "street_name": "rue de\nVErole de Médecine",
        "street_numbers": [
          "12"
        ]
      },
      {
        "street_name": "rue Christine",
        "street_numbers": [
          "9"
        ]
      },
      {
        "street_name": "quai Pelletier",
        "street_numbers": [
          "8"
        ]
      },
      {
        "street_name": "rue Nenve-Saint-Roch",
        "street_numbers": [
          "5"
        ]
      },
      {
        "street_name": "rue des Francs-Bouroeois",
        "street_numbers": [
          "16",
          "35"
        ]
      },
      {
        "street_name": "r. St.-André-des-Arts",
        "street_numbers": [
          "66",
          "4"
        ]
      },
      {
        "street_name": "rue du Bac",
        "street_numbers": [
          "77"
        ]
      }
    ],
    "box": [
      332,
      1498,
      740,
      836
    ],
    "checked": false,
    "id": 332,
    "ner_xml": "<PER>Thierry</PER>,<LOC>rue de Grenelle-Saint-Ger-\nmain</LOC>,<CARDINAL>27</CARDINAL>..\n\nThierry,<LOC>rue de Sévre</LOC>,<CARDINAL>93</CARDINAL>.\n\nThierry,<LOC>rue Suiute-Apolline</LOC>,<CARDINAL>15</CARDINAL>.\n\n<PER>Thierry Grandval</PER>,<LOC>rue de Provence</LOC>,<CARDINAL>12</CARDINAL>.\n\n<PER>Thierry Manregurd</PER>,<LOC>rue Saint-Georges</LOC>,<CARDINAL>1</CARDINAL>.\n\nThierriet<ACT>fils</ACT>,<LOC>rue de la Monnaie</LOC>,<CARDINAL>10</CARDINAL>.\n\nThillay ,<ACT>professeur et conservateur du\ncabinet de l’école de médecine</ACT>,<LOC>rue de\nVErole de Médecine</LOC>,<CARDINAL>12</CARDINAL>.\n\nThiriet,<LOC>rue Christine</LOC>,<CARDINAL>9</CARDINAL>.\n\nTholozé ,<LOC>quai Pelletier</LOC>,<CARDINAL>8</CARDINAL>.\n\nThomas,<ACT>membre du corps législatif</ACT>,\n<LOC>rue Nenve-Saint-Roch</LOC>,<CARDINAL>5</CARDINAL>.\n\n<PER>Thomé( V.°)</PER>,<LOC>rue des Francs-Bouroeois</LOC>,\n<CARDINAL>16</CARDINAL>, au Marais.\n\n<PER>Tüouin (le chevalier)</PER>,<ACT>membre de l’in-\nstitut . vue de Seine-Si.- Victor</ACT>,<CARDINAL>35</CARDINAL>.\n<PER>Thünret (V.:)</PER>,<LOC>r. St.-André-des-Arts</LOC>,<CARDINAL>66</CARDINAL>.\n<PER>Thourou de Bertinval</PER>,<ACT>auditeur uu\nconseil d'état , vue Chabannais</ACT>,<CARDINAL>4</CARDINAL>.\n\n<PER>Thuisy (de)</PER>,<LOC>rue du Bac</LOC>,<CARDINAL>77</CARDINAL>.\n",
    "origin": "computer",
    "parent": 273,
    "persons": [
      "Thierry",
      "Thierry Grandval",
      "Thierry Manregurd",
      "Thomé( V.°)",
      "Tüouin (le chevalier)",
      "Thünret (V.:)",
      "Thourou de Bertinval",
      "Thuisy (de)"
    ],
    "text_ocr": "Thierry , rue de Grenelle-Saint-Ger-\nmain, 27..\n\nThierry, rue de Sévre, 93.\n\nThierry, rue Suiute-Apolline, 15.\n\nThierry Grandval, rue de Provence , 12.\n\nThierry Manregurd , rue Saint-Georges, 1.\n\nThierriet fils, rue de la Monnaie, 10.\n\nThillay , professeur et conservateur du\ncabinet de l’école de médecine, rue de\nVErole de Médecine, 12.\n\nThiriet, rue Christine , 9.\n\nTholozé , quai Pelletier, 8.\n\nThomas, membre du corps législatif,\nrue Nenve-Saint-Roch , 5.\n\nThomé( V.°), rue des Francs-Bouroeois,\n16, au Marais.\n\nTüouin (le chevalier), membre de l’in-\nstitut . vue de Seine-Si.- Victor, 35.\nThünret (V.:), r. St.-André-des-Arts , 66.\nThourou de Bertinval, auditeur uu\nconseil d'état , vue Chabannais, 4.\n\nThuisy (de), rue du Bac, 77.\n",
    "type": "ENTRY"
  },
  {
    "EOL": false,
    "box": [
      352,
      2332,
      628,
      38
    ],
    "id": 349,
    "indented": true,
    "parent": 348,
    "text": "",
    "type": "LINE"
  },
  {
    "addresses": [],
    "box": [
      352,
      2332,
      628,
      38
    ],
    "checked": false,
    "id": 348,
    "ner_xml": "<PER>Thulis</PER>,<ACT>boulevart Poissonniére</ACT>,<CARDINAL>14</CARDINAL>.\n",
    "origin": "computer",
    "parent": 273,
    "persons": [
      "Thulis"
    ],
    "text_ocr": "Thulis , boulevart Poissonniére , 14.\n",
    "type": "ENTRY"
  },
  {
    "EOL": false,
    "box": [
      352,
      2370,
      540,
      40
    ],
    "id": 351,
    "indented": true,
    "parent": 350,
    "text": "",
    "type": "LINE"
  },
  {
    "addresses": [
      {
        "street_name": "rue de Cartiolione",
        "street_numbers": [
          "9"
        ]
      }
    ],
    "box": [
      352,
      2370,
      540,
      40
    ],
    "checked": false,
    "id": 350,
    "ner_xml": "<PER>Thuret</PER>,<LOC>rue de Cartiolione</LOC>,<CARDINAL>9</CARDINAL>.\n",
    "origin": "computer",
    "parent": 273,
    "persons": [
      "Thuret"
    ],
    "text_ocr": "Thuret , rue de Cartiolione, 9.\n",
    "type": "ENTRY"
  },
  {
    "EOL": false,
    "box": [
      354,
      2410,
      404,
      34
    ],
    "id": 353,
    "indented": true,
    "parent": 352,
    "text": "",
    "type": "LINE"
  },
  {
    "addresses": [
      {
        "street_name": "rue Favart",
        "street_numbers": []
      }
    ],
    "box": [
      354,
      2410,
      404,
      34
    ],
    "checked": false,
    "id": 352,
    "ner_xml": "L'obler ,<LOC>rue Favart</LOC>,<TITRE>O.\n</TITRE>",
    "origin": "computer",
    "parent": 273,
    "persons": [],
    "text_ocr": "L'obler , rue Favart, O.\n",
    "type": "ENTRY"
  },
  {
    "EOL": false,
    "box": [
      354,
      2444,
      520,
      38
    ],
    "id": 355,
    "indented": true,
    "parent": 354,
    "text": "",
    "type": "LINE"
  },
  {
    "addresses": [
      {
        "street_name": "rue Caumartin",
        "street_numbers": [
          "25"
        ]
      }
    ],
    "box": [
      354,
      2444,
      520,
      38
    ],
    "checked": false,
    "id": 354,
    "ner_xml": "+\n<CARDINAL>Tochon</CARDINAL>,<LOC>rue Caumartin</LOC>,<CARDINAL>25</CARDINAL>.\n",
    "origin": "computer",
    "parent": 273,
    "persons": [],
    "text_ocr": "+\nTochon , rue Caumartin, 25.\n",
    "type": "ENTRY"
  },
  {
    "EOL": false,
    "box": [
      356,
      2486,
      566,
      40
    ],
    "id": 357,
    "indented": true,
    "parent": 356,
    "text": "",
    "type": "LINE"
  },
  {
    "addresses": [
      {
        "street_name": "rue Sairt-Domimique",
        "street_numbers": []
      }
    ],
    "box": [
      356,
      2486,
      566,
      40
    ],
    "checked": false,
    "id": 356,
    "ner_xml": "<TITRE>Tolozan</TITRE>,<LOC>rue Sairt-Domimique</LOC>,\n",
    "origin": "computer",
    "parent": 273,
    "persons": [],
    "text_ocr": "Tolozan , rue Sairt-Domimique ,\n",
    "type": "ENTRY"
  },
  {
    "EOL": false,
    "box": [
      356,
      2522,
      500,
      36
    ],
    "id": 359,
    "indented": true,
    "parent": 358,
    "text": "",
    "type": "LINE"
  },
  {
    "addresses": [],
    "box": [
      356,
      2522,
      500,
      36
    ],
    "checked": false,
    "id": 358,
    "ner_xml": "T'ompson,<ACT>rne Madame</ACT>,<CARDINAL>5</CARDINAL>.\n",
    "origin": "computer",
    "parent": 273,
    "persons": [],
    "text_ocr": "T'ompson, rne Madame , 5.\n",
    "type": "ENTRY"
  },
  {
    "EOL": false,
    "box": [
      358,
      2560,
      706,
      76
    ],
    "id": 361,
    "indented": true,
    "parent": 360,
    "text": "",
    "type": "LINE"
  },
  {
    "addresses": [
      {
        "street_name": "rue Napoléon",
        "street_numbers": [
          "10"
        ]
      },
      {
        "street_name": "rue Neuve-des-Mathurins",
        "street_numbers": [
          "1"
        ]
      }
    ],
    "box": [
      358,
      2560,
      706,
      76
    ],
    "checked": false,
    "id": 360,
    "ner_xml": "<TITRE>Toniges</TITRE>,<LOC>rue Napoléon</LOC>,<CARDINAL>10</CARDINAL>.\n<ACT>Tonnielière</ACT>,<LOC>rue Neuve-des-Mathurins</LOC>,<CARDINAL>1</CARDINAL>\n",
    "origin": "computer",
    "parent": 273,
    "persons": [],
    "text_ocr": "Toniges, rue Napoléon, 10.\nTonnielière, rue Neuve-des-Mathurins , 1\n",
    "type": "ENTRY"
  },
  {
    "EOL": false,
    "box": [
      356,
      2636,
      628,
      80
    ],
    "id": 363,
    "indented": true,
    "parent": 362,
    "text": "",
    "type": "LINE"
  },
  {
    "addresses": [
      {
        "street_name": "rue Buffauk",
        "street_numbers": [
          "1"
        ]
      }
    ],
    "box": [
      356,
      2636,
      628,
      80
    ],
    "checked": false,
    "id": 362,
    "ner_xml": "<PER>Torcy (de)</PER>,<ACT>vue de Bourgogne</ACT>,<CARDINAL>54</CARDINAL>.\n<TITRE>Torras</TITRE>,<LOC>rue Buffauk</LOC>,<CARDINAL>1</CARDINAL>,\n",
    "origin": "computer",
    "parent": 273,
    "persons": [
      "Torcy (de)"
    ],
    "text_ocr": "Torcy (de), vue de Bourgogne, 54.\nTorras, rue Buffauk, 1,\n",
    "type": "ENTRY"
  },
  {
    "box": [
      304,
      276,
      768,
      2442
    ],
    "id": 273,
    "parent": 272,
    "type": "COLUMN_LEVEL_2"
  },
  {
    "box": [
      304,
      276,
      768,
      2442
    ],
    "id": 272,
    "parent": 271,
    "type": "SECTION_LEVEL_2"
  },
  {
    "box": [
      304,
      276,
      768,
      2442
    ],
    "id": 271,
    "parent": 270,
    "type": "COLUMN_LEVEL_1"
  },
  {
    "EOL": false,
    "box": [
      1090,
      282,
      580,
      36
    ],
    "id": 368,
    "indented": false,
    "parent": 367,
    "text": "",
    "type": "LINE"
  },
  {
    "addresses": [
      {
        "street_name": "rue du Mont-Blanc",
        "street_numbers": [
          "38"
        ]
      }
    ],
    "box": [
      1090,
      282,
      580,
      36
    ],
    "checked": false,
    "id": 367,
    "ner_xml": "<TITRE>Torras</TITRE>,<LOC>rue du Mont-Blanc</LOC>,<CARDINAL>38</CARDINAL>.\n",
    "origin": "computer",
    "parent": 366,
    "persons": [],
    "text_ocr": "Torras , rue du Mont-Blanc , 38.\n",
    "type": "ENTRY"
  },
  {
    "EOL": false,
    "box": [
      1090,
      322,
      638,
      36
    ],
    "id": 370,
    "indented": true,
    "parent": 369,
    "text": "",
    "type": "LINE"
  },
  {
    "addresses": [],
    "box": [
      1090,
      322,
      638,
      36
    ],
    "checked": false,
    "id": 369,
    "ner_xml": "<PER>Torry</PER>,<ACT>rne Neuve-des-Capucines</ACT>,<CARDINAL>15</CARDINAL>.\n",
    "origin": "computer",
    "parent": 366,
    "persons": [
      "Torry"
    ],
    "text_ocr": "Torry, rne Neuve-des-Capucines, 15.\n",
    "type": "ENTRY"
  },
  {
    "EOL": false,
    "box": [
      1090,
      358,
      722,
      38
    ],
    "id": 372,
    "indented": true,
    "parent": 371,
    "text": "",
    "type": "LINE"
  },
  {
    "EOL": false,
    "box": [
      1132,
      400,
      640,
      36
    ],
    "id": 373,
    "indented": false,
    "parent": 371,
    "text": "",
    "type": "LINE"
  },
  {
    "addresses": [
      {
        "street_name": "rne Miromesnil",
        "street_numbers": [
          "2"
        ]
      }
    ],
    "box": [
      1090,
      358,
      722,
      78
    ],
    "checked": false,
    "id": 371,
    "ner_xml": "<PER>Tounlongeon (le chevalier de)</PER>,<ACT>membre du\ncorps legislatif</ACT>,<LOC>rne Miromesnil</LOC>,<CARDINAL>2</CARDINAL>.\n",
    "origin": "computer",
    "parent": 366,
    "persons": [
      "Tounlongeon (le chevalier de)"
    ],
    "text_ocr": "Tounlongeon (le chevalier de), membre du\ncorps legislatif, rne Miromesnil , 2.\n",
    "type": "ENTRY"
  },
  {
    "EOL": false,
    "box": [
      1094,
      434,
      722,
      40
    ],
    "id": 375,
    "indented": true,
    "parent": 374,
    "text": "",
    "type": "LINE"
  },
  {
    "EOL": false,
    "box": [
      1132,
      476,
      482,
      36
    ],
    "id": 376,
    "indented": false,
    "parent": 374,
    "text": "",
    "type": "LINE"
  },
  {
    "addresses": [
      {
        "street_name": "rue de Chaillot",
        "street_numbers": [
          "74"
        ]
      }
    ],
    "box": [
      1094,
      434,
      722,
      78
    ],
    "checked": false,
    "id": 374,
    "ner_xml": "<PER>Toulengeon (le chevalier)</PER>,<ACT>#embre de l'in-\nstitut</ACT>,<LOC>rue de Chaillot</LOC>,<CARDINAL>74</CARDINAL>.\n",
    "origin": "computer",
    "parent": 366,
    "persons": [
      "Toulengeon (le chevalier)"
    ],
    "text_ocr": "Toulengeon (le chevalier), #embre de l'in-\nstitut , rue de Chaillot, 74.\n",
    "type": "ENTRY"
  },
  {
    "EOL": false,
    "box": [
      1100,
      514,
      716,
      40
    ],
    "id": 378,
    "indented": true,
    "parent": 377,
    "text": "",
    "type": "LINE"
  },
  {
    "EOL": false,
    "box": [
      1136,
      550,
      168,
      38
    ],
    "id": 379,
    "indented": false,
    "parent": 377,
    "text": "",
    "type": "LINE"
  },
  {
    "addresses": [
      {
        "street_name": "rue des Lions-Saint--\nPaul",
        "street_numbers": [
          "14"
        ]
      }
    ],
    "box": [
      1100,
      514,
      716,
      74
    ],
    "checked": false,
    "id": 377,
    "ner_xml": "<PER>Jourusse Maupas</PER>,<LOC>rue des Lions-Saint--\nPaul</LOC>,<CARDINAL>14</CARDINAL>,\n",
    "origin": "computer",
    "parent": 366,
    "persons": [
      "Jourusse Maupas"
    ],
    "text_ocr": "Jourusse Maupas, rue des Lions-Saint--\nPaul , 14,\n",
    "type": "ENTRY"
  },
  {
    "EOL": false,
    "box": [
      1098,
      590,
      522,
      36
    ],
    "id": 381,
    "indented": true,
    "parent": 380,
    "text": "",
    "type": "LINE"
  },
  {
    "addresses": [
      {
        "street_name": "rue d’Argentenil",
        "street_numbers": [
          "8"
        ]
      }
    ],
    "box": [
      1098,
      590,
      522,
      36
    ],
    "checked": false,
    "id": 380,
    "ner_xml": "<PER>Fourue</PER>,<LOC>rue d’Argentenil</LOC>,<CARDINAL>8</CARDINAL>.\n",
    "origin": "computer",
    "parent": 366,
    "persons": [
      "Fourue"
    ],
    "text_ocr": "Fourue , rue d’Argentenil , 8.\n",
    "type": "ENTRY"
  },
  {
    "EOL": false,
    "box": [
      1098,
      628,
      510,
      38
    ],
    "id": 383,
    "indented": true,
    "parent": 382,
    "text": "",
    "type": "LINE"
  },
  {
    "addresses": [
      {
        "street_name": "rue Richelieu",
        "street_numbers": [
          "09"
        ]
      }
    ],
    "box": [
      1098,
      628,
      510,
      38
    ],
    "checked": false,
    "id": 382,
    "ner_xml": "<TITRE>Fourolle</TITRE>,<LOC>rue Richelieu</LOC>,<CARDINAL>09</CARDINAL>.\n",
    "origin": "computer",
    "parent": 366,
    "persons": [],
    "text_ocr": "Fourolle, rue Richelieu , 09.\n",
    "type": "ENTRY"
  },
  {
    "EOL": false,
    "box": [
      1098,
      666,
      488,
      34
    ],
    "id": 385,
    "indented": true,
    "parent": 384,
    "text": "",
    "type": "LINE"
  },
  {
    "addresses": [],
    "box": [
      1098,
      666,
      488,
      34
    ],
    "checked": false,
    "id": 384,
    "ner_xml": "<PER>Tourzel</PER>,<ACT>vue de Taille</ACT>,<CARDINAL>84</CARDINAL>.\n",
    "origin": "computer",
    "parent": 366,
    "persons": [
      "Tourzel"
    ],
    "text_ocr": "Tourzel , vue de Taille , 84.\n",
    "type": "ENTRY"
  },
  {
    "EOL": false,
    "box": [
      1102,
      704,
      554,
      34
    ],
    "id": 387,
    "indented": true,
    "parent": 386,
    "text": "",
    "type": "LINE"
  },
  {
    "addresses": [],
    "box": [
      1102,
      704,
      554,
      34
    ],
    "checked": false,
    "id": 386,
    "ner_xml": "<PER>Fousselot</PER>,<ACT>Marche des Facobins</ACT>.\n",
    "origin": "computer",
    "parent": 366,
    "persons": [
      "Fousselot"
    ],
    "text_ocr": "Fousselot, Marche des Facobins.\n",
    "type": "ENTRY"
  },
  {
    "EOL": false,
    "box": [
      1102,
      744,
      448,
      36
    ],
    "id": 389,
    "indented": true,
    "parent": 388,
    "text": "",
    "type": "LINE"
  },
  {
    "addresses": [
      {
        "street_name": "rue Bicher",
        "street_numbers": [
          "22"
        ]
      }
    ],
    "box": [
      1102,
      744,
      448,
      36
    ],
    "checked": false,
    "id": 388,
    "ner_xml": "<PER>Loutau</PER>,<LOC>rue Bicher</LOC>,<CARDINAL>22</CARDINAL>.\n",
    "origin": "computer",
    "parent": 366,
    "persons": [
      "Loutau"
    ],
    "text_ocr": "Loutau , rue Bicher , 22.\n",
    "type": "ENTRY"
  },
  {
    "EOL": false,
    "box": [
      1102,
      780,
      720,
      42
    ],
    "id": 391,
    "indented": true,
    "parent": 390,
    "text": "",
    "type": "LINE"
  },
  {
    "addresses": [
      {
        "street_name": "rue de Bour-\n",
        "street_numbers": []
      }
    ],
    "box": [
      1102,
      780,
      720,
      42
    ],
    "checked": false,
    "id": 390,
    "ner_xml": "<PER>Touzard (le général de}</PER>,<LOC>rue de Bour-\n</LOC>",
    "origin": "computer",
    "parent": 366,
    "persons": [
      "Touzard (le général de}"
    ],
    "text_ocr": "Touzard (le général de}, rue de Bour-\n",
    "type": "ENTRY"
  },
  {
    "EOL": false,
    "box": [
      1106,
      824,
      618,
      66
    ],
    "id": 393,
    "indented": true,
    "parent": 392,
    "text": "",
    "type": "LINE"
  },
  {
    "addresses": [
      {
        "street_name": "©c0.\nTravault",
        "street_numbers": []
      },
      {
        "street_name": "rue de la Michodière",
        "street_numbers": [
          "20"
        ]
      }
    ],
    "box": [
      1106,
      824,
      618,
      66
    ],
    "checked": false,
    "id": 392,
    "ner_xml": "<ACT>gognec</ACT>,<LOC>©c0.\nTravault</LOC>,<LOC>rue de la Michodière</LOC>,<CARDINAL>20</CARDINAL>.\n",
    "origin": "computer",
    "parent": 366,
    "persons": [],
    "text_ocr": "gognec, ©c0.\nTravault, rue de la Michodière, 20.\n",
    "type": "ENTRY"
  },
  {
    "EOL": false,
    "box": [
      1104,
      894,
      716,
      40
    ],
    "id": 395,
    "indented": true,
    "parent": 394,
    "text": "",
    "type": "LINE"
  },
  {
    "EOL": false,
    "box": [
      1148,
      934,
      188,
      28
    ],
    "id": 396,
    "indented": false,
    "parent": 394,
    "text": "",
    "type": "LINE"
  },
  {
    "addresses": [
      {
        "street_name": "rue du Faub.-Saint-\nHonoré.",
        "street_numbers": [
          "5"
        ]
      }
    ],
    "box": [
      1104,
      894,
      716,
      68
    ],
    "checked": false,
    "id": 394,
    "ner_xml": "<PER>Traveuet (Mad, de)</PER>,<LOC>rue du Faub.-Saint-\nHonoré.</LOC><CARDINAL>5</CARDINAL>.\n",
    "origin": "computer",
    "parent": 366,
    "persons": [
      "Traveuet (Mad, de)"
    ],
    "text_ocr": "Traveuet (Mad, de), rue du Faub.-Saint-\nHonoré. 5.\n",
    "type": "ENTRY"
  },
  {
    "EOL": false,
    "box": [
      1106,
      972,
      720,
      34
    ],
    "id": 398,
    "indented": true,
    "parent": 397,
    "text": "",
    "type": "LINE"
  },
  {
    "EOL": false,
    "box": [
      1148,
      1010,
      244,
      34
    ],
    "id": 399,
    "indented": false,
    "parent": 397,
    "text": "",
    "type": "LINE"
  },
  {
    "addresses": [],
    "box": [
      1106,
      972,
      720,
      72
    ],
    "checked": false,
    "id": 397,
    "ner_xml": "<PER>Fremauville</PER>,<ACT>rne de Grenelle-Faub.-5t.-\nGermain</ACT>,<CARDINAL>45</CARDINAL>.\n",
    "origin": "computer",
    "parent": 366,
    "persons": [
      "Fremauville"
    ],
    "text_ocr": "Fremauville , rne de Grenelle-Faub.-5t.-\nGermain, 45.\n",
    "type": "ENTRY"
  },
  {
    "EOL": false,
    "box": [
      1110,
      1046,
      642,
      38
    ],
    "id": 401,
    "indented": true,
    "parent": 400,
    "text": "",
    "type": "LINE"
  },
  {
    "addresses": [
      {
        "street_name": "rue de la Concorde",
        "street_numbers": [
          "4"
        ]
      }
    ],
    "box": [
      1110,
      1046,
      642,
      38
    ],
    "checked": false,
    "id": 400,
    "ner_xml": "<TITRE>Tremionon</TITRE>,<LOC>rue de la Concorde</LOC>,<CARDINAL>4</CARDINAL>.\n",
    "origin": "computer",
    "parent": 366,
    "persons": [],
    "text_ocr": "Tremionon, rue de la Concorde, 4.\n",
    "type": "ENTRY"
  },
  {
    "EOL": false,
    "box": [
      1108,
      1086,
      640,
      34
    ],
    "id": 403,
    "indented": true,
    "parent": 402,
    "text": "",
    "type": "LINE"
  },
  {
    "addresses": [],
    "box": [
      1108,
      1086,
      640,
      34
    ],
    "checked": false,
    "id": 402,
    "ner_xml": "<PER>Fremoulle</PER>{de la),<ACT>vue de Lille</ACT>,<CARDINAL>2</CARDINAL>.\n",
    "origin": "computer",
    "parent": 366,
    "persons": [
      "Fremoulle"
    ],
    "text_ocr": "Fremoulle {de la), vue de Lille, 2.\n",
    "type": "ENTRY"
  },
  {
    "EOL": false,
    "box": [
      1110,
      1120,
      716,
      40
    ],
    "id": 405,
    "indented": true,
    "parent": 404,
    "text": "",
    "type": "LINE"
  },
  {
    "EOL": false,
    "box": [
      1152,
      1160,
      564,
      40
    ],
    "id": 406,
    "indented": false,
    "parent": 404,
    "text": "",
    "type": "LINE"
  },
  {
    "addresses": [
      {
        "street_name": "rue Sully",
        "street_numbers": []
      }
    ],
    "box": [
      1110,
      1120,
      716,
      80
    ],
    "checked": false,
    "id": 404,
    "ner_xml": "<PER>Treneuil (de)</PER>,<ACT>bibliothécaire de la biblio\n_ théque de l'arsenal</ACT>,<LOC>rue Sully</LOC>.\n",
    "origin": "computer",
    "parent": 366,
    "persons": [
      "Treneuil (de)"
    ],
    "text_ocr": "Treneuil (de), bibliothécaire de la biblio\n_ théque de l'arsenal , rue Sully.\n",
    "type": "ENTRY"
  },
  {
    "EOL": false,
    "box": [
      1110,
      1198,
      716,
      38
    ],
    "id": 408,
    "indented": true,
    "parent": 407,
    "text": "",
    "type": "LINE"
  },
  {
    "EOL": false,
    "box": [
      1150,
      1236,
      168,
      30
    ],
    "id": 409,
    "indented": false,
    "parent": 407,
    "text": "",
    "type": "LINE"
  },
  {
    "addresses": [],
    "box": [
      1110,
      1198,
      716,
      68
    ],
    "checked": false,
    "id": 407,
    "ner_xml": "<PER>Tressan ({ Mad. de)</PER>,<ACT>boulevart des Ita-\nliens.</ACT><CARDINAL>0</CARDINAL>.\n",
    "origin": "computer",
    "parent": 366,
    "persons": [
      "Tressan ({ Mad. de)"
    ],
    "text_ocr": "Tressan ({ Mad. de), boulevart des Ita-\nliens. 0.\n",
    "type": "ENTRY"
  },
  {
    "box": [
      1088,
      280,
      738,
      986
    ],
    "id": 366,
    "parent": 365,
    "type": "COLUMN_LEVEL_2"
  },
  {
    "box": [
      1088,
      280,
      778,
      986
    ],
    "id": 365,
    "parent": 364,
    "type": "SECTION_LEVEL_2"
  },
  {
    "EOL": false,
    "box": [
      1110,
      1284,
      466,
      34
    ],
    "id": 413,
    "indented": true,
    "parent": 412,
    "text": "",
    "type": "LINE"
  },
  {
    "EOL": false,
    "box": [
      1152,
      1320,
      222,
      36
    ],
    "id": 414,
    "indented": false,
    "parent": 412,
    "text": "",
    "type": "LINE"
  },
  {
    "addresses": [],
    "box": [
      1110,
      1284,
      466,
      72
    ],
    "checked": false,
    "id": 412,
    "ner_xml": "<PER>Trévise (S. E. le maréchal\nde Lille</PER>,<CARDINAL>88</CARDINAL>.\n",
    "origin": "computer",
    "parent": 411,
    "persons": [
      "Trévise (S. E. le maréchal\nde Lille"
    ],
    "text_ocr": "Trévise (S. E. le maréchal\nde Lille , 88.\n",
    "type": "ENTRY"
  },
  {
    "box": [
      1102,
      1280,
      480,
      76
    ],
    "id": 411,
    "parent": 410,
    "type": "COLUMN_LEVEL_2"
  },
  {
    "EOL": false,
    "box": [
      1598,
      1284,
      128,
      38
    ],
    "id": 417,
    "indented": true,
    "parent": 416,
    "text": "",
    "type": "LINE"
  },
  {
    "addresses": [],
    "box": [
      1598,
      1284,
      128,
      38
    ],
    "checked": false,
    "id": 416,
    "ner_xml": "duc de)\n",
    "origin": "computer",
    "parent": 415,
    "persons": [],
    "text_ocr": "duc de)\n",
    "type": "ENTRY"
  },
  {
    "box": [
      1590,
      1280,
      144,
      76
    ],
    "id": 415,
    "parent": 410,
    "type": "COLUMN_LEVEL_2"
  },
  {
    "EOL": false,
    "box": [
      1778,
      1294,
      54,
      20
    ],
    "id": 420,
    "indented": true,
    "parent": 419,
    "text": "",
    "type": "LINE"
  },
  {
    "addresses": [],
    "box": [
      1778,
      1294,
      54,
      20
    ],
    "checked": false,
    "id": 419,
    "ner_xml": "ne\n",
    "origin": "computer",
    "parent": 418,
    "persons": [],
    "text_ocr": "ne\n",
    "type": "ENTRY"
  },
  {
    "box": [
      1770,
      1280,
      70,
      76
    ],
    "id": 418,
    "parent": 410,
    "type": "COLUMN_LEVEL_2"
  },
  {
    "box": [
      1088,
      1280,
      778,
      76
    ],
    "id": 410,
    "parent": 364,
    "type": "SECTION_LEVEL_2"
  },
  {
    "EOL": false,
    "box": [
      1116,
      1368,
      636,
      42
    ],
    "id": 424,
    "indented": false,
    "parent": 423,
    "text": "",
    "type": "LINE"
  },
  {
    "addresses": [
      {
        "street_name": "Trimolet(Mad.)",
        "street_numbers": []
      },
      {
        "street_name": "rue Richelieu",
        "street_numbers": [
          "06"
        ]
      }
    ],
    "box": [
      1116,
      1368,
      636,
      42
    ],
    "checked": false,
    "id": 423,
    "ner_xml": "<LOC>Trimolet(Mad.)</LOC>,<LOC>rue Richelieu</LOC>,<CARDINAL>06</CARDINAL>.\n",
    "origin": "computer",
    "parent": 422,
    "persons": [],
    "text_ocr": "Trimolet(Mad.), rue Richelieu , 06.\n",
    "type": "ENTRY"
  },
  {
    "EOL": false,
    "box": [
      1114,
      1406,
      724,
      36
    ],
    "id": 426,
    "indented": true,
    "parent": 425,
    "text": "",
    "type": "LINE"
  },
  {
    "EOL": false,
    "box": [
      1156,
      1444,
      674,
      40
    ],
    "id": 427,
    "indented": false,
    "parent": 425,
    "text": "",
    "type": "LINE"
  },
  {
    "addresses": [],
    "box": [
      1114,
      1406,
      724,
      78
    ],
    "checked": false,
    "id": 425,
    "ner_xml": "<PER>Trion de Montalembert (le comte)</PER>,<ACT>membre\ndu corps législatif. vue de la Chaise</ACT>,<CARDINAL>1</CARDINAL>.\n",
    "origin": "computer",
    "parent": 422,
    "persons": [
      "Trion de Montalembert (le comte)"
    ],
    "text_ocr": "Trion de Montalembert (le comte), membre\ndu corps législatif. vue de la Chaise, 1.\n",
    "type": "ENTRY"
  },
  {
    "EOL": false,
    "box": [
      1118,
      1480,
      600,
      38
    ],
    "id": 429,
    "indented": true,
    "parent": 428,
    "text": "",
    "type": "LINE"
  },
  {
    "addresses": [
      {
        "street_name": "rue Poultiere",
        "street_numbers": [
          "14"
        ]
      }
    ],
    "box": [
      1118,
      1480,
      600,
      38
    ],
    "checked": false,
    "id": 428,
    "ner_xml": "Troilier l'<ACT>étan</ACT>,<LOC>rue Poultiere</LOC>,<CARDINAL>14</CARDINAL>.\n",
    "origin": "computer",
    "parent": 422,
    "persons": [],
    "text_ocr": "Troilier l'étan , rue Poultiere , 14.\n",
    "type": "ENTRY"
  },
  {
    "EOL": false,
    "box": [
      1118,
      1520,
      618,
      36
    ],
    "id": 431,
    "indented": true,
    "parent": 430,
    "text": "",
    "type": "LINE"
  },
  {
    "addresses": [
      {
        "street_name": "rue Grammont",
        "street_numbers": []
      }
    ],
    "box": [
      1118,
      1520,
      618,
      36
    ],
    "checked": false,
    "id": 430,
    "ner_xml": "<PER>Trudelle (V.f)</PER>,<LOC>rue Grammont</LOC>, %.\n",
    "origin": "computer",
    "parent": 422,
    "persons": [
      "Trudelle (V.f)"
    ],
    "text_ocr": "Trudelle (V.f), rue Grammont , %.\n",
    "type": "ENTRY"
  },
  {
    "EOL": false,
    "box": [
      1118,
      1556,
      720,
      38
    ],
    "id": 433,
    "indented": true,
    "parent": 432,
    "text": "",
    "type": "LINE"
  },
  {
    "addresses": [
      {
        "street_name": "rue Verte",
        "street_numbers": [
          "20"
        ]
      }
    ],
    "box": [
      1118,
      1556,
      720,
      38
    ],
    "checked": false,
    "id": 432,
    "ner_xml": "Truouet(M. le vice-amiral),<LOC>rue Verte</LOC>,<CARDINAL>20</CARDINAL>,\n",
    "origin": "computer",
    "parent": 422,
    "persons": [],
    "text_ocr": "Truouet(M. le vice-amiral), rue Verte, 20,\n",
    "type": "ENTRY"
  },
  {
    "EOL": false,
    "box": [
      1120,
      1596,
      642,
      34
    ],
    "id": 435,
    "indented": true,
    "parent": 434,
    "text": "",
    "type": "LINE"
  },
  {
    "addresses": [],
    "box": [
      1120,
      1596,
      642,
      34
    ],
    "checked": false,
    "id": 434,
    "ner_xml": "<PER>Tuffet</PER>Saint-Martin. rue Jacob,<CARDINAL>20</CARDINAL>.\n",
    "origin": "computer",
    "parent": 422,
    "persons": [
      "Tuffet"
    ],
    "text_ocr": "Tuffet Saint-Martin. rue Jacob, 20.\n",
    "type": "ENTRY"
  },
  {
    "EOL": false,
    "box": [
      1120,
      1634,
      564,
      36
    ],
    "id": 437,
    "indented": true,
    "parent": 436,
    "text": "",
    "type": "LINE"
  },
  {
    "addresses": [
      {
        "street_name": "rue Chauchat",
        "street_numbers": [
          "1"
        ]
      }
    ],
    "box": [
      1120,
      1634,
      564,
      36
    ],
    "checked": false,
    "id": 436,
    "ner_xml": "<PER>Turenne (de)</PER>.<LOC>rue Chauchat</LOC>,<CARDINAL>1</CARDINAL>.\n",
    "origin": "computer",
    "parent": 422,
    "persons": [
      "Turenne (de)"
    ],
    "text_ocr": "Turenne (de). rue Chauchat, 1.\n",
    "type": "ENTRY"
  },
  {
    "EOL": false,
    "box": [
      1120,
      1670,
      592,
      40
    ],
    "id": 439,
    "indented": true,
    "parent": 438,
    "text": "",
    "type": "LINE"
  },
  {
    "addresses": [
      {
        "street_name": "rue Menars",
        "street_numbers": []
      }
    ],
    "box": [
      1120,
      1670,
      592,
      40
    ],
    "checked": false,
    "id": 438,
    "ner_xml": "<PER>Turenne (Mad. de)</PER>,<LOC>rue Menars</LOC>,\n",
    "origin": "computer",
    "parent": 422,
    "persons": [
      "Turenne (Mad. de)"
    ],
    "text_ocr": "Turenne (Mad. de), rue Menars,\n",
    "type": "ENTRY"
  },
  {
    "EOL": false,
    "box": [
      1122,
      1710,
      466,
      38
    ],
    "id": 441,
    "indented": true,
    "parent": 440,
    "text": "",
    "type": "LINE"
  },
  {
    "addresses": [
      {
        "street_name": "quai de l’Ecole",
        "street_numbers": [
          "16"
        ]
      }
    ],
    "box": [
      1122,
      1710,
      466,
      38
    ],
    "checked": false,
    "id": 440,
    "ner_xml": "<PER>Tnret</PER>,<LOC>quai de l’Ecole</LOC>,<CARDINAL>16</CARDINAL>.\n",
    "origin": "computer",
    "parent": 422,
    "persons": [
      "Tnret"
    ],
    "text_ocr": "Tnret, quai de l’Ecole , 16.\n",
    "type": "ENTRY"
  },
  {
    "EOL": false,
    "box": [
      1124,
      1748,
      556,
      40
    ],
    "id": 443,
    "indented": true,
    "parent": 442,
    "text": "",
    "type": "LINE"
  },
  {
    "addresses": [
      {
        "street_name": "rue Saint-Lazare",
        "street_numbers": [
          "58"
        ]
      }
    ],
    "box": [
      1124,
      1748,
      556,
      40
    ],
    "checked": false,
    "id": 442,
    "ner_xml": "<PER>Turgot</PER>,<LOC>rue Saint-Lazare</LOC>,<CARDINAL>58</CARDINAL>.\n",
    "origin": "computer",
    "parent": 422,
    "persons": [
      "Turgot"
    ],
    "text_ocr": "Turgot , rue Saint-Lazare, 58.\n",
    "type": "ENTRY"
  },
  {
    "EOL": false,
    "box": [
      1124,
      1786,
      720,
      40
    ],
    "id": 445,
    "indented": true,
    "parent": 444,
    "text": "",
    "type": "LINE"
  },
  {
    "EOL": false,
    "box": [
      1168,
      1826,
      410,
      32
    ],
    "id": 446,
    "indented": false,
    "parent": 444,
    "text": "",
    "type": "LINE"
  },
  {
    "addresses": [
      {
        "street_name": "rue dn\nFaub.-Montmartre",
        "street_numbers": [
          "51"
        ]
      }
    ],
    "box": [
      1124,
      1786,
      720,
      72
    ],
    "checked": false,
    "id": 444,
    "ner_xml": "<PER>Turpin, de Crissé (le baron)</PER>,<LOC>rue dn\nFaub.-Montmartre</LOC>,<CARDINAL>51</CARDINAL>.\n",
    "origin": "computer",
    "parent": 422,
    "persons": [
      "Turpin, de Crissé (le baron)"
    ],
    "text_ocr": "Turpin, de Crissé (le baron), rue dn\nFaub.-Montmartre , 51.\n",
    "type": "ENTRY"
  },
  {
    "EOL": false,
    "box": [
      1126,
      1862,
      720,
      42
    ],
    "id": 448,
    "indented": true,
    "parent": 447,
    "text": "",
    "type": "LINE"
  },
  {
    "EOL": false,
    "box": [
      1170,
      1904,
      226,
      30
    ],
    "id": 449,
    "indented": false,
    "parent": 447,
    "text": "",
    "type": "LINE"
  },
  {
    "addresses": [
      {
        "street_name": "rue de\nMusseran",
        "street_numbers": [
          "3"
        ]
      }
    ],
    "box": [
      1126,
      1862,
      720,
      72
    ],
    "checked": false,
    "id": 447,
    "ner_xml": "<PER>Turrean (le général baron)</PER>,<LOC>rue de\nMusseran</LOC>,<CARDINAL>3</CARDINAL>.\n",
    "origin": "computer",
    "parent": 422,
    "persons": [
      "Turrean (le général baron)"
    ],
    "text_ocr": "Turrean (le général baron), rue de\nMusseran , 3.\n",
    "type": "ENTRY"
  },
  {
    "EOL": false,
    "box": [
      1128,
      1938,
      720,
      38
    ],
    "id": 451,
    "indented": true,
    "parent": 450,
    "text": "",
    "type": "LINE"
  },
  {
    "EOL": false,
    "box": [
      1172,
      1976,
      284,
      34
    ],
    "id": 452,
    "indented": false,
    "parent": 450,
    "text": "",
    "type": "LINE"
  },
  {
    "addresses": [
      {
        "street_name": "rue de\nl'Uuiversité",
        "street_numbers": [
          "06"
        ]
      }
    ],
    "box": [
      1128,
      1938,
      720,
      72
    ],
    "checked": false,
    "id": 450,
    "ner_xml": "<PER>Tustal (le comte de)</PER>,<ACT>sénateur</ACT>,<LOC>rue de\nl'Uuiversité</LOC>,<CARDINAL>06</CARDINAL>.\n",
    "origin": "computer",
    "parent": 422,
    "persons": [
      "Tustal (le comte de)"
    ],
    "text_ocr": "Tustal (le comte de), sénateur , rue de\nl'Uuiversité , 06.\n",
    "type": "ENTRY"
  },
  {
    "box": [
      1110,
      1364,
      744,
      646
    ],
    "id": 422,
    "parent": 421,
    "type": "COLUMN_LEVEL_2"
  },
  {
    "box": [
      1088,
      1364,
      778,
      646
    ],
    "id": 421,
    "parent": 364,
    "type": "SECTION_LEVEL_2"
  },
  {
    "box": [
      1088,
      2020,
      778,
      38
    ],
    "checked": false,
    "id": 453,
    "origin": "computer",
    "parent": 364,
    "text": "Valados , rue Condé , 16.\n",
    "type": "TITLE_LEVEL_2"
  },
  {
    "EOL": false,
    "box": [
      1132,
      2070,
      720,
      38
    ],
    "id": 457,
    "indented": true,
    "parent": 456,
    "text": "",
    "type": "LINE"
  },
  {
    "EOL": false,
    "box": [
      1172,
      2106,
      548,
      36
    ],
    "id": 458,
    "indented": false,
    "parent": 456,
    "text": "",
    "type": "LINE"
  },
  {
    "addresses": [],
    "box": [
      1132,
      2070,
      720,
      72
    ],
    "checked": false,
    "id": 456,
    "ner_xml": "<PER>Valayer</PER>,<ACT>cure de Soint-Germain-l'Au-\næxerrois , vue de l’Arbre-Ser</ACT>,<CARDINAL>22</CARDINAL>.\n",
    "origin": "computer",
    "parent": 455,
    "persons": [
      "Valayer"
    ],
    "text_ocr": "Valayer, cure de Soint-Germain-l'Au-\næxerrois , vue de l’Arbre-Ser , 22.\n",
    "type": "ENTRY"
  },
  {
    "EOL": false,
    "box": [
      1132,
      2144,
      722,
      38
    ],
    "id": 460,
    "indented": true,
    "parent": 459,
    "text": "",
    "type": "LINE"
  },
  {
    "EOL": false,
    "box": [
      1174,
      2180,
      306,
      34
    ],
    "id": 461,
    "indented": false,
    "parent": 459,
    "text": "",
    "type": "LINE"
  },
  {
    "addresses": [
      {
        "street_name": "rue de\ntn Madeleine",
        "street_numbers": [
          "35"
        ]
      }
    ],
    "box": [
      1132,
      2144,
      722,
      70
    ],
    "checked": false,
    "id": 459,
    "ner_xml": "Valence {le comte de),<ACT>sénateur</ACT>,<LOC>rue de\ntn Madeleine</LOC>,<CARDINAL>35</CARDINAL>.\n",
    "origin": "computer",
    "parent": 455,
    "persons": [],
    "text_ocr": "Valence {le comte de), sénateur, rue de\ntn Madeleine , 35.\n",
    "type": "ENTRY"
  },
  {
    "EOL": false,
    "box": [
      1134,
      2220,
      544,
      40
    ],
    "id": 463,
    "indented": true,
    "parent": 462,
    "text": "",
    "type": "LINE"
  },
  {
    "addresses": [
      {
        "street_name": "rue St.-[lonoré",
        "street_numbers": [
          "519"
        ]
      }
    ],
    "box": [
      1134,
      2220,
      544,
      40
    ],
    "checked": false,
    "id": 462,
    "ner_xml": "<TITRE>Val:uun</TITRE>,<LOC>rue St.-[lonoré</LOC>,<CARDINAL>519</CARDINAL>.\n",
    "origin": "computer",
    "parent": 455,
    "persons": [],
    "text_ocr": "Val:uun , rue St.-[lonoré , 519.\n",
    "type": "ENTRY"
  },
  {
    "EOL": false,
    "box": [
      1136,
      2260,
      478,
      36
    ],
    "id": 465,
    "indented": true,
    "parent": 464,
    "text": "",
    "type": "LINE"
  },
  {
    "addresses": [
      {
        "street_name": "rue Napoléon",
        "street_numbers": [
          "21"
        ]
      }
    ],
    "box": [
      1136,
      2260,
      478,
      36
    ],
    "checked": false,
    "id": 464,
    "ner_xml": "<PER>Veloite</PER>,<LOC>rue Napoléon</LOC>,<CARDINAL>21</CARDINAL>.\n",
    "origin": "computer",
    "parent": 455,
    "persons": [
      "Veloite"
    ],
    "text_ocr": "Veloite, rue Napoléon , 21.\n",
    "type": "ENTRY"
  },
  {
    "EOL": false,
    "box": [
      1136,
      2296,
      718,
      36
    ],
    "id": 467,
    "indented": true,
    "parent": 466,
    "text": "",
    "type": "LINE"
  },
  {
    "addresses": [
      {
        "street_name": "rue Cioche-Perche",
        "street_numbers": [
          "14"
        ]
      }
    ],
    "box": [
      1136,
      2296,
      718,
      36
    ],
    "checked": false,
    "id": 466,
    "ner_xml": "<PER>Valié Lesnosers</PER>,<LOC>rue Cioche-Perche</LOC>,<CARDINAL>14</CARDINAL>.\n",
    "origin": "computer",
    "parent": 455,
    "persons": [
      "Valié Lesnosers"
    ],
    "text_ocr": "Valié Lesnosers, rue Cioche-Perche , 14.\n",
    "type": "ENTRY"
  },
  {
    "EOL": false,
    "box": [
      1136,
      2334,
      724,
      42
    ],
    "id": 469,
    "indented": true,
    "parent": 468,
    "text": "",
    "type": "LINE"
  },
  {
    "EOL": false,
    "box": [
      1178,
      2372,
      218,
      32
    ],
    "id": 470,
    "indented": false,
    "parent": 468,
    "text": "",
    "type": "LINE"
  },
  {
    "addresses": [
      {
        "street_name": "rue Geoffroy-\nLaswier",
        "street_numbers": [
          "26"
        ]
      }
    ],
    "box": [
      1136,
      2334,
      724,
      70
    ],
    "checked": false,
    "id": 468,
    "ner_xml": "<PER>Valletéan de Chabrely</PER>,<LOC>rue Geoffroy-\nLaswier</LOC>,<CARDINAL>26</CARDINAL>.\n",
    "origin": "computer",
    "parent": 455,
    "persons": [
      "Valletéan de Chabrely"
    ],
    "text_ocr": "Valletéan de Chabrely , rue Geoffroy-\nLaswier , 26.\n",
    "type": "ENTRY"
  },
  {
    "EOL": false,
    "box": [
      1138,
      2410,
      546,
      38
    ],
    "id": 472,
    "indented": true,
    "parent": 471,
    "text": "",
    "type": "LINE"
  },
  {
    "addresses": [],
    "box": [
      1138,
      2410,
      546,
      38
    ],
    "checked": false,
    "id": 471,
    "ner_xml": "<PER>Valleville</PER>,<ACT>rune Serv ndoni</ACT>,<CARDINAL>17</CARDINAL>.\n",
    "origin": "computer",
    "parent": 455,
    "persons": [
      "Valleville"
    ],
    "text_ocr": "Valleville, rune Serv ndoni, 17.\n",
    "type": "ENTRY"
  },
  {
    "EOL": false,
    "box": [
      1140,
      2448,
      718,
      38
    ],
    "id": 474,
    "indented": true,
    "parent": 473,
    "text": "",
    "type": "LINE"
  },
  {
    "EOL": false,
    "box": [
      1184,
      2484,
      258,
      36
    ],
    "id": 475,
    "indented": false,
    "parent": 473,
    "text": "",
    "type": "LINE"
  },
  {
    "addresses": [
      {
        "street_name": "rue d'Anjou",
        "street_numbers": []
      }
    ],
    "box": [
      1140,
      2448,
      718,
      72
    ],
    "checked": false,
    "id": 473,
    "ner_xml": "<PER>Vaimont Montpassant (V.°)</PER>,<LOC>rue d'Anjou</LOC>,\n13%, au Marais.\n",
    "origin": "computer",
    "parent": 455,
    "persons": [
      "Vaimont Montpassant (V.°)"
    ],
    "text_ocr": "Vaimont Montpassant (V.°), rue d'Anjou,\n13%, au Marais.\n",
    "type": "ENTRY"
  },
  {
    "EOL": false,
    "box": [
      1142,
      2524,
      718,
      36
    ],
    "id": 477,
    "indented": true,
    "parent": 476,
    "text": "",
    "type": "LINE"
  },
  {
    "EOL": false,
    "box": [
      1182,
      2564,
      600,
      36
    ],
    "id": 478,
    "indented": false,
    "parent": 476,
    "text": "",
    "type": "LINE"
  },
  {
    "addresses": [
      {
        "street_name": "rue\nSt.-Dominique-Saiut-Germain",
        "street_numbers": [
          "54"
        ]
      }
    ],
    "box": [
      1142,
      2524,
      718,
      76
    ],
    "checked": false,
    "id": 476,
    "ner_xml": "<PER>Valmy (S. E. le maréchal duc de)</PER>,<LOC>rue\nSt.-Dominique-Saiut-Germain</LOC>,<CARDINAL>54</CARDINAL>.\n",
    "origin": "computer",
    "parent": 455,
    "persons": [
      "Valmy (S. E. le maréchal duc de)"
    ],
    "text_ocr": "Valmy (S. E. le maréchal duc de), rue\nSt.-Dominique-Saiut-Germain , 54.\n",
    "type": "ENTRY"
  },
  {
    "EOL": false,
    "box": [
      1142,
      2600,
      564,
      36
    ],
    "id": 480,
    "indented": true,
    "parent": 479,
    "text": "",
    "type": "LINE"
  },
  {
    "addresses": [
      {
        "street_name": "rue Berotre",
        "street_numbers": [
          "14"
        ]
      }
    ],
    "box": [
      1142,
      2600,
      564,
      36
    ],
    "checked": false,
    "id": 479,
    "ner_xml": "Vau-<TITRE>Berchem</TITRE>,<LOC>rue Berotre</LOC>,<CARDINAL>14</CARDINAL>.\n",
    "origin": "computer",
    "parent": 455,
    "persons": [],
    "text_ocr": "Vau- Berchem , rue Berotre , 14.\n",
    "type": "ENTRY"
  },
  {
    "EOL": false,
    "box": [
      1142,
      2636,
      724,
      42
    ],
    "id": 482,
    "indented": true,
    "parent": 481,
    "text": "",
    "type": "LINE"
  },
  {
    "EOL": false,
    "box": [
      1186,
      2676,
      276,
      42
    ],
    "id": 483,
    "indented": false,
    "parent": 481,
    "text": "",
    "type": "LINE"
  },
  {
    "addresses": [
      {
        "street_name": "rue du\nMont-Blanc",
        "street_numbers": [
          "2"
        ]
      }
    ],
    "box": [
      1142,
      2636,
      724,
      82
    ],
    "checked": false,
    "id": 481,
    "ner_xml": "<PER>Vandamnue</PER>,<ACT>comte d'Unschourg</ACT>,<LOC>rue du\nMont-Blanc</LOC>,<CARDINAL>2</CARDINAL>. ;\n",
    "origin": "computer",
    "parent": 455,
    "persons": [
      "Vandamnue"
    ],
    "text_ocr": "Vandamnue , comte d'Unschourg, rue du\nMont-Blanc, 2. ;\n",
    "type": "ENTRY"
  },
  {
    "box": [
      1128,
      2070,
      738,
      648
    ],
    "id": 455,
    "parent": 454,
    "type": "COLUMN_LEVEL_2"
  },
  {
    "box": [
      1088,
      2070,
      778,
      648
    ],
    "id": 454,
    "parent": 364,
    "type": "SECTION_LEVEL_2"
  },
  {
    "box": [
      1088,
      276,
      778,
      2442
    ],
    "id": 364,
    "parent": 270,
    "type": "COLUMN_LEVEL_1"
  },
  {
    "box": [
      304,
      276,
      1562,
      2442
    ],
    "id": 270,
    "parent": 256,
    "type": "SECTION_LEVEL_1"
  },
  {
    "box": [
      304,
      204,
      1562,
      2514
    ],
    "id": 256,
    "type": "PAGE"
  }
]
