[
  {
    "EOL": false,
    "box": [
      25,
      170,
      276,
      29
    ],
    "id": 262,
    "indented": false,
    "parent": 261,
    "text": "",
    "type": "LINE"
  },
  {
    "addresses": [
      {
        "street_name": "Bully",
        "street_numbers": []
      },
      {
        "street_name": "rue du colombier",
        "street_numbers": []
      }
    ],
    "box": [
      25,
      170,
      276,
      29
    ],
    "checked": false,
    "id": 261,
    "ner_xml": "<LOC>Bully</LOC>,<LOC>rue du colombier</LOC>.\n",
    "origin": "computer",
    "parent": 260,
    "persons": [],
    "text_ocr": "Bully, rue du colombier.\n",
    "type": "ENTRY"
  },
  {
    "EOL": false,
    "box": [
      24,
      196,
      669,
      29
    ],
    "id": 264,
    "indented": true,
    "parent": 263,
    "text": "",
    "type": "LINE"
  },
  {
    "EOL": false,
    "box": [
      24,
      224,
      362,
      28
    ],
    "id": 265,
    "indented": false,
    "parent": 263,
    "text": "",
    "type": "LINE"
  },
  {
    "addresses": [
      {
        "street_name": "rue de l'observan\nBunel",
        "street_numbers": []
      },
      {
        "street_name": "rue de cléry",
        "street_numbers": []
      }
    ],
    "box": [
      24,
      196,
      669,
      56
    ],
    "checked": false,
    "id": 263,
    "ner_xml": "<PER>Bunal père</PER>,<ACT>receveur de l'enregistrement</ACT>,<LOC>rue de l'observan\nBunel</LOC>,<ACT>chirurgien</ACT>,<LOC>rue de cléry</LOC>.\n",
    "origin": "computer",
    "parent": 260,
    "persons": [
      "Bunal père"
    ],
    "text_ocr": "Bunal père, receveur de l'enregistrement, rue de l'observan\nBunel, chirurgien, rue de cléry.\n",
    "type": "ENTRY"
  },
  {
    "EOL": false,
    "box": [
      25,
      253,
      402,
      27
    ],
    "id": 267,
    "indented": true,
    "parent": 266,
    "text": "",
    "type": "LINE"
  },
  {
    "addresses": [
      {
        "street_name": "avenue de neurily",
        "street_numbers": []
      }
    ],
    "box": [
      25,
      253,
      402,
      27
    ],
    "checked": false,
    "id": 266,
    "ner_xml": "<PER>Bunon</PER>,<ACT>brasseur</ACT>,<LOC>avenue de neurily</LOC>.\n",
    "origin": "computer",
    "parent": 260,
    "persons": [
      "Bunon"
    ],
    "text_ocr": "Bunon, brasseur , avenue de neurily.\n",
    "type": "ENTRY"
  },
  {
    "EOL": false,
    "box": [
      26,
      280,
      561,
      29
    ],
    "id": 269,
    "indented": true,
    "parent": 268,
    "text": "",
    "type": "LINE"
  },
  {
    "addresses": [],
    "box": [
      26,
      280,
      561,
      29
    ],
    "checked": false,
    "id": 268,
    "ner_xml": "<PER>Buquet</PER>,<ACT>secrétaire en chef, onzième municipalité.\n</ACT>",
    "origin": "computer",
    "parent": 260,
    "persons": [
      "Buquet"
    ],
    "text_ocr": "Buquet , secrétaire en chef, onzième municipalité.\n",
    "type": "ENTRY"
  },
  {
    "EOL": false,
    "box": [
      26,
      309,
      431,
      29
    ],
    "id": 271,
    "indented": true,
    "parent": 270,
    "text": "",
    "type": "LINE"
  },
  {
    "addresses": [
      {
        "street_name": "rue du foin jacques",
        "street_numbers": []
      }
    ],
    "box": [
      26,
      309,
      431,
      29
    ],
    "checked": false,
    "id": 270,
    "ner_xml": "<PER>Buquet</PER>,<ACT>employé</ACT>,<LOC>rue du foin jacques</LOC>.\n",
    "origin": "computer",
    "parent": 260,
    "persons": [
      "Buquet"
    ],
    "text_ocr": "Buquet, employé, rue du foin jacques.\n",
    "type": "ENTRY"
  },
  {
    "EOL": false,
    "box": [
      27,
      337,
      358,
      27
    ],
    "id": 273,
    "indented": true,
    "parent": 272,
    "text": "",
    "type": "LINE"
  },
  {
    "addresses": [
      {
        "street_name": "rue sulpice",
        "street_numbers": []
      }
    ],
    "box": [
      27,
      337,
      358,
      27
    ],
    "checked": false,
    "id": 272,
    "ner_xml": "<PER>Burard</PER>,<ACT>chirurgien</ACT>,<LOC>rue sulpice</LOC>.\n",
    "origin": "computer",
    "parent": 260,
    "persons": [
      "Burard"
    ],
    "text_ocr": "Burard, chirurgien, rue sulpice.\n",
    "type": "ENTRY"
  },
  {
    "EOL": false,
    "box": [
      28,
      366,
      285,
      26
    ],
    "id": 275,
    "indented": true,
    "parent": 274,
    "text": "",
    "type": "LINE"
  },
  {
    "addresses": [
      {
        "street_name": "rue du petit lion",
        "street_numbers": []
      }
    ],
    "box": [
      28,
      366,
      285,
      26
    ],
    "checked": false,
    "id": 274,
    "ner_xml": "<PER>Buzard</PER>,<LOC>rue du petit lion</LOC>.\n",
    "origin": "computer",
    "parent": 260,
    "persons": [
      "Buzard"
    ],
    "text_ocr": "Buzard, rue du petit lion.\n",
    "type": "ENTRY"
  },
  {
    "EOL": false,
    "box": [
      29,
      392,
      502,
      28
    ],
    "id": 277,
    "indented": true,
    "parent": 276,
    "text": "",
    "type": "LINE"
  },
  {
    "addresses": [
      {
        "street_name": "porte antoine",
        "street_numbers": []
      }
    ],
    "box": [
      29,
      392,
      502,
      28
    ],
    "checked": false,
    "id": 276,
    "ner_xml": "<PER>Burdin jeune</PER>,<ACT>officier de santé</ACT>,<LOC>porte antoine</LOC>.\n",
    "origin": "computer",
    "parent": 260,
    "persons": [
      "Burdin jeune"
    ],
    "text_ocr": "Burdin jeune , officier de santé, porte antoine.\n",
    "type": "ENTRY"
  },
  {
    "EOL": false,
    "box": [
      28,
      421,
      486,
      27
    ],
    "id": 279,
    "indented": true,
    "parent": 278,
    "text": "",
    "type": "LINE"
  },
  {
    "addresses": [
      {
        "street_name": "rue des lavandiéres",
        "street_numbers": []
      }
    ],
    "box": [
      28,
      421,
      486,
      27
    ],
    "checked": false,
    "id": 278,
    "ner_xml": "<PER>Bureau</PER>,<ACT>homme de loi</ACT>,<LOC>rue des lavandiéres</LOC>.\n",
    "origin": "computer",
    "parent": 260,
    "persons": [
      "Bureau"
    ],
    "text_ocr": "Bureau , homme de loi, rue des lavandiéres.\n",
    "type": "ENTRY"
  },
  {
    "EOL": false,
    "box": [
      29,
      449,
      426,
      27
    ],
    "id": 281,
    "indented": true,
    "parent": 280,
    "text": "",
    "type": "LINE"
  },
  {
    "addresses": [
      {
        "street_name": "boulevard claude",
        "street_numbers": []
      }
    ],
    "box": [
      29,
      449,
      426,
      27
    ],
    "checked": false,
    "id": 280,
    "ner_xml": "<PER>Bureau</PER>,<ACT>marchand</ACT>,<LOC>boulevard claude</LOC>.\n",
    "origin": "computer",
    "parent": 260,
    "persons": [
      "Bureau"
    ],
    "text_ocr": "Bureau , marchand , boulevard claude.\n",
    "type": "ENTRY"
  },
  {
    "EOL": false,
    "box": [
      29,
      477,
      664,
      27
    ],
    "id": 283,
    "indented": true,
    "parent": 282,
    "text": "",
    "type": "LINE"
  },
  {
    "addresses": [],
    "box": [
      29,
      477,
      664,
      27
    ],
    "checked": false,
    "id": 282,
    "ner_xml": "<PER>Bureau ( Claude }</PER>,<ACT>chef de bataillon aux invalides</ACT>,<CARDINAL>10</CARDINAL>°. mun\n",
    "origin": "computer",
    "parent": 260,
    "persons": [
      "Bureau ( Claude }"
    ],
    "text_ocr": "Bureau ( Claude }, chef de bataillon aux invalides, 10°. mun\n",
    "type": "ENTRY"
  },
  {
    "EOL": false,
    "box": [
      30,
      506,
      446,
      25
    ],
    "id": 285,
    "indented": true,
    "parent": 284,
    "text": "",
    "type": "LINE"
  },
  {
    "addresses": [
      {
        "street_name": "rue de la jussienne",
        "street_numbers": []
      }
    ],
    "box": [
      30,
      506,
      446,
      25
    ],
    "checked": false,
    "id": 284,
    "ner_xml": "<PER>Buret fils</PER>,<ACT>écrivain</ACT>,<LOC>rue de la jussienne</LOC>.\n",
    "origin": "computer",
    "parent": 260,
    "persons": [
      "Buret fils"
    ],
    "text_ocr": "Buret fils, écrivain , rue de la jussienne.\n",
    "type": "ENTRY"
  },
  {
    "EOL": false,
    "box": [
      31,
      533,
      468,
      28
    ],
    "id": 287,
    "indented": true,
    "parent": 286,
    "text": "",
    "type": "LINE"
  },
  {
    "addresses": [
      {
        "street_name": "passage de boulogne",
        "street_numbers": []
      }
    ],
    "box": [
      31,
      533,
      468,
      28
    ],
    "checked": false,
    "id": 286,
    "ner_xml": "<PER>Burion père</PER>,<ACT>gazier</ACT>,<LOC>passage de boulogne</LOC>.\n",
    "origin": "computer",
    "parent": 260,
    "persons": [
      "Burion père"
    ],
    "text_ocr": "Burion père, gazier , passage de boulogne.\n",
    "type": "ENTRY"
  },
  {
    "EOL": false,
    "box": [
      31,
      561,
      534,
      26
    ],
    "id": 289,
    "indented": true,
    "parent": 288,
    "text": "",
    "type": "LINE"
  },
  {
    "addresses": [
      {
        "street_name": "rue culture-catherine",
        "street_numbers": []
      }
    ],
    "box": [
      31,
      561,
      534,
      26
    ],
    "checked": false,
    "id": 288,
    "ner_xml": "<PER>Buron</PER>,<ACT>ancien architecte</ACT>,<LOC>rue culture-catherine</LOC>,\n",
    "origin": "computer",
    "parent": 260,
    "persons": [
      "Buron"
    ],
    "text_ocr": "Buron , ancien architecte, rue culture-catherine,\n",
    "type": "ENTRY"
  },
  {
    "EOL": false,
    "box": [
      32,
      589,
      502,
      29
    ],
    "id": 291,
    "indented": true,
    "parent": 290,
    "text": "",
    "type": "LINE"
  },
  {
    "addresses": [],
    "box": [
      32,
      589,
      502,
      29
    ],
    "checked": false,
    "id": 290,
    "ner_xml": "<PER>Bussy</PER>,<ACT>commissaire aux poudres , à l'arsenal.\n</ACT>",
    "origin": "computer",
    "parent": 260,
    "persons": [
      "Bussy"
    ],
    "text_ocr": "Bussy, commissaire aux poudres , à l'arsenal.\n",
    "type": "ENTRY"
  },
  {
    "EOL": false,
    "box": [
      33,
      617,
      385,
      29
    ],
    "id": 293,
    "indented": true,
    "parent": 292,
    "text": "",
    "type": "LINE"
  },
  {
    "addresses": [
      {
        "street_name": "rue montmartre.\n",
        "street_numbers": []
      }
    ],
    "box": [
      33,
      617,
      385,
      29
    ],
    "checked": false,
    "id": 292,
    "ner_xml": "<PER>Butay</PER>,<ACT>employé</ACT>,<LOC>rue montmartre.\n</LOC>",
    "origin": "computer",
    "parent": 260,
    "persons": [
      "Butay"
    ],
    "text_ocr": "Butay, employé, rue montmartre.\n",
    "type": "ENTRY"
  },
  {
    "EOL": false,
    "box": [
      34,
      644,
      403,
      30
    ],
    "id": 295,
    "indented": true,
    "parent": 294,
    "text": "",
    "type": "LINE"
  },
  {
    "addresses": [
      {
        "street_name": "rue de la liberte",
        "street_numbers": []
      }
    ],
    "box": [
      34,
      644,
      403,
      30
    ],
    "checked": false,
    "id": 294,
    "ner_xml": "<PER>Butel</PER>,<ACT>physicien</ACT>,<LOC>rue de la liberte</LOC>.\n",
    "origin": "computer",
    "parent": 260,
    "persons": [
      "Butel"
    ],
    "text_ocr": "Butel, physicien, rue de la liberte.\n",
    "type": "ENTRY"
  },
  {
    "EOL": false,
    "box": [
      34,
      672,
      375,
      30
    ],
    "id": 297,
    "indented": true,
    "parent": 296,
    "text": "",
    "type": "LINE"
  },
  {
    "addresses": [
      {
        "street_name": "rue de sèves",
        "street_numbers": []
      }
    ],
    "box": [
      34,
      672,
      375,
      30
    ],
    "checked": false,
    "id": 296,
    "ner_xml": "<PER>Buteny</PER>,<ACT>instituteur</ACT>,<LOC>rue de sèves</LOC>.\n",
    "origin": "computer",
    "parent": 260,
    "persons": [
      "Buteny"
    ],
    "text_ocr": "Buteny, instituteur , rue de sèves.\n",
    "type": "ENTRY"
  },
  {
    "EOL": false,
    "box": [
      35,
      700,
      270,
      28
    ],
    "id": 299,
    "indented": true,
    "parent": 298,
    "text": "",
    "type": "LINE"
  },
  {
    "addresses": [],
    "box": [
      35,
      700,
      270,
      28
    ],
    "checked": false,
    "id": 298,
    "ner_xml": "Butez , rue de charonne.\n",
    "origin": "computer",
    "parent": 260,
    "persons": [],
    "text_ocr": "Butez , rue de charonne.\n",
    "type": "ENTRY"
  },
  {
    "EOL": false,
    "box": [
      36,
      729,
      310,
      26
    ],
    "id": 301,
    "indented": true,
    "parent": 300,
    "text": "",
    "type": "LINE"
  },
  {
    "addresses": [],
    "box": [
      36,
      729,
      310,
      26
    ],
    "checked": false,
    "id": 300,
    "ner_xml": "Buzenet, rue du colombier.\n",
    "origin": "computer",
    "parent": 260,
    "persons": [],
    "text_ocr": "Buzenet, rue du colombier.\n",
    "type": "ENTRY"
  },
  {
    "EOL": false,
    "box": [
      37,
      757,
      321,
      26
    ],
    "id": 303,
    "indented": true,
    "parent": 302,
    "text": "",
    "type": "LINE"
  },
  {
    "addresses": [
      {
        "street_name": "n",
        "street_numbers": [
          "21"
        ]
      }
    ],
    "box": [
      37,
      757,
      321,
      26
    ],
    "checked": false,
    "id": 302,
    "ner_xml": "<PER>Duzenet , rue galande</PER>,<LOC>n</LOC>,<CARDINAL>21</CARDINAL>.\n",
    "origin": "computer",
    "parent": 260,
    "persons": [
      "Duzenet , rue galande"
    ],
    "text_ocr": "Duzenet , rue galande , n, 21.\n",
    "type": "ENTRY"
  },
  {
    "EOL": false,
    "box": [
      38,
      784,
      432,
      26
    ],
    "id": 305,
    "indented": true,
    "parent": 304,
    "text": "",
    "type": "LINE"
  },
  {
    "addresses": [
      {
        "street_name": "rue ventadour.\n",
        "street_numbers": []
      }
    ],
    "box": [
      38,
      784,
      432,
      26
    ],
    "checked": false,
    "id": 304,
    "ner_xml": "<PER>Cabal Castel</PER>,<ACT>notaire</ACT>,<LOC>rue ventadour.\n</LOC>",
    "origin": "computer",
    "parent": 260,
    "persons": [
      "Cabal Castel"
    ],
    "text_ocr": "Cabal Castel, notaire, rue ventadour.\n",
    "type": "ENTRY"
  },
  {
    "EOL": false,
    "box": [
      39,
      812,
      628,
      29
    ],
    "id": 307,
    "indented": true,
    "parent": 306,
    "text": "",
    "type": "LINE"
  },
  {
    "addresses": [],
    "box": [
      39,
      812,
      628,
      29
    ],
    "checked": false,
    "id": 306,
    "ner_xml": "<PER>Cabanne</PER>,<ACT>militaire aux invalides, dixième municipalité.\n</ACT>",
    "origin": "computer",
    "parent": 260,
    "persons": [
      "Cabanne"
    ],
    "text_ocr": "Cabanne , militaire aux invalides, dixième municipalité.\n",
    "type": "ENTRY"
  },
  {
    "EOL": false,
    "box": [
      39,
      840,
      357,
      27
    ],
    "id": 309,
    "indented": true,
    "parent": 308,
    "text": "",
    "type": "LINE"
  },
  {
    "addresses": [
      {
        "street_name": "rue de la loi",
        "street_numbers": []
      }
    ],
    "box": [
      39,
      840,
      357,
      27
    ],
    "checked": false,
    "id": 308,
    "ner_xml": "<TITRE>Cabart</TITRE>,<LOC>rue de la loi</LOC>,<ACT>n. 1272</ACT>.\n",
    "origin": "computer",
    "parent": 260,
    "persons": [],
    "text_ocr": "Cabart, rue de la loi, n. 1272.\n",
    "type": "ENTRY"
  },
  {
    "EOL": false,
    "box": [
      39,
      867,
      445,
      28
    ],
    "id": 311,
    "indented": true,
    "parent": 310,
    "text": "",
    "type": "LINE"
  },
  {
    "addresses": [
      {
        "street_name": "palais du tribunat",
        "street_numbers": []
      }
    ],
    "box": [
      39,
      867,
      445,
      28
    ],
    "checked": false,
    "id": 310,
    "ner_xml": "<PER>Cabasson</PER>,<ACT>bijoutier</ACT>,<LOC>palais du tribunat</LOC>.\n",
    "origin": "computer",
    "parent": 260,
    "persons": [
      "Cabasson"
    ],
    "text_ocr": "Cabasson, bijoutier, palais du tribunat.\n",
    "type": "ENTRY"
  },
  {
    "EOL": false,
    "box": [
      40,
      896,
      605,
      29
    ],
    "id": 313,
    "indented": true,
    "parent": 312,
    "text": "",
    "type": "LINE"
  },
  {
    "addresses": [
      {
        "street_name": "rue carême-prenant",
        "street_numbers": []
      }
    ],
    "box": [
      40,
      896,
      605,
      29
    ],
    "checked": false,
    "id": 312,
    "ner_xml": "<PER>Caboche</PER>,<ACT>liquidateur des postes</ACT>,<LOC>rue carême-prenant</LOC>.\n",
    "origin": "computer",
    "parent": 260,
    "persons": [
      "Caboche"
    ],
    "text_ocr": "Caboche, liquidateur des postes, rue carême-prenant.\n",
    "type": "ENTRY"
  },
  {
    "EOL": false,
    "box": [
      41,
      924,
      337,
      28
    ],
    "id": 315,
    "indented": true,
    "parent": 314,
    "text": "",
    "type": "LINE"
  },
  {
    "addresses": [
      {
        "street_name": "quai de la mégisserie",
        "street_numbers": []
      }
    ],
    "box": [
      41,
      924,
      337,
      28
    ],
    "checked": false,
    "id": 314,
    "ner_xml": "<PER>Cabot</PER>,<LOC>quai de la mégisserie</LOC>.\n",
    "origin": "computer",
    "parent": 260,
    "persons": [
      "Cabot"
    ],
    "text_ocr": "Cabot, quai de la mégisserie.\n",
    "type": "ENTRY"
  },
  {
    "EOL": false,
    "box": [
      42,
      952,
      327,
      27
    ],
    "id": 317,
    "indented": true,
    "parent": 316,
    "text": "",
    "type": "LINE"
  },
  {
    "addresses": [],
    "box": [
      42,
      952,
      327,
      27
    ],
    "checked": false,
    "id": 316,
    "ner_xml": "<PER>Cabauzet</PER>,<ACT>à la salpétrière.\n</ACT>",
    "origin": "computer",
    "parent": 260,
    "persons": [
      "Cabauzet"
    ],
    "text_ocr": "Cabauzet , à la salpétrière.\n",
    "type": "ENTRY"
  },
  {
    "EOL": false,
    "box": [
      42,
      978,
      390,
      30
    ],
    "id": 319,
    "indented": true,
    "parent": 318,
    "text": "",
    "type": "LINE"
  },
  {
    "addresses": [
      {
        "street_name": "rue méry",
        "street_numbers": []
      }
    ],
    "box": [
      42,
      978,
      390,
      30
    ],
    "checked": false,
    "id": 318,
    "ner_xml": "<PER>Caccia père</PER>,<ACT>banquier</ACT>,<LOC>rue méry</LOC>.\n",
    "origin": "computer",
    "parent": 260,
    "persons": [
      "Caccia père"
    ],
    "text_ocr": "Caccia père, banquier , rue méry.\n",
    "type": "ENTRY"
  },
  {
    "EOL": false,
    "box": [
      43,
      1008,
      465,
      27
    ],
    "id": 321,
    "indented": true,
    "parent": 320,
    "text": "",
    "type": "LINE"
  },
  {
    "addresses": [
      {
        "street_name": "rue galande",
        "street_numbers": []
      }
    ],
    "box": [
      43,
      1008,
      465,
      27
    ],
    "checked": false,
    "id": 320,
    "ner_xml": "<PER>Cacheleux</PER>,<ACT>mercier</ACT>,<LOC>rue galande</LOC>,<ACT>n. 75</ACT>.\n",
    "origin": "computer",
    "parent": 260,
    "persons": [
      "Cacheleux"
    ],
    "text_ocr": "Cacheleux , mercier, rue galande , n. 75.\n",
    "type": "ENTRY"
  },
  {
    "EOL": false,
    "box": [
      44,
      1036,
      649,
      27
    ],
    "id": 323,
    "indented": true,
    "parent": 322,
    "text": "",
    "type": "LINE"
  },
  {
    "addresses": [
      {
        "street_name": "rue dè la verrerie",
        "street_numbers": []
      },
      {
        "street_name": "n. 8\n",
        "street_numbers": []
      }
    ],
    "box": [
      44,
      1036,
      649,
      27
    ],
    "checked": false,
    "id": 322,
    "ner_xml": "<PER>Cadet ( dominique })</PER>,<ACT>instituteur</ACT>,<LOC>rue dè la verrerie</LOC>,<LOC>n. 8\n</LOC>",
    "origin": "computer",
    "parent": 260,
    "persons": [
      "Cadet ( dominique })"
    ],
    "text_ocr": "Cadet ( dominique }), instituteur, rue dè la verrerie, n. 8\n",
    "type": "ENTRY"
  },
  {
    "EOL": false,
    "box": [
      45,
      1063,
      648,
      31
    ],
    "id": 325,
    "indented": true,
    "parent": 324,
    "text": "",
    "type": "LINE"
  },
  {
    "addresses": [],
    "box": [
      45,
      1063,
      648,
      31
    ],
    "checked": false,
    "id": 324,
    "ner_xml": "<PER>Cadet Chambine père</PER>,<ACT>direc. des ponts et ch.</ACT>,<CARDINAL>3°</CARDINAL>,<ACT>munici]\n</ACT>",
    "origin": "computer",
    "parent": 260,
    "persons": [
      "Cadet Chambine père"
    ],
    "text_ocr": "Cadet Chambine père, direc. des ponts et ch., 3°, munici]\n",
    "type": "ENTRY"
  },
  {
    "EOL": false,
    "box": [
      47,
      1091,
      534,
      26
    ],
    "id": 327,
    "indented": true,
    "parent": 326,
    "text": "",
    "type": "LINE"
  },
  {
    "addresses": [
      {
        "street_name": "rue des fossés-montmartre",
        "street_numbers": []
      }
    ],
    "box": [
      47,
      1091,
      534,
      26
    ],
    "checked": false,
    "id": 326,
    "ner_xml": "<PER>Cadet Cambine fils</PER>,<LOC>rue des fossés-montmartre</LOC>.\n",
    "origin": "computer",
    "parent": 260,
    "persons": [
      "Cadet Cambine fils"
    ],
    "text_ocr": "Cadet Cambine fils, rue des fossés-montmartre.\n",
    "type": "ENTRY"
  },
  {
    "EOL": false,
    "box": [
      47,
      1119,
      608,
      29
    ],
    "id": 329,
    "indented": true,
    "parent": 328,
    "text": "",
    "type": "LINE"
  },
  {
    "addresses": [],
    "box": [
      47,
      1119,
      608,
      29
    ],
    "checked": false,
    "id": 328,
    "ner_xml": "Cadet-de-Vaux,<ACT>de l'institut, quatrième municipalité</ACT>,\n",
    "origin": "computer",
    "parent": 260,
    "persons": [],
    "text_ocr": "Cadet-de-Vaux, de l'institut, quatrième municipalité,\n",
    "type": "ENTRY"
  },
  {
    "EOL": false,
    "box": [
      48,
      1148,
      487,
      26
    ],
    "id": 331,
    "indented": true,
    "parent": 330,
    "text": "",
    "type": "LINE"
  },
  {
    "addresses": [
      {
        "street_name": "rue honore",
        "street_numbers": []
      }
    ],
    "box": [
      48,
      1148,
      487,
      26
    ],
    "checked": false,
    "id": 330,
    "ner_xml": "<PER>Cadet Gassicourt, apothicaire</PER>,<LOC>rue honore</LOC>.\n",
    "origin": "computer",
    "parent": 260,
    "persons": [
      "Cadet Gassicourt, apothicaire"
    ],
    "text_ocr": "Cadet Gassicourt, apothicaire, rue honore.\n",
    "type": "ENTRY"
  },
  {
    "EOL": false,
    "box": [
      49,
      1176,
      342,
      26
    ],
    "id": 333,
    "indented": true,
    "parent": 332,
    "text": "",
    "type": "LINE"
  },
  {
    "addresses": [
      {
        "street_name": "rue antoine",
        "street_numbers": []
      }
    ],
    "box": [
      49,
      1176,
      342,
      26
    ],
    "checked": false,
    "id": 332,
    "ner_xml": "<PER>Cadet</PER>,<ACT>miroitier</ACT>,<LOC>rue antoine</LOC>.\n",
    "origin": "computer",
    "parent": 260,
    "persons": [
      "Cadet"
    ],
    "text_ocr": "Cadet , miroitier, rue antoine.\n",
    "type": "ENTRY"
  },
  {
    "EOL": false,
    "box": [
      50,
      1204,
      527,
      28
    ],
    "id": 335,
    "indented": true,
    "parent": 334,
    "text": "",
    "type": "LINE"
  },
  {
    "addresses": [
      {
        "street_name": "cour nationale du palais",
        "street_numbers": []
      }
    ],
    "box": [
      50,
      1204,
      527,
      28
    ],
    "checked": false,
    "id": 334,
    "ner_xml": "<PER>Cadonnier</PER>,<ACT>serrurier</ACT>,<LOC>cour nationale du palais</LOC>,\n",
    "origin": "computer",
    "parent": 260,
    "persons": [
      "Cadonnier"
    ],
    "text_ocr": "Cadonnier , serrurier, cour nationale du palais,\n",
    "type": "ENTRY"
  },
  {
    "EOL": false,
    "box": [
      51,
      1231,
      450,
      28
    ],
    "id": 337,
    "indented": true,
    "parent": 336,
    "text": "",
    "type": "LINE"
  },
  {
    "addresses": [
      {
        "street_name": "rue du Four",
        "street_numbers": []
      }
    ],
    "box": [
      51,
      1231,
      450,
      28
    ],
    "checked": false,
    "id": 336,
    "ner_xml": "<PER>Cadot</PER>,<ACT>limonadier</ACT>,<LOC>rue du Four</LOC>,<ACT>n. 40</ACT>.\n",
    "origin": "computer",
    "parent": 260,
    "persons": [
      "Cadot"
    ],
    "text_ocr": "Cadot, limonadier , rue du Four, n. 40.\n",
    "type": "ENTRY"
  },
  {
    "EOL": false,
    "box": [
      52,
      1259,
      505,
      29
    ],
    "id": 339,
    "indented": true,
    "parent": 338,
    "text": "",
    "type": "LINE"
  },
  {
    "addresses": [
      {
        "street_name": "rue jean-jacques",
        "street_numbers": []
      }
    ],
    "box": [
      52,
      1259,
      505,
      29
    ],
    "checked": false,
    "id": 338,
    "ner_xml": "<PER>Caffard Durviller</PER>,<ACT>notaire</ACT>,<LOC>rue jean-jacques</LOC>,\n",
    "origin": "computer",
    "parent": 260,
    "persons": [
      "Caffard Durviller"
    ],
    "text_ocr": "Caffard Durviller , notaire, rue jean-jacques,\n",
    "type": "ENTRY"
  },
  {
    "EOL": false,
    "box": [
      53,
      1288,
      587,
      29
    ],
    "id": 341,
    "indented": true,
    "parent": 340,
    "text": "",
    "type": "LINE"
  },
  {
    "addresses": [],
    "box": [
      53,
      1288,
      587,
      29
    ],
    "checked": false,
    "id": 340,
    "ner_xml": "<PER>Citarelh</PER>,<ACT>chef de l’état major , dixième municipalité</ACT>,\n",
    "origin": "computer",
    "parent": 260,
    "persons": [
      "Citarelh"
    ],
    "text_ocr": "Citarelh , chef de l’état major , dixième municipalité,\n",
    "type": "ENTRY"
  },
  {
    "EOL": false,
    "box": [
      54,
      1315,
      378,
      30
    ],
    "id": 343,
    "indented": true,
    "parent": 342,
    "text": "",
    "type": "LINE"
  },
  {
    "addresses": [
      {
        "street_name": "cour des forges",
        "street_numbers": []
      }
    ],
    "box": [
      54,
      1315,
      378,
      30
    ],
    "checked": false,
    "id": 342,
    "ner_xml": "<PER>Caflin</PER>,<ACT>employé</ACT>,<LOC>cour des forges</LOC>.\n",
    "origin": "computer",
    "parent": 260,
    "persons": [
      "Caflin"
    ],
    "text_ocr": "Caflin, employé, cour des forges.\n",
    "type": "ENTRY"
  },
  {
    "EOL": false,
    "box": [
      54,
      1345,
      344,
      27
    ],
    "id": 345,
    "indented": true,
    "parent": 344,
    "text": "",
    "type": "LINE"
  },
  {
    "addresses": [],
    "box": [
      54,
      1345,
      344,
      27
    ],
    "checked": false,
    "id": 344,
    "ner_xml": "<PER>Caïhin</PER>, quatrième municipalité\n",
    "origin": "computer",
    "parent": 260,
    "persons": [
      "Caïhin"
    ],
    "text_ocr": "Caïhin , quatrième municipalité\n",
    "type": "ENTRY"
  },
  {
    "EOL": false,
    "box": [
      55,
      1372,
      476,
      30
    ],
    "id": 347,
    "indented": true,
    "parent": 346,
    "text": "",
    "type": "LINE"
  },
  {
    "addresses": [
      {
        "street_name": "rue planche-mibray",
        "street_numbers": []
      }
    ],
    "box": [
      55,
      1372,
      476,
      30
    ],
    "checked": false,
    "id": 346,
    "ner_xml": "<PER>Cahours</PER>,<ACT>bonnetier</ACT>,<LOC>rue planche-mibray</LOC>,\n",
    "origin": "computer",
    "parent": 260,
    "persons": [
      "Cahours"
    ],
    "text_ocr": "Cahours , bonnetier, rue planche-mibray,\n",
    "type": "ENTRY"
  },
  {
    "EOL": false,
    "box": [
      57,
      1400,
      388,
      28
    ],
    "id": 349,
    "indented": true,
    "parent": 348,
    "text": "",
    "type": "LINE"
  },
  {
    "addresses": [
      {
        "street_name": "rue de la harpe",
        "street_numbers": []
      }
    ],
    "box": [
      57,
      1400,
      388,
      28
    ],
    "checked": false,
    "id": 348,
    "ner_xml": "<PER>Caigne</PER>,<ACT>notaire</ACT>,<LOC>rue de la harpe</LOC>,\n",
    "origin": "computer",
    "parent": 260,
    "persons": [
      "Caigne"
    ],
    "text_ocr": "Caigne, notaire, rue de la harpe,\n",
    "type": "ENTRY"
  },
  {
    "EOL": false,
    "box": [
      59,
      1427,
      634,
      29
    ],
    "id": 351,
    "indented": true,
    "parent": 350,
    "text": "",
    "type": "LINE"
  },
  {
    "addresses": [],
    "box": [
      59,
      1427,
      634,
      29
    ],
    "checked": false,
    "id": 350,
    "ner_xml": "<PER>Caillard</PER>,<ACT>archiviste des archives extr, , dixième mumicipe\n</ACT>",
    "origin": "computer",
    "parent": 260,
    "persons": [
      "Caillard"
    ],
    "text_ocr": "Caillard , archiviste des archives extr, , dixième mumicipe\n",
    "type": "ENTRY"
  },
  {
    "box": [
      24,
      170,
      669,
      1286
    ],
    "id": 260,
    "parent": 259,
    "type": "COLUMN_LEVEL_2"
  },
  {
    "box": [
      24,
      170,
      669,
      1286
    ],
    "id": 259,
    "parent": 258,
    "type": "SECTION_LEVEL_2"
  },
  {
    "box": [
      24,
      170,
      669,
      1286
    ],
    "id": 258,
    "parent": 257,
    "type": "COLUMN_LEVEL_1"
  },
  {
    "box": [
      24,
      170,
      669,
      1286
    ],
    "id": 257,
    "parent": 256,
    "type": "SECTION_LEVEL_1"
  },
  {
    "box": [
      24,
      130,
      669,
      1326
    ],
    "id": 256,
    "type": "PAGE"
  }
]
