[
  {
    "EOL": false,
    "box": [
      276,
      122,
      467,
      27
    ],
    "id": 262,
    "indented": false,
    "parent": 261,
    "text": "",
    "type": "LINE"
  },
  {
    "addresses": [],
    "box": [
      276,
      122,
      467,
      27
    ],
    "checked": false,
    "id": 261,
    "ner_xml": "<PER>Lakanal</PER>,<ACT>membre de l'institut , au louvre</ACT>.\n",
    "origin": "computer",
    "parent": 260,
    "persons": [
      "Lakanal"
    ],
    "text_ocr": "Lakanal, membre de l'institut , au louvre.\n",
    "type": "ENTRY"
  },
  {
    "EOL": false,
    "box": [
      275,
      151,
      614,
      29
    ],
    "id": 264,
    "indented": true,
    "parent": 263,
    "text": "",
    "type": "LINE"
  },
  {
    "addresses": [],
    "box": [
      275,
      151,
      614,
      29
    ],
    "checked": false,
    "id": 263,
    "ner_xml": "<PER>Lalande</PER>,<ACT>employe à la justice, douzième municipalité.\n</ACT>",
    "origin": "computer",
    "parent": 260,
    "persons": [
      "Lalande"
    ],
    "text_ocr": "Lalande, employe à la justice, douzième municipalité.\n",
    "type": "ENTRY"
  },
  {
    "EOL": false,
    "box": [
      275,
      179,
      444,
      27
    ],
    "id": 266,
    "indented": true,
    "parent": 265,
    "text": "",
    "type": "LINE"
  },
  {
    "addresses": [],
    "box": [
      275,
      179,
      444,
      27
    ],
    "checked": false,
    "id": 265,
    "ner_xml": "<PER>Lalande</PER>,<ACT>astroneme, collège de france</ACT>.\n",
    "origin": "computer",
    "parent": 260,
    "persons": [
      "Lalande"
    ],
    "text_ocr": "Lalande , astroneme, collège de france.\n",
    "type": "ENTRY"
  },
  {
    "EOL": false,
    "box": [
      275,
      207,
      351,
      27
    ],
    "id": 268,
    "indented": true,
    "parent": 267,
    "text": "",
    "type": "LINE"
  },
  {
    "addresses": [
      {
        "street_name": "boulevard du temple",
        "street_numbers": []
      }
    ],
    "box": [
      275,
      207,
      351,
      27
    ],
    "checked": false,
    "id": 267,
    "ner_xml": "<PER>Lalande</PER>,<LOC>boulevard du temple</LOC>.\n",
    "origin": "computer",
    "parent": 260,
    "persons": [
      "Lalande"
    ],
    "text_ocr": "Lalande, boulevard du temple.\n",
    "type": "ENTRY"
  },
  {
    "EOL": false,
    "box": [
      274,
      236,
      452,
      24
    ],
    "id": 270,
    "indented": true,
    "parent": 269,
    "text": "",
    "type": "LINE"
  },
  {
    "addresses": [
      {
        "street_name": "rue neuve-eustache.",
        "street_numbers": []
      }
    ],
    "box": [
      274,
      236,
      452,
      24
    ],
    "checked": false,
    "id": 269,
    "ner_xml": "<PER>Lalande</PER>,<ACT>courtier</ACT>,<LOC>rue neuve-eustache.</LOC>,\n",
    "origin": "computer",
    "parent": 260,
    "persons": [
      "Lalande"
    ],
    "text_ocr": "Lalande, courtier, rue neuve-eustache.,\n",
    "type": "ENTRY"
  },
  {
    "EOL": false,
    "box": [
      274,
      263,
      532,
      27
    ],
    "id": 272,
    "indented": true,
    "parent": 271,
    "text": "",
    "type": "LINE"
  },
  {
    "addresses": [
      {
        "street_name": "place vendôme.\n",
        "street_numbers": []
      }
    ],
    "box": [
      274,
      263,
      532,
      27
    ],
    "checked": false,
    "id": 271,
    "ner_xml": "<PER>Lalande</PER>,<ACT>chef à la liquidation</ACT>,<LOC>place vendôme.\n</LOC>",
    "origin": "computer",
    "parent": 260,
    "persons": [
      "Lalande"
    ],
    "text_ocr": "Lalande, chef à la liquidation, place vendôme.\n",
    "type": "ENTRY"
  },
  {
    "EOL": false,
    "box": [
      274,
      291,
      380,
      25
    ],
    "id": 274,
    "indented": true,
    "parent": 273,
    "text": "",
    "type": "LINE"
  },
  {
    "addresses": [
      {
        "street_name": "rue vivienne",
        "street_numbers": []
      }
    ],
    "box": [
      274,
      291,
      380,
      25
    ],
    "checked": false,
    "id": 273,
    "ner_xml": "<PER>Lalanne</PER>,<ACT>négociant</ACT>,<LOC>rue vivienne</LOC>.\n",
    "origin": "computer",
    "parent": 260,
    "persons": [
      "Lalanne"
    ],
    "text_ocr": "Lalanne , négociant , rue vivienne.\n",
    "type": "ENTRY"
  },
  {
    "EOL": false,
    "box": [
      274,
      319,
      534,
      27
    ],
    "id": 276,
    "indented": true,
    "parent": 275,
    "text": "",
    "type": "LINE"
  },
  {
    "addresses": [
      {
        "street_name": "rue des mauvaises paroles",
        "street_numbers": []
      }
    ],
    "box": [
      274,
      319,
      534,
      27
    ],
    "checked": false,
    "id": 275,
    "ner_xml": "<PER>Lalanne</PER>,<ACT>marchand</ACT>,<LOC>rue des mauvaises paroles</LOC>,\n",
    "origin": "computer",
    "parent": 260,
    "persons": [
      "Lalanne"
    ],
    "text_ocr": "Lalanne, marchand, rue des mauvaises paroles,\n",
    "type": "ENTRY"
  },
  {
    "EOL": false,
    "box": [
      274,
      347,
      526,
      27
    ],
    "id": 278,
    "indented": true,
    "parent": 277,
    "text": "",
    "type": "LINE"
  },
  {
    "addresses": [
      {
        "street_name": "faubourg poissonnière",
        "street_numbers": []
      }
    ],
    "box": [
      274,
      347,
      526,
      27
    ],
    "checked": false,
    "id": 277,
    "ner_xml": "<PER>Lalausse</PER>,<ACT>ex-magistrat</ACT>,<LOC>faubourg poissonnière</LOC>.\n",
    "origin": "computer",
    "parent": 260,
    "persons": [
      "Lalausse"
    ],
    "text_ocr": "Lalausse , ex-magistrat, faubourg poissonnière.\n",
    "type": "ENTRY"
  },
  {
    "EOL": false,
    "box": [
      273,
      375,
      391,
      26
    ],
    "id": 280,
    "indented": true,
    "parent": 279,
    "text": "",
    "type": "LINE"
  },
  {
    "addresses": [
      {
        "street_name": "rue des prêtres-paul",
        "street_numbers": []
      }
    ],
    "box": [
      273,
      375,
      391,
      26
    ],
    "checked": false,
    "id": 279,
    "ner_xml": "<PER>Lalaurencie</PER>,<LOC>rue des prêtres-paul</LOC>.\n",
    "origin": "computer",
    "parent": 260,
    "persons": [
      "Lalaurencie"
    ],
    "text_ocr": "Lalaurencie , rue des prêtres-paul.\n",
    "type": "ENTRY"
  },
  {
    "EOL": false,
    "box": [
      272,
      403,
      379,
      26
    ],
    "id": 282,
    "indented": true,
    "parent": 281,
    "text": "",
    "type": "LINE"
  },
  {
    "addresses": [
      {
        "street_name": "rue du théâtre-français",
        "street_numbers": []
      }
    ],
    "box": [
      272,
      403,
      379,
      26
    ],
    "checked": false,
    "id": 281,
    "ner_xml": "<PER>Lalegne</PER>,<LOC>rue du théâtre-français</LOC>.\n",
    "origin": "computer",
    "parent": 260,
    "persons": [
      "Lalegne"
    ],
    "text_ocr": "Lalegne, rue du théâtre-français.\n",
    "type": "ENTRY"
  },
  {
    "EOL": false,
    "box": [
      273,
      430,
      268,
      25
    ],
    "id": 284,
    "indented": true,
    "parent": 283,
    "text": "",
    "type": "LINE"
  },
  {
    "addresses": [],
    "box": [
      273,
      430,
      268,
      25
    ],
    "checked": false,
    "id": 283,
    "ner_xml": "<PER>Laléman</PER>, rue vivienne.\n",
    "origin": "computer",
    "parent": 260,
    "persons": [
      "Laléman"
    ],
    "text_ocr": "Laléman , rue vivienne.\n",
    "type": "ENTRY"
  },
  {
    "EOL": false,
    "box": [
      273,
      459,
      284,
      25
    ],
    "id": 286,
    "indented": true,
    "parent": 285,
    "text": "",
    "type": "LINE"
  },
  {
    "addresses": [],
    "box": [
      273,
      459,
      284,
      25
    ],
    "checked": false,
    "id": 285,
    "ner_xml": "<PER>Lalende</PER>, rue garenciere.\n",
    "origin": "computer",
    "parent": 260,
    "persons": [
      "Lalende"
    ],
    "text_ocr": "Lalende, rue garenciere.\n",
    "type": "ENTRY"
  },
  {
    "EOL": false,
    "box": [
      274,
      486,
      440,
      28
    ],
    "id": 288,
    "indented": true,
    "parent": 287,
    "text": "",
    "type": "LINE"
  },
  {
    "addresses": [
      {
        "street_name": "rue de cléry",
        "street_numbers": []
      }
    ],
    "box": [
      274,
      486,
      440,
      28
    ],
    "checked": false,
    "id": 287,
    "ner_xml": "<PER>Lallée pére</PER>,<ACT>corroyeur</ACT>,<LOC>rue de cléry</LOC>.\n",
    "origin": "computer",
    "parent": 260,
    "persons": [
      "Lallée pére"
    ],
    "text_ocr": "Lallée pére, corroyeur , rue de cléry.\n",
    "type": "ENTRY"
  },
  {
    "EOL": false,
    "box": [
      274,
      514,
      480,
      28
    ],
    "id": 290,
    "indented": true,
    "parent": 289,
    "text": "",
    "type": "LINE"
  },
  {
    "addresses": [],
    "box": [
      274,
      514,
      480,
      28
    ],
    "checked": false,
    "id": 289,
    "ner_xml": "<PER>Lallemand</PER>,<ACT>vitrier, vieille rue du temple</ACT>.\n",
    "origin": "computer",
    "parent": 260,
    "persons": [
      "Lallemand"
    ],
    "text_ocr": "Lallemand , vitrier, vieille rue du temple.\n",
    "type": "ENTRY"
  },
  {
    "EOL": false,
    "box": [
      274,
      542,
      391,
      26
    ],
    "id": 292,
    "indented": true,
    "parent": 291,
    "text": "",
    "type": "LINE"
  },
  {
    "addresses": [
      {
        "street_name": "rue censier",
        "street_numbers": []
      }
    ],
    "box": [
      274,
      542,
      391,
      26
    ],
    "checked": false,
    "id": 291,
    "ner_xml": "<PER>Lallemand</PER>,<ACT>tanneur</ACT>,<LOC>rue censier</LOC>.\n",
    "origin": "computer",
    "parent": 260,
    "persons": [
      "Lallemand"
    ],
    "text_ocr": "Lallemand, tanneur , rue censier.\n",
    "type": "ENTRY"
  },
  {
    "EOL": false,
    "box": [
      271,
      570,
      485,
      26
    ],
    "id": 294,
    "indented": true,
    "parent": 293,
    "text": "",
    "type": "LINE"
  },
  {
    "addresses": [
      {
        "street_name": "faubourg du temple",
        "street_numbers": []
      }
    ],
    "box": [
      271,
      570,
      485,
      26
    ],
    "checked": false,
    "id": 293,
    "ner_xml": "<PER>Lallemand</PER>,<ACT>chapelier</ACT>,<LOC>faubourg du temple</LOC>.\n",
    "origin": "computer",
    "parent": 260,
    "persons": [
      "Lallemand"
    ],
    "text_ocr": "Lallemand, chapelier , faubourg du temple.\n",
    "type": "ENTRY"
  },
  {
    "EOL": false,
    "box": [
      272,
      598,
      481,
      24
    ],
    "id": 296,
    "indented": true,
    "parent": 295,
    "text": "",
    "type": "LINE"
  },
  {
    "addresses": [
      {
        "street_name": "rue neuve-eustache.",
        "street_numbers": []
      }
    ],
    "box": [
      272,
      598,
      481,
      24
    ],
    "checked": false,
    "id": 295,
    "ner_xml": "<PER>Lallemand</PER>,<ACT>notaire</ACT>,<LOC>rue neuve-eustache.</LOC>,\n",
    "origin": "computer",
    "parent": 260,
    "persons": [
      "Lallemand"
    ],
    "text_ocr": "Lallemand , notaire , rue neuve-eustache.,\n",
    "type": "ENTRY"
  },
  {
    "EOL": false,
    "box": [
      272,
      626,
      467,
      25
    ],
    "id": 298,
    "indented": true,
    "parent": 297,
    "text": "",
    "type": "LINE"
  },
  {
    "addresses": [
      {
        "street_name": "rue de la grande truanderie",
        "street_numbers": []
      }
    ],
    "box": [
      272,
      626,
      467,
      25
    ],
    "checked": false,
    "id": 297,
    "ner_xml": "<PER>Lallemand</PER>,<LOC>rue de la grande truanderie</LOC>.\n",
    "origin": "computer",
    "parent": 260,
    "persons": [
      "Lallemand"
    ],
    "text_ocr": "Lallemand , rue de la grande truanderie.\n",
    "type": "ENTRY"
  },
  {
    "EOL": false,
    "box": [
      270,
      654,
      677,
      26
    ],
    "id": 300,
    "indented": true,
    "parent": 299,
    "text": "",
    "type": "LINE"
  },
  {
    "addresses": [
      {
        "street_name": "rue de grenell:\n",
        "street_numbers": []
      }
    ],
    "box": [
      270,
      654,
      677,
      26
    ],
    "checked": false,
    "id": 299,
    "ner_xml": "<PER>Lallemand</PER>,<ACT>chef des bureaux de l'intérieur</ACT>,<LOC>rue de grenell:\n</LOC>",
    "origin": "computer",
    "parent": 260,
    "persons": [
      "Lallemand"
    ],
    "text_ocr": "Lallemand , chef des bureaux de l'intérieur , rue de grenell:\n",
    "type": "ENTRY"
  },
  {
    "EOL": false,
    "box": [
      271,
      682,
      447,
      25
    ],
    "id": 302,
    "indented": true,
    "parent": 301,
    "text": "",
    "type": "LINE"
  },
  {
    "addresses": [
      {
        "street_name": "rue montorgueuil",
        "street_numbers": []
      }
    ],
    "box": [
      271,
      682,
      447,
      25
    ],
    "checked": false,
    "id": 301,
    "ner_xml": "<PER>Lallemand</PER>,<ACT>mercier</ACT>,<LOC>rue montorgueuil</LOC>.\n",
    "origin": "computer",
    "parent": 260,
    "persons": [
      "Lallemand"
    ],
    "text_ocr": "Lallemand, mercier , rue montorgueuil.\n",
    "type": "ENTRY"
  },
  {
    "EOL": false,
    "box": [
      271,
      710,
      495,
      26
    ],
    "id": 304,
    "indented": true,
    "parent": 303,
    "text": "",
    "type": "LINE"
  },
  {
    "addresses": [],
    "box": [
      271,
      710,
      495,
      26
    ],
    "checked": false,
    "id": 303,
    "ner_xml": "<PER>Laällemand</PER>,<ACT>invalide, dixième municipalite.\n</ACT>",
    "origin": "computer",
    "parent": 260,
    "persons": [
      "Laällemand"
    ],
    "text_ocr": "Laällemand , invalide, dixième municipalite.\n",
    "type": "ENTRY"
  },
  {
    "EOL": false,
    "box": [
      271,
      738,
      676,
      27
    ],
    "id": 306,
    "indented": true,
    "parent": 305,
    "text": "",
    "type": "LINE"
  },
  {
    "addresses": [],
    "box": [
      271,
      738,
      676,
      27
    ],
    "checked": false,
    "id": 305,
    "ner_xml": "<PER>Lallemand</PER>,<ACT>chirurgien en chef à la salpétrière</ACT>,<CARDINAL>12</CARDINAL>°,<ACT>mumic\n</ACT>",
    "origin": "computer",
    "parent": 260,
    "persons": [
      "Lallemand"
    ],
    "text_ocr": "Lallemand, chirurgien en chef à la salpétrière, 12°, mumic\n",
    "type": "ENTRY"
  },
  {
    "EOL": false,
    "box": [
      270,
      766,
      428,
      26
    ],
    "id": 308,
    "indented": true,
    "parent": 307,
    "text": "",
    "type": "LINE"
  },
  {
    "addresses": [
      {
        "street_name": "rue neuve-des-capucines",
        "street_numbers": []
      }
    ],
    "box": [
      270,
      766,
      428,
      26
    ],
    "checked": false,
    "id": 307,
    "ner_xml": "<PER>Lallemand</PER>,<LOC>rue neuve-des-capucines</LOC>.\n",
    "origin": "computer",
    "parent": 260,
    "persons": [
      "Lallemand"
    ],
    "text_ocr": "Lallemand , rue neuve-des-capucines.\n",
    "type": "ENTRY"
  },
  {
    "EOL": false,
    "box": [
      270,
      793,
      431,
      27
    ],
    "id": 310,
    "indented": true,
    "parent": 309,
    "text": "",
    "type": "LINE"
  },
  {
    "addresses": [
      {
        "street_name": "rue jean-robert.\n",
        "street_numbers": []
      }
    ],
    "box": [
      270,
      793,
      431,
      27
    ],
    "checked": false,
    "id": 309,
    "ner_xml": "<PER>Lallemand</PER>,<ACT>fondeur</ACT>,<LOC>rue jean-robert.\n</LOC>",
    "origin": "computer",
    "parent": 260,
    "persons": [
      "Lallemand"
    ],
    "text_ocr": "Lallemand , fondeur , rue jean-robert.\n",
    "type": "ENTRY"
  },
  {
    "EOL": false,
    "box": [
      270,
      822,
      389,
      24
    ],
    "id": 312,
    "indented": true,
    "parent": 311,
    "text": "",
    "type": "LINE"
  },
  {
    "addresses": [
      {
        "street_name": "rue martin",
        "street_numbers": []
      }
    ],
    "box": [
      270,
      822,
      389,
      24
    ],
    "checked": false,
    "id": 311,
    "ner_xml": "<PER>Lallemand</PER>,<ACT>serrurier</ACT>,<LOC>rue martin</LOC>.\n",
    "origin": "computer",
    "parent": 260,
    "persons": [
      "Lallemand"
    ],
    "text_ocr": "Lallemand , serrurier, rue martin.\n",
    "type": "ENTRY"
  },
  {
    "EOL": false,
    "box": [
      270,
      849,
      651,
      27
    ],
    "id": 314,
    "indented": true,
    "parent": 313,
    "text": "",
    "type": "LINE"
  },
  {
    "addresses": [],
    "box": [
      270,
      849,
      651,
      27
    ],
    "checked": false,
    "id": 313,
    "ner_xml": "<PER>Lallemant</PER>,<ACT>employé au corps législatif</ACT>,<CARDINAL>10</CARDINAL>° municipalité.\n",
    "origin": "computer",
    "parent": 260,
    "persons": [
      "Lallemant"
    ],
    "text_ocr": "Lallemant, employé au corps législatif, 10° municipalité.\n",
    "type": "ENTRY"
  },
  {
    "EOL": false,
    "box": [
      267,
      876,
      678,
      26
    ],
    "id": 316,
    "indented": true,
    "parent": 315,
    "text": "",
    "type": "LINE"
  },
  {
    "addresses": [
      {
        "street_name": "rue de grammont\n",
        "street_numbers": []
      }
    ],
    "box": [
      267,
      876,
      678,
      26
    ],
    "checked": false,
    "id": 315,
    "ner_xml": "<PER>Lallemant</PER>,<ACT>chef du bureau des nourrices</ACT>,<LOC>rue de grammont\n</LOC>",
    "origin": "computer",
    "parent": 260,
    "persons": [
      "Lallemant"
    ],
    "text_ocr": "Lallemant, chef du bureau des nourrices , rue de grammont\n",
    "type": "ENTRY"
  },
  {
    "EOL": false,
    "box": [
      269,
      905,
      678,
      27
    ],
    "id": 318,
    "indented": true,
    "parent": 317,
    "text": "",
    "type": "LINE"
  },
  {
    "addresses": [
      {
        "street_name": "rue pastourel\n",
        "street_numbers": []
      }
    ],
    "box": [
      269,
      905,
      678,
      27
    ],
    "checked": false,
    "id": 317,
    "ner_xml": "<PER>Lallemant-de-Villigny</PER>,<ACT>anc. payeur de rentes</ACT>,<LOC>rue pastourel\n</LOC>",
    "origin": "computer",
    "parent": 260,
    "persons": [
      "Lallemant-de-Villigny"
    ],
    "text_ocr": "Lallemant-de-Villigny, anc. payeur de rentes, rue pastourel\n",
    "type": "ENTRY"
  },
  {
    "EOL": false,
    "box": [
      269,
      932,
      670,
      26
    ],
    "id": 320,
    "indented": true,
    "parent": 319,
    "text": "",
    "type": "LINE"
  },
  {
    "addresses": [
      {
        "street_name": "rue neuve des petits-champs",
        "street_numbers": []
      }
    ],
    "box": [
      269,
      932,
      670,
      26
    ],
    "checked": false,
    "id": 319,
    "ner_xml": "<PER>Lalliat</PER>,<ACT>employée aux finances</ACT>,<LOC>rue neuve des petits-champs</LOC>.\n",
    "origin": "computer",
    "parent": 260,
    "persons": [
      "Lalliat"
    ],
    "text_ocr": "Lalliat , employée aux finances , rue neuve des petits-champs.\n",
    "type": "ENTRY"
  },
  {
    "EOL": false,
    "box": [
      269,
      960,
      517,
      26
    ],
    "id": 322,
    "indented": true,
    "parent": 321,
    "text": "",
    "type": "LINE"
  },
  {
    "addresses": [
      {
        "street_name": "quai bernard",
        "street_numbers": []
      }
    ],
    "box": [
      269,
      960,
      517,
      26
    ],
    "checked": false,
    "id": 321,
    "ner_xml": "<PER>Laloge aine</PER>,<ACT>marchand de vin</ACT>,<LOC>quai bernard</LOC>.\n",
    "origin": "computer",
    "parent": 260,
    "persons": [
      "Laloge aine"
    ],
    "text_ocr": "Laloge aine , marchand de vin, quai bernard.\n",
    "type": "ENTRY"
  },
  {
    "EOL": false,
    "box": [
      269,
      989,
      265,
      24
    ],
    "id": 324,
    "indented": true,
    "parent": 323,
    "text": "",
    "type": "LINE"
  },
  {
    "addresses": [
      {
        "street_name": "rue saint-avoie",
        "street_numbers": []
      }
    ],
    "box": [
      269,
      989,
      265,
      24
    ],
    "checked": false,
    "id": 323,
    "ner_xml": "<PER>Lalou</PER>,<LOC>rue saint-avoie</LOC>.\n",
    "origin": "computer",
    "parent": 260,
    "persons": [
      "Lalou"
    ],
    "text_ocr": "Lalou , rue saint-avoie.\n",
    "type": "ENTRY"
  },
  {
    "EOL": false,
    "box": [
      269,
      1016,
      367,
      26
    ],
    "id": 326,
    "indented": true,
    "parent": 325,
    "text": "",
    "type": "LINE"
  },
  {
    "addresses": [
      {
        "street_name": "rue jacob",
        "street_numbers": []
      }
    ],
    "box": [
      269,
      1016,
      367,
      26
    ],
    "checked": false,
    "id": 325,
    "ner_xml": "<PER>Lalouette</PER>,<ACT>medecin</ACT>,<LOC>rue jacob</LOC>.\n",
    "origin": "computer",
    "parent": 260,
    "persons": [
      "Lalouette"
    ],
    "text_ocr": "Lalouette , medecin, rue jacob.\n",
    "type": "ENTRY"
  },
  {
    "EOL": false,
    "box": [
      268,
      1043,
      373,
      28
    ],
    "id": 328,
    "indented": true,
    "parent": 327,
    "text": "",
    "type": "LINE"
  },
  {
    "addresses": [
      {
        "street_name": "rue honore",
        "street_numbers": []
      }
    ],
    "box": [
      268,
      1043,
      373,
      28
    ],
    "checked": false,
    "id": 327,
    "ner_xml": "<PER>Lalouette</PER>,<ACT>employé</ACT>,<LOC>rue honore</LOC>.\n",
    "origin": "computer",
    "parent": 260,
    "persons": [
      "Lalouette"
    ],
    "text_ocr": "Lalouette, employé, rue honore.\n",
    "type": "ENTRY"
  },
  {
    "EOL": false,
    "box": [
      269,
      1071,
      676,
      27
    ],
    "id": 330,
    "indented": true,
    "parent": 329,
    "text": "",
    "type": "LINE"
  },
  {
    "addresses": [],
    "box": [
      269,
      1071,
      676,
      27
    ],
    "checked": false,
    "id": 329,
    "ner_xml": "<PER>Lamaignière</PER>,<ACT>juge de paix à chaillot, première mumicipalité\n</ACT>",
    "origin": "computer",
    "parent": 260,
    "persons": [
      "Lamaignière"
    ],
    "text_ocr": "Lamaignière, juge de paix à chaillot, première mumicipalité\n",
    "type": "ENTRY"
  },
  {
    "EOL": false,
    "box": [
      269,
      1100,
      485,
      26
    ],
    "id": 332,
    "indented": true,
    "parent": 331,
    "text": "",
    "type": "LINE"
  },
  {
    "addresses": [
      {
        "street_name": "avenue de neuilly",
        "street_numbers": []
      }
    ],
    "box": [
      269,
      1100,
      485,
      26
    ],
    "checked": false,
    "id": 331,
    "ner_xml": "<PER>Lamaisueres</PER>,<ACT>employée</ACT>,<LOC>avenue de neuilly</LOC>.\n",
    "origin": "computer",
    "parent": 260,
    "persons": [
      "Lamaisueres"
    ],
    "text_ocr": "Lamaisueres, employée, avenue de neuilly.\n",
    "type": "ENTRY"
  },
  {
    "EOL": false,
    "box": [
      269,
      1128,
      438,
      24
    ],
    "id": 334,
    "indented": true,
    "parent": 333,
    "text": "",
    "type": "LINE"
  },
  {
    "addresses": [
      {
        "street_name": "rue montorgueil",
        "street_numbers": []
      }
    ],
    "box": [
      269,
      1128,
      438,
      24
    ],
    "checked": false,
    "id": 333,
    "ner_xml": "<PER>Lamaille</PER>,<ACT>marchand</ACT>,<LOC>rue montorgueil</LOC>.\n",
    "origin": "computer",
    "parent": 260,
    "persons": [
      "Lamaille"
    ],
    "text_ocr": "Lamaille, marchand, rue montorgueil.\n",
    "type": "ENTRY"
  },
  {
    "EOL": false,
    "box": [
      269,
      1155,
      529,
      25
    ],
    "id": 336,
    "indented": true,
    "parent": 335,
    "text": "",
    "type": "LINE"
  },
  {
    "addresses": [
      {
        "street_name": "rue de l'échelle",
        "street_numbers": []
      }
    ],
    "box": [
      269,
      1155,
      529,
      25
    ],
    "checked": false,
    "id": 335,
    "ner_xml": "<PER>Lamalle</PER>,<ACT>défenseur oflicieux</ACT>,<LOC>rue de l'échelle</LOC>.\n",
    "origin": "computer",
    "parent": 260,
    "persons": [
      "Lamalle"
    ],
    "text_ocr": "Lamalle , défenseur oflicieux, rue de l'échelle.\n",
    "type": "ENTRY"
  },
  {
    "EOL": false,
    "box": [
      268,
      1183,
      580,
      25
    ],
    "id": 338,
    "indented": true,
    "parent": 337,
    "text": "",
    "type": "LINE"
  },
  {
    "addresses": [
      {
        "street_name": "rue jean-pain-mollet",
        "street_numbers": []
      }
    ],
    "box": [
      268,
      1183,
      580,
      25
    ],
    "checked": false,
    "id": 337,
    "ner_xml": "<PER>Lamalmaison</PER>,<ACT>homme de loi</ACT>,<LOC>rue jean-pain-mollet</LOC>.\n",
    "origin": "computer",
    "parent": 260,
    "persons": [
      "Lamalmaison"
    ],
    "text_ocr": "Lamalmaison, homme de loi, rue jean-pain-mollet.\n",
    "type": "ENTRY"
  },
  {
    "EOL": false,
    "box": [
      268,
      1211,
      481,
      24
    ],
    "id": 340,
    "indented": true,
    "parent": 339,
    "text": "",
    "type": "LINE"
  },
  {
    "addresses": [
      {
        "street_name": "rue belle-chasse.\n",
        "street_numbers": []
      }
    ],
    "box": [
      268,
      1211,
      481,
      24
    ],
    "checked": false,
    "id": 339,
    "ner_xml": "<PER>Lamande fils</PER>,<ACT>imgénieur</ACT>,<LOC>rue belle-chasse.\n</LOC>",
    "origin": "computer",
    "parent": 260,
    "persons": [
      "Lamande fils"
    ],
    "text_ocr": "Lamande fils , imgénieur, rue belle-chasse.\n",
    "type": "ENTRY"
  },
  {
    "EOL": false,
    "box": [
      268,
      1239,
      464,
      24
    ],
    "id": 342,
    "indented": true,
    "parent": 341,
    "text": "",
    "type": "LINE"
  },
  {
    "addresses": [
      {
        "street_name": "rue lazare.\n",
        "street_numbers": []
      }
    ],
    "box": [
      268,
      1239,
      464,
      24
    ],
    "checked": false,
    "id": 341,
    "ner_xml": "<PER>Lamarche</PER>,<ACT>marchand de vin</ACT>,<LOC>rue lazare.\n</LOC>",
    "origin": "computer",
    "parent": 260,
    "persons": [
      "Lamarche"
    ],
    "text_ocr": "Lamarche , marchand de vin, rue lazare.\n",
    "type": "ENTRY"
  },
  {
    "EOL": false,
    "box": [
      269,
      1266,
      405,
      26
    ],
    "id": 344,
    "indented": true,
    "parent": 343,
    "text": "",
    "type": "LINE"
  },
  {
    "addresses": [
      {
        "street_name": "rue du foin",
        "street_numbers": []
      }
    ],
    "box": [
      269,
      1266,
      405,
      26
    ],
    "checked": false,
    "id": 343,
    "ner_xml": "<PER>Lamarche</PER>,<ACT>géographe</ACT>,<LOC>rue du foin</LOC>.\n",
    "origin": "computer",
    "parent": 260,
    "persons": [
      "Lamarche"
    ],
    "text_ocr": "Lamarche, géographe , rue du foin.\n",
    "type": "ENTRY"
  },
  {
    "EOL": false,
    "box": [
      267,
      1293,
      628,
      26
    ],
    "id": 346,
    "indented": true,
    "parent": 345,
    "text": "",
    "type": "LINE"
  },
  {
    "addresses": [],
    "box": [
      267,
      1293,
      628,
      26
    ],
    "checked": false,
    "id": 345,
    "ner_xml": "<PER>Lamarck</PER>,<ACT>membre de l'institut, quatrième municipalite.\n</ACT>",
    "origin": "computer",
    "parent": 260,
    "persons": [
      "Lamarck"
    ],
    "text_ocr": "Lamarck, membre de l'institut, quatrième municipalite.\n",
    "type": "ENTRY"
  },
  {
    "EOL": false,
    "box": [
      267,
      1321,
      478,
      26
    ],
    "id": 348,
    "indented": true,
    "parent": 347,
    "text": "",
    "type": "LINE"
  },
  {
    "addresses": [
      {
        "street_name": "rue du faubourg honore",
        "street_numbers": []
      }
    ],
    "box": [
      267,
      1321,
      478,
      26
    ],
    "checked": false,
    "id": 347,
    "ner_xml": "<PER>Lamare</PER>,<ACT>notaire</ACT>,<LOC>rue du faubourg honore</LOC>.\n",
    "origin": "computer",
    "parent": 260,
    "persons": [
      "Lamare"
    ],
    "text_ocr": "Lamare , notaire, rue du faubourg honore.\n",
    "type": "ENTRY"
  },
  {
    "EOL": false,
    "box": [
      267,
      1349,
      383,
      25
    ],
    "id": 350,
    "indented": true,
    "parent": 349,
    "text": "",
    "type": "LINE"
  },
  {
    "addresses": [
      {
        "street_name": "rue mouffetard",
        "street_numbers": []
      }
    ],
    "box": [
      267,
      1349,
      383,
      25
    ],
    "checked": false,
    "id": 349,
    "ner_xml": "<PER>Lamarre</PER>,<ACT>Carrier</ACT>,<LOC>rue mouffetard</LOC>.\n",
    "origin": "computer",
    "parent": 260,
    "persons": [
      "Lamarre"
    ],
    "text_ocr": "Lamarre , Carrier, rue mouffetard.\n",
    "type": "ENTRY"
  },
  {
    "EOL": false,
    "box": [
      267,
      1377,
      444,
      27
    ],
    "id": 352,
    "indented": true,
    "parent": 351,
    "text": "",
    "type": "LINE"
  },
  {
    "addresses": [
      {
        "street_name": "rue égalité",
        "street_numbers": []
      }
    ],
    "box": [
      267,
      1377,
      444,
      27
    ],
    "checked": false,
    "id": 351,
    "ner_xml": "<PER>Lamarre</PER>,<ACT>clerc de notaire</ACT>,<LOC>rue égalité</LOC>,\n",
    "origin": "computer",
    "parent": 260,
    "persons": [
      "Lamarre"
    ],
    "text_ocr": "Lamarre, clerc de notaire, rue égalité,\n",
    "type": "ENTRY"
  },
  {
    "box": [
      267,
      122,
      680,
      1282
    ],
    "id": 260,
    "parent": 259,
    "type": "COLUMN_LEVEL_2"
  },
  {
    "box": [
      267,
      122,
      680,
      1282
    ],
    "id": 259,
    "parent": 258,
    "type": "SECTION_LEVEL_2"
  },
  {
    "box": [
      267,
      122,
      680,
      1282
    ],
    "id": 258,
    "parent": 257,
    "type": "COLUMN_LEVEL_1"
  },
  {
    "box": [
      267,
      122,
      680,
      1282
    ],
    "id": 257,
    "parent": 256,
    "type": "SECTION_LEVEL_1"
  },
  {
    "box": [
      267,
      84,
      680,
      1320
    ],
    "id": 256,
    "type": "PAGE"
  }
]
