{
  "content": [
    {
      "EOL": false, 
      "box": [
        26, 
        26, 
        164, 
        46
      ], 
      "id": 262, 
      "indented": false, 
      "parent": 261, 
      "text": "", 
      "type": "LINE"
    }, 
    {
      "addresses": [], 
      "box": [
        26, 
        26, 
        164, 
        46
      ], 
      "checked": false, 
      "id": 261, 
      "ner_xml": "te\n", 
      "origin": "computer", 
      "parent": 260, 
      "persons": [], 
      "text_ocr": "te\n", 
      "type": "ENTRY"
    }, 
    {
      "EOL": false, 
      "box": [
        26, 
        66, 
        142, 
        52
      ], 
      "id": 264, 
      "indented": true, 
      "parent": 263, 
      "text": "", 
      "type": "LINE"
    }, 
    {
      "addresses": [], 
      "box": [
        26, 
        66, 
        142, 
        52
      ], 
      "checked": false, 
      "id": 263, 
      "ner_xml": "<PER>SA RE Tate</PER><CARDINAL>25</CARDINAL>\n<PER>EE ee\npe jeune se de Vort-Bois f3</PER>.\n", 
      "origin": "computer", 
      "parent": 260, 
      "persons": [
        "SA RE Tate", 
        "EE ee\npe jeune se de Vort-Bois f3"
      ], 
      "text_ocr": "SA RE Tate 25\nEE ee\npe jeune se de Vort-Bois f3.\n", 
      "type": "ENTRY"
    }, 
    {
      "EOL": false, 
      "box": [
        26, 
        112, 
        144, 
        46
      ], 
      "id": 266, 
      "indented": true, 
      "parent": 265, 
      "text": "", 
      "type": "LINE"
    }, 
    {
      "addresses": [
        {
          "street_name": "Duete", 
          "street_numbers": [
            "2", 
            "14"
          ]
        }
      ], 
      "box": [
        26, 
        112, 
        144, 
        46
      ], 
      "checked": false, 
      "id": 265, 
      "ner_xml": "<LOC>Duete</LOC>,<CARDINAL>2</CARDINAL>Boertibeerg.<CARDINAL>14</CARDINAL>\nEn<TITRE>Re\n\nPE\nen grre s\n</TITRE>", 
      "origin": "computer", 
      "parent": 260, 
      "persons": [], 
      "text_ocr": "Duete, 2 Boertibeerg. 14\nEn Re\n\nPE\nen grre s\n", 
      "type": "ENTRY"
    }, 
    {
      "EOL": false, 
      "box": [
        40, 
        164, 
        184, 
        8
      ], 
      "id": 268, 
      "indented": true, 
      "parent": 267, 
      "text": "", 
      "type": "LINE"
    }, 
    {
      "addresses": [], 
      "box": [
        40, 
        164, 
        184, 
        8
      ], 
      "checked": false, 
      "id": 267, 
      "ner_xml": "", 
      "origin": "computer", 
      "parent": 260, 
      "persons": [], 
      "text_ocr": "", 
      "type": "ENTRY"
    }, 
    {
      "EOL": false, 
      "box": [
        26, 
        178, 
        214, 
        16
      ], 
      "id": 270, 
      "indented": true, 
      "parent": 269, 
      "text": "", 
      "type": "LINE"
    }, 
    {
      "EOL": false, 
      "box": [
        26, 
        204, 
        174, 
        44
      ], 
      "id": 271, 
      "indented": false, 
      "parent": 269, 
      "text": "", 
      "type": "LINE"
    }, 
    {
      "addresses": [], 
      "box": [
        26, 
        178, 
        214, 
        70
      ], 
      "checked": false, 
      "id": 269, 
      "ner_xml": "Se Se\ncouvre\n\nD En gs\n\nechile, den Grande Frarnderie cs\n", 
      "origin": "computer", 
      "parent": 260, 
      "persons": [], 
      "text_ocr": "Se Se\ncouvre\n\nD En gs\n\nechile, den Grande Frarnderie cs\n", 
      "type": "ENTRY"
    }, 
    {
      "EOL": false, 
      "box": [
        26, 
        248, 
        200, 
        34
      ], 
      "id": 273, 
      "indented": true, 
      "parent": 272, 
      "text": "", 
      "type": "LINE"
    }, 
    {
      "addresses": [], 
      "box": [
        26, 
        248, 
        200, 
        34
      ], 
      "checked": false, 
      "id": 272, 
      "ner_xml": "A\nnes<ACT>rare otre. 0\n</ACT>", 
      "origin": "computer", 
      "parent": 260, 
      "persons": [], 
      "text_ocr": "A\nnes rare otre. 0\n", 
      "type": "ENTRY"
    }, 
    {
      "EOL": false, 
      "box": [
        26, 
        266, 
        52, 
        12
      ], 
      "id": 275, 
      "indented": true, 
      "parent": 274, 
      "text": "", 
      "type": "LINE"
    }, 
    {
      "addresses": [], 
      "box": [
        26, 
        266, 
        52, 
        12
      ], 
      "checked": false, 
      "id": 274, 
      "ner_xml": "", 
      "origin": "computer", 
      "parent": 260, 
      "persons": [], 
      "text_ocr": "", 
      "type": "ENTRY"
    }, 
    {
      "EOL": false, 
      "box": [
        26, 
        282, 
        148, 
        28
      ], 
      "id": 277, 
      "indented": true, 
      "parent": 276, 
      "text": "", 
      "type": "LINE"
    }, 
    {
      "addresses": [], 
      "box": [
        26, 
        282, 
        148, 
        28
      ], 
      "checked": false, 
      "id": 276, 
      "ner_xml": "<PER>Bouchard</PER>,<ACT>de la Verrerie</ACT><CARDINAL>56</CARDINAL>\nns Pr entre,\nDrodard ,<CARDINAL>#</CARDINAL>. de Parodis- Pois\n", 
      "origin": "computer", 
      "parent": 260, 
      "persons": [
        "Bouchard"
      ], 
      "text_ocr": "Bouchard, de la Verrerie 56\nns Pr entre,\nDrodard , #. de Parodis- Pois\n", 
      "type": "ENTRY"
    }, 
    {
      "EOL": false, 
      "box": [
        26, 
        308, 
        170, 
        34
      ], 
      "id": 279, 
      "indented": true, 
      "parent": 278, 
      "text": "", 
      "type": "LINE"
    }, 
    {
      "addresses": [], 
      "box": [
        26, 
        308, 
        170, 
        34
      ], 
      "checked": false, 
      "id": 278, 
      "ner_xml": "<PER>Cent a Fa Den</PER><CARDINAL>19</CARDINAL>\nCahors ie L\u00e0 Harpe re de\n", 
      "origin": "computer", 
      "parent": 260, 
      "persons": [
        "Cent a Fa Den"
      ], 
      "text_ocr": "Cent a Fa Den 19\nCahors ie L\u00e0 Harpe re de\n", 
      "type": "ENTRY"
    }, 
    {
      "EOL": false, 
      "box": [
        34, 
        328, 
        206, 
        32
      ], 
      "id": 281, 
      "indented": true, 
      "parent": 280, 
      "text": "", 
      "type": "LINE"
    }, 
    {
      "EOL": false, 
      "box": [
        26, 
        362, 
        112, 
        18
      ], 
      "id": 282, 
      "indented": false, 
      "parent": 280, 
      "text": "", 
      "type": "LINE"
    }, 
    {
      "addresses": [], 
      "box": [
        26, 
        328, 
        214, 
        52
      ], 
      "checked": false, 
      "id": 280, 
      "ner_xml": "<PER>Cale</PER>;<ACT>fabri\u00e6ant de gr en ous genres; dent cuir fut\nET\n\nLee\n\nGerade de Vertun 10\n</ACT>", 
      "origin": "computer", 
      "parent": 260, 
      "persons": [
        "Cale"
      ], 
      "text_ocr": "Cale; fabri\u00e6ant de gr en ous genres; dent cuir fut\nET\n\nLee\n\nGerade de Vertun 10\n", 
      "type": "ENTRY"
    }, 
    {
      "EOL": false, 
      "box": [
        26, 
        382, 
        144, 
        14
      ], 
      "id": 284, 
      "indented": true, 
      "parent": 283, 
      "text": "", 
      "type": "LINE"
    }, 
    {
      "addresses": [], 
      "box": [
        26, 
        382, 
        144, 
        14
      ], 
      "checked": false, 
      "id": 283, 
      "ner_xml": "<PER>Chardaliet et Derauge</PER>,<ACT>r. du Cadran</ACT>,<CARDINAL>38</CARDINAL>.\n", 
      "origin": "computer", 
      "parent": 260, 
      "persons": [
        "Chardaliet et Derauge"
      ], 
      "text_ocr": "Chardaliet et Derauge , r. du Cadran, 38.\n", 
      "type": "ENTRY"
    }, 
    {
      "box": [
        26, 
        26, 
        214, 
        370
      ], 
      "id": 260, 
      "parent": 259, 
      "type": "COLUMN_LEVEL_2"
    }, 
    {
      "box": [
        26, 
        26, 
        214, 
        370
      ], 
      "id": 259, 
      "parent": 258, 
      "type": "SECTION_LEVEL_2"
    }, 
    {
      "box": [
        26, 
        26, 
        214, 
        370
      ], 
      "id": 258, 
      "parent": 257, 
      "type": "COLUMN_LEVEL_1"
    }, 
    {
      "box": [
        26, 
        26, 
        214, 
        370
      ], 
      "id": 257, 
      "parent": 256, 
      "type": "SECTION_LEVEL_1"
    }, 
    {
      "box": [
        26, 
        26, 
        214, 
        370
      ], 
      "id": 256, 
      "type": "PAGE"
    }
  ], 
  "mode": "cached"
}
