[
  {
    "box": [
      36,
      26,
      212,
      8
    ],
    "checked": false,
    "id": 257,
    "origin": "computer",
    "parent": 256,
    "text": "",
    "type": "TITLE_LEVEL_1"
  },
  {
    "box": [
      36,
      48,
      212,
      18
    ],
    "checked": false,
    "id": 258,
    "origin": "computer",
    "parent": 256,
    "text": "SUPPLÉMENT\n",
    "type": "TITLE_LEVEL_1"
  },
  {
    "box": [
      36,
      80,
      212,
      38
    ],
    "checked": false,
    "id": 259,
    "origin": "computer",
    "parent": 256,
    "text": "A La LISTE GÉNÉRALE,\n",
    "type": "TITLE_LEVEL_1"
  },
  {
    "EOL": false,
    "box": [
      36,
      138,
      146,
      22
    ],
    "id": 265,
    "indented": false,
    "parent": 264,
    "text": "",
    "type": "LINE"
  },
  {
    "addresses": [
      {
        "street_name": "r. du Cog-Sulat-Hnaure\nbanëry libraire",
        "street_numbers": []
      },
      {
        "street_name": "». du Cog-Balat-Hnao\n",
        "street_numbers": []
      }
    ],
    "box": [
      36,
      138,
      146,
      22
    ],
    "checked": false,
    "id": 264,
    "ner_xml": "<ACT>aude libraire</ACT>,<LOC>r. du Cog-Sulat-Hnaure\nbanëry libraire</LOC>,<LOC>». du Cog-Balat-Hnao\n</LOC>",
    "origin": "computer",
    "parent": 263,
    "persons": [],
    "text_ocr": "aude libraire, r. du Cog-Sulat-Hnaure\nbanëry libraire, ». du Cog-Balat-Hnao\n",
    "type": "ENTRY"
  },
  {
    "EOL": false,
    "box": [
      44,
      164,
      6,
      24
    ],
    "id": 267,
    "indented": true,
    "parent": 266,
    "text": "",
    "type": "LINE"
  },
  {
    "addresses": [],
    "box": [
      44,
      164,
      6,
      24
    ],
    "checked": false,
    "id": 266,
    "ner_xml": "",
    "origin": "computer",
    "parent": 263,
    "persons": [],
    "text_ocr": "",
    "type": "ENTRY"
  },
  {
    "EOL": false,
    "box": [
      44,
      146,
      202,
      84
    ],
    "id": 269,
    "indented": true,
    "parent": 268,
    "text": "",
    "type": "LINE"
  },
  {
    "addresses": [],
    "box": [
      44,
      146,
      202,
      84
    ],
    "checked": false,
    "id": 268,
    "ner_xml": "sur (Pins),<ACT>marchand d'air, rat uniquement Les\nER D ARE\n</ACT>D<ACT>rod den ce agi</ACT>, quahque mare Fabre,\n",
    "origin": "computer",
    "parent": 263,
    "persons": [],
    "text_ocr": "sur (Pins), marchand d'air, rat uniquement Les\nER D ARE\nD rod den ce agi, quahque mare Fabre,\n",
    "type": "ENTRY"
  },
  {
    "EOL": false,
    "box": [
      44,
      208,
      10,
      12
    ],
    "id": 271,
    "indented": true,
    "parent": 270,
    "text": "",
    "type": "LINE"
  },
  {
    "addresses": [],
    "box": [
      44,
      208,
      10,
      12
    ],
    "checked": false,
    "id": 270,
    "ner_xml": "",
    "origin": "computer",
    "parent": 263,
    "persons": [],
    "text_ocr": "",
    "type": "ENTRY"
  },
  {
    "EOL": false,
    "box": [
      36,
      224,
      210,
      48
    ],
    "id": 273,
    "indented": true,
    "parent": 272,
    "text": "",
    "type": "LINE"
  },
  {
    "addresses": [],
    "box": [
      36,
      224,
      210,
      48
    ],
    "checked": false,
    "id": 272,
    "ner_xml": "<PER>Delenger tape de Clé. da\n</PER>Ep D ER\nCr,<ACT>ren era</ACT>,<PER>ve</PER>,<ACT>pti\n</ACT>",
    "origin": "computer",
    "parent": 263,
    "persons": [
      "Delenger tape de Clé. da\n",
      "ve"
    ],
    "text_ocr": "Delenger tape de Clé. da\nEp D ER\nCr, ren era, ve, pti\n",
    "type": "ENTRY"
  },
  {
    "EOL": false,
    "box": [
      36,
      270,
      210,
      58
    ],
    "id": 275,
    "indented": true,
    "parent": 274,
    "text": "",
    "type": "LINE"
  },
  {
    "addresses": [],
    "box": [
      36,
      270,
      210,
      58
    ],
    "checked": false,
    "id": 274,
    "ner_xml": "Boots<ACT>boucher</ACT>, r Rechecbouart (<CARDINAL>8</CARDINAL>.\nen M\nRes et ea\n",
    "origin": "computer",
    "parent": 263,
    "persons": [],
    "text_ocr": "Boots boucher, r Rechecbouart (8.\nen M\nRes et ea\n",
    "type": "ENTRY"
  },
  {
    "EOL": false,
    "box": [
      38,
      318,
      210,
      58
    ],
    "id": 277,
    "indented": true,
    "parent": 276,
    "text": "",
    "type": "LINE"
  },
  {
    "addresses": [],
    "box": [
      38,
      318,
      210,
      58
    ],
    "checked": false,
    "id": 276,
    "ner_xml": "<PER>See ne de</PER>med Copa, Gent\nEE Ou<ACT>being pra cat de rm plats\n(vies ie</ACT>. On obtient e\n",
    "origin": "computer",
    "parent": 263,
    "persons": [
      "See ne de"
    ],
    "text_ocr": "See ne de med Copa, Gent\nEE Ou being pra cat de rm plats\n(vies ie. On obtient e\n",
    "type": "ENTRY"
  },
  {
    "EOL": false,
    "box": [
      38,
      378,
      208,
      14
    ],
    "id": 279,
    "indented": true,
    "parent": 278,
    "text": "",
    "type": "LINE"
  },
  {
    "addresses": [],
    "box": [
      38,
      378,
      208,
      14
    ],
    "checked": false,
    "id": 278,
    "ner_xml": "RO\n",
    "origin": "computer",
    "parent": 263,
    "persons": [],
    "text_ocr": "RO\n",
    "type": "ENTRY"
  },
  {
    "box": [
      36,
      134,
      212,
      262
    ],
    "id": 263,
    "parent": 262,
    "type": "COLUMN_LEVEL_2"
  },
  {
    "box": [
      36,
      134,
      212,
      262
    ],
    "id": 262,
    "parent": 261,
    "type": "SECTION_LEVEL_2"
  },
  {
    "box": [
      36,
      134,
      212,
      262
    ],
    "id": 261,
    "parent": 260,
    "type": "COLUMN_LEVEL_1"
  },
  {
    "box": [
      36,
      134,
      212,
      262
    ],
    "id": 260,
    "parent": 256,
    "type": "SECTION_LEVEL_1"
  },
  {
    "box": [
      36,
      26,
      212,
      384
    ],
    "id": 256,
    "type": "PAGE"
  }
]
