{
  "content": [
    {
      "EOL": false, 
      "box": [
        34, 
        36, 
        212, 
        52
      ], 
      "id": 262, 
      "indented": false, 
      "parent": 261, 
      "text": "", 
      "type": "LINE"
    }, 
    {
      "EOL": false, 
      "box": [
        34, 
        90, 
        212, 
        34
      ], 
      "id": 263, 
      "indented": false, 
      "parent": 261, 
      "text": "", 
      "type": "LINE"
    }, 
    {
      "EOL": false, 
      "box": [
        34, 
        126, 
        212, 
        18
      ], 
      "id": 264, 
      "indented": false, 
      "parent": 261, 
      "text": "", 
      "type": "LINE"
    }, 
    {
      "EOL": false, 
      "box": [
        36, 
        148, 
        210, 
        44
      ], 
      "id": 265, 
      "indented": false, 
      "parent": 261, 
      "text": "", 
      "type": "LINE"
    }, 
    {
      "EOL": false, 
      "box": [
        42, 
        166, 
        120, 
        28
      ], 
      "id": 266, 
      "indented": false, 
      "parent": 261, 
      "text": "", 
      "type": "LINE"
    }, 
    {
      "addresses": [
        {
          "street_name": "me\nM\nLIT A em at re\nran\u00e7aiss de quelques livres angles et italiens Ua } de\n", 
          "street_numbers": []
        }
      ], 
      "box": [
        34, 
        36, 
        212, 
        158
      ], 
      "checked": false, 
      "id": 261, 
      "ner_xml": "<PER>RAR PEER RTE ESS\n</PER>A \u00c9E  ra\nSR ar \u00e0 de\nVE ML te \u00e0 bo,<LOC>me\nM\nLIT A em at re\nran\u00e7aiss de quelques livres angles et italiens Ua } de\n</LOC>", 
      "origin": "computer", 
      "parent": 260, 
      "persons": [
        "RAR PEER RTE ESS\n"
      ], 
      "text_ocr": "RAR PEER RTE ESS\nA \u00c9E  ra\nSR ar \u00e0 de\nVE ML te \u00e0 bo, me\nM\nLIT A em at re\nran\u00e7aiss de quelques livres angles et italiens Ua } de\n", 
      "type": "ENTRY"
    }, 
    {
      "box": [
        34, 
        36, 
        214, 
        162
      ], 
      "id": 260, 
      "parent": 259, 
      "type": "COLUMN_LEVEL_2"
    }, 
    {
      "box": [
        34, 
        36, 
        214, 
        162
      ], 
      "id": 259, 
      "parent": 258, 
      "type": "SECTION_LEVEL_2"
    }, 
    {
      "box": [
        34, 
        36, 
        214, 
        162
      ], 
      "id": 258, 
      "parent": 257, 
      "type": "COLUMN_LEVEL_1"
    }, 
    {
      "box": [
        34, 
        36, 
        214, 
        162
      ], 
      "id": 257, 
      "parent": 256, 
      "type": "SECTION_LEVEL_1"
    }, 
    {
      "box": [
        34, 
        36, 
        214, 
        366
      ], 
      "id": 256, 
      "type": "PAGE"
    }
  ], 
  "mode": "cached"
}
