[
  {
    "EOL": false,
    "box": [
      28,
      30,
      216,
      44
    ],
    "id": 262,
    "indented": false,
    "parent": 261,
    "text": "",
    "type": "LINE"
  },
  {
    "EOL": false,
    "box": [
      28,
      62,
      216,
      38
    ],
    "id": 263,
    "indented": false,
    "parent": 261,
    "text": "",
    "type": "LINE"
  },
  {
    "EOL": false,
    "box": [
      28,
      102,
      216,
      46
    ],
    "id": 264,
    "indented": false,
    "parent": 261,
    "text": "",
    "type": "LINE"
  },
  {
    "EOL": false,
    "box": [
      28,
      130,
      216,
      32
    ],
    "id": 265,
    "indented": false,
    "parent": 261,
    "text": "",
    "type": "LINE"
  },
  {
    "EOL": false,
    "box": [
      28,
      154,
      216,
      60
    ],
    "id": 266,
    "indented": false,
    "parent": 261,
    "text": "",
    "type": "LINE"
  },
  {
    "EOL": false,
    "box": [
      28,
      216,
      216,
      38
    ],
    "id": 267,
    "indented": false,
    "parent": 261,
    "text": "",
    "type": "LINE"
  },
  {
    "EOL": false,
    "box": [
      30,
      256,
      214,
      74
    ],
    "id": 268,
    "indented": false,
    "parent": 261,
    "text": "",
    "type": "LINE"
  },
  {
    "EOL": false,
    "box": [
      38,
      296,
      112,
      28
    ],
    "id": 269,
    "indented": false,
    "parent": 261,
    "text": "",
    "type": "LINE"
  },
  {
    "addresses": [
      {
        "street_name": "Poimanière",
        "street_numbers": []
      }
    ],
    "box": [
      28,
      30,
      216,
      300
    ],
    "checked": false,
    "id": 261,
    "ner_xml": "<PER>Pr De\ngdmishtnieu, de cine dictuine</PER>,<ACT>— proeurt\nRE</ACT>a<CARDINAL>UE\n\nGoo comiiler à over rois</CARDINAL>, bal.<LOC>Poimanière</LOC>1\n\nEn a da Éd\n\nEE COUT,<ACT>tr de nr\n\nGone mic input du avr de\nsen ed pe qaranie à\nPER PRE\n\nRe (ol\n\nEr MR ho de A3 ur qua (ni\ned Sape à\n\non BR LE ent</ACT>,<TITRE>Ne\n\ncran ni dim 9e Pate oi. 4e\n\n</TITRE>Sr part en\nBurar<ACT>home ds dépassés Fls-</ACT>Suis\n\nCd Them à\nET no,<ACT>mms ob\n\nCons pue, = de La € Ephaim</ACT>,<ACT>— Mar de\n</ACT>Tr pt\nÉnee Ae pré ère CNRS\nLi eee pan Ba tone À\nER Tee ne<PER>P\n</PER>Re<ACT>rene ete don LEE\n</ACT>",
    "origin": "computer",
    "parent": 260,
    "persons": [
      "Pr De\ngdmishtnieu, de cine dictuine",
      "P\n"
    ],
    "text_ocr": "Pr De\ngdmishtnieu, de cine dictuine, — proeurt\nRE a UE\n\nGoo comiiler à over rois, bal. Poimanière 1\n\nEn a da Éd\n\nEE COUT, tr de nr\n\nGone mic input du avr de\nsen ed pe qaranie à\nPER PRE\n\nRe (ol\n\nEr MR ho de A3 ur qua (ni\ned Sape à\n\non BR LE ent, Ne\n\ncran ni dim 9e Pate oi. 4e\n\nSr part en\nBurar home ds dépassés Fls- Suis\n\nCd Them à\nET no, mms ob\n\nCons pue, = de La € Ephaim, — Mar de\nTr pt\nÉnee Ae pré ère CNRS\nLi eee pan Ba tone À\nER Tee ne P\nRe rene ete don LEE\n",
    "type": "ENTRY"
  },
  {
    "EOL": false,
    "box": [
      28,
      326,
      218,
      30
    ],
    "id": 271,
    "indented": true,
    "parent": 270,
    "text": "",
    "type": "LINE"
  },
  {
    "addresses": [],
    "box": [
      28,
      326,
      218,
      30
    ],
    "checked": false,
    "id": 270,
    "ner_xml": "<PER>Caudère</PER>,<ACT>r. du Four-St-Honoré</ACT>,<CARDINAL>35</CARDINAL>.\nres<ACT>rou-htennnt de D € ion de gore nt.\n</ACT>",
    "origin": "computer",
    "parent": 260,
    "persons": [
      "Caudère"
    ],
    "text_ocr": "Caudère, r. du Four-St-Honoré, 35.\nres rou-htennnt de D € ion de gore nt.\n",
    "type": "ENTRY"
  },
  {
    "EOL": false,
    "box": [
      30,
      356,
      214,
      52
    ],
    "id": 273,
    "indented": true,
    "parent": 272,
    "text": "",
    "type": "LINE"
  },
  {
    "addresses": [
      {
        "street_name": "mont",
        "street_numbers": []
      }
    ],
    "box": [
      30,
      356,
      214,
      52
    ],
    "checked": false,
    "id": 272,
    "ner_xml": "<TITRE>RE</TITRE>En\n\nÉonguel de Baaet,<ACT>demevant de succurule de SPA\nMidi Rome de\n\nnRnD(L) me. de gs esse hic\noolomb (L:)</ACT>,<LOC>mont</LOC>, de à comm.<ACT>cuésusies ds bergi\n</ACT>",
    "origin": "computer",
    "parent": 260,
    "persons": [],
    "text_ocr": "RE En\n\nÉonguel de Baaet, demevant de succurule de SPA\nMidi Rome de\n\nnRnD(L) me. de gs esse hic\noolomb (L:), mont, de à comm. cuésusies ds bergi\n",
    "type": "ENTRY"
  },
  {
    "EOL": false,
    "box": [
      30,
      412,
      214,
      18
    ],
    "id": 275,
    "indented": true,
    "parent": 274,
    "text": "",
    "type": "LINE"
  },
  {
    "addresses": [],
    "box": [
      30,
      412,
      214,
      18
    ],
    "checked": false,
    "id": 274,
    "ner_xml": "<PER>EE\n</PER>",
    "origin": "computer",
    "parent": 260,
    "persons": [
      "EE\n"
    ],
    "text_ocr": "EE\n",
    "type": "ENTRY"
  },
  {
    "box": [
      28,
      28,
      218,
      404
    ],
    "id": 260,
    "parent": 259,
    "type": "COLUMN_LEVEL_2"
  },
  {
    "box": [
      28,
      28,
      218,
      404
    ],
    "id": 259,
    "parent": 258,
    "type": "SECTION_LEVEL_2"
  },
  {
    "box": [
      28,
      28,
      218,
      404
    ],
    "id": 258,
    "parent": 257,
    "type": "COLUMN_LEVEL_1"
  },
  {
    "box": [
      28,
      28,
      218,
      404
    ],
    "id": 257,
    "parent": 256,
    "type": "SECTION_LEVEL_1"
  },
  {
    "box": [
      28,
      28,
      218,
      438
    ],
    "id": 256,
    "type": "PAGE"
  }
]
