{
  "content": [
    {
      "EOL": false, 
      "box": [
        24, 
        30, 
        218, 
        34
      ], 
      "id": 262, 
      "indented": true, 
      "parent": 261, 
      "text": "", 
      "type": "LINE"
    }, 
    {
      "addresses": [], 
      "box": [
        24, 
        30, 
        218, 
        34
      ], 
      "checked": false, 
      "id": 261, 
      "ner_xml": "<PER>PM Le\neco a cote</PER><CARDINAL>0</CARDINAL>)<PER>Ne\u00e9d\n</PER>", 
      "origin": "computer", 
      "parent": 260, 
      "persons": [
        "PM Le\neco a cote", 
        "Ne\u00e9d\n"
      ], 
      "text_ocr": "PM Le\neco a cote 0) Ne\u00e9d\n", 
      "type": "ENTRY"
    }, 
    {
      "EOL": false, 
      "box": [
        24, 
        60, 
        216, 
        22
      ], 
      "id": 264, 
      "indented": true, 
      "parent": 263, 
      "text": "", 
      "type": "LINE"
    }, 
    {
      "addresses": [
        {
          "street_name": "Boucher.", 
          "street_numbers": [
            "6"
          ]
        }, 
        {
          "street_name": "Bouches", 
          "street_numbers": [
            "6"
          ]
        }
      ], 
      "box": [
        24, 
        60, 
        216, 
        22
      ], 
      "checked": false, 
      "id": 263, 
      "ner_xml": "<PER>Gracien</PER>; avou\u00e9 pr\u00e8s Le tribunal de 4\u00b0\" int,<ACT>r</ACT>,<LOC>Boucher.</LOC><CARDINAL>6</CARDINAL>.\n<PER>Grecien</PER>,<ACT>avou\u00e9 pr\u00e8s le tribanal de 1\u00b0 inet.; s</ACT>,<LOC>Bouches</LOC>.<CARDINAL>6</CARDINAL>.\n", 
      "origin": "computer", 
      "parent": 260, 
      "persons": [
        "Gracien", 
        "Grecien"
      ], 
      "text_ocr": "Gracien ; avou\u00e9 pr\u00e8s Le tribunal de 4\u00b0\" int, r, Boucher. 6.\nGrecien , avou\u00e9 pr\u00e8s le tribanal de 1\u00b0 inet.; s, Bouches. 6.\n", 
      "type": "ENTRY"
    }, 
    {
      "EOL": false, 
      "box": [
        24, 
        84, 
        216, 
        22
      ], 
      "id": 266, 
      "indented": true, 
      "parent": 265, 
      "text": "", 
      "type": "LINE"
    }, 
    {
      "addresses": [], 
      "box": [
        24, 
        84, 
        216, 
        22
      ], 
      "checked": false, 
      "id": 265, 
      "ner_xml": "<PER>Greflemricad de Blonay</PER>,<ACT>side de-camp de SLR. Monsieur</ACT>,\n", 
      "origin": "computer", 
      "parent": 260, 
      "persons": [
        "Greflemricad de Blonay"
      ], 
      "text_ocr": "Greflemricad de Blonay, side de-camp de SLR. Monsieur,\n", 
      "type": "ENTRY"
    }, 
    {
      "EOL": false, 
      "box": [
        24, 
        108, 
        216, 
        32
      ], 
      "id": 268, 
      "indented": true, 
      "parent": 267, 
      "text": "", 
      "type": "LINE"
    }, 
    {
      "addresses": [], 
      "box": [
        24, 
        108, 
        216, 
        32
      ], 
      "checked": false, 
      "id": 267, 
      "ner_xml": "<PER>le Bin area deg hoonire de Ro\n</PER>", 
      "origin": "computer", 
      "parent": 260, 
      "persons": [
        "le Bin area deg hoonire de Ro\n"
      ], 
      "text_ocr": "le Bin area deg hoonire de Ro\n", 
      "type": "ENTRY"
    }, 
    {
      "EOL": false, 
      "box": [
        24, 
        128, 
        208, 
        64
      ], 
      "id": 270, 
      "indented": true, 
      "parent": 269, 
      "text": "", 
      "type": "LINE"
    }, 
    {
      "addresses": [
        {
          "street_name": "cap\n", 
          "street_numbers": []
        }
      ], 
      "box": [
        24, 
        128, 
        208, 
        64
      ], 
      "checked": false, 
      "id": 269, 
      "ner_xml": "<PER>Graimbart (le rie, a</PER><CARDINAL>2</CARDINAL>tt<ACT>cp Bora 6\n\nRo\n\nen Por\n\nGr Pire Be\n\nEE nn\nramont (le duc de) +. pair de Fe:</ACT>, \u2014 Beut.-g\u00e9n.,<LOC>cap\n</LOC>", 
      "origin": "computer", 
      "parent": 260, 
      "persons": [
        "Graimbart (le rie, a"
      ], 
      "text_ocr": "Graimbart (le rie, a 2 tt cp Bora 6\n\nRo\n\nen Por\n\nGr Pire Be\n\nEE nn\nramont (le duc de) +. pair de Fe:, \u2014 Beut.-g\u00e9n., cap\n", 
      "type": "ENTRY"
    }, 
    {
      "EOL": false, 
      "box": [
        24, 
        168, 
        216, 
        54
      ], 
      "id": 272, 
      "indented": true, 
      "parent": 271, 
      "text": "", 
      "type": "LINE"
    }, 
    {
      "addresses": [], 
      "box": [
        24, 
        168, 
        216, 
        54
      ], 
      "checked": false, 
      "id": 271, 
      "ner_xml": "<PER>Gramont (ie due de] par de Fe eut\u00e9g cipie\n\nRene res\nGE and a 2 8e ame</PER><CARDINAL>30</CARDINAL>\ntd ae 2 8e\n", 
      "origin": "computer", 
      "parent": 260, 
      "persons": [
        "Gramont (ie due de] par de Fe eut\u00e9g cipie\n\nRene res\nGE and a 2 8e ame"
      ], 
      "text_ocr": "Gramont (ie due de] par de Fe eut\u00e9g cipie\n\nRene res\nGE and a 2 8e ame 30\ntd ae 2 8e\n", 
      "type": "ENTRY"
    }, 
    {
      "EOL": false, 
      "box": [
        24, 
        224, 
        216, 
        42
      ], 
      "id": 274, 
      "indented": true, 
      "parent": 273, 
      "text": "", 
      "type": "LINE"
    }, 
    {
      "addresses": [], 
      "box": [
        24, 
        224, 
        216, 
        42
      ], 
      "checked": false, 
      "id": 273, 
      "ner_xml": "me re gi enr\nes RE)<ACT>msi eau dep\n</ACT>", 
      "origin": "computer", 
      "parent": 260, 
      "persons": [], 
      "text_ocr": "me re gi enr\nes RE) msi eau dep\n", 
      "type": "ENTRY"
    }, 
    {
      "EOL": false, 
      "box": [
        24, 
        264, 
        216, 
        44
      ], 
      "id": 276, 
      "indented": true, 
      "parent": 275, 
      "text": "", 
      "type": "LINE"
    }, 
    {
      "addresses": [], 
      "box": [
        24, 
        264, 
        216, 
        44
      ], 
      "checked": false, 
      "id": 275, 
      "ner_xml": "<PER>Brand prop \u00bb \u00e9l.\u00bb des Frauer Bourgeois. veu Marti\n</PER>on M Er ne e\nor Res\nOsed (us\u00e9. L<PER>Lee).</PER><PER>Hosre-doChpetie. D\n</PER>", 
      "origin": "computer", 
      "parent": 260, 
      "persons": [
        "Brand prop \u00bb \u00e9l.\u00bb des Frauer Bourgeois. veu Marti\n", 
        "Lee).", 
        "Hosre-doChpetie. D\n"
      ], 
      "text_ocr": "Brand prop \u00bb \u00e9l.\u00bb des Frauer Bourgeois. veu Marti\non M Er ne e\nor Res\nOsed (us\u00e9. L Lee). Hosre-doChpetie. D\n", 
      "type": "ENTRY"
    }, 
    {
      "EOL": false, 
      "box": [
        22, 
        304, 
        142, 
        20
      ], 
      "id": 278, 
      "indented": true, 
      "parent": 277, 
      "text": "", 
      "type": "LINE"
    }, 
    {
      "addresses": [], 
      "box": [
        22, 
        304, 
        142, 
        20
      ], 
      "checked": false, 
      "id": 277, 
      "ner_xml": "RE\n<TITRE>Grand #</TITRE>,<ACT>mardis log. des g.-da corps\n</ACT>", 
      "origin": "computer", 
      "parent": 260, 
      "persons": [], 
      "text_ocr": "RE\nGrand #, mardis log. des g.-da corps\n", 
      "type": "ENTRY"
    }, 
    {
      "EOL": false, 
      "box": [
        22, 
        308, 
        218, 
        30
      ], 
      "id": 280, 
      "indented": true, 
      "parent": 279, 
      "text": "", 
      "type": "LINE"
    }, 
    {
      "addresses": [], 
      "box": [
        22, 
        308, 
        218, 
        30
      ], 
      "checked": false, 
      "id": 279, 
      "ner_xml": "<PER>Grond @</PER>,<CARDINAL>mar-\u201cdes log</CARDINAL>desg-de-corpsdeS. \u00c0. A. Mfonsieer\n(op Panne Gr se a\nGierde Parsdgur  r. de Grenelle<CARDINAL>136</CARDINAL>, \u00e0<PER>Fibool\n</PER>", 
      "origin": "computer", 
      "parent": 260, 
      "persons": [
        "Grond @", 
        "Fibool\n"
      ], 
      "text_ocr": "Grond @, mar-\u201cdes log desg-de-corpsdeS. \u00c0. A. Mfonsieer\n(op Panne Gr se a\nGierde Parsdgur  r. de Grenelle 136, \u00e0 Fibool\n", 
      "type": "ENTRY"
    }, 
    {
      "EOL": false, 
      "box": [
        24, 
        340, 
        216, 
        34
      ], 
      "id": 282, 
      "indented": true, 
      "parent": 281, 
      "text": "", 
      "type": "LINE"
    }, 
    {
      "addresses": [
        {
          "street_name": "Grangr-Boreli\u00e8re.", 
          "street_numbers": [
            "2"
          ]
        }
      ], 
      "box": [
        24, 
        340, 
        216, 
        34
      ], 
      "checked": false, 
      "id": 281, 
      "ner_xml": "<PER>Grand- Amiral (h\u00e9tel du) meubl\u00e9</PER>,<ACT>r</ACT>,<LOC>Grangr-Boreli\u00e8re.</LOC><CARDINAL>2</CARDINAL>.\nPen ere\nme ere dan dr du Be 80\"\n", 
      "origin": "computer", 
      "parent": 260, 
      "persons": [
        "Grand- Amiral (h\u00e9tel du) meubl\u00e9"
      ], 
      "text_ocr": "Grand- Amiral (h\u00e9tel du) meubl\u00e9,r, Grangr-Boreli\u00e8re. 2.\nPen ere\nme ere dan dr du Be 80\"\n", 
      "type": "ENTRY"
    }, 
    {
      "EOL": false, 
      "box": [
        22, 
        366, 
        218, 
        30
      ], 
      "id": 284, 
      "indented": true, 
      "parent": 283, 
      "text": "", 
      "type": "LINE"
    }, 
    {
      "addresses": [
        {
          "street_name": "r. 81.-Honor\u00e9.", 
          "street_numbers": [
            "346"
          ]
        }
      ], 
      "box": [
        22, 
        366, 
        218, 
        30
      ], 
      "checked": false, 
      "id": 283, 
      "ner_xml": "en ne\n<TITRE>Grande- Bretags(h\u00e2tel de le)menbl\u00e9</TITRE>,<LOC>r. 81.-Honor\u00e9.</LOC><CARDINAL>346</CARDINAL>.\n", 
      "origin": "computer", 
      "parent": 260, 
      "persons": [], 
      "text_ocr": "en ne\nGrande- Bretags(h\u00e2tel de le)menbl\u00e9, r. 81.-Honor\u00e9. 346.\n", 
      "type": "ENTRY"
    }, 
    {
      "EOL": false, 
      "box": [
        20, 
        400, 
        220, 
        30
      ], 
      "id": 286, 
      "indented": true, 
      "parent": 285, 
      "text": "", 
      "type": "LINE"
    }, 
    {
      "addresses": [], 
      "box": [
        20, 
        400, 
        220, 
        30
      ], 
      "checked": false, 
      "id": 285, 
      "ner_xml": "Grande<ACT>juge en irib\u00e9ml de 1\u00b0\u00b0 ins. lee. ; ras de \u00e0\nTamara re de Ro \u20ac\ncts; d\u00e9s\n</ACT>", 
      "origin": "computer", 
      "parent": 260, 
      "persons": [], 
      "text_ocr": "Grande juge en irib\u00e9ml de 1\u00b0\u00b0 ins. lee. ; ras de \u00e0\nTamara re de Ro \u20ac\ncts; d\u00e9s\n", 
      "type": "ENTRY"
    }, 
    {
      "box": [
        20, 
        28, 
        222, 
        406
      ], 
      "id": 260, 
      "parent": 259, 
      "type": "COLUMN_LEVEL_2"
    }, 
    {
      "box": [
        20, 
        28, 
        222, 
        406
      ], 
      "id": 259, 
      "parent": 258, 
      "type": "SECTION_LEVEL_2"
    }, 
    {
      "box": [
        20, 
        28, 
        222, 
        406
      ], 
      "id": 258, 
      "parent": 257, 
      "type": "COLUMN_LEVEL_1"
    }, 
    {
      "box": [
        20, 
        28, 
        222, 
        406
      ], 
      "id": 257, 
      "parent": 256, 
      "type": "SECTION_LEVEL_1"
    }, 
    {
      "box": [
        20, 
        28, 
        222, 
        434
      ], 
      "id": 256, 
      "type": "PAGE"
    }
  ], 
  "mode": "cached"
}
