[
  {
    "EOL": false,
    "box": [
      32,
      26,
      218,
      42
    ],
    "id": 262,
    "indented": false,
    "parent": 261,
    "text": "",
    "type": "LINE"
  },
  {
    "EOL": false,
    "box": [
      32,
      72,
      194,
      24
    ],
    "id": 263,
    "indented": false,
    "parent": 261,
    "text": "",
    "type": "LINE"
  },
  {
    "addresses": [],
    "box": [
      32,
      26,
      218,
      70
    ],
    "checked": false,
    "id": 261,
    "ner_xml": "<PER>ee nent\nga (EL) ro Fin. de rt diet\n</PER>M ET op dr<PER>Meme\nM</PER><ACT>prop de nr.\nMallet (L prop» dr. Banche.</ACT><CARDINAL>24</CARDINAL>.\n",
    "origin": "computer",
    "parent": 260,
    "persons": [
      "ee nent\nga (EL) ro Fin. de rt diet\n",
      "Meme\nM"
    ],
    "text_ocr": "ee nent\nga (EL) ro Fin. de rt diet\nM ET op dr Meme\nM prop de nr.\nMallet (L prop» dr. Banche. 24.\n",
    "type": "ENTRY"
  },
  {
    "EOL": false,
    "box": [
      32,
      82,
      218,
      36
    ],
    "id": 265,
    "indented": true,
    "parent": 264,
    "text": "",
    "type": "LINE"
  },
  {
    "EOL": false,
    "box": [
      32,
      120,
      218,
      30
    ],
    "id": 266,
    "indented": false,
    "parent": 264,
    "text": "",
    "type": "LINE"
  },
  {
    "EOL": false,
    "box": [
      32,
      152,
      218,
      34
    ],
    "id": 267,
    "indented": false,
    "parent": 264,
    "text": "",
    "type": "LINE"
  },
  {
    "EOL": false,
    "box": [
      32,
      176,
      218,
      42
    ],
    "id": 268,
    "indented": false,
    "parent": 264,
    "text": "",
    "type": "LINE"
  },
  {
    "EOL": false,
    "box": [
      34,
      218,
      216,
      22
    ],
    "id": 269,
    "indented": false,
    "parent": 264,
    "text": "",
    "type": "LINE"
  },
  {
    "EOL": false,
    "box": [
      34,
      242,
      216,
      26
    ],
    "id": 270,
    "indented": false,
    "parent": 264,
    "text": "",
    "type": "LINE"
  },
  {
    "EOL": false,
    "box": [
      34,
      270,
      56,
      14
    ],
    "id": 271,
    "indented": false,
    "parent": 264,
    "text": "",
    "type": "LINE"
  },
  {
    "addresses": [],
    "box": [
      32,
      82,
      218,
      202
    ],
    "checked": false,
    "id": 264,
    "ner_xml": "<PER>Melle</PER>:<PER>reaurtenr</PER>, di.<PER>ais Real,</PER><CARDINAL>6</CARDINAL>à<CARDINAL>98</CARDINAL>.\nae de Be Marne de Fr Pons\nrie tÉdme),<ACT>prop; dec, qi de Mg.</ACT><CARDINAL>4</CARDINAL>.\na nd\n\nMS Cote GB es dt de Bron\nne<ACT>dti Fes Ban (rs Fur\nne ne re\nD AT no\nMP LE Pa\nM D Fo GR en fo\nD rene M</ACT>Mr<CARDINAL>76</CARDINAL>\nne,\nmr ED Robes ie Montmare,\n\n<TITRE>M be Ro da\nM tr Pare D Vie (out\nnr LEE EE ES\n</TITRE>",
    "origin": "computer",
    "parent": 260,
    "persons": [
      "Melle",
      "reaurtenr",
      "ais Real,"
    ],
    "text_ocr": "Melle: reaurtenr, di. ais Real, 6 à 98.\nae de Be Marne de Fr Pons\nrie tÉdme), prop; dec, qi de Mg. 4.\na nd\n\nMS Cote GB es dt de Bron\nne dti Fes Ban (rs Fur\nne ne re\nD AT no\nMP LE Pa\nM D Fo GR en fo\nD rene M Mr 76\nne,\nmr ED Robes ie Montmare,\n\nM be Ro da\nM tr Pare D Vie (out\nnr LEE EE ES\n",
    "type": "ENTRY"
  },
  {
    "EOL": false,
    "box": [
      34,
      272,
      216,
      44
    ],
    "id": 273,
    "indented": true,
    "parent": 272,
    "text": "",
    "type": "LINE"
  },
  {
    "addresses": [
      {
        "street_name": "Montmartre",
        "street_numbers": [
          "13"
        ]
      }
    ],
    "box": [
      34,
      272,
      216,
      44
    ],
    "checked": false,
    "id": 272,
    "ner_xml": "<PER>Miguot (N.-F.)</PER>,<ACT>prop » élg.:</ACT>r<LOC>Montmartre</LOC>.<CARDINAL>13</CARDINAL>.\nD on Ne pare\nM EE Dress lee\n",
    "origin": "computer",
    "parent": 260,
    "persons": [
      "Miguot (N.-F.)"
    ],
    "text_ocr": "Miguot (N.-F.), prop » élg.: r Montmartre. 13.\nD on Ne pare\nM EE Dress lee\n",
    "type": "ENTRY"
  },
  {
    "EOL": false,
    "box": [
      34,
      312,
      110,
      14
    ],
    "id": 275,
    "indented": true,
    "parent": 274,
    "text": "",
    "type": "LINE"
  },
  {
    "addresses": [],
    "box": [
      34,
      312,
      110,
      14
    ],
    "checked": false,
    "id": 274,
    "ner_xml": "<PER>Mines Mae des. mes Cont\n</PER>",
    "origin": "computer",
    "parent": 260,
    "persons": [
      "Mines Mae des. mes Cont\n"
    ],
    "text_ocr": "Mines Mae des. mes Cont\n",
    "type": "ENTRY"
  },
  {
    "EOL": false,
    "box": [
      34,
      320,
      216,
      40
    ],
    "id": 277,
    "indented": true,
    "parent": 276,
    "text": "",
    "type": "LINE"
  },
  {
    "addresses": [],
    "box": [
      34,
      320,
      216,
      40
    ],
    "checked": false,
    "id": 276,
    "ner_xml": "A\n<CARDINAL>9</CARDINAL>8 3 heures,<ACT>xeepté La dimanches fées.\n\nA\n\nMitontlt (Ch)</ACT>,<PER>Brop ss de Cheeals |\n</PER>",
    "origin": "computer",
    "parent": 260,
    "persons": [
      "Brop ss de Cheeals |\n"
    ],
    "text_ocr": "A\n9 8 3 heures, xeepté La dimanches fées.\n\nA\n\nMitontlt (Ch), Brop ss de Cheeals |\n",
    "type": "ENTRY"
  },
  {
    "EOL": false,
    "box": [
      34,
      362,
      218,
      54
    ],
    "id": 279,
    "indented": true,
    "parent": 278,
    "text": "",
    "type": "LINE"
  },
  {
    "addresses": [],
    "box": [
      34,
      362,
      218,
      54
    ],
    "checked": false,
    "id": 278,
    "ner_xml": "<TITRE>pro</TITRE>NP<PER>Cam ver.\n</PER>ot or pren nr\nD in\n",
    "origin": "computer",
    "parent": 260,
    "persons": [
      "Cam ver.\n"
    ],
    "text_ocr": "pro NP Cam ver.\not or pren nr\nD in\n",
    "type": "ENTRY"
  },
  {
    "EOL": false,
    "box": [
      34,
      388,
      28,
      28
    ],
    "id": 281,
    "indented": true,
    "parent": 280,
    "text": "",
    "type": "LINE"
  },
  {
    "addresses": [],
    "box": [
      34,
      388,
      28,
      28
    ],
    "checked": false,
    "id": 280,
    "ner_xml": "",
    "origin": "computer",
    "parent": 260,
    "persons": [],
    "text_ocr": "",
    "type": "ENTRY"
  },
  {
    "EOL": false,
    "box": [
      34,
      420,
      218,
      10
    ],
    "id": 283,
    "indented": true,
    "parent": 282,
    "text": "",
    "type": "LINE"
  },
  {
    "addresses": [
      {
        "street_name": "r. des Pet.-Augustins",
        "street_numbers": [
          "16"
        ]
      }
    ],
    "box": [
      34,
      420,
      218,
      10
    ],
    "checked": false,
    "id": 282,
    "ner_xml": "Monument /rançafs (Musée des,<LOC>r. des Pet.-Augustins</LOC>,<CARDINAL>16</CARDINAL>.\n",
    "origin": "computer",
    "parent": 260,
    "persons": [],
    "text_ocr": "Monument /rançafs (Musée des, r. des Pet.-Augustins, 16.\n",
    "type": "ENTRY"
  },
  {
    "box": [
      32,
      26,
      220,
      406
    ],
    "id": 260,
    "parent": 259,
    "type": "COLUMN_LEVEL_2"
  },
  {
    "box": [
      32,
      26,
      220,
      406
    ],
    "id": 259,
    "parent": 258,
    "type": "SECTION_LEVEL_2"
  },
  {
    "box": [
      32,
      26,
      220,
      406
    ],
    "id": 258,
    "parent": 257,
    "type": "COLUMN_LEVEL_1"
  },
  {
    "box": [
      32,
      26,
      220,
      406
    ],
    "id": 257,
    "parent": 256,
    "type": "SECTION_LEVEL_1"
  },
  {
    "box": [
      32,
      26,
      220,
      438
    ],
    "id": 256,
    "type": "PAGE"
  }
]
