dataset,run,eval_loss,eval_precision,eval_recall,eval_f1,eval_accuracy,eval_runtime,eval_samples_per_second,eval_steps_per_second,epoch,trainsize
test,1,1.30993270874023,0.583333333333333,0.263299865128128,0.362829117191533,0.671538167806436,24.1617,71.146,4.47,3,0.8
test,1,0.979197859764099,0.725745900019759,0.550427094260453,0.626043974774161,0.827368347970979,24.1973,71.041,4.463,3,1.5
test,1,0.598018705844879,0.840427066801327,0.872920725310954,0.856365774772126,0.924740514458291,24.1981,71.039,4.463,3,3.1
test,1,0.346236437559128,0.902925338378693,0.929716769069384,0.916125221500295,0.943694240983094,24.2512,70.883,4.453,3,6.2
test,1,0.257866412401199,0.912993207110854,0.94665068185224,0.929517363154797,0.950498142812511,24.2323,70.938,4.457,3,12.5
test,1,0.212765470147133,0.918092200637866,0.949048404016185,0.933313683590008,0.951435415003298,24.3482,70.601,4.436,3,25
test,1,0.170213535428047,0.944932281589522,0.951446126180129,0.948178016726404,0.956607768945048,24.181,71.089,4.466,3,50
test,1,0.156880095601082,0.946784922394678,0.959838153753934,0.953266855186784,0.957822751414587,24.2272,70.953,4.458,3,100
test,2,1.28207063674927,0.575086505190311,0.124531694889855,0.204730229120473,0.620057624882841,24.1282,71.244,4.476,3,0.8
test,2,0.979197859764099,0.725745900019759,0.550427094260453,0.626043974774161,0.827368347970979,24.2373,70.924,4.456,3,1.5
test,2,0.598018705844879,0.840427066801327,0.872920725310954,0.856365774772126,0.924740514458291,24.1705,71.12,4.468,3,3.1
test,2,0.346236437559128,0.902925338378693,0.929716769069384,0.916125221500295,0.943694240983094,24.2583,70.862,4.452,3,6.2
test,2,0.257866412401199,0.912993207110854,0.94665068185224,0.929517363154797,0.950498142812511,24.2636,70.847,4.451,3,12.5
test,2,0.212765470147133,0.918092200637866,0.949048404016185,0.933313683590008,0.951435415003298,24.1622,71.144,4.47,3,25
test,2,0.170213535428047,0.944932281589522,0.951446126180129,0.948178016726404,0.956607768945048,24.2529,70.878,4.453,3,50
test,2,0.156880095601082,0.946784922394678,0.959838153753934,0.953266855186784,0.957822751414587,24.1861,71.074,4.465,3,100
test,3,1.28207063674927,0.575086505190311,0.124531694889855,0.204730229120473,0.620057624882841,24.2238,70.963,4.458,3,0.8
test,3,0.979197859764099,0.725745900019759,0.550427094260453,0.626043974774161,0.827368347970979,24.1758,71.104,4.467,3,1.5
test,3,0.598018705844879,0.840427066801327,0.872920725310954,0.856365774772126,0.924740514458291,24.3947,70.466,4.427,3,3.1
test,3,0.346236437559128,0.902925338378693,0.929716769069384,0.916125221500295,0.943694240983094,24.2191,70.977,4.459,3,6.2
test,3,0.257866412401199,0.912993207110854,0.94665068185224,0.929517363154797,0.950498142812511,24.1708,71.119,4.468,3,12.5
test,3,0.212765470147133,0.918092200637866,0.949048404016185,0.933313683590008,0.951435415003298,24.1838,71.081,4.466,3,25
test,3,0.170213535428047,0.944932281589522,0.951446126180129,0.948178016726404,0.956607768945048,24.3129,70.703,4.442,3,50
test,3,0.156880095601082,0.946784922394678,0.959838153753934,0.953266855186784,0.957822751414587,24.3747,70.524,4.431,3,100
test,4,1.28207063674927,0.575086505190311,0.124531694889855,0.204730229120473,0.620057624882841,24.1608,71.148,4.47,3,0.8
test,4,0.979197859764099,0.725745900019759,0.550427094260453,0.626043974774161,0.827368347970979,24.064,71.435,4.488,3,1.5
test,4,0.598018705844879,0.840427066801327,0.872920725310954,0.856365774772126,0.924740514458291,24.2396,70.917,4.456,3,3.1
test,4,0.346236437559128,0.902925338378693,0.929716769069384,0.916125221500295,0.943694240983094,24.5532,70.011,4.399,3,6.2
test,4,0.257866412401199,0.912993207110854,0.94665068185224,0.929517363154797,0.950498142812511,24.3075,70.719,4.443,3,12.5
test,4,0.212765470147133,0.918092200637866,0.949048404016185,0.933313683590008,0.951435415003298,24.3073,70.719,4.443,3,25
test,4,0.170213535428047,0.944932281589522,0.951446126180129,0.948178016726404,0.956607768945048,24.308,70.717,4.443,3,50
test,4,0.156880095601082,0.946784922394678,0.959838153753934,0.953266855186784,0.957822751414587,24.328,70.659,4.439,3,100
test,5,1.28207063674927,0.575086505190311,0.124531694889855,0.204730229120473,0.620057624882841,24.2376,70.923,4.456,3,0.8
test,5,0.979197859764099,0.725745900019759,0.550427094260453,0.626043974774161,0.827368347970979,24.1779,71.098,4.467,3,1.5
test,5,0.598018705844879,0.840427066801327,0.872920725310954,0.856365774772126,0.924740514458291,24.3241,70.671,4.44,3,3.1
test,5,0.346236437559128,0.902925338378693,0.929716769069384,0.916125221500295,0.943694240983094,24.3446,70.611,4.436,3,6.2
test,5,0.257866412401199,0.912993207110854,0.94665068185224,0.929517363154797,0.950498142812511,24.2663,70.839,4.451,3,12.5
test,5,0.212765470147133,0.918092200637866,0.949048404016185,0.933313683590008,0.951435415003298,24.2958,70.753,4.445,3,25
test,5,0.170213535428047,0.944932281589522,0.951446126180129,0.948178016726404,0.956607768945048,24.3533,70.586,4.435,3,50
test,5,0.156880095601082,0.946784922394678,0.959838153753934,0.953266855186784,0.957822751414587,24.3669,70.547,4.432,3,100
dev,1,1.35259425640106,0.533057851239669,0.245995423340961,0.336638830897703,0.650747835213855,9.917,67.359,4.235,3,0.8
dev,1,1.00690627098084,0.634935304990758,0.524027459954233,0.574174676138738,0.827691769439342,10.0748,66.304,4.169,3,1.5
dev,1,0.590836107730866,0.821639586410635,0.848588863463005,0.834896810506567,0.942359835563719,9.8666,67.703,4.257,3,3.1
dev,1,0.310494780540466,0.899925317401046,0.919145690312738,0.909433962264151,0.965450887780985,9.8772,67.631,4.252,3,6.2
dev,1,0.204283028841019,0.920847268673355,0.945080091533181,0.932806324110672,0.975771888393247,9.8952,67.508,4.244,3,12.5
dev,1,0.117600962519646,0.944027047332832,0.958428680396644,0.951173353520061,0.982244380302633,9.9247,67.307,4.232,3,25
dev,1,0.071492865681648,0.966565349544073,0.97025171624714,0.968405024743053,0.98609288900551,9.8942,67.515,4.245,3,50
dev,1,0.045645855367184,0.969558599695586,0.971777269260107,0.970666666666667,0.988804338318901,9.8983,67.486,4.243,3,100
dev,2,1.32092976570129,0.446031746031746,0.107170099160946,0.172816728167282,0.592932738563807,9.8365,67.911,4.27,3,0.8
dev,2,1.00690627098084,0.634935304990758,0.524027459954233,0.574174676138738,0.827691769439342,9.8644,67.719,4.258,3,1.5
dev,2,0.590836107730866,0.821639586410635,0.848588863463005,0.834896810506567,0.942359835563719,9.8688,67.688,4.256,3,3.1
dev,2,0.310494780540466,0.899925317401046,0.919145690312738,0.909433962264151,0.965450887780985,9.9322,67.256,4.229,3,6.2
dev,2,0.204283028841019,0.920847268673355,0.945080091533181,0.932806324110672,0.975771888393247,9.8829,67.591,4.25,3,12.5
dev,2,0.117600962519646,0.944027047332832,0.958428680396644,0.951173353520061,0.982244380302633,9.8913,67.534,4.246,3,25
dev,2,0.071492865681648,0.966565349544073,0.97025171624714,0.968405024743053,0.98609288900551,9.8606,67.744,4.259,3,50
dev,2,0.045645855367184,0.969558599695586,0.971777269260107,0.970666666666667,0.988804338318901,9.8839,67.585,4.249,3,100
dev,3,1.32092976570129,0.446031746031746,0.107170099160946,0.172816728167282,0.592932738563807,9.8359,67.915,4.27,3,0.8
dev,3,1.00690627098084,0.634935304990758,0.524027459954233,0.574174676138738,0.827691769439342,9.8628,67.729,4.258,3,1.5
dev,3,0.590836107730866,0.821639586410635,0.848588863463005,0.834896810506567,0.942359835563719,9.852,67.803,4.263,3,3.1
dev,3,0.310494780540466,0.899925317401046,0.919145690312738,0.909433962264151,0.965450887780985,9.9048,67.442,4.24,3,6.2
dev,3,0.204283028841019,0.920847268673355,0.945080091533181,0.932806324110672,0.975771888393247,9.9391,67.209,4.226,3,12.5
dev,3,0.117600962519646,0.944027047332832,0.958428680396644,0.951173353520061,0.982244380302633,9.8898,67.544,4.247,3,25
dev,3,0.071492865681648,0.966565349544073,0.97025171624714,0.968405024743053,0.98609288900551,9.9143,67.377,4.236,3,50
dev,3,0.045645855367184,0.969558599695586,0.971777269260107,0.970666666666667,0.988804338318901,9.9531,67.115,4.22,3,100
dev,4,1.32092976570129,0.446031746031746,0.107170099160946,0.172816728167282,0.592932738563807,9.9178,67.354,4.235,3,0.8
dev,4,1.00690627098084,0.634935304990758,0.524027459954233,0.574174676138738,0.827691769439342,9.8321,67.941,4.272,3,1.5
dev,4,0.590836107730866,0.821639586410635,0.848588863463005,0.834896810506567,0.942359835563719,9.8989,67.482,4.243,3,3.1
dev,4,0.310494780540466,0.899925317401046,0.919145690312738,0.909433962264151,0.965450887780985,9.9567,67.09,4.218,3,6.2
dev,4,0.204283028841019,0.920847268673355,0.945080091533181,0.932806324110672,0.975771888393247,9.9343,67.241,4.228,3,12.5
dev,4,0.117600962519646,0.944027047332832,0.958428680396644,0.951173353520061,0.982244380302633,9.9065,67.431,4.24,3,25
dev,4,0.071492865681648,0.966565349544073,0.97025171624714,0.968405024743053,0.98609288900551,9.9362,67.229,4.227,3,50
dev,4,0.045645855367184,0.969558599695586,0.971777269260107,0.970666666666667,0.988804338318901,10.1197,66.01,4.15,3,100
dev,5,1.32092976570129,0.446031746031746,0.107170099160946,0.172816728167282,0.592932738563807,9.9091,67.413,4.239,3,0.8
dev,5,1.00690627098084,0.634935304990758,0.524027459954233,0.574174676138738,0.827691769439342,9.8396,67.889,4.268,3,1.5
dev,5,0.590836107730866,0.821639586410635,0.848588863463005,0.834896810506567,0.942359835563719,9.9584,67.079,4.218,3,3.1
dev,5,0.310494780540466,0.899925317401046,0.919145690312738,0.909433962264151,0.965450887780985,9.9357,67.232,4.227,3,6.2
dev,5,0.204283028841019,0.920847268673355,0.945080091533181,0.932806324110672,0.975771888393247,9.9401,67.202,4.225,3,12.5
dev,5,0.117600962519646,0.944027047332832,0.958428680396644,0.951173353520061,0.982244380302633,9.9265,67.294,4.231,3,25
dev,5,0.071492865681648,0.966565349544073,0.97025171624714,0.968405024743053,0.98609288900551,9.9389,67.211,4.226,3,50
dev,5,0.045645855367184,0.969558599695586,0.971777269260107,0.970666666666667,0.988804338318901,9.9485,67.146,4.222,3,100
